mutant,DMS_score,DMS_rank,avg_score,avg_rank,DMS_score_bin,MSA_Transformer_ensemble,SaProt_650M_AF2,GEMME,ESM-IF1,Residue
E210Y,0.3557906629999999,1,0.4962655484268029,1346,1,0.0722197932359075,0.4959039699788624,0.3034031727833108,1.1135352577091309,210
E210I,0.3485708429999999,2,0.911202645311618,756,1,0.6128760283226782,1.5905648156206014,1.1372852586793412,0.3040844786238508,210
A211M,0.299713579,3,0.7080601709747154,1035,1,0.9736016272009508,0.3158549026877812,1.1329411963287708,0.4098429576813584,211
E210K,0.232897995,4,1.521408881340535,131,1,1.751637605854223,2.011170289413408,0.7467135209823349,1.5761141091121746,210
E210M,0.194174986,5,0.8746905268956184,803,1,0.6642236012310996,1.5244521231920525,0.5440583981880974,0.7660279849712242,210
K190Q,0.17701405,6,1.327176774332912,285,1,1.4139812487343406,1.321068174433336,1.4753548141643973,1.0983028599995743,190
K190E,0.154985174,7,0.9858551038368876,650,1,1.0264990461470165,0.9604461735882148,1.242264894472674,0.7142103011396453,190
E210H,0.153639001,8,0.9449061572790234,703,1,0.6232365627263804,1.0357530743362138,0.6143823663537893,1.50625262569971,210
E210C,0.150784067,9,0.3826890980150496,1508,1,-0.1620706865105481,0.6836959275370121,0.5303426657284934,0.4787884853052411,210
A211D,0.149351808,10,1.1038407245586754,499,1,1.0848256911836307,1.1320861803793305,1.200506212756525,0.9979448139152156,211
E210F,0.145238067,11,0.2656166632878518,1694,1,-0.332966169299945,0.3289431401235628,0.2301872396579289,0.8363024426698606,210
P25E,0.143257861,12,1.0404012558594191,581,1,1.1577704571097365,0.9073190422295256,1.5255861220954092,0.5709294020030059,25
K190T,0.142137028,13,1.2385669377296644,359,1,1.3794253089552568,1.1219513071201794,1.5064198595211111,0.94647127532211,190
I45F,0.139663466,14,0.4550311374319403,1393,1,1.3924481266655797,0.7412566750016074,0.4416407862042634,-0.7552210381436895,45
A222K,0.135756478,15,0.5369129232793302,1294,1,0.9676878704486204,1.2906761438737815,0.2535967878145378,-0.3643091090196197,222
P25K,0.135590499,16,0.5152278587576029,1315,1,0.4110827057693662,0.2358289249231512,0.9152244224898712,0.4987753818480234,25
K190R,0.134726194,17,1.3209552800126445,291,1,1.4613728064779912,1.296021364676443,1.25111166184627,1.275315287049873,190
S281N,0.131987915,18,0.3746331388376672,1514,1,0.9329457297747342,0.897793821986662,-0.0332960717875218,-0.2989109246232055,281
K190A,0.131802291,19,1.211267995076836,384,1,1.2832618065779935,1.1982670828332076,1.1287098729763716,1.234833217919772,190
T186D,0.127180098,20,1.276179299895733,330,1,1.5640108921488325,1.7704909326923457,0.8655709822508894,0.9046443924908648,186
K32Q,0.122206575,21,1.3437257818134092,266,1,1.1197014705766508,1.4745057517199762,1.1776378709425246,1.6030580340144849,32
I45V,0.12200949,22,1.72928944732621,48,1,2.1356160403218776,1.928268946917541,1.298702184882407,1.5545706171830136,45
Q86F,0.120341129,23,0.3132381116660585,1624,1,0.4016021150814783,0.3598024881379532,0.0359547472134545,0.4555930962313479,86
K190N,0.1162351869999999,24,1.0930408198996269,512,1,1.4965559618353088,1.002761236016848,1.3861422559559555,0.4867038257903955,190
K190H,0.113907221,25,0.876516149083463,800,1,1.3376310104173432,0.9196672800667212,0.6979243966900657,0.5508419091597218,190
E270D,0.111175353,26,1.082239591812921,524,1,1.017557414074775,1.000613139504491,1.2983783106565772,1.012409503015841,270
K190Y,0.110729703,27,0.4262360373809796,1437,1,0.6643691319304582,0.2759995554549259,0.7311691553963451,0.0334063067421893,190
R118Q,0.110618312,28,1.31387340450213,295,1,1.4991108466771002,1.6105730673396648,0.7076819518856989,1.438127752106056,118
I45L,0.108687949,29,1.2153274990186267,382,1,1.462526039584041,1.6824980966298164,0.7441625279160762,0.9721233319445736,45
K190I,0.108124379,30,0.4670778143551783,1382,1,0.5665943007841938,0.504442966371459,0.5601019350869582,0.2371720551781024,190
S221Q,0.1068993509999999,31,0.5482467563539896,1278,1,0.2993197397097727,1.2938792389600275,0.0487237668169378,0.5510642799292202,221
F149W,0.1065306469999999,32,0.7903508177871972,930,1,0.5638905306115383,1.1160943669912762,0.3553774073245044,1.1260409662214697,149
A211H,0.1063918609999999,33,0.7823176528419324,939,1,0.9766221524855404,1.2961584402509931,0.4673063643431977,0.3891836542879984,211
H110Y,0.104755124,34,0.8616639700250349,826,1,0.8150523819474437,0.4330158193248915,0.8205370962769549,1.3780505825508498,110
E210W,0.10454532,35,0.1509210827194526,1860,1,-0.4739981696037997,0.1563621169371656,0.0898306796712445,0.8314897038731999,210
K190S,0.101368661,36,1.1469331301378811,454,1,1.3804755473355883,1.2503872031261298,0.8941938840866278,1.0626758860031789,190
K190D,0.100962865,37,0.7456235282319333,986,1,1.0005178962926708,0.7494364758923286,0.7364539862970322,0.4960857544457018,190
S80E,0.100922601,38,0.9625079372123369,676,1,1.1605246284220343,0.9027305013442706,0.8538699606993665,0.9329066583836758,80
K190L,0.09924628,39,0.7903038087288651,931,1,0.8374510429192059,0.9611480738222218,0.6473998540295897,0.7152162641444432,190
T193K,0.098222012,40,0.8064921153847995,900,1,0.8148598361503557,0.7918504829394204,0.862172639136689,0.757085503312733,193
V29M,0.096017091,41,0.9498776858601252,695,1,1.1381956922725196,1.0150675835079146,0.7650261295547096,0.8812213381053576,29
Q88K,0.094749771,42,1.4505831852754731,168,1,1.3320233292384456,1.5977789745317217,1.2087969505012717,1.663733486830454,88
K190V,0.094288889,43,0.5057133882317608,1331,1,0.6082900585921522,0.528854802514461,0.5690920319735969,0.3166166598468329,190
D33Q,0.091680231,44,2.0554954858892573,7,1,2.2331509336484365,2.1939812763128383,1.4837314022958108,2.311118331299943,33
L150M,0.091401533,45,1.0840130168525537,521,1,1.015937390905018,1.034137768689215,1.7445169273115548,0.5414599805044266,150
R118S,0.090750713,46,1.7066085405498268,56,1,1.905778500948717,2.35395052526128,0.9813732290278716,1.5853319069614396,118
K190C,0.0906862419999999,47,-0.0161942779149468,2107,1,0.0912849304958664,-0.208803422683059,0.1516403870852632,-0.0988990065578578,190
V258I,0.08894501,48,0.7570675239616251,968,1,0.4500826590839742,0.6679555825917836,1.8265538698990895,0.0836779842716531,258
Q88Y,0.087859613,49,0.4320619523337738,1428,1,0.1501295143035254,0.5234237159796893,0.0461447972492,1.0085497818026807,88
E26K,0.087119809,50,0.7809702801344145,944,1,0.7273712349481538,0.4193255740189489,0.8506668365573412,1.1265174750132143,26
A211Q,0.085666892,51,0.9503138327107272,693,1,1.2473468452680307,1.3700603874407566,0.3811183471139946,0.8027297510201273,211
G251K,0.085538885,52,0.5067049251227745,1328,1,-0.1493361535189321,0.7809087624403498,0.6990805900109209,0.6961665015587596,251
T112I,0.084895434,53,0.6104038097131582,1186,1,0.7003553823009545,0.9368005579995202,-0.3462436449133565,1.1507029434655147,112
A211L,0.08435156,54,0.4332655462463233,1426,1,0.6987758031717082,0.3586854122411808,0.239486493839313,0.4361144757330909,211
F228Y,0.082612214,55,1.3471685924250387,260,1,1.3048602371657276,1.2959443445679495,1.2634833554696658,1.5243864324968115,228
E210N,0.082515748,56,0.9300078595040496,736,1,0.9403171618653652,1.1933697665006946,0.4973759274267104,1.088968582223428,210
T138K,0.081894723,57,1.815890576203104,34,1,1.907545675594852,2.181000450020977,1.3577515596647751,1.8172646195318105,138
E26G,0.081310077,58,0.6627431168106259,1096,1,0.8067179193314619,0.2730725386000684,0.8214665086439403,0.7497155006670333,26
T186M,0.079871209,59,1.0545844916486524,553,1,1.265262901877792,1.2344401549118804,0.8389595780016944,0.8796753318032429,186
H151N,0.079552158,60,0.9104321015620376,757,1,1.2309310250985364,0.7299589181519536,-0.1735726641220066,1.8544111271196664,151
T186N,0.079541488,61,1.3483035137972992,258,1,1.5160526906564922,1.514768084515873,1.3139703014290656,1.0484229785877657,186
T186H,0.078777168,62,1.0492482955817772,563,1,1.4014265403248338,1.2408541797795758,0.8293995062353056,0.7253129559873939,186
E270A,0.078759389,63,1.0963428874089949,509,1,0.7168957635818571,1.0056879369565763,1.3481447031020304,1.314643145995514,270
L282I,0.07867216,64,1.331017744446168,279,1,1.400065376604173,1.7233701535229045,1.106356439677233,1.0942790079803613,282
T186Y,0.077859825,65,0.5588891952072301,1260,1,0.9104460278045914,0.6735711635619952,0.2768047406485711,0.3747348488137632,186
Q88D,0.077216808,66,1.4357000172911023,176,1,1.1994567289746738,1.6320423751949669,1.006184007890917,1.9051169571038524,88
K190G,0.077161286,67,0.7637756877507569,960,1,1.2772257942381544,0.8242810032572633,0.4245410852150311,0.5290548682925785,190
S51D,0.075247281,68,0.5228087922046596,1307,1,1.1117757327453393,0.6908496360881643,0.3626721094086204,-0.0740623094234854,51
A280K,0.075160398,69,1.5800844104295344,107,1,1.4409304296508874,1.8850114780670577,1.4321692088964078,1.5622265251037843,280
E108M,0.073928831,70,0.1041084222462287,1928,1,-0.5260171211231964,0.1482079683549335,-0.2321919033664627,1.0264347451196407,108
G90Q,0.072975398,71,1.2809464544427125,326,1,1.4698398649875826,1.2242262080958966,1.0890803968309084,1.3406393478564618,90
I171F,0.072452323,72,0.9985445400695327,635,1,1.4005121896488022,0.6629968523581583,0.9899477157028204,0.9407214025683504,171
A182K,0.071641012,73,1.5177984945011085,132,1,1.5969789730152912,1.1662500954194583,1.737431247863101,1.5705336617065828,182
D36W,0.0712501879999999,74,0.5218588577161988,1308,1,0.3577757767784466,0.9413107519327388,-0.0108388001811758,0.7991877023347854,36
T186Q,0.070922127,75,1.5908840932038832,102,1,1.828357199151311,1.8482569010101075,1.4336958153728352,1.2532264572812792,186
E210R,0.07051385,76,1.417720089379424,197,1,1.4723701052237632,1.801063540339738,0.74945919341996,1.6479875185342348,210
T186R,0.0699737659999999,77,1.428615381780403,185,1,1.6002064991664335,1.4509068125916178,1.4041918708960908,1.2591563444674705,186
L28K,0.069595673,78,0.6599822114811509,1101,1,1.4578094025589172,0.6654444364129757,0.9574161261687832,-0.4407411192160724,28
T112G,0.068757914,79,1.1846830882974024,420,1,1.746159002603311,1.2596061120597426,1.1282851304413744,0.604682108085182,112
K32R,0.068602495,80,1.4498568174601576,169,1,1.340966798819517,1.5536931307997346,1.3103394098796597,1.594427930341719,32
H151Q,0.068242096,81,1.5613355900899244,113,1,1.8002672864708418,1.2256619791749834,1.6820338558287355,1.537379238885137,151
R118W,0.068141592,82,0.4743163904430319,1373,1,0.6917397839749799,0.4340607402061597,-0.0721438732190221,0.84360891081001,118
E270Q,0.067281052,83,1.09139377616941,515,1,1.1384348888066116,1.0021954952035164,0.8384334597920645,1.3865112608754475,270
T186C,0.066228188,84,0.2473605069716349,1723,1,0.4275688978154993,-0.0258022548758637,0.4042429323937709,0.1834324525531331,186
Q86T,0.065980786,85,0.9586995316188984,679,1,1.1772993627522148,1.2526560424008586,0.7491688779781143,0.6556738433444056,86
V29R,0.065185473,86,1.4322316830366777,181,1,2.2350678354243527,1.233597324938747,1.1581625250764376,1.1020990467071734,29
K190M,0.06426857,87,0.6444272852819729,1124,1,0.7758817696075926,0.7337097784806806,0.5759921561075567,0.4921254369320614,190
T186I,0.064125918,88,0.9400800709031316,709,1,1.2795216311684052,1.3587182603112098,0.7444388396894875,0.3776415524434237,186
T186K,0.063526439,89,1.420967608089923,193,1,1.5293545207332708,1.4525483549900946,1.4861205667966653,1.2158469898396609,186
L199F,0.063373193,90,0.8140733734176959,893,1,0.8978729317426188,0.8938734415996181,0.5079844477056237,0.9565626726229232,199
L199I,0.062772634,91,1.2193147106063118,378,1,1.4159846107975431,1.1064799954989588,1.1224018021311524,1.232392433997592,199
T186E,0.0621682479999999,92,1.560912968091042,115,1,1.68934120674066,1.874696406818224,1.49392498094117,1.1856892778641137,186
I256V,0.0613722909999999,93,1.1573738768062825,450,1,1.1467190193858472,1.5518565409196512,1.3288427535626706,0.6020771933569607,256
T112K,0.061175424,94,1.4136024502875255,200,1,1.6667136015917663,1.624686891650809,0.5925590298939277,1.770450278013599,112
D36M,0.060808625,95,1.080964051832098,527,1,1.1765947644944208,1.5260191273902692,0.3787214223503898,1.2425208930933125,36
V257I,0.058652177,96,1.377425274213614,225,1,1.2274988004637002,1.2901495133534424,1.5105150800029574,1.4815377030343564,257
Q265N,0.057900198,97,1.403255431467595,209,1,1.6580988890392794,1.5235007546528814,0.8998986068894482,1.5315234752887712,265
R118A,0.057780066,98,1.950079906186657,14,1,2.2374032369037087,2.593380895723381,1.3299027610672949,1.639632731052243,118
L188I,0.057770815,99,0.4111908297522691,1459,1,0.6244196043090104,0.2615412572869264,0.3222644183096018,0.4365380391035378,188
T186G,0.057716959,100,1.171002332877403,434,1,1.5568041259777208,1.640659702743843,0.6218907870091498,0.8646547157788986,186
R202Q,0.057127195,101,0.92718124107092,738,1,0.9899884744107008,0.568469738334012,1.434711636698167,0.7155551148408007,202
V29W,0.056414715,102,0.355529992835891,1557,1,0.3610139133651936,0.533822062456574,0.0054085263582331,0.5218754691635633,29
T186V,0.0556476059999999,103,1.0504685723701797,561,1,1.3975214728407932,1.6083307333442742,0.7462212161551192,0.4498008671405327,186
E108A,0.055104957,104,0.7794155266952087,946,1,0.5439678766666167,1.3461867443118216,0.2971422076413804,0.9303652781610162,108
E108S,0.054907278,105,0.8056802986541264,902,1,0.3668608224885907,0.9903929059774365,0.7621665583796743,1.1033009077708045,108
K32A,0.054800478,106,1.22919633494183,371,1,0.8913757266736634,1.3227938292349564,1.2258378741996958,1.476777909659004,32
N152M,0.0547377479999999,107,0.6639185673793169,1095,1,0.6277793871213632,0.8628095069475722,0.294559012446655,0.8705263630016769,152
E210Q,0.054612238,108,1.4569858899437942,163,1,1.4872045118962214,1.7416024370070868,1.0675601901617888,1.53157642071008,210
T112Y,0.054425557,109,0.317514690353665,1617,1,0.2812178088734457,0.438447790422025,-0.2157830700316861,0.766176232150875,112
P25R,0.054153993,110,0.4939475413061786,1351,1,0.194220868495495,0.3227460225835609,0.9160078908558126,0.5428153832898457,25
I54V,0.054009757,111,1.6680056967759689,69,1,1.7393403182971556,1.9011135458351949,1.304189745189857,1.7273791777816674,54
T139E,0.053101457,112,0.8823496830581665,790,1,0.8543879303363173,0.1552964720234233,0.7368854123581323,1.7828289175147929,139
D250N,0.052589912,113,1.3376064915008947,271,1,1.0660719190097037,1.478216360512307,1.3321235278147,1.474014158666868,250
Q88W,0.052154614,114,0.2320256944160046,1751,1,-0.311027205921909,0.1645531644064855,0.1080762909775052,0.966500528201937,88
N50M,0.0516705509999999,115,0.7025573902171143,1046,1,0.9326545804268764,0.6837640388388627,0.1843663821799722,1.0094445594227457,50
E61K,0.051632487,116,1.1874069416486963,417,1,0.9499986786470236,0.9372703869796332,1.5126021515628825,1.3497565494052468,61
V29N,0.0515058429999999,117,1.7054308873520685,57,1,2.320702267716209,1.5303825738098111,1.8134976011860016,1.1571411066962534,29
L111I,0.051210423,118,0.8429503978190533,854,1,1.037389015530855,1.0655918269342826,1.098719953342648,0.1701007954684282,111
I93V,0.051135263,119,0.9255137392922564,740,1,1.031630658627874,0.8699899419186528,1.205933653054335,0.5945007035681639,93
V29E,0.05100108,120,1.9182231121158684,19,1,2.7667360452672187,1.920609489836088,1.7466368979998734,1.2389100153602934,29
E119D,0.050682024,121,0.9328461682509488,729,1,1.2260491379203162,1.0374581630629245,0.6477815228122568,0.8200958492082981,119
A246L,0.050627818,122,0.582383044092774,1231,1,0.8053925509110236,0.892636381136784,1.1217642160862948,-0.4902609717630067,246
L28V,0.0502655,123,1.0467955427321625,573,1,1.363511665814396,1.3439329268014857,1.4908583708884098,-0.0111207925756414,28
S122D,0.050177167,124,1.6782741580924696,63,1,1.5137979134107362,1.7901249947877154,1.5424157248033366,1.8667579993680905,122
D36R,0.0499578009999999,125,1.8794483426371165,26,1,2.2120085130726053,2.233069644795076,1.2932430348767532,1.7794721778040312,36
S254E,0.049921103,126,1.1661983937194649,443,1,0.4652010032747616,1.8276020539493385,0.8957261785814176,1.4762643390723411,254
I171Y,0.049878287,127,0.7794549264161879,945,1,1.1869458569296718,0.5549104082576009,0.4188077791359408,0.957155661341538,171
A276K,0.049749611,128,0.0848739856101672,1952,1,-0.4991402155539742,0.4024907095171711,-0.0472016376021618,0.4833470860796337,276
E26Q,0.049690653,129,1.2859583715918048,322,1,1.1482805563771086,1.2893421606493158,1.3457910120846368,1.360419757256158,26
T112N,0.049527478,130,1.377942976203162,224,1,1.592937389618803,1.5029037101884042,1.12707207918565,1.28885872581979,112
T112F,0.049081384,131,0.1853293658746711,1817,1,0.2544001307683327,0.4181469578550126,-0.6825334884308645,0.7513038633062038,112
R118E,0.049050117,132,1.404174594829205,208,1,1.8227184279512132,1.7720442399952432,0.6188684172527203,1.403067294117643,118
T186A,0.049039139,133,1.652994248899026,76,1,1.6276635109849378,1.86202520894447,1.6787971523823877,1.4434911232843088,186
S96Q,0.0489383159999999,134,1.160110220024514,447,1,1.6750353115823622,1.2381396474406032,1.1802678495021288,0.5469980715729625,96
T186L,0.04893101,135,1.2313950253750825,369,1,1.6118189016373627,1.5186730048062829,0.8433700284832018,0.9517181665734816,186
L199K,0.0485011459999999,136,1.5967242584334325,96,1,1.920570955881112,1.7206653829614234,0.8828206566996998,1.862840038191495,199
A211G,0.047543237,137,1.19765963265358,404,1,1.0676783100626683,1.5036824093903145,0.9247433361776016,1.2945344749837353,211
A148L,0.047229992,138,0.7996935182542421,918,1,0.7747050854914113,1.1611458862688468,0.1884086190496434,1.0745144822070665,148
K144I,0.047126188,139,0.4422480580055431,1408,1,0.4364034015524144,0.5702771519710639,0.3765641820534202,0.3857474964452737,144
A182H,0.0468139309999999,140,0.9848524499198804,651,1,1.1200361359028586,0.7147311139123029,0.7613771091111496,1.3432654407532107,182
V29A,0.0467845079999999,141,2.013949366299244,8,1,2.818606752228061,1.8300249334410543,2.048535577511831,1.358630202016028,29
L247M,0.046639438,142,0.8578231779474353,832,1,0.8506585161322892,1.0647505133537694,0.6601502700147367,0.8557334122889465,247
R118H,0.046338758,143,1.092341053324664,513,1,1.263644801024965,1.172777028354322,0.5335971529194888,1.3993452309998802,118
E61M,0.04607429,144,0.3465882270827878,1572,1,0.3088567183609449,0.5203703330731607,-0.1468871560991804,0.704013012996226,61
P25V,0.0459129909999999,145,0.3580091579055309,1547,1,-0.3228515909499977,0.4886436716631257,1.2057937229640163,0.0604508279449792,25
P25H,0.045784618,146,0.7083262865172532,1034,1,0.1673290743931859,0.4238451822230171,1.0207881648816464,1.2213427245711632,25
L247I,0.045515109,147,1.0273841276512097,601,1,1.4980329357278883,1.4707370026970594,0.7189526547413835,0.4218139174385065,247
H151M,0.04515802,148,0.3030019521672372,1635,1,0.6752708676528922,-0.0325852054314128,-0.474769896677517,1.0440920431249867,151
H151E,0.044633236,149,0.8281029911114269,874,1,1.1500766160338478,0.508597250320146,0.0762950589047744,1.5774430391869396,151
V29D,0.0444132659999999,150,1.9395696100598456,17,1,2.688464840667593,1.8691304877063195,1.830775535111389,1.3699075767540816,29
D36N,0.044241268,151,1.750127784430775,42,1,1.878482555417049,2.0644095074599296,1.5139763926205403,1.543642682225581,36
T186W,0.043396619,152,0.4253108866767763,1439,1,0.6183148283053893,0.4072937567751376,0.1749906064064729,0.5006443552201054,186
R189K,0.043095827,153,0.8700575637039963,813,1,1.3711446460849932,0.8980046637438752,0.518207648633547,0.6928732963535703,189
S80Q,0.042273194,154,1.169330151572439,438,1,1.190048005298815,1.3510235786928535,0.8866810936290198,1.249567928669067,80
L199M,0.041551904,155,1.0171374509415332,612,1,1.2642681719693385,1.0351032685070083,0.6021894082307345,1.166988955059051,199
E195H,0.041473636,156,1.009495049639203,622,1,0.5749515170992637,1.092704516291164,1.1912689485918315,1.1790552165745527,195
G90E,0.041201227,157,1.7258810499170605,51,1,2.062872099976239,1.7728770238672684,1.5457023582389575,1.522072717585777,90
K109M,0.041160179,158,0.5341727945603792,1298,1,0.5084087575795008,0.2271180075172562,0.6028873720564412,0.798277041088319,109
T193R,0.040937953,159,0.665521723461634,1094,1,0.72484789871951,0.8163922233835403,0.2922902442106002,0.8285565275328851,193
R118N,0.040624438,160,1.246359338043244,354,1,1.460942490179305,1.700612938664727,0.5046484093062458,1.3192335140226985,118
D250Q,0.040564806,161,0.9566795405879178,683,1,0.490849234221548,1.2898768312096929,0.6985863242211369,1.3474057726992938,250
T112A,0.040527258,162,1.6868210115897442,60,1,2.0378719788106587,1.7949454015820303,1.341921078250098,1.5725455877161894,112
V29G,0.040152735,163,1.4541541743933295,165,1,2.0497683564924056,1.490396116862173,1.202091283733462,1.074360940485278,29
S80Y,0.040013894,164,0.4821430580995681,1361,1,0.2250309475812595,0.608908896725588,0.2293211490883389,0.8653112390030859,80
A182Y,0.0399265679999999,165,0.860404789429335,829,1,0.8987698873350568,0.7794293950734363,0.6544432183741081,1.1089766569347383,182
L38M,0.039525158,166,0.4974521692315422,1342,1,0.529698178861755,1.0081970612785571,0.288250804548156,0.1636626322377007,38
L223I,0.0394741439999999,167,0.7057276153921962,1041,1,1.0108830543083358,1.031281295682703,1.2302232253092125,-0.4494771137314664,223
T261M,0.039460117,168,1.0796034717658742,529,1,1.628667877606368,0.3034970610306586,1.855949862733227,0.530299085693243,261
S281K,0.039123014,169,0.1339453234976745,1885,1,0.7160377066378879,0.3348292708104022,0.3224178339368005,-0.8375035173943924,281
T186F,0.0383909439999999,170,0.6122980133217987,1184,1,0.8810044499106457,0.8254847662654821,0.2481630889674797,0.494539748143587,186
F58W,0.038062554,171,1.3800932760664315,222,1,1.0892293172173777,1.5063516671423367,1.2079331973377316,1.7168589225682809,58
S80N,0.037980215,172,0.9537929819790222,686,1,1.0021044296861057,0.8813064641269798,0.8870971804279189,1.0446638536750847,80
Q86Y,0.037876743,173,0.4028135015759013,1475,1,0.5564569310426697,0.5100292304176827,0.1641031088432877,0.3806647359999654,86
S96G,0.037468031,174,1.3483699583297526,257,1,1.4860850072855896,1.7107601484096722,0.7494161966795397,1.4472184809442088,96
A84N,0.037337985,175,0.9716250845618264,667,1,0.8993904062144422,1.2857418812669112,0.7465631661303672,0.9548048846355848,84
A182G,0.0372992829999999,176,1.0342056841862193,588,1,1.252995837414682,0.8695671211097613,0.7922711195093466,1.2219886587110866,182
R189W,0.037155394,177,-0.1417300925667361,2286,1,0.086062309500737,0.2318319667087945,0.0776135924879776,-0.9624282389644538,189
A280M,0.037007801,178,0.3357424650764375,1593,1,0.1720413139612804,0.57880629181163,-0.0533807733788007,0.6455030279116405,280
S122E,0.036991756,179,1.7915636300732705,36,1,1.7251875614388774,2.3531890434339098,1.0678005650360711,2.0200773503842235,122
A40G,0.036494768,180,1.120448119863527,484,1,1.5951150197630537,1.405436026550359,1.535888656571497,-0.054647223430801,40
V29K,0.036194098,181,1.7134348452435355,53,1,2.5726089980163,1.4468942007826104,1.5613828572160555,1.2728533249591762,29
H24S,0.036166097,182,1.5512809466690411,117,1,1.3596261230395676,1.676835712833217,1.34995721581206,1.8187047349913192,24
Q265Y,0.036114718,183,0.500020953328236,1338,1,0.5156020424037756,0.5623328342176315,0.2340672009660998,0.6880817357254374,265
E61F,0.0360972389999999,184,0.3997873028542387,1479,1,0.2703792206339589,0.6486492508514227,-0.1700428140360343,0.8501635539676077,61
D36G,0.035435688,185,1.3303780402360934,282,1,1.4954317582277366,1.6247735155792296,1.4027757080268095,0.7985311791105981,36
V29C,0.035059494,186,0.3388384685747431,1585,1,0.5159866816880857,0.0698042779616568,0.1786360270191885,0.5909268876300412,29
L111V,0.03501739,187,0.8688398523046899,816,1,1.330150420879071,1.418084999794775,0.9276782040091028,-0.2005542154641895,111
S80H,0.034713463,188,1.140056555046366,460,1,0.7909851247519901,1.4050859451999609,1.013699721267045,1.350455428966468,80
T198S,0.034374676,189,1.9468577641111424,16,1,2.106582043873775,1.86870119063728,1.3867626823722743,2.425385139561242,198
T27V,0.034189274,190,1.3927632306675264,215,1,1.7787962062386888,1.2760507581939602,1.2095787490275656,1.306627209209891,27
R189F,0.034164252,191,-0.1841992338867351,2354,1,0.2505891437364026,-0.0920935064843629,0.806873209017951,-1.7021657818169311,189
S221R,0.03387427,192,0.5962047888375244,1204,1,0.4231735075905609,1.0287435494500183,-0.0184825121097325,0.9513846104192504,221
A148M,0.033247698,193,0.3620902388572917,1539,1,0.3468372908794069,0.5735176830001174,-0.0493351109734365,0.5773410925230792,148
S96T,0.032250079,194,1.488587633817558,146,1,1.6456007067988492,1.7502345177924956,0.9099295088839008,1.6485858017949868,96
L196H,0.032170135,195,1.0688510085557823,534,1,0.7947959987064537,1.0340741117906858,0.9941373805781188,1.4523965431478705,196
I256L,0.031781474,196,0.9353391925478332,722,1,0.8682989778279149,1.2452864690419392,1.2060209403885336,0.421750382932945,256
S122Q,0.0317052279999999,197,1.4124717599580494,201,1,1.5562363011977147,1.6987040214966709,0.6976670113682575,1.697279705769555,122
A77C,0.031666339,198,-0.0230839611209711,2115,1,-0.3619639809587748,-0.7003645836304656,0.3031738655761681,0.6668188545291878,77
Q265K,0.031578232,199,1.7484012860739655,43,1,2.0561383242832463,1.928842648792128,1.3706433373129672,1.637980833907522,265
Q37R,0.03108761,200,1.8303317958385024,31,1,2.2460090194773845,1.847773076989772,1.42807012891366,1.7994749579731928,37
T193M,0.031074253,201,0.4368753422324176,1420,1,0.6430088236408844,0.5411440274055264,0.2184642976014782,0.3448842202817815,193
K109N,0.031006255,202,0.8297771546710417,871,1,0.7368017951392062,0.6277370593264255,0.7250734447663401,1.2294963194521955,109
P60S,0.030974114,203,1.483625448532528,152,1,1.3580637002748186,1.962860579451063,1.8148822044875803,0.7986953099166505,60
A148K,0.03095493,204,1.0492142404826497,565,1,0.766209261330764,1.2276320891035617,1.0637435844905891,1.1392720270056838,148
H151A,0.03070164,205,0.9391794819165894,714,1,1.222920366089899,0.6729331413671078,0.3025876235349651,1.5582767966743858,151
A280R,0.0306794689999999,206,1.7353798900622344,46,1,1.5912693210899551,2.0250203245916887,1.639301707125628,1.685928207441665,280
R118D,0.030534581,207,1.36761552997769,235,1,1.6354786779002777,1.6366760208627902,0.9968086404817872,1.2014987806659054,118
E61Q,0.030477973,208,1.3459844486415842,264,1,1.3555119376275182,1.266791633264403,1.398360708209906,1.36327351546451,61
E108I,0.030259801,209,0.0239698567955116,2042,1,-0.7683928658778398,0.3481166611436174,-0.7527320809871294,1.2688877129033982,108
L196C,0.029851428,210,0.3629817330761368,1537,1,0.6955645413294944,0.1256177620297959,0.0662586847151158,0.5644859442301409,196
V29T,0.0297030329999999,211,1.808658632704299,35,1,2.281841814302747,1.689670760088719,1.665273751867698,1.5978482045580311,29
H151G,0.029651278,212,0.674812284736312,1080,1,1.1902219812630743,0.6127923782255439,-0.3155248238582563,1.2117596033148863,151
Q88E,0.029576106,213,1.1357928075661534,468,1,1.1891941699135942,1.220795496159078,0.6483930122894294,1.484788551902512,88
A200N,0.02956398,214,1.05095859718622,558,1,1.1948908619048553,1.092368856466413,0.7549490864927804,1.1616255838808316,200
R189H,0.028994949,215,0.9333288554104682,727,1,1.5196731861319752,1.0484905196125565,1.4109266156984448,-0.2457748998011038,189
A211R,0.028937467,216,0.7450032989232631,987,1,1.22228475765082,0.7771170858769328,0.3936977274701964,0.5869136246951031,211
P60M,0.028805142,217,0.4322387972055738,1427,1,0.220422312100786,0.4050920810568722,0.6831199391069369,0.4203208565577003,60
L73I,0.028685084,218,0.8740968780107314,804,1,1.2515282112593316,0.7068088470348871,1.1977248342413296,0.3403256195073779,73
T112E,0.028461722,219,1.3307968227526603,280,1,1.42569358027523,1.3245363065172056,1.0130710667361331,1.559886337482073,112
S122N,0.028354137,220,1.3484713942588322,256,1,1.41046205810466,1.2299808233144591,1.265435062098334,1.4880076335178756,122
S96E,0.0282327,221,0.8232932568767717,881,1,1.165622883050281,0.9073636494457654,0.6699640472805762,0.5502224477304638,96
Q37M,0.027739205,222,0.6832987795725278,1069,1,0.4946633246017247,0.9903352198748486,0.3479943021702069,0.9002022716433312,37
T261I,0.027491917,223,0.8054926155798817,903,1,1.7402147337812754,0.6190235514164711,1.387868297898642,-0.5251361207768617,261
Q88N,0.027462082,224,1.294654924676735,311,1,1.1915290688264322,1.4968027098264547,0.743800739723278,1.746487180330775,88
A84K,0.027428182,225,1.1645238350353284,445,1,1.0383008910667868,1.6966988923760231,1.0393434274547395,0.8837521292437645,84
L196R,0.027352755,226,0.97208228412122,666,1,0.6737000331810535,1.0782393943563742,0.8229854858104867,1.3134042231369651,196
Q265E,0.02715064,227,1.4457299426299697,170,1,1.473100931171699,1.3587595662143497,1.5315524257008624,1.4195068474329675,265
L196F,0.026951397,228,0.9025570170966016,768,1,1.3730643371050828,1.0646575079397396,0.2687566084707845,0.9037496148707996,196
A182M,0.02676237,229,1.0652482262494607,538,1,1.1464015292703813,1.0363567881480724,0.8347289096497845,1.2435056779296043,182
T186S,0.026542246,230,1.561933635894741,111,1,1.5283598787739578,1.6444848821067093,1.6374609101534618,1.437428872544835,186
F58H,0.026093905,231,1.7305820394644924,47,1,2.180023169621072,1.4975348036489329,1.1360621989385271,2.1087079856494384,58
L49I,0.025955322,232,0.8629837964385626,823,1,0.9186143670581524,1.076447997616372,1.1035226279312094,0.3533501931485169,49
S57A,0.025721015,233,1.1813451257371017,427,1,1.0712627903650778,1.3299415511944106,1.2130763930598187,1.1110997683290995,57
S122G,0.025668662,234,0.9725086171205242,665,1,1.1617922582316724,1.4748988607109683,0.1559511507863371,1.0973921987531188,122
Q265S,0.025386272,235,1.6366375980067405,83,1,1.5747733855354606,1.7415917906672336,1.693150122177603,1.537035093646664,265
R92K,0.025212107,236,1.201519396445044,396,1,1.2271965601010053,1.222734583221971,1.074821850089162,1.281324592368038,92
A148E,0.024932066,237,1.0150204983333606,615,1,0.9418692191956868,1.1911996822953468,0.8433337572073863,1.0836793346350226,148
T193H,0.024926095,238,0.3745427370168666,1515,1,0.4940668032735589,0.6162460256007407,0.2145700093621335,0.1732881098310333,193
D250S,0.0247589529999999,239,0.8521727522854388,841,1,0.5752432946552686,1.1047574050740914,0.6400817560538419,1.0886085533585537,250
L47I,0.024688881,240,1.0509896534734011,557,1,1.379759465432865,1.4800007952726502,1.0310390293524976,0.3131593238355913,47
T139S,0.024660069,241,1.1909518297823911,409,1,1.4241139006326802,0.8238562237745709,1.2775995862125864,1.2382376085097269,139
D250R,0.024388551,242,0.5853772441158458,1223,1,-0.0673365084379064,0.750827513389124,0.7458870964487418,0.9121308750634236,250
I140L,0.024254683,243,0.9241771317504646,742,1,1.5221610317413483,0.565562940047422,1.290096536792254,0.318888018420834,140
E87L,0.024209124,244,0.467009242582342,1383,1,-0.3518499303036713,-0.328460195206725,0.8311069662380811,1.717240129601683,87
H285N,0.024088321,245,1.49922783122898,140,1,1.6259981625973672,1.94116226471862,0.7164075510063176,1.7133433465936152,285
A182W,0.024065487,246,0.5616853084668794,1257,1,0.4748390983092918,0.2046675620452668,0.648019601078862,0.9192149724340966,182
A182L,0.023923761,247,1.5393132234074052,125,1,1.377222880294399,1.601968099970218,1.4085275911399866,1.7695343222250175,182
M180T,0.02379943,248,2.976685762145075,1,1,3.676628516541018,3.2551095514532933,2.6958445055859768,2.2791604750000127,180
N173Q,0.0237158739999999,249,0.8640067196663245,821,1,1.0617232863171546,0.8907508100967738,0.2291375673636881,1.2744152148876813,173
Q88S,0.0236803389999999,250,1.3492444432350108,255,1,1.303290351288191,1.429729899984126,0.8339383501434239,1.8300191715243024,88
R189M,0.023547909,251,0.105173602564247,1925,1,0.3230831954452858,-0.0634443007136999,0.287136701381437,-0.1260811858560347,189
L223V,0.023457895,252,0.4279957976171552,1435,1,0.9549452210077436,1.03477673862949,0.5201245112944353,-0.7978632804630479,223
H151R,0.02308135,253,1.9907950995985064,9,1,2.65671522604118,1.8645316163963404,1.92179864079052,1.5201349151659849,151
Q88T,0.0230696939999999,254,1.049242748934362,564,1,1.106545535559956,1.1869429470702677,0.7799458653135076,1.1235366477937172,88
L196V,0.02295313,255,1.7083681601417582,55,1,2.0510713104461558,1.8328514261018076,1.3111455067411124,1.6384043972779578,196
V117I,0.022859979,256,1.1890680049507405,413,1,1.3649860703356538,0.7816831336049903,1.0724088859517384,1.5371939299105788,117
D113T,0.022648909,257,1.1350538772660483,470,1,1.2775117294583913,1.027886503296072,0.7986643884183516,1.4361528878913787,113
A182V,0.022611642,258,1.2945778136658137,312,1,1.2015537568726098,1.0185437872233345,1.939657244137906,1.0185564664294045,182
R118C,0.0224296589999999,259,0.1991740149744721,1797,1,0.1478299206885548,0.0672523155481591,0.1538064845308933,0.4278073391302813,118
Q274W,0.0223956739999999,260,0.4283108569305414,1434,1,0.3962868459488141,0.7480189647077083,0.236495570790628,0.3324420462750152,274
R118Y,0.022056821,261,0.8283761348857526,873,1,1.0321306997488071,0.859673354277199,0.2360747421584521,1.185625743358552,118
Q97V,0.021819069,262,0.8488247396978073,846,1,0.4854965113191534,1.152953196040855,0.3997650557173076,1.357084195713913,97
L47V,0.021797609,263,1.0065159238884989,626,1,1.1140180714697825,1.5264511038144983,0.8697707127613725,0.5158238075083424,47
Q265G,0.0217847729999999,264,0.9758518567272008,661,1,1.0207040207344886,1.158815980599648,0.6566847060498759,1.0672027195247906,265
A183S,0.0217535139999999,265,1.006428448820539,627,1,1.2241607756405228,0.7950699740208707,1.1476893879803671,0.8587936576403955,183
A183Q,0.0216764,266,0.035903812759348,2024,1,0.2663916819843663,-0.1608044152502602,0.6210228614826836,-0.5829948771793974,183
V29Q,0.021601685,267,1.8911696248121848,22,1,2.9597979153480667,1.967076056160272,1.4375340808487809,1.2002704468916203,29
N152R,0.021453871,268,1.6902326007648596,59,1,1.814333947402559,1.9556922124379168,1.2802081676906252,1.7106960755283382,152
E108V,0.0212420839999999,269,0.4475938951374351,1404,1,-0.3020261642051961,0.8119832486577102,-0.1252695963750393,1.4056880924722654,108
E61Y,0.021190484,270,0.6465268047684389,1121,1,0.689226901129904,0.889100974926156,0.0177657532140361,0.99001358980366,61
A200R,0.021184161,271,1.1682065621144824,440,1,1.1478837926755596,1.2080353681764604,1.177788602322014,1.1391184852838954,200
R41H,0.021122042,272,0.5177929497126551,1313,1,0.5305229659022533,0.4907471609592428,0.10873552788181,0.9411661441073144,41
Q274A,0.021095374,273,1.6191551349451128,87,1,1.9412617450558256,2.0015220202277297,1.7464664901974811,0.7873702842994147,274
E26H,0.020916837,274,0.5505996563283915,1273,1,0.1295516015686836,0.1094085358498417,1.0087183159335449,0.9547201719614956,26
F58N,0.020832937,275,0.8440878597296578,853,1,0.9934109649602972,0.7988258258086388,0.6397294224270174,0.944385225722678,58
P25N,0.020640486,276,1.0124209732781364,617,1,0.5790137120050584,1.7646459499510816,1.0831871381056162,0.6228370930507895,25
L196Q,0.020486085,277,1.0157413520106735,614,1,0.7494596993010381,1.421530354397831,0.4281531892782503,1.4638221650655752,196
A182R,0.020417383,278,1.418002261534378,195,1,1.5685645405701898,1.2668909885725297,1.0980769789075249,1.738476538087267,182
S281Q,0.020266376,279,0.6738124536312243,1083,1,0.8844570818871406,1.354085143801228,0.5169193760465309,-0.0602117872100023,281
Q37N,0.020191115,280,1.1896455778576842,411,1,1.1272082312663314,1.43706644441629,0.6390010772089628,1.5553065585391528,37
T261L,0.020071381,281,1.2194855090781154,377,1,2.235985660091438,0.7786939446527106,1.462340777376907,0.4009216541914063,261
A84Q,0.02005532,282,1.0934890228321756,511,1,0.9276980307103728,1.4169544185262306,0.8217955561080282,1.2075080859840706,84
K252H,0.020027393,283,0.6889842674706166,1066,1,0.4808249670748288,0.8202123954916092,0.5041398528681731,0.950759854447855,252
S281E,0.019996552,284,0.9435866717890676,704,1,0.9985236244013568,1.9444776676332884,0.6120794814290114,0.2192659136926146,281
A148I,0.019962406,285,0.6604557204047884,1099,1,0.5011214425597671,0.7705063722498114,1.032627903752196,0.3375671630573792,148
I171A,0.019637073,286,1.0835093005516905,523,1,1.085351224991174,1.0131585083822936,1.008969620263562,1.2265578485697322,171
T112R,0.019411118,287,1.1698196054458871,437,1,1.3690756802449882,1.300122464313133,0.5138766924894748,1.4962035847359525,112
A148R,0.019409463,288,1.214959460336691,383,1,1.0446688737198824,1.5060709883968797,0.9257952108856556,1.383302768344348,148
K252T,0.019358697,289,0.8156246266357597,892,1,0.5191401609449287,0.7673067838214994,1.006914351593672,0.969137210182939,252
P60E,0.0192154969999999,290,0.9350262249362988,723,1,0.7641342584104652,1.2527748264894294,0.9877438106779228,0.7354520041673782,60
K252V,0.018514735,291,0.4449821059391192,1406,1,-0.1324528836671761,0.7908674182404452,0.2192520406510879,0.90226184853212,252
Q265D,0.018464877,292,1.37733680589945,226,1,1.4358381430000384,1.2783172596967327,1.291237026485963,1.5039547944150655,265
D250A,0.018321109,293,0.9996892763044518,631,1,0.5740278249680849,1.3011574812551017,0.9013713585983107,1.22220044039631,250
T112S,0.018286818,294,1.5240188901626588,129,1,1.752681047022403,1.594924547075671,1.329810245860476,1.4186597206920848,112
E61H,0.018249952,295,1.1026749945383305,502,1,1.1776702065856144,1.1093209254811152,0.6005560419062034,1.5231528041803892,61
A200K,0.018088694,296,1.3685764867162222,233,1,1.4056025602648026,1.4700850091555842,1.2714483447681324,1.3271700326763698,200
E61D,0.017772369,297,1.750659899156414,41,1,1.901795893733079,1.8393244955071464,1.3638357874328615,1.897683419952569,61
S51N,0.017691821,298,0.7874625505581075,935,1,1.246321700662135,0.9448398398407832,1.166274029143055,-0.2075853674135428,51
A280E,0.017609574,299,1.198679023185806,401,1,1.2541549882414775,1.0349358650800566,1.2140398244046702,1.291585415017019,280
K109A,0.017570764,300,0.7142636356407628,1026,1,0.621726450854041,0.7052435507528374,0.723108567147367,0.8069759738088057,109
L28I,0.017395788,301,1.1143550274914775,492,1,1.2806716666949864,1.28044430046573,1.3919483135515909,0.5043558292536041,28
G90N,0.0173500789999999,302,1.7423098779039683,45,1,2.078681711847939,1.606059295667608,1.6550842393600194,1.6294142647403067,90
N173Y,0.017112284,303,0.6336224398725042,1145,1,0.7593807769775135,0.5435801753326674,0.0931568523363434,1.1383719548434923,173
Q274V,0.017103224,304,1.3848470017629273,219,1,1.8798336740894368,1.854262858305444,1.195881340449074,0.6094101342077534,274
A84R,0.016879106,305,1.0162770287175742,613,1,0.8817052537912313,1.584212718016103,0.7732173520897823,0.8259727909731807,84
S281A,0.016871306,306,1.6109535163116724,92,1,2.1017638255912634,1.7855522812504323,1.503606386259052,1.0528915721459424,281
H151T,0.016665056,307,0.771486137853284,952,1,1.1353469693520009,0.4455100099517672,0.0680928520192325,1.4369947200901352,151
F149Y,0.016628017,308,1.077581092185803,531,1,1.2058056643567492,1.194811445192697,0.5048874716309103,1.4048197875628547,149
A183V,0.016607528,309,-0.3136691717514561,2527,1,0.4589393511326453,0.0173714648738745,-0.0586194043060859,-1.672368098706258,183
Q265T,0.016477116,310,1.5159021542083149,133,1,1.7500024428681205,1.8195078660586244,0.8897960564913541,1.6043022514151604,265
Q86S,0.01643971,311,0.9027586329497336,767,1,0.9515797717579044,1.0950885698135036,0.7590844699004758,0.8052817203270509,86
Q88R,0.016367382,312,1.363399267543838,241,1,1.1991268568766285,1.2442466975772766,1.3454734768019303,1.6647500389195158,88
Q274H,0.015989086,313,0.929827516783752,737,1,1.2620001144033524,1.00519706802886,1.1311547003089204,0.3209581843938756,274
R118T,0.015904985,314,1.0242862890236648,604,1,1.4407463269712966,1.5437456343930664,0.4498952540152284,0.6627579407150676,118
S221A,0.015870592,315,1.2927700867590404,315,1,1.3582511041882224,1.692278149811631,1.011929170424318,1.1086219226119902,221
I140V,0.015865042,316,0.9430922540291692,705,1,1.1757636137053922,0.92044531584686,1.2472726608395193,0.4288874257249045,140
Q88H,0.015802767,317,1.2345017196766146,364,1,0.9599227340301164,1.2107546392423707,1.2207960032051195,1.5465335022288516,88
A182F,0.01557299,318,0.7602142233638479,964,1,0.6643488910639584,0.739413436588907,0.5633954430835731,1.0736991227189532,182
K109Q,0.015313737,319,1.2487268996886218,351,1,1.099441412318,1.237005922816523,1.313437034879415,1.345023228740549,109
G194T,0.015216881,320,-0.0119271213760416,2103,1,-0.0828916583175395,0.635501874103459,0.720195305589085,-1.3205140068791712,194
L199A,0.015100529,321,2.158802633121906,3,1,2.380553354052998,2.1491550045223717,1.9385859920796595,2.1669161818325957,199
L135I,0.015083205,322,0.4031301046238935,1474,1,0.648918616399807,0.5232483830829956,0.2867027659439213,0.1536506530688504,135
R118G,0.0150361219999999,323,1.755688945654,38,1,2.1205300739789923,2.18177993901071,1.6267120994853697,1.0937336701409288,118
Q86N,0.0149181189999999,324,0.8773961537934462,797,1,0.9327826909143156,1.1027056626761336,0.7259055890499,0.7481906725334353,86
I171E,0.01487968,325,0.8358078333096848,861,1,0.7231299378996191,0.8242018349258914,0.5494977679382276,1.246401792475001,171
E195D,0.014874203,326,1.6714933181629177,68,1,1.5584843817446223,1.9435843544225129,1.340400166153774,1.8435043703307623,195
H24K,0.0144695769999999,327,1.3461525617224654,263,1,0.970900721657446,1.661599497353252,0.8123032307360261,1.939806797143138,24
N173A,0.013932702,328,1.0250945984305262,602,1,1.5455896305471686,1.1466616514687418,0.27565857133825,1.1324685403679444,173
Q37L,0.01388525,329,1.128510656157968,476,1,0.7776408780611189,1.2945717407189417,1.2046883675631197,1.2371416382886913,37
L47M,0.013633703,330,1.53022807466782,128,1,1.22266832898128,1.598389152756911,1.8331577154906336,1.4666971014424548,47
P253M,0.013571918,331,-0.1120140841091613,2237,1,-0.2638484222776831,-0.0908814033167338,0.0736179511772985,-0.1669444620195269,253
Q265I,0.013407068,332,0.7114312709023862,1031,1,0.6527177931185714,1.0166524349364603,0.4175221533386942,0.7588327022158186,265
K53D,0.013371071,333,1.074085660865586,532,1,1.2576983209102517,0.9107956250431004,0.879906193274003,1.2479425042349894,53
H156M,0.013323853,334,0.930092755562682,735,1,0.953685368414967,1.2542612703552365,0.5907845107506492,0.9216398727298752,156
S281V,0.013298684,335,0.8341790736064825,864,1,2.25784970336585,1.303878173939093,0.9201895449737624,-1.1452011278527758,281
E46Q,0.013281701,336,1.1846540596657795,421,1,0.9724254205229612,1.121524663738225,1.1954463365323806,1.4492198178695517,46
P172E,0.013131383,337,0.5715243305940789,1245,1,0.8076723968028898,0.5029708018694905,0.2157372329523156,0.7597168907516196,172
L188M,0.013036622,338,0.8549916966634554,836,1,0.8884574988037488,0.9480461888528596,0.9596094538573512,0.6238536451398622,188
Q204I,0.012872343,339,0.3002504702879458,1641,1,0.2744965345225806,0.1059002351572972,0.4188045632868354,0.4018005481850699,204
M180Q,0.012836888,340,1.0331323442860287,590,1,1.1137075104901792,1.271106560056277,0.1041010798632476,1.6436142267344112,180
E61S,0.012718307,341,1.0981834674721576,507,1,1.1499213481082091,1.0823825896840271,0.9513758398102092,1.2090540922861854,61
T112H,0.0127001589999999,342,1.037579439549121,582,1,1.0559323002830128,1.1937548354516492,0.6800132501625432,1.220617372299277,112
A84S,0.012671526,343,1.3017368991749865,304,1,1.204006495069682,1.3463506568765955,1.5030125649112724,1.1535778798423946,84
L282M,0.01266562,344,1.0635487732389723,541,1,0.7464261072869889,1.155406877257665,1.5128988240894348,0.8394632843218004,282
G226D,0.012588812,345,0.9992816843974586,633,1,1.4329561407529268,1.028024084334829,0.822635090923665,0.7135114215784134,226
A200G,0.01257536,346,0.96636087036283,672,1,1.141856160632403,1.073168419477352,0.5519201432831692,1.0984987580583965,200
S80W,0.0125560739999999,347,0.2494964481916904,1721,1,-0.1966293213025829,0.3910218530335546,0.144382663548191,0.6592105974875991,80
Q265M,0.0124837819999999,348,0.7531120532229423,972,1,0.7390128365337606,0.8770792037834526,0.4575831615102506,0.9387730110643056,265
T112L,0.012445887,349,0.744989018104464,988,1,0.8272645849930669,0.9818824683125176,0.0077856761089874,1.1630233430032844,112
H110K,0.012441677,350,0.2689163457535239,1689,1,0.356761522160781,-0.0507927843524936,0.3732700572832332,0.3964265879225752,110
L199C,0.012399982,351,0.3747605929363206,1513,1,0.319415025253519,-0.065284948622341,0.7383698199605884,0.5065424751535159,199
A222R,0.012398433,352,0.5496413732155999,1275,1,0.9264502271498574,1.2485686376850182,0.2185151015440063,-0.1949684735164823,222
Q37K,0.011905738,353,1.833698213717456,30,1,1.9342128601562445,1.9897960088289623,1.7600803672374052,1.6507036186472106,37
I171W,0.011755136,354,0.711288107622244,1032,1,1.2376658938737048,0.7487457590538946,0.0069782718703235,0.8517625056910532,171
Q265R,0.011668405,355,1.546420905071494,121,1,1.5456901564148686,1.6292485165670578,1.5941924543799142,1.4165524929241362,265
A280N,0.011650471,356,0.7292617964185892,1014,1,0.9355613120876992,0.9615940828015948,0.5188079885681318,0.5010838022169317,280
S96H,0.011625173,357,1.0553156095671885,552,1,1.342659376889224,0.8950730345281319,1.3608729482330293,0.6226570786183688,96
S122H,0.011127575,358,1.428928336938273,183,1,1.6237221393520762,1.1091294809128336,1.3696116998724048,1.6132500276157775,122
G194D,0.011114738,359,0.2732206136774747,1677,1,0.7463108436561579,0.9166519333417456,0.3703861559189673,-0.9404664782069724,194
K109L,0.011094306,360,0.8002741597905216,917,1,0.6673174069960489,0.5274351431069622,0.7830106166468336,1.2233334724122418,109
P60Q,0.01093068,361,0.7830191609931185,938,1,0.7557194542545502,1.2247647170250928,0.5638264267147075,0.5877660459781235,60
E26A,0.010913108,362,1.593805520753348,100,1,1.952866521079849,1.1115147665041771,1.561526329600894,1.7493144658284727,26
D207S,0.0108650869999999,363,1.4088211143497975,205,1,1.5413380560133474,1.6470341829352435,1.2537682252666853,1.1931439931839136,207
L191M,0.0108609289999999,364,0.6805916095595392,1072,1,0.8284627412637163,0.7856548186090127,0.3140486347176088,0.7942002436478194,191
N50H,0.0107444739999999,365,1.1246983549139138,481,1,1.1756635841221283,1.1859317975163084,0.7264960141473438,1.4107020238698749,50
P60D,0.010643743,366,0.6986064928763949,1049,1,0.5282755638201446,1.4547494857547625,0.5333391178784235,0.278061804052249,60
E108G,0.0102592209999999,367,0.4509522445435497,1399,1,0.603661596862556,0.6571349207702138,0.475466946141524,0.067545514399905,108
H151S,0.010206805,368,0.8302785505792153,870,1,1.2299434567629597,0.4771367789979562,0.2396577962436869,1.3743761703122583,151
T261V,0.010115662,369,0.8992941047720607,773,1,1.8720200902586288,0.8000650344943513,1.387868297898642,-0.4627770035633795,261
Q37I,0.009937148,370,0.8659687029992293,819,1,0.3950542136150513,1.4992095210849123,0.3306110547204444,1.2390000225765094,37
Q86D,0.009897319,371,0.9481031046488232,696,1,0.8402556719098793,0.9371800984357144,1.2670295246542576,0.747947123595442,86
I171L,0.009850653,372,1.6455446458138765,78,1,2.1593381976538004,1.4481029552498703,1.5278789782724995,1.4468584520793344,171
S96N,0.009597091,373,0.9728581737996136,664,1,1.239847754999826,1.2048406132496248,0.983765344445555,0.4629789825034491,96
H156F,0.009488401,374,0.6659246573831981,1092,1,0.6350360832760065,0.7875472765988389,0.1998769847413231,1.041238284916624,156
T138A,0.009399046,375,1.8502686966247155,28,1,1.912950357593094,1.8808176099526843,1.8226989352824243,1.7846078836706591,138
S221T,0.009267263,376,0.6059547647434825,1192,1,0.6633746030486117,0.9762906441600202,0.4159947842776715,0.3681590274876266,221
D36S,0.009267077,377,1.8901535349050795,23,1,2.1586303704061303,2.165239128311171,1.4708476691216832,1.765896971781333,36
T138E,0.009167938,378,1.6215611799888454,86,1,1.6950379992452247,1.700318016095883,1.3306145365755777,1.7602741680386966,138
I93L,0.0090830169999999,379,1.190228646345571,410,1,0.7600194196619429,1.0148681462868647,1.573111876953034,1.412915142480441,93
Q265L,0.009050001,380,0.8315875367916161,868,1,0.6884490538021574,1.073490021078855,0.4411762133931742,1.1232348588922778,265
R202T,0.00892554,381,-0.1226339395740632,2253,1,0.2735380899167038,-0.5139968978407008,0.4221203726224539,-0.6721973229947099,202
G251M,0.008838474,382,-0.5859918262644632,2913,1,-1.2914691482777136,-0.1640708513199062,-1.116926900628514,0.228499595168281,251
L49M,0.008772386,383,0.6788240553901206,1075,1,0.9114789402042262,0.8875064880861703,0.4756694840153831,0.4406413092547027,49
S80A,0.008730478,384,1.6840663404391627,62,1,1.83944441961126,1.5799046979187406,1.4140706456967989,1.9028455985298516,80
V258C,0.0087127919999999,385,0.2427141805064024,1729,1,0.1522629719919122,-0.1395721385163802,0.5628723326434343,0.3952935559066434,258
S221K,0.008597157,386,0.8469915803800561,850,1,0.5731849141225424,1.3737870170790758,0.6568167149239013,0.7841776753947052,221
A182Q,0.008577633,387,1.4510783883185057,167,1,1.623008526307371,1.30660174145076,1.3827776908214202,1.4919255946944714,182
Q37A,0.0084970569999999,388,1.4797350216725884,153,1,1.485722336440184,1.9828448018756133,0.734768832291215,1.7156041160833415,37
V29S,0.008377766,389,1.7789685978948848,37,1,2.4036436973230497,1.7027412746857538,1.6319471130644223,1.3775423065063137,29
T112M,0.008222842,390,0.3721156461904895,1519,1,0.634088670005193,0.6483434450063786,-0.6668043136201989,0.8728347833705852,112
E61G,0.008092791,391,1.0234691314358155,606,1,1.280536928611595,0.9961143816989484,0.8253267686305857,0.9918984468021323,61
E195P,0.007968436,392,1.0279963265569392,599,1,0.5750809405417304,1.48602690005535,1.1345744913683666,0.9163029742623096,195
I171S,0.007955541,393,0.8261909206921862,878,1,0.981191374186864,0.594093045814385,0.8053615443205119,0.9241177184469842,171
H151Y,0.007816278,394,0.1493943602257425,1865,1,0.614564676950425,0.1847664252996901,-1.343238806963395,1.1414851456162498,151
A211N,0.007469645,395,1.1427517937943312,457,1,1.449608321096729,1.2793957307647197,0.9481384186027928,0.8938647047130834,211
Q37S,0.007432733,396,1.2636343782038224,341,1,1.4350695743066246,1.5531440703052235,0.6336706726603375,1.4326531955431034,37
Q86R,0.0073857509999999,397,1.3627323952911845,243,1,1.3616145777234392,1.4945686133180571,1.234226036566604,1.3605203535566377,86
Q265A,0.007296149,398,1.357483771862758,246,1,1.319611714080687,1.4920421886938144,1.2513809078526017,1.3669002768239302,265
K109R,0.007215051,399,1.0489273550941185,566,1,0.9526661321066948,0.9621137000060664,0.9363511010621264,1.3445784872015851,109
H151K,0.0071458969999999,400,1.2690210738132464,335,1,1.867800679981939,0.9558192806062776,0.8279276722077901,1.4245366624569784,151
I171R,0.007069098,401,1.188511448058859,414,1,1.3008521812380505,0.873315454117455,1.128598762121601,1.4512793947583291,171
H151I,0.007014468,402,0.3991286530639447,1480,1,0.7136820517278697,0.1379063550906028,-0.3035338349453885,1.048460040382695,151
E108D,0.006982199,403,0.6688471327569082,1087,1,0.5295308870321805,0.3996253592955291,0.7513371270519035,0.9948951576480196,108
H94K,0.006742309,404,1.351874284574087,252,1,1.529871360140058,1.384112876829571,1.2880167413522543,1.205496159974464,94
K32H,0.006558769,405,1.0109391671510983,619,1,0.5360972326898065,1.3606207170148743,0.8044403904549648,1.3425983284447485,32
T112W,0.006492854,406,-0.1224521164544234,2252,1,-0.1749202318497362,-0.0573587643973235,-0.7422425475199399,0.4847130779493058,112
S80R,0.0063168819999999,407,1.0439202144701478,577,1,0.9932406765778612,1.2088460063979305,0.806594630761484,1.1669995441433152,80
S51T,0.0062499969999999,408,1.3649206261237892,238,1,1.4786583965323574,1.5333452347763528,1.1421158669447993,1.3055630062416472,51
D36T,0.006112565,409,1.923042694977108,18,1,2.039745760379358,2.2714853036012426,1.3460111748674295,2.0349285410604,36
P253A,0.006098113,410,1.157723674478245,449,1,0.7469721458084536,1.0775872507552129,1.3879879586429318,1.4183473427063815,253
L223M,0.0060472719999999,411,0.9636420779682794,675,1,0.6840278881969434,0.8729318699676074,1.244219294602352,1.0533892591062148,223
S57E,0.005882297,412,0.8693762317076517,815,1,0.7061975170424336,0.8457142020133004,0.8411779317836998,1.084415275991173,57
L196T,0.005459075,413,1.5898355341810313,103,1,1.6081269977417982,1.8263399730082737,1.1817976707753384,1.7430774951987158,196
S281I,0.005375411,414,0.5914162791037687,1213,1,2.397977762402671,0.7495352309617097,0.7803249163940494,-1.562172793343355,281
A84L,0.005085066,415,0.6775781784094239,1077,1,0.5362472048207652,0.8790308010854608,0.4908595467097181,0.8041751610217515,84
L199T,0.0049828059999999,416,1.839536983162848,29,1,2.1460827042099524,1.7692805196706576,1.6732821537985452,1.7695025549722363,199
S122R,0.004943197,417,1.3502155840953665,254,1,1.3437307230632989,1.0866006568972952,1.4408764545041823,1.5296545019166892,122
Q204L,0.004851927,418,0.8178311018603648,888,1,0.7409072044834403,0.4615655750128893,0.9328781006867728,1.135973527258357,204
L199S,0.004816356,419,1.9046075292473383,20,1,2.218544692175007,1.9393947195708705,1.5846896279164264,1.8758010773270504,199
L223T,0.004756221,420,-0.043428543618877,2146,1,-0.0857290106705957,0.3817487330637749,0.0168420735714638,-0.4865759704401513,223
A211K,0.00473626,421,0.8030612474902408,911,1,1.33691685083155,0.9993194038674824,0.2467970134859529,0.6292117217759775,211
Q37E,0.004526454,422,1.1930947372706049,406,1,1.1049710197883755,1.226430537501247,1.0626620821354251,1.3783153096573708,37
E270T,0.004322527,423,0.7978704511221462,920,1,0.43079641768456,0.6827040803974458,0.7211936050519676,1.3567877013546112,270
Q274L,0.004304036,424,1.2929800527698208,314,1,1.9198569156548664,1.3887675703428757,1.18235632669019,0.6809393983913514,274
R273Q,0.0042988309999999,425,1.233450003127261,366,1,1.3266538143322788,1.076497880615269,1.3514289701808913,1.1792193473806052,273
V157Y,0.0042194,426,0.4364777116099747,1424,1,0.4377651683528962,-0.0301896841898839,0.5916801069613022,0.7466552553155843,157
D207E,0.004128037,427,1.376109623730637,228,1,1.3678458874120505,1.5346812536789325,1.0751053155810908,1.526806038250475,207
E195T,0.004035174,428,0.9920123161810552,642,1,0.7504141610672621,1.264050058590373,0.6087524198427321,1.3448326252238534,195
S96R,0.003768319,429,1.1372654838204976,466,1,1.818734319318104,1.107857227504609,1.190845684452881,0.4316247040063973,96
A34M,0.003700525,430,0.3232741123105928,1609,1,1.3602916341864486,-0.483547986762138,0.4445749654753409,-0.0282221636572801,34
A77M,0.00367316,431,0.4125401633195826,1455,1,0.4381834670297281,0.4871783941109736,0.3418309303108812,0.3829678618267473,77
T138M,0.003602955,432,0.8358459322864961,860,1,0.7443895192948857,0.8811795294280762,0.7139082120688236,1.0039064683541987,138
K252M,0.003141287,433,0.2426224732761356,1730,1,-0.1045662717072732,0.2489869164194552,0.1666309855931476,0.659438262799213,252
A148V,0.0030992859999999,434,0.5833500405414578,1228,1,0.8603354218661474,0.9274096016865572,0.0927516697840781,0.4529034688290483,148
N173H,0.002965655,435,1.328503850786905,284,1,1.2030991426324094,0.9634502105515658,1.7990490197174265,1.3484170302462182,173
E46N,0.002957374,436,0.4529009605869515,1396,1,0.320580250853097,0.9941516010013672,-0.6963090644854899,1.193181054978832,46
D250F,0.00293398,437,-0.3192345256035428,2534,1,-0.9676188776322108,0.227682863768226,-0.955136299207975,0.4181342106577886,250
Q37H,0.00280529,438,1.299356157937757,307,1,1.248034054724313,1.4318223875358695,1.114379120904195,1.4031890685866506,37
D33T,0.00270366,439,1.6728391228109238,66,1,1.728695544835214,1.7979267242475934,1.4124812854499522,1.752252936710936,33
A280D,0.0026237979999999,440,0.8960683240659957,776,1,0.9661361020940464,0.5680212652166313,1.277866856978703,0.7722490719746017,280
Q274C,0.002516021,441,0.6446360540609769,1123,1,0.618857122706297,0.4710274858638656,0.6726776177008864,0.8159819899728583,274
E145M,0.002160508,442,0.6532118496592167,1108,1,0.4524008350959362,0.8368378714457679,0.4858555448815294,0.8377531472136333,145
Q97E,0.002158724,443,1.3507597693068305,253,1,1.2928746664912545,1.3874452759781892,1.0592980259131268,1.6634211088447508,97
E195R,0.002125497,444,1.0780526977033111,530,1,0.778031171218753,1.0648612731980591,1.2654634944824366,1.2038548519139958,195
K109T,0.002104742,445,0.8268350059016761,877,1,0.825464900575319,0.8252128265222859,0.7576936531821802,0.8989686433269196,109
D250C,0.002043014,446,-0.5257372719377619,2828,1,-1.2398753680322787,-0.5061560107005613,-0.4579617914780312,0.1010440824598239,250
V106I,0.001953832,447,1.1793297303848609,429,1,1.114553493273561,1.165116433978404,1.1245306764255736,1.3131183178619052,106
A280V,0.001853805,448,0.8236221906774348,880,1,0.5375502655698998,0.8359459798530734,1.4677449032192444,0.4532476140675213,280
A280Q,0.001830592,449,1.2584004164143794,348,1,1.1961562992680597,1.3948119903051894,1.0112349870261157,1.431398389058153,280
D36E,0.001811128,450,1.6607546292377378,75,1,1.7386547924387077,1.939373395299651,1.2101165941470442,1.7548737350655477,36
P25Y,0.0017446679999999,451,-0.1294477594478744,2261,1,-1.0584609167444798,-0.1360892374002216,0.5595772694794943,0.1171818468737095,25
Y95F,0.001701839,452,1.1298496656330592,472,1,1.15280966698824,0.5831600445728798,1.437728020837864,1.3457009301332532,95
H151V,0.001629947,453,0.5700038454755605,1247,1,0.7859698375737321,0.3467113442829833,-0.0479381990748633,1.1952723991203902,151
T112D,0.001599065,454,1.473667787347866,156,1,1.595632804623102,1.3553780738546573,1.5043094795754783,1.4393507913382255,112
E195S,0.001405108,455,1.2723459441130878,333,1,0.939681748170812,1.4401400379932077,1.183931340390855,1.5256306498974763,195
H156N,0.000899269,456,1.6638582857718884,70,1,1.839287229368691,1.8567296815916283,1.45123109854987,1.5081851335773646,156
K53N,0.000860667,457,1.2159088581531776,380,1,1.265840218882901,1.032763285145189,1.4110357799139055,1.153996148670715,53
T193I,0.000771803,458,0.6868111408693558,1068,1,0.5166543538709929,0.7708456019155225,0.714476522413523,0.7452680852773843,193
K30A,0.000581568,459,1.579169080702949,108,1,1.7174105958609636,1.595139855083023,1.4308125755426893,1.5733132963251204,30
D36V,0.000466563,460,1.3576579722942472,244,1,1.376100931954075,1.8779446461764293,0.4485453154985036,1.7280409955479812,36
T112V,0.000436853,461,1.1281812038436128,478,1,1.0607818158954123,1.161869963744922,0.9231092244046134,1.3669638113295028,112
V78I,0.000169684,462,1.237410743847052,361,1,1.2811109852164206,0.709869053708206,1.6249594387981297,1.3337034976654507,78
A84E,-2.34e-05,463,0.7928828205979298,927,1,0.8122761479650195,0.8438671726190499,0.7006184219826864,0.8147695398249635,84
Q88A,-0.0001203,464,1.1351278332272376,469,1,0.9692578317111344,1.0625017662812566,0.905206603026066,1.6035451318904932,88
S281T,-0.000301299,465,1.18774681449476,416,1,1.7833239850485485,1.5829735527687208,1.4271065512710293,-0.0424168311092582,281
A246M,-0.000321423,466,0.4103523287020956,1460,1,0.7268617832691767,0.5014909290383704,0.5373958839959221,-0.1243392814950868,246
N50K,-0.000322556,467,1.3314645417668696,278,1,1.5113666724964585,1.6482167085489037,0.4076683987545312,1.7586063872675852,50
T138G,-0.000496644,468,1.3267874255325498,287,1,1.6575153025168623,1.7816195011945684,0.7051980425585809,1.1628168558601877,138
T193V,-0.000500627,469,0.871697464579329,809,1,0.6358692380490245,1.0573370909749202,0.2791137742070675,1.5144697550863038,193
P60H,-0.000633666,470,0.6304164967028238,1159,1,0.4346322189383008,0.9211412136934128,1.043590885065646,0.122301669113936,60
N173S,-0.000747788,471,1.1194886934201456,486,1,1.3830542663944814,1.08556995219684,0.8652987347082255,1.1440318203810358,173
S221H,-0.000773092,472,0.2151722285229869,1775,1,0.133566278810231,0.7433259190977215,-0.1503541382180813,0.1341508544020766,221
L196I,-0.000868318,473,1.6617840974012466,73,1,1.90724203746903,1.6070510085432446,1.4777505495192986,1.6550927940734137,196
A84H,-0.000873553,474,0.7902492640133761,932,1,0.5058415661401076,1.4130756915489686,0.6834707958991921,0.5586090024652363,84
N173G,-0.001621661,475,1.974606857901862,12,1,2.737004863417457,2.269749223600359,1.5432351361748864,1.348438208414746,173
Q274M,-0.0016282929999999,476,1.1011987412824231,504,1,1.4894946007219263,0.9462555819006804,1.0132868802880226,0.955757902219063,274
T116E,-0.001675007,477,0.0235862724709503,2043,1,-0.1350544443742974,0.2759009899346225,-0.3093838074405247,0.262882351764001,116
S281H,-0.0019367639999999,478,0.3699191565252638,1529,1,0.8359046080518008,0.4459920964388925,0.4873883357102131,-0.2896084140998511,281
Q86V,-0.0022315029999999,479,0.8544077218629356,837,1,1.104895358399138,0.7501266240835305,1.1763425433950003,0.386266361574074,86
S96K,-0.002363227,480,0.8770286778093689,799,1,1.53669212381518,1.0677724627049447,0.6443151161808182,0.2593350085365326,96
H24R,-0.002526258,481,1.4206717086192902,194,1,1.090993815696806,1.3970091168455947,1.2714119598652895,1.9232719420694708,24
A148H,-0.002692202,482,0.8931992180724068,782,1,0.6316995567292599,0.9334982339711996,1.0058792591348804,1.001719822454287,148
R189Q,-0.002750312,483,1.1282408289914487,477,1,1.626201029854312,1.221633018758041,0.9452908679290336,0.7198383994244083,189
Q265P,-0.002765732,484,1.02812496780319,598,1,0.842318286565517,1.566782586483233,1.1592229175466184,0.5441760806173914,265
Q97D,-0.002857923,485,0.7815543893760213,942,1,0.5673047413777561,0.8054168895147253,0.58181600722491,1.1716799193866934,97
H156Y,-0.002911655,486,0.7436057727696173,991,1,0.7908125811023059,0.8989313060007794,0.1868899145624726,1.0977892894129115,156
I54M,-0.0029390379999999,487,1.1392058186118408,464,1,1.557548452118738,0.807722627676542,1.379948791021186,0.8116034036308973,54
H94W,-0.00306571,488,0.3430750502151306,1580,1,0.2571996272984442,0.1941202931764876,0.2197839638028202,0.7011963165827703,94
D250M,-0.003194611,489,0.0033922625023854,2071,1,-0.6996667186861578,0.3735459335516494,-0.1470351688148622,0.4867250039589123,250
S96D,-0.00321986,490,1.055777026175854,550,1,1.0386841797035806,1.2690187717420802,1.3608729482330293,0.5545322050247257,96
A211E,-0.0032463659999999,491,1.045653633716663,574,1,1.0668775080092263,1.166697020552706,1.2457258728697258,0.7033141334349939,211
R189C,-0.003296714,492,-0.2456622895389829,2441,1,0.0840399064485959,-0.4914803629236874,0.4025154694987317,-0.977724171179572,189
S96A,-0.003642064,493,0.934557403284876,724,1,1.324898820642116,1.1481976624183168,0.8606853108287138,0.4044478192503579,96
P60A,-0.0036904209999999,494,1.5689251285990593,110,1,1.6161591414690666,2.2831296193476045,1.528223063826647,0.8481886897529194,60
K32M,-0.0038691,495,0.5861375709074907,1220,1,-0.2587282243388585,0.9324413714980484,0.4787149899180586,1.1921221465527143,32
L196W,-0.004021524,496,0.6909706867974946,1061,1,0.7507039786138479,0.826190583847091,0.1419272403941731,1.0450609443348664,196
N173W,-0.004127451,497,0.497612399909599,1341,1,0.7123494966062284,0.3419187854073054,0.113173470244777,0.8230078473800851,173
A182C,-0.004182229,498,0.1606093344103734,1847,1,-0.1156333392498627,-0.3387108829522322,0.4421719194674268,0.6546096403761618,182
L199G,-0.004201456,499,1.344079767345813,265,1,1.802356153944947,1.492186672478144,0.6572448750453082,1.424531367914852,199
A200T,-0.004445483,500,1.3118777704284512,296,1,1.3970719208086426,1.1724049435151764,1.455050184758354,1.2229840326316317,200
Q88L,-0.004543879,501,0.6893696512252494,1065,1,0.5252907081941479,0.7706906139531479,0.2434318797613375,1.2180654029923643,88
G39Q,-0.004546878,502,1.355024948591693,250,1,1.4507759464514292,2.1141190057681483,1.2005634345182292,0.6546414076289646,39
G194S,-0.004549414,503,0.579379482322427,1235,1,0.5477181285348846,1.1409539812383749,1.1522453304744995,-0.5233995109580513,194
L199E,-0.004804214,504,1.8290674803616305,32,1,2.253284451940016,1.7088446760026852,1.3890419686031037,1.965098824900716,199
L199H,-0.004857554,505,1.2281602555522253,373,1,1.4279115193952394,1.336030499394182,0.8219525341135565,1.326746469305923,199
K144N,-0.004878996,506,0.992652597890068,641,1,1.1887358292494656,0.8795427099607805,0.6067067016873927,1.2956251506626335,144
D36K,-0.004920756,507,1.882215396065888,25,1,2.2122903084011525,2.5190019008928037,0.8145167577042216,1.983052617265375,36
L196G,-0.005089222,508,0.7384332354941653,998,1,1.0305668635157277,0.8492210494962507,0.2631516902797611,0.8107933386849216,196
A200Q,-0.005148779,509,1.3388671924450188,270,1,1.4704571988516622,1.3682698278758467,1.1187677984644964,1.3979739445880706,200
K284H,-0.005217661,510,1.1984634794139013,402,1,1.8058609397618144,0.8105626415048238,1.1672921919471273,1.0101381444418402,284
G90D,-0.0054788619999999,511,2.1388265356760057,5,1,2.5964601893016384,2.070848552805856,2.17731720869457,1.710680191901959,90
A280H,-0.00561883,512,0.8470735377164322,848,1,0.7334834363720737,1.1523413948016894,0.5227853815849858,0.97968393810698,280
D33A,-0.0056255459999999,513,1.9616200461158024,13,1,2.2766954514945947,2.060098624381709,1.433677215135663,2.076008893451242,33
L196M,-0.0056507769999999,514,1.1373418396107613,465,1,1.389729782063911,1.3346897239944389,0.87841833709915,0.9465295152855452,196
T138S,-0.005663247,515,1.7096486053219602,54,1,2.0732349587500853,1.5868904541404043,1.534547698219374,1.643921310177977,138
A84D,-0.005715479,516,0.7397658332973543,995,1,0.6856449085317572,0.8135777986807218,0.70144207621582,0.7583985497611186,84
D113E,-0.005727654,517,1.3576547738136018,245,1,1.5847759920652675,0.8941816483996439,1.3062259055621843,1.6454355492273112,113
D36A,-0.005953824,518,1.9490161816262168,15,1,2.2840538042916028,2.2114221923984307,1.5430994909368012,1.7574892388780328,36
A182S,-0.006001543,519,1.2476029350666544,353,1,1.3202370764448863,1.2861448784014469,0.8421872475190864,1.5418425379011984,182
K30R,-0.006089577,520,1.523962746839262,130,1,1.5742098451350175,1.5940775825632845,1.2980063422809265,1.62955721737782,30
K252E,-0.006253246,521,0.6416326838328146,1128,1,0.4396368768347097,0.6677134652367818,0.5040896033491333,0.9550907899106338,252
I171N,-0.006277549,522,0.5769445987995624,1240,1,0.5742736176877216,0.2139137660460406,0.6039551495106291,0.9156358619538584,171
G76A,-0.0064244169999999,523,1.0286141772723094,597,1,1.3269022580902965,0.9663847461864976,1.5321058422129372,0.2890638625995066,76
K109G,-0.006431754,524,0.263025621823016,1698,1,-0.0122212069105645,0.4281188820905334,0.134358595828359,0.5018462162837363,109
E26N,-0.0064687969999999,525,0.7793851342819025,947,1,0.805406346361934,0.2838625566541078,1.2498067696757045,0.7784648644358639,26
G194E,-0.00654365,526,0.3029276747781983,1636,1,0.4315496392529401,1.016832127461937,0.8771493090429968,-1.1138203766450807,194
E46S,-0.006555508,527,1.2843611573745548,323,1,0.9366622217371764,1.9893536960566007,0.7474477103749524,1.46398100132949,46
R118F,-0.006853186,528,0.7240436845135443,1018,1,0.9081140312133934,0.712398965245687,0.2577670929320168,1.0178946486630798,118
A246I,-0.007062572,529,0.5836906707666731,1227,1,1.1915259403498597,0.7766535120163774,0.9550103081057828,-0.5884270774053272,246
R273A,-0.007123175,530,1.036596617791473,585,1,1.167489930227643,1.0510013182847222,0.98798917957329,0.9399060430802372,273
S254T,-0.00718497,531,1.5501120006791282,119,1,1.7034712413102575,1.6740504470968216,1.2027669092133113,1.6201594050961234,254
E87D,-0.007214053,532,0.449427292190154,1400,1,0.6485802634917757,-0.024327183954707,0.5315586445027884,0.641897444720759,87
E270H,-0.007309004,533,0.254605931126195,1710,1,-0.1645032340977721,0.0171767347882493,0.6374524750464022,0.5282977487679005,270
E270V,-0.007478681,534,0.9365748208114918,719,1,0.3765144091360285,0.9629393757876852,0.9817370253151768,1.4251084730070764,270
R273E,-0.007542683,535,0.8928840587879632,783,1,0.8659211974269556,0.6242804423490145,1.4642632587052322,0.6170713366706506,273
A246V,-0.0077652419999999,536,1.0590941248163137,545,1,1.5851657135534876,1.4220700953960312,1.328738576434815,-0.0995978861190787,246
K252S,-0.00796242,537,0.5104782730614555,1322,1,0.4040815144323135,0.4824281046795798,0.4231334887870073,0.7322699843469216,252
T193C,-0.0079922309999999,538,0.0244468163895789,2039,1,-0.1887774984418598,-0.1990574409479261,0.1712980818437867,0.3143241231043149,193
D269I,-0.008056493,539,0.3267250346472882,1605,1,0.0005139165967095,0.6073612916907721,0.2707675550902997,0.4282573752113716,269
L111M,-0.008178508,540,0.241332583627137,1732,1,0.6012376305986217,0.1057156143558058,0.2868798639443231,-0.0285027743902026,111
L196E,-0.008205434,541,0.9393313094361972,713,1,0.6012320269819496,1.2672583662762502,0.3725119996545937,1.5163228448319954,196
L196D,-0.00834174,542,0.69167500314135,1058,1,0.4371322486446868,1.0036904055947853,0.1872036145810072,1.1386737437449206,196
N50T,-0.008385861,543,1.617410411930217,89,1,1.9837046999160333,1.4200529772962316,1.4120036265830858,1.6538803439255187,50
K252R,-0.008504702,544,1.1677591261549498,441,1,1.3233896385178343,1.0471647501814492,1.0594966400450547,1.2409854758754617,252
N173E,-0.008709017,545,1.3116801122957935,297,1,1.4455863315123492,1.276643636116888,1.0801681151551357,1.4443223663988012,173
D250H,-0.008857985,546,0.8801286500084013,795,1,0.1467635373588423,1.0166612805600774,1.1319879326308415,1.2251018494838442,250
Q37V,-0.009010772,547,0.9795661698417532,657,1,0.5790588676066724,1.583815454741162,0.4157887394203068,1.339601617598872,37
L196S,-0.009026136,548,1.2195494111840126,376,1,1.3131252513710467,1.3852756972370484,1.0909816556263046,1.0888150405016508,196
A182E,-0.0090288519999999,549,1.4330920299540992,180,1,1.744995498294056,1.121110909693541,1.4703897004665625,1.3958720113622374,182
E145G,-0.009259429,550,1.3062551888207077,299,1,2.0492929913874907,2.2283615616249404,1.518374236066248,-0.5710080337958477,145
N152K,-0.0092868969999999,551,1.7275831974899951,50,1,1.995111521270822,1.8762018371832947,1.4758822451556453,1.5631371863502177,152
S122L,-0.00930864,552,0.9475264399436972,698,1,1.2413063223936955,0.7331331701869055,0.4667356663612969,1.3489306008328918,122
K53A,-0.009332043,553,1.2696753147918631,334,1,1.3092913849983994,1.2587248983984145,1.0971874336558365,1.4134975421148026,53
Q86K,-0.009362488,554,1.637079932478001,82,1,1.5507748762985856,1.7787508654555828,1.590120959315805,1.62867302884203,86
K144H,-0.009511754,555,0.8635086592769703,822,1,0.8577956768407013,0.7887387821000457,0.7602155261374375,1.0472846520296963,144
A84M,-0.009573927,556,0.4715268309389957,1376,1,0.3608940261224,0.634214835867189,0.3516351199456634,0.5393633418207306,84
S221C,-0.009742219,557,0.1474603510587335,1866,1,-0.5485177277130713,-0.8039273758133014,1.7622002058346715,0.1800863019266352,221
R189Y,-0.009767181,558,0.071042137429118,1975,1,0.8524693638088111,0.481817503917905,0.1996447223785461,-1.24976304038879,189
F149M,-0.010095765,559,0.2843254848418299,1667,1,0.2064450828808907,0.8137381572002925,0.1194081955880416,-0.0022894963019051,149
S122V,-0.010096556,560,0.8035878273958761,909,1,0.9935213536959068,0.6247874861313447,0.4594918374056609,1.1365506323505925,122
E145F,-0.010103721,561,-0.0379482763011843,2139,1,-0.0653358288234918,0.5359408420449433,-0.5212171642100658,-0.1011809542161228,145
I171G,-0.010270764,562,0.3059893686640312,1633,1,0.3425782909252868,-0.0245748614159824,0.5285983979784569,0.3773556471683637,171
Q97K,-0.010289612,563,1.5943655738987226,98,1,1.4803702448869769,1.9775718940460207,1.25787271943087,1.6616474372310222,97
Q97L,-0.010569208,564,0.7519101450903408,976,1,0.5955676751461013,0.9262100087580436,0.302767944237062,1.183094952220156,97
D207N,-0.010855562,565,1.336559942485333,274,1,1.3388225202457964,1.27890536730121,1.6645811899062068,1.0639306924881182,207
A200E,-0.0110456139999999,566,1.4997669463198489,139,1,1.7120869652778614,1.3810033716003438,1.3930960559540575,1.5128813924471332,200
L192M,-0.01111662,567,0.7038372628306006,1045,1,0.9492320322705396,1.03108691310372,0.4660768971409306,0.3689532088072119,192
T138N,-0.0114220689999999,568,1.5938822009966096,99,1,1.698506826427752,1.6445726354317165,1.3293615236402203,1.7030878184867495,138
S254Q,-0.0114455839999999,569,0.9892186668213082,646,1,0.7969735817350933,1.8024821888188236,-0.0926215751684639,1.45004047189978,254
Q37T,-0.0114763019999999,570,1.3765925820378864,227,1,1.1455337413822133,1.6149033239131825,1.265232097478413,1.480701165377737,37
K252L,-0.011493641,571,0.2561231643982923,1708,1,-0.2291901536735172,0.3896875538939595,0.1772848080590992,0.6867104493136278,252
Q265H,-0.011547412,572,1.315547013228754,293,1,1.2741655033778534,1.430481943847012,1.1662271951023064,1.3913134105878446,265
N152E,-0.0116545389999999,573,1.4847335453757566,151,1,1.6808571426365266,1.4952018415008594,1.1531672184352049,1.6097079789304358,152
G90A,-0.011699145,574,1.4774021335934688,154,1,1.579441166812984,1.321512903956436,1.5716597435143194,1.4369947200901352,90
I171V,-0.0117639239999999,575,1.4874726664337248,148,1,1.4783472544602183,1.6479698129775728,1.2848601347950577,1.5387134635020503,171
D113Q,-0.0118837289999999,576,0.9225788221627156,744,1,1.1611800819564806,0.5469217992030578,0.6197711351413069,1.3624422723500174,113
I171T,-0.012082141,577,1.1164987957936376,490,1,1.1948571082811112,0.8485684320223953,0.9463688383042642,1.4762008045667798,171
V29L,-0.01214075,578,1.3256154385515249,289,1,1.2861433093996284,1.5634247936816374,0.9573518841552056,1.4955417669696278,29
K144Q,-0.012246845,579,1.397921954045392,212,1,1.2626605496284051,1.2967491699510427,1.6263358661075975,1.4059422304945226,144
E61A,-0.012261803,580,0.877312370763647,798,1,1.046500596753133,1.0498780820429308,0.310035816195212,1.1028349880633126,61
E108N,-0.012370212,581,0.319138268666264,1615,1,0.1064893266386444,0.1926444640590209,0.2690223900870775,0.7083968938803133,108
Q37F,-0.012968656,582,0.3901511830556081,1491,1,0.0475843092072336,0.663897526391444,0.1454805015766673,0.7036423950470876,37
G226K,-0.013250524,583,0.3931310243895105,1486,1,0.6211395285463627,0.6473468591398746,-0.0139767090974809,0.3180144189692858,226
V29I,-0.0133032339999999,584,1.247776526899273,352,1,1.266187398115399,1.3692026936607955,0.7848223252494401,1.5708936905714572,29
A84I,-0.0133748369999999,585,0.1323993150429735,1886,1,0.2863338355101739,0.6542346935183107,0.4081019473813985,-0.8190732162379889,84
K109S,-0.01347513,586,0.640644665192831,1131,1,0.5054469571925029,0.6310748922152657,0.4978093500547518,0.9282474613088034,109
E195Q,-0.013494444,587,1.2182211187687004,379,1,1.1025727598018205,1.2568585349982582,1.1999536553794048,1.3134995248953183,195
Q37G,-0.013549446,588,0.8023030157179457,912,1,1.0850096807857552,0.8417078927111201,0.547201321471466,0.7352931679034413,37
L199P,-0.013699019,589,2.2137534405627672,2,1,2.712337064361696,2.5336566982711517,1.9494162556495864,1.6596037439686349,199
A148D,-0.013729766,590,1.2297155491855387,370,1,1.085000439843911,1.096223716055665,1.6267765269093684,1.1108615139332108,148
D207R,-0.013780093,591,1.2258689609404056,374,1,1.4950521885831738,1.2176274676521708,1.2145854690569402,0.9762107184693368,207
L55I,-0.013824586,592,1.4377875043697863,173,1,1.5347618851803009,1.4158236319128517,1.163208422449878,1.6373560779361154,55
N50S,-0.013873543,593,1.6845465790449918,61,1,1.9664252882887936,1.8233648422792423,1.2281805233328886,1.7202156622790423,50
Q97G,-0.01401232,594,0.8013507721876314,914,1,0.6212874464366803,1.019285492763618,0.3593816404549456,1.2054485090952818,97
R202S,-0.014030269,595,0.1417296734058545,1872,1,0.2966625448891436,-0.1252524639070638,0.5491108284919077,-0.1536022158505692,202
S57Q,-0.0140985,596,0.9799932155490348,655,1,0.8349792951436026,1.187471030800201,0.8041224222656487,1.093400113986687,57
L196A,-0.014103408,597,1.4301395693063688,182,1,1.891873892590627,1.463656152072574,1.2140076165689295,1.1510206159933445,196
T193A,-0.014179751,598,0.8826290514871667,789,1,1.0220896594445603,1.4436433867161025,0.2978392190281979,0.766943940759806,193
N173C,-0.014365243,599,0.058170968482845,1992,1,0.571323049662394,-0.0987898962945173,-0.7305187172826587,0.4906694378461624,173
A84T,-0.01452706,600,0.8688228794768115,817,1,0.9723427671770466,1.111827964763244,1.4106387223616332,-0.0195179363946779,84
Q86H,-0.014527212,601,1.1828222477003183,423,1,1.1112664444004805,1.1106339635325166,1.6706718289868898,0.8387167538813862,86
Q88M,-0.014628486,602,0.6347030989259281,1141,1,0.3570441278778383,0.6600606107815288,0.3909545483267055,1.1307531087176397,88
H94Q,-0.014702428,603,1.3146052441207532,294,1,1.4524943281707785,1.189591010866061,1.4441474420149318,1.1721881954312408,94
N173K,-0.014792412,604,0.8564082119857045,834,1,1.2402374262313949,0.8993934898347664,0.1471164064465128,1.138885525430144,173
E195G,-0.014822188,605,0.9054863751528708,764,1,0.7019934224803707,0.9755352910861564,0.8881843588146427,1.0562324282303135,195
V29H,-0.014840417,606,1.261521451459823,342,1,1.8381674734748,1.1600059065252089,1.1382488074086716,0.9096636184306116,29
A200S,-0.014845208,607,1.4248697492322584,189,1,1.5249887191120612,1.3919695913176822,1.3620872941934767,1.4204333923058137,200
T138R,-0.014866236,608,1.5915578959469416,101,1,1.7247107577373055,2.069033936303859,0.9022252324691942,1.6702616572774085,138
N152S,-0.0150367089999999,609,1.7546329493874746,39,1,1.9309850136189477,1.9949276710043,1.29004684780708,1.802572265119571,152
E195K,-0.015181175,610,1.382041096007231,221,1,1.2328434100578751,1.4147410934375766,1.4206809711866288,1.459898909346842,195
Q97S,-0.0151912319999999,611,1.1412578668321436,458,1,0.9454210263923656,1.375244854829936,0.812358324703104,1.4320072614031691,97
A77Y,-0.015251162,612,-0.2430422609401241,2437,1,0.099181770752411,-0.5016750705083044,-0.3105268307817387,-0.2591489132228644,77
Q265V,-0.0153218319999999,613,0.8416237154100178,856,1,0.830612946981305,1.1366013025885642,0.4875997730878575,0.9116808389823444,265
A280S,-0.015325554,614,1.123782748662134,482,1,1.420255527860214,1.2467067918712094,0.568144025540243,1.26002464937687,280
D36L,-0.015402454,615,1.30166795414756,305,1,1.3678765565337925,1.8365434630334816,0.4474217472755578,1.554830049747408,36
Q86M,-0.015556395,616,0.7213357816933352,1020,1,0.7174176286538209,0.6330570069187526,0.6065998517234473,0.9282686394773204,86
D207G,-0.016034947,617,1.047606296472178,570,1,1.61534221959457,1.529536148327614,0.5486774712855054,0.4968693466810231,207
V157I,-0.016144166,618,1.2671436720311988,337,1,1.1996289333919583,1.182756123863275,1.3416429109207573,1.3445467199488046,157
I171Q,-0.016285197,619,0.8647167027444531,820,1,1.029065420915818,0.6989896316726094,0.6207656039442653,1.1100461544451197,171
N50V,-0.016311532,620,1.1836416487117414,422,1,1.5582374833786468,1.091386676329799,0.7556334074414095,1.3293090276971105,50
A148G,-0.016463353,621,0.7618490308060519,962,1,1.0276501119349584,1.0296101678323788,0.1466857689107756,0.8434500745460951,148
H110N,-0.016681125,622,0.3476845511937332,1569,1,0.6038403220804077,-0.1626853739293844,0.4785565700820456,0.4710266865418641,110
K252A,-0.016785141,623,0.6281948013841675,1163,1,0.3150456742562781,0.5450336376589882,0.739240088483204,0.9134598051381996,252
R273I,-0.016893345,624,0.1051116932688426,1926,1,0.0295432517403614,0.1972324362970432,0.2312169373871394,-0.0375458523491733,273
E61N,-0.0169525,625,1.476234483358482,155,1,1.5321116760342677,1.484175692683516,1.254365321215742,1.6342852435004025,61
D36Q,-0.016961135,626,1.9031901451363384,21,1,2.086178886081295,2.561498740886765,0.9919999591437244,1.9730829944335693,36
R273T,-0.017076403,627,0.7262248400659269,1015,1,0.7947059262223215,0.6393631151783209,0.5603936972813962,0.9104366215816688,273
S80L,-0.017216283,628,0.4812385145384605,1363,1,0.448977603260726,0.7020250705998006,0.3493631267784091,0.4245882575149065,80
R189A,-0.017229056,629,0.3732783222197993,1518,1,0.7950880652382061,0.2826503271204271,0.6383514979075895,-0.2229766013870253,189
E61W,-0.017401177,630,-0.0582843572373525,2169,1,-0.0533954011864697,-0.0118522009676853,-0.8324690900032227,0.6645792632079673,61
I54T,-0.017431717,631,1.5612867256285328,114,1,1.7892712943980158,1.8627088492840107,1.0091055419819948,1.5840612168501098,54
K53E,-0.0174415089999999,632,1.427254371247514,187,1,1.5695505383853985,1.220435226545764,1.5061801120840137,1.4128516079748792,53
K32I,-0.017447561,633,0.6900911781460428,1062,1,-0.2438140101033916,1.0838313132834103,0.7691997243996739,1.1511476850044786,32
E270L,-0.017462942,634,0.5024186174989815,1334,1,-0.1174219106654883,0.6637081036799891,0.5731132718328438,0.8902750051485814,270
A200V,-0.017479696,635,0.7628891426732735,961,1,0.8063984503603326,0.7037659525106473,0.720015039418244,0.8213771284038698,200
D269A,-0.017503169,636,1.411276093261064,202,1,1.4118177124398703,1.519836802576191,1.4252794226853724,1.2881704353428225,269
E277I,-0.01757013,637,0.3360003207320565,1592,1,0.143876053995647,0.8733357358687482,0.287929807927184,0.0388596851366469,277
L196N,-0.017572607,638,0.917218255215193,751,1,0.8216860463901134,1.1719012168417025,0.4737763878787865,1.2015093697501693,196
S122Y,-0.0178091989999999,639,0.9897499306623776,645,1,1.2452854807466058,0.7518663686999121,0.4930064821976596,1.4688413910053328,122
N50E,-0.017852372,640,1.4595473943503003,162,1,1.827483349054524,1.3858460030239963,0.7728422312460123,1.8520179940766688,50
N152Q,-0.0180477439999999,641,1.7289011223140809,49,1,1.8118068167967063,1.7374174461078438,1.6181882034549455,1.7481920228968268,152
L199V,-0.018299501,642,1.5957818536990331,97,1,1.8140394936798476,1.4819521793319463,1.510868090950387,1.576267650833952,199
H151F,-0.018411069,643,0.1080054278785638,1921,1,0.2565618703875021,-0.1361261362873095,-0.8492877814842169,1.1608737588982798,151
T158S,-0.018715579,644,1.1977877340593706,403,1,1.2198162200188485,1.4590597764921154,1.173311325145506,0.9389636145810122,158
N50G,-0.018879235,645,1.2823564552814968,325,1,1.6614484509050784,1.6267453077558705,0.5377180440279152,1.3035140184371226,50
N50D,-0.01891356,646,1.406278372052426,206,1,1.7615482427112936,1.437442367624255,0.7567877654695937,1.6693351124045626,50
T112P,-0.018968098,647,0.441554309167196,1410,1,1.2701162998165407,0.3583171815666112,0.2697736501593409,-0.1319898948737091,112
S254G,-0.019009003,648,0.6918544937820166,1057,1,0.4918994726018799,0.9475399664498654,0.5597533161209214,0.7682252199553997,254
R273H,-0.019283043,649,0.729999161640325,1013,1,0.6141471949441842,1.0024414035400684,0.560808412033457,0.7425996360435906,273
L196Y,-0.01937016,650,0.8517349884156307,842,1,1.2074952804250427,1.028000611840731,0.0357511448713143,1.1356929165254346,196
E46M,-0.019380393,651,1.160594065501669,446,1,0.9985951647451494,1.3581025733159553,1.4584085701504077,0.8272699537951649,46
Q97A,-0.019611956,652,1.3334354730880105,277,1,1.1531556965998289,1.7100485179896865,0.9068922153677732,1.563645462394754,97
S96M,-0.0196778,653,0.257138535366941,1707,1,0.6384885267900573,0.1949646711337538,0.3550142536141265,-0.1599133100701736,96
L196P,-0.0196860999999999,654,0.3623751319289664,1538,1,0.5627911412257768,0.6506167070929157,0.2610692887284351,-0.024976609331262,196
T193F,-0.019831781,655,0.4024578023769217,1476,1,0.4416566162843074,0.6035980474889812,0.5022726280437273,0.0623039176906708,193
E145S,-0.019853986,656,1.125175205394953,480,1,1.368108465853378,1.5669402518263271,0.7033322812007717,0.862319822699336,145
N98Y,-0.019943187,657,0.6951341113387353,1054,1,0.6401930942122518,0.4977659105672102,0.3924218177299233,1.2501556228455557,98
D250G,-0.01997566,658,1.1118234934791598,494,1,0.6760132966053052,1.5090136075101794,0.8799279081245596,1.382339161676595,250
K144G,-0.0201374819999999,659,1.128555336671118,475,1,1.163522858599483,1.1937745169641971,0.5036207322875085,1.6533032388332831,144
R189L,-0.020162666,660,0.101108310143232,1932,1,0.6154041766257288,0.0026714284490281,0.3065698320936397,-0.5202121965954682,189
K53R,-0.020171097,661,1.4002094739900035,210,1,1.6078492417916366,1.198840531975691,1.4229857389536655,1.371162383239021,53
S254K,-0.020201976,662,1.104437818875249,498,1,0.6722371751255394,1.611870467592172,0.8182116000103224,1.315432032772962,254
K284S,-0.020231824,663,1.3563888906527404,249,1,1.930010951758533,1.1933906168992203,0.8242801140731786,1.4778738798800288,284
Q88V,-0.02038913,664,0.5851819217183998,1224,1,0.470092922937091,0.9026618845782132,0.3334983827045664,0.6344744966537286,88
F58Y,-0.020413011,665,1.8635260836222076,27,1,2.4361558686909093,1.8873194276347784,1.4937441744766335,1.6368848636865083,58
A84V,-0.020480268,666,0.1886026982447592,1815,1,0.5116799504789484,0.6718513215987517,0.4271627792327432,-0.8562832583314065,84
L282V,-0.020573364,667,1.439702517340517,172,1,1.898199606258545,1.6001453526025835,1.3277014047547862,0.9327637057461514,282
L199R,-0.0206159089999999,668,1.4231940746145857,191,1,1.6285334347808058,1.5516257007475265,0.8914041439499064,1.6212130189801033,199
G90S,-0.020904624,669,1.587555807097758,104,1,1.782398131881343,1.5689349636455905,1.2374141037617703,1.7614760291023277,90
I259V,-0.020923763,670,1.1883272544948498,415,1,1.367533498346739,1.3635750921199188,0.9026293917747916,1.1195710357379502,259
S122A,-0.020963348,671,1.54913938129217,120,1,1.499796598690481,1.9482659323133105,1.3813723465714718,1.3671226475934175,122
A148N,-0.021430817,672,0.9419331005402702,707,1,0.8641420365693737,1.0926135011424478,0.6773276411862124,1.1336492232630473,148
T139A,-0.021554077,673,1.0276981690946283,600,1,1.3275576959195388,0.66697264425886,1.4140706456967989,0.7021916905033151,139
P60G,-0.021573991,674,1.091988383284933,514,1,1.2072226632175245,2.06262193329299,0.6862593474803792,0.4118495891488384,60
N50W,-0.0218026429999999,675,-0.1207364667939738,2247,1,0.1086732796978954,-0.1141138019164638,-0.9367516752587496,0.4592463303014225,50
T138I,-0.0221011479999999,676,0.6306743775322641,1157,1,0.610014339186003,0.624248724470045,0.579603400137995,0.7088310463350131,138
N98F,-0.022139397,677,0.6332021923448552,1147,1,0.4081530319470111,0.395517957152012,0.5070432307267052,1.2220945495536928,98
K144E,-0.022203867,678,1.2332200562579234,367,1,1.199637690613529,1.1160031307019695,1.2017669973867044,1.4154724063294908,144
E87I,-0.022245569,679,-0.0735897365771715,2192,1,-0.6075676601998563,-0.6189858572826965,0.7273933465818778,0.2048012245919889,87
S80F,-0.022349997,680,0.2117803742092118,1777,1,-0.0655647981289493,0.1070874442127471,0.1505921197170952,0.6550067310359544,80
A276R,-0.022418982,681,0.2575044136524436,1705,1,-0.3862936281331117,0.7643102656382229,-0.1166371771369196,0.7686381942415828,276
T138Q,-0.022462671,682,1.5394895480949549,124,1,1.556724418928016,1.851268867443201,1.0703160255337507,1.6796488804748522,138
S80T,-0.022612891,683,0.9065081125318176,762,1,1.1976049598194494,1.1687105688115462,0.7143495688995052,0.5453673525967694,80
A182T,-0.023171976,684,1.040872563466176,580,1,1.285659607972601,0.7723346362853888,1.327338228614427,0.778157780992287,182
H156K,-0.023280442,685,1.6776917949962962,64,1,2.003194286010584,1.827637215303216,1.6146429598746146,1.2652927187967695,156
M153I,-0.023306261,686,2.0844630241004927,6,1,2.1469920417849693,2.0542263939605534,1.845523404067805,2.291110256588644,153
R118L,-0.023411341,687,0.8718125014675207,808,1,1.0911738978442556,0.9143298307762378,0.3658920100872752,1.1158542671623142,118
D113S,-0.023461345,688,1.1137608464268045,493,1,1.180503532124448,0.9830019451642718,0.8891377266093067,1.4024001818091916,113
L196K,-0.023462475,689,0.8576589236056468,833,1,0.7333076637325134,1.0801395606753523,0.3018464444579863,1.3153420255567352,196
N152L,-0.023505812,690,0.788783576447533,934,1,0.7271630970248545,1.079448875428431,0.3198374078117325,1.028684925525114,152
A230G,-0.023878032,691,0.9353656165549544,721,1,1.087706377334675,0.8686287268100518,0.7058266137820183,1.0793007482930728,230
D207A,-0.024022197,692,1.493331681305381,145,1,1.5667663952624022,1.6203705827302448,1.3285516073717718,1.4576381398571048,207
R159H,-0.024222481,693,0.6312323304089564,1153,1,0.3474192880352119,0.2485678865921138,0.9206465032280984,1.0082956437804016,159
R118M,-0.024256937,694,0.6799061502598656,1073,1,0.9128351159521986,0.8850352103966644,0.0604457095381982,0.8613085651524008,118
N173F,-0.024432157,695,0.6394932428627003,1135,1,0.6938642457227002,0.62396250536301,-0.0603604981418802,1.3005067185069712,173
A84G,-0.024581986,696,0.7063315128040331,1040,1,0.6890671226697691,0.7768533599270954,0.3254896354691728,1.0339159331500951,84
N152H,-0.024670175,697,1.3050105073405325,301,1,1.200247957135954,1.3620167459707109,1.3431659475127316,1.3146113787427334,152
H151L,-0.024805365,698,0.6061836802941769,1191,1,1.0631156719827262,0.3870991980575806,-0.2788813260351727,1.2534011771715734,151
Q86W,-0.024832316,699,0.1106654556978901,1917,1,0.0622464612057554,0.1398673034804348,-0.0459638351872236,0.2865118932925941,86
A225D,-0.024881322,700,1.2648592962939182,338,1,1.3146018294924935,1.3105738687359634,0.9836015536181564,1.45065993332906,225
S254R,-0.02496754,701,0.9429329585076256,706,1,0.977020976709812,1.4311243335685602,-0.0491591933801422,1.412745717132273,254
D207M,-0.025048737,702,0.4004095193811635,1478,1,0.3108711808621067,0.4734409510847318,0.2589181357135386,0.5584078098642767,207
N50L,-0.0251873379999999,703,0.9861155635478668,649,1,1.075410409014716,0.9291388579206504,0.6663501936514402,1.273562793604661,50
A222E,-0.025283249,704,0.7044267859199788,1044,1,1.0443637153303442,1.0434144584999543,0.960026730402211,-0.2300977605525944,222
S96L,-0.025364385,705,0.4596350101492789,1390,1,0.9511301317766132,0.4932389731321449,0.3080574620366619,0.0861134736516956,96
G85Q,-0.025383443,706,0.1507576744780318,1861,1,0.2653785958338541,0.3880964789373688,-0.1140242792032227,0.0635799023441271,85
K53M,-0.0254039779999999,707,0.7551254110496346,971,1,0.5772060933184125,0.4144743812952957,1.2071846086165543,0.8216365609682755,53
A182N,-0.025473966,708,1.070900215334864,533,1,1.1861811454342812,0.6596182664176542,1.098432791742389,1.3393686577451318,182
Q97R,-0.025489968,709,1.6027381783457226,95,1,1.3329010396742969,1.7466539515141517,1.7111430153399652,1.6202547068544768,97
D36H,-0.026165024,710,1.6386758785851925,81,1,1.6836427683307502,1.985642325119021,1.3571510890125085,1.5282673318784892,36
T198E,-0.0266382,711,0.6819617958763355,1070,1,0.4175239374924143,0.8033485299809728,0.6257004325052998,0.8812742835266553,198
L199Q,-0.02665737,712,1.6771101917185234,65,1,2.027087039546935,1.7352051872327507,1.1360527306073485,1.8100958094870596,199
D207H,-0.02671686,713,1.1398720411617305,461,1,1.1814990221647594,1.1377376177167036,1.4412120696103248,0.7990394551551345,207
E108T,-0.02672906,714,0.4966293760777046,1344,1,-0.0650085072505237,0.7280643751222747,0.1803563609308776,1.14310527550819,108
H156T,-0.026805845,715,1.650198445599628,77,1,2.147717088217952,1.986511249681824,1.152451752716286,1.31411369178245,156
H24V,-0.026874047,716,1.6115585502882432,91,1,0.7304303322129755,1.8936164691301396,1.214331160261722,2.607856239548136,24
N173T,-0.027061775,717,0.6413428972122119,1129,1,1.0391686286983028,0.6288023883250387,0.13446989400066,0.7629306778248459,173
Q204M,-0.027101503,718,0.4956590077616288,1347,1,0.423557386743013,0.2248068987982436,0.2085219791009756,1.1257497664042833,204
R255K,-0.027408632,719,0.871985510681422,807,1,0.7533148305194651,1.1686354441938278,0.2626842367183586,1.3033075312940363,255
K284E,-0.027480766,720,1.4617859690998214,161,1,1.3624569797203825,1.2035445082491474,1.8995762299042291,1.3815661585255266,284
T193Q,-0.027736966,721,0.7316866889555824,1010,1,0.8224239396797042,0.8998150469831412,0.426588242563086,0.7779195265963983,193
E145A,-0.0277640729999999,722,1.5615190177554457,112,1,1.7617822251177646,2.017815974845329,1.3862558724349077,1.080221998623781,145
T139Q,-0.02812127,723,0.8232621290110784,882,1,0.6740500079398063,0.0385650735959431,0.6619159912723186,1.9185174432362453,139
P25Q,-0.028213622,724,0.9648926574718268,673,1,1.046585618443762,0.5522391562913256,1.6080157772323924,0.6527300779198268,25
P25M,-0.02836574,725,-0.1428547353615869,2289,1,-0.9402420942761732,-0.2827803839202457,0.7383886309132562,-0.0867850941631852,25
P25D,-0.028402505,726,1.3162723181394598,292,1,1.214466066487775,2.041097024374953,1.4907797869306951,0.5187463947644153,25
V157H,-0.028670375,727,0.6403630130497834,1133,1,0.6646642641179685,0.2034478769145375,0.9282067038154688,0.7651332073511591,157
D269E,-0.0287644489999999,728,1.6621932235695709,72,1,1.5923758029456976,1.668007654097423,1.8394733910475665,1.5489160461875964,269
A182I,-0.029102077,729,1.050773772820798,560,1,1.0332760928171814,1.0429219784050794,0.8989943577900334,1.2279026622708984,182
H151D,-0.029224302,730,0.6475192659093386,1119,1,0.7789228498627554,0.2026041307875296,-0.0490840913090034,1.657634174296073,151
E108Q,-0.029396715,731,0.9700716785164296,668,1,0.8443503514589609,1.1890578093110349,0.5431527531733765,1.303725800122346,108
A280F,-0.02941169,732,-0.1672514874850892,2336,1,-0.2817633858052685,0.3121979955184716,-0.9354795828157304,0.2360390231621706,280
Q86L,-0.029438376,733,1.237436381900629,360,1,1.1865079079019984,1.0199560858083236,1.3097123825605206,1.4335691513316744,86
Y95W,-0.029609705,734,0.2249744892178342,1760,1,0.0358826760510894,-0.0808623445439397,1.2204184410231942,-0.2755408156590071,95
I171K,-0.029810137,735,1.2028679247679528,393,1,1.0859811544286029,0.8877590938234607,1.3822217168991195,1.455509733920628,171
K252G,-0.029883316,736,0.05771401507996,1993,1,-0.0084247314868328,-0.3741588350349032,0.4420469630932901,0.1713926637482859,252
R92T,-0.029915213,737,0.9331312150176796,728,1,0.9349941657724916,1.242078414088165,0.5399825318427715,1.0154697483672903,92
N173D,-0.029921061,738,1.661343402785767,74,1,1.731937325029214,1.7009108150400287,1.6124482642788482,1.600077206794977,173
A34V,-0.029961704,739,0.7168495892289227,1024,1,1.7157110603860273,0.4181158718063015,1.5868050267875835,-0.8532336020642215,34
Q37W,-0.029962936,740,0.2176437586880186,1770,1,0.0509495951229548,0.1040101781224527,0.217316388450399,0.4982988730562678,37
E61R,-0.029997036,741,0.7564044644024798,969,1,0.7377274598439669,0.8255262143304303,0.2502974966770587,1.212066686758463,61
A280G,-0.0300744529999999,742,0.8711139158873541,812,1,1.136578345269469,1.022713740562429,0.6138335074968903,0.7113300702206282,280
H156D,-0.030105332,743,1.5396069663403351,123,1,1.7950269876984533,1.7692764443654911,1.112554963010259,1.4815694702871371,156
N152D,-0.0303009079999999,744,1.422362995296406,192,1,1.5838088970332052,1.476964384906437,0.9357722852762624,1.6929064139697203,152
T193W,-0.030497122,745,-0.1037137471387241,2229,1,-0.3419066266229508,0.0728960761478934,-0.3076539805718482,0.161809542492009,193
N173L,-0.030604266,746,0.6871806648374461,1067,1,0.911763116441651,0.665669810266131,-0.0031433486525851,1.1744330812945876,173
R273S,-0.030727435,747,0.9323949311962728,733,1,0.6993197309137985,0.5509895855893759,1.8264662067722648,0.6528042015096523,273
I283V,-0.030749035,748,1.4331619514057303,179,1,1.4336995779794155,1.6158830794011794,1.5021303692114385,1.1809347790308875,283
N50Q,-0.0308642389999999,749,1.3864944116200866,218,1,1.563483674743455,1.4642815613559288,0.7343563516928546,1.7838560586881076,50
M184I,-0.030925581,750,0.7598245981912326,965,1,0.9261488065987944,0.4777871850659073,1.5898262983369762,0.0455361027632523,184
S254A,-0.031046557,751,1.3024033696285122,302,1,1.6267554675187037,1.4704429015075513,1.2173750164217343,0.89504009306606,254
G194Q,-0.0312441439999999,752,-0.0052121903565853,2090,1,0.2038221756609307,0.6372057307611662,0.3980095370939349,-1.2598862049423731,194
L247V,-0.031333964,753,1.1147213796227184,491,1,1.453816586960889,1.432806392082354,1.4514539312145118,0.1208086082331188,247
Q86A,-0.031346184,754,1.0100911827491663,621,1,1.013741759456312,0.9633270668342122,0.9136042187875622,1.1496916859185795,86
A246T,-0.031454708,755,0.6231192459249246,1170,1,0.7248102313590096,0.5798648602264785,1.587743269672352,-0.3999413775581417,246
H94L,-0.031465014,756,1.3092518835091955,298,1,1.073038602873236,1.1556093156724423,1.4112579413734758,1.5971016741176285,94
S201A,-0.031490122,757,0.4046059258894328,1469,1,0.2544370694073825,0.3393599992270175,0.6154931458874578,0.4091334890358735,201
A246F,-0.031573143,758,-0.0800844439456625,2202,1,0.2085536007058374,-0.5082720102357936,0.5812346699956803,-0.6018540362483743,246
E87M,-0.031613816,759,0.1617048340894495,1846,1,-0.7168481109962048,-0.7802706400120598,0.6602560947688396,1.483681992597223,87
S96V,-0.031687321,760,0.4253203154311122,1438,1,0.7981729064728962,0.7803710117074635,0.4208540868477096,-0.2981167433036202,96
A200P,-0.031745666,761,0.9379210255522356,716,1,1.3567241594785815,1.2387728045425013,0.7834430372151756,0.3727441009726845,200
N98D,-0.031768977,762,1.4107577778369378,203,1,1.5671815905909874,1.4411470806504874,1.0158349032899885,1.6188675368162877,98
A148F,-0.031785314,763,-0.1063646588836747,2231,1,0.0616844159407028,0.3255613318487411,-1.2768852268912227,0.4641808435670799,148
S264T,-0.031791011,764,0.9744065624465902,663,1,2.21680176636335,0.3460222702032208,1.422466201376628,-0.0876639881568378,264
I206M,-0.031823082,765,1.4660381350886411,158,1,1.6431573477494137,1.2269098755267485,1.6796963091051451,1.314389007973257,206
G76S,-0.032136065,766,0.6897164945279017,1063,1,0.9018667022170308,0.2146992574232281,1.7360368464519125,-0.0937368279805645,76
P60R,-0.032174445,767,0.613655100053231,1182,1,0.6083607697011905,0.825466380004964,0.6525177430922617,0.3682755074145077,60
N50A,-0.032218326,768,1.9767538244624725,11,1,2.206594232053876,2.1911581323524545,1.6392646742915784,1.869998259151982,50
Q97T,-0.032345228,769,0.9646410414923864,674,1,0.6899378065974952,1.2145389865747906,0.6173977533701855,1.336689619427074,97
A280L,-0.032356586,770,0.8537509664336901,839,1,0.353427885371511,0.8902178612738509,1.4428101978602614,0.7285479212291369,280
G90T,-0.032386576,771,1.4340378706049963,178,1,1.6451139962547974,1.5726692877917745,0.9900055647365716,1.5283626336368423,90
K252D,-0.032738769,772,0.1537176686966901,1857,1,-0.2436131593945989,0.0652983172911691,0.6144016723276656,0.1787838445625246,252
A148Q,-0.032812593,773,1.156434903625042,451,1,0.9825853994757,1.4165826969894837,1.0311985226141247,1.195372995420859,148
G226T,-0.033124862,774,0.3251168581510097,1607,1,0.6400540591851342,0.4276594151266573,0.3401507049696107,-0.107396746677363,226
M180S,-0.033144855,775,2.147724619601181,4,1,3.072464734725553,2.5739106040309774,1.4267284121039097,1.517794727544285,180
V157F,-0.033174397,776,0.2937428710920023,1653,1,0.5140806227847882,-0.0549315252768252,0.153290128676077,0.5625322581839695,157
G194A,-0.033181736,777,0.1019533733516029,1931,1,0.1922600675342588,0.6357607349603072,0.6815785732942059,-1.10178588238236,194
Q265W,-0.033193385,778,0.2164402106660435,1771,1,-0.0491157457484727,0.2942785311952008,0.1298756739499749,0.490722383267471,265
G85K,-0.033350538,779,0.3107552738627676,1627,1,0.5998548565177008,0.6833180298594898,-0.0873662635447369,0.0472144726186166,85
T138D,-0.03346632,780,1.6038988628296016,94,1,1.6532619313077404,1.4956838134687502,1.4335544060397856,1.8330953005021304,138
N98K,-0.033608341,781,1.4885539478738103,147,1,1.6737318236516874,1.945939628076584,0.7547505238740778,1.5797938158928926,98
Q97P,-0.033617087,782,0.8507734828553057,845,1,0.927956965544447,1.1138853620420135,1.094874854264624,0.2663767495701388,97
K53L,-0.033696514,783,0.781569381399414,941,1,0.7906120696259127,0.5605406476898063,0.9757941533096384,0.7993306549722988,53
I171C,-0.033828286,784,-0.0790513959650788,2201,1,0.0982978693252699,-0.5778107430061883,-0.0493722134616221,0.2126795032822251,171
L199W,-0.034159285,785,0.2400181520662573,1736,1,0.270901676221581,0.3532483865019802,-0.1556787317196774,0.4916012772611456,199
E145K,-0.034367585,786,1.1365004840870996,467,1,1.0523220006257572,1.0870338397224235,1.3012114877508103,1.105434608249407,145
H151W,-0.034528765,787,0.4587765633625967,1392,1,0.5454241636649122,0.5939068454372477,-0.5187375208745422,1.2145127652227694,151
R273L,-0.034706069,788,0.4381646085966248,1418,1,0.2685714763056835,0.4706683535450164,0.1934127625437281,0.8200058419920713,273
D113H,-0.034760101,789,0.5695356473547034,1248,1,0.65601324741666,0.0584678531001916,0.5816479522575457,0.9820135366444162,113
V157Q,-0.034791114,790,0.8869494432160574,787,1,0.976781767611557,0.6095111573278524,0.8560067051698401,1.10549814275498,157
K109V,-0.035012295,791,0.2783362309914007,1671,1,0.3824546322975969,-0.0664960408615567,0.740493436896305,0.0568928956332578,109
E61T,-0.035050369,792,0.945052056574206,702,1,1.0598282210564314,1.2193298395087708,0.3141749104302679,1.186875255301354,61
Q274I,-0.035070981,793,1.0434394526490387,578,1,1.6535490098668049,1.2182114683599687,1.1417073234688322,0.1602900089005485,274
A222Q,-0.035363378,794,0.6310635812042711,1154,1,0.996972069637553,1.372479855049077,0.3059108866375458,-0.1511084865070917,222
N152T,-0.035577057,795,1.486361994396732,150,1,1.6780123899914976,1.7131920156868128,1.405144874708653,1.1490986971999648,152
H94M,-0.035634476,796,0.9335925612069434,726,1,0.6519563922801159,0.8635646704723586,1.099061070109999,1.1197881119653004,94
T139I,-0.035725821,797,0.6320663796799495,1151,1,0.5550558384121791,0.3324022844220073,1.1404224732299115,0.5003849226556998,139
K252Q,-0.035846092,798,1.0816546349913534,525,1,0.9578246193320856,0.9707616871182292,1.1149180859069416,1.2831141476081571,252
P60T,-0.035869273,799,0.8052130108971073,906,1,0.916504027429579,1.0970740648088728,1.1243954429400362,0.0828785084099414,60
K53Q,-0.035956316,800,1.442702765850295,171,1,1.6200023869893505,1.2265594308739516,1.4543913024434851,1.4698579430943943,53
D250L,-0.036004745,801,0.1209140093972678,1906,1,-0.6475720555208719,0.5118133927012269,0.1230906915671369,0.4963240088415795,250
S57G,-0.036135834,802,1.1273515010631867,479,1,1.1398253992708642,1.0055944260783394,1.3055935774839722,1.0583926014195713,57
Q274S,-0.036141202,803,0.9963611931405766,638,1,1.2015882517819676,1.3351811773651443,0.7879716850467778,0.6607036583684164,274
H156Q,-0.03615346,804,1.5607074096537052,116,1,1.8849320041026612,1.6693531208368344,1.39802330162655,1.2905212120487752,156
S254C,-0.036287842,805,0.3193960463118982,1614,1,0.8328484131086186,0.0997728716778177,-0.5690475370586241,0.9140104375197806,254
L73V,-0.036333311,806,0.827087016105033,876,1,1.1632211867651612,0.875351653491057,1.012325072625842,0.2574501515380712,73
G90H,-0.0363664,807,1.0670871680678635,536,1,1.4125827631676604,0.8661553640806934,0.9514536836264428,1.038156861396658,90
Q86E,-0.036396335,808,1.3260558771766506,288,1,1.3529335389547807,1.1683117891439851,1.381769270778012,1.4012089098298248,86
N50R,-0.0364128929999999,809,1.2728420584932314,332,1,1.3518777534965098,1.3467604777779214,0.8965793633838607,1.4961506393146329,50
E26M,-0.036440986,810,0.4398293483365506,1415,1,-0.242139408209814,0.3841485507510606,0.6891560912545057,0.9281521595504502,26
L135V,-0.036550333,811,0.4111940631267602,1458,1,0.5564471812522264,0.0666505604101014,1.10178718738126,-0.0801086765365468,135
A280I,-0.036654566,812,0.2791198738383164,1670,1,0.1742475055889392,0.655492793928748,0.107812398635529,0.1789267972000491,280
R92I,-0.036945939,813,0.937852973132736,717,1,0.8616366796579003,1.393045787796739,0.6020970117543007,0.8946324133220034,92
I140M,-0.0369787279999999,814,0.4727767679044823,1375,1,0.8333344828803606,0.3422243385202461,1.1143407121331423,-0.3987924619158196,140
N50P,-0.037237915,815,0.8166804589784913,890,1,1.501017018657864,1.6787856199892843,0.0711331267350667,0.0157860705317504,50
A246C,-0.037628876,816,-0.1290452706924407,2259,1,0.0098778113391908,0.0058044219681092,-0.5052559877695968,-0.0266073283074662,246
A200H,-0.037725566,817,0.8683895442138656,818,1,0.8799845916763078,0.9444747051344796,0.7566319344540662,0.8924669455906086,200
A225K,-0.0378239879999999,818,1.4864232398901798,149,1,1.4787812897511352,1.6742692262216554,1.3003409364021814,1.4923015071857473,225
H94R,-0.03804817,819,1.5418905617946783,122,1,1.7656717067576757,1.496192973882446,1.611051906170124,1.294645660368468,94
T193G,-0.038139974,820,0.4033802421528469,1472,1,0.6604250527204824,1.2246093499645632,-0.2062930100081726,-0.0652204240654852,193
D33E,-0.038181221,821,1.8825748600788748,24,1,2.034136847912492,1.9081343804830149,1.5335998721928188,2.0544283397271736,33
A222V,-0.038754442,822,1.2000425398049883,397,1,1.8218466226719443,1.7378239656960697,1.854605177590374,-0.614105606738434,222
K284A,-0.0389621189999999,823,1.4978429362988774,141,1,1.8672483216865143,1.2461546354084323,0.8795090532353145,1.998459734865248,284
Q86I,-0.0393010789999999,824,0.6776304563998145,1076,1,0.9943242037079084,0.7251705925390067,0.655482381388834,0.3355446479635088,86
N152A,-0.0394716379999999,825,1.617884310467112,88,1,1.6469500099496923,1.8672230869308828,1.0172714425696867,1.940092702418187,152
Q274T,-0.039528661,826,1.0595049369631442,544,1,1.4229207072063927,1.2141815286061262,0.9172514244515,0.6836660875885582,274
E26S,-0.039584928,827,1.1462717843576038,455,1,1.5888443496929854,0.6605620312745597,1.0270310321591198,1.3086497243037505,26
D269N,-0.039656706,828,1.141140639816404,459,1,1.0385554787004827,0.9579371756322852,1.264195857630851,1.303874047301997,269
A148W,-0.039664242,829,-0.2791496257609475,2486,1,-0.2886706600243288,0.1044260487985023,-1.2009967054199882,0.2686428136020244,148
E270S,-0.039686684,830,0.5294058319658544,1303,1,0.1364890549071308,0.5477003404474033,0.5871883397178717,0.846245592791012,270
G90M,-0.039755865,831,0.6372850063460865,1138,1,0.6569974736848941,0.6552858695191367,0.3919453140062056,0.8449113681741096,90
R273V,-0.039767452,832,0.2648802166934391,1696,1,0.2045196751666625,0.4029816416279133,0.3741443838825954,0.077875166096585,273
R189S,-0.039930577,833,0.4935284022796653,1354,1,1.170528830600535,0.5441486330161098,0.548763948868945,-0.2893278033669286,189
A148T,-0.040016796,834,1.2747575158740028,331,1,1.2632467809071215,1.2666115932322846,1.3692083259085612,1.199963363448043,148
D250E,-0.040105619,835,1.1692102692910218,439,1,1.0045471982198833,1.3553673485360216,0.9062298010804342,1.4106967293277484,250
S57K,-0.040180196,836,0.390935681553628,1490,1,0.5480760564087798,0.6730591283206239,-0.0046698118396708,0.3472773533247792,57
T139L,-0.040313798,837,0.7971139260179451,922,1,0.5803507148403813,0.4845206633122272,0.4759833089604658,1.647601016958706,139
N98W,-0.0403305579999999,838,0.3715408478785711,1523,1,0.1334880292034276,0.0630979052334204,0.336440353212974,0.9531371038644624,98
D269T,-0.040370777,839,1.055603922913542,551,1,0.9903430790634976,1.082859431980008,1.2020112584745284,0.9472019221361336,269
L160I,-0.040497089,840,0.4240201451201854,1442,1,0.4645066825022542,0.568425573398953,0.1311443963202503,0.5320039282592838,160
V106L,-0.040586891,841,0.5792692296034051,1236,1,0.3759472251283325,0.4464611672226956,0.946495066136642,0.5481734599259501,106
Y44F,-0.040809435,842,1.4651663306302771,160,1,1.412112473984574,1.765943397590858,0.882446202495495,1.800163248450183,44
V106E,-0.040876561,843,0.512206028125845,1319,1,0.4573865902091988,0.7149871315329884,0.4314675569594474,0.4449828338017454,106
D269S,-0.041011648,844,1.0298813393406858,594,1,1.0421950026007418,1.0747078423103222,0.8410551685342824,1.1615673439173964,269
G39D,-0.0415168989999999,845,1.1181903662366182,489,1,1.454175859200219,1.5711422389595202,0.8075843207862459,0.6398590460004873,39
Q204V,-0.041599533,846,0.2509766276027361,1718,1,0.2533671555478833,0.1210430582271991,0.3332477403652139,0.2962485562706483,204
K284R,-0.041719978,847,1.3574721024034129,247,1,1.7698955710301278,1.397762653407466,0.8976595068895625,1.364570678286494,284
K30T,-0.041735782,848,1.7478700331041874,44,1,1.7482078029617938,1.848908444372524,1.6007605743319957,1.7936033107504368,30
N50Y,-0.041849916,849,0.3642414486580859,1536,1,0.6833928702735226,0.3986621972496921,-0.4111359216576472,0.7860466487667762,50
K53V,-0.041850368,850,0.7500843888947416,980,1,0.8888085666446776,0.6950619852375942,0.4684973729516412,0.9479696307450536,53
T193S,-0.042009722,851,1.2086674402263071,387,1,1.275764959012874,1.4793945659865757,1.0986191421930307,0.9808910937127482,193
R92M,-0.042024153,852,0.6463395539857227,1122,1,0.5369558424569452,0.7154899420525878,0.6300006832002831,0.7029117482330749,92
S281R,-0.042061968,853,0.2255171524760465,1759,1,0.7473979452905619,0.3883555293432946,0.3655642567904827,-0.5992491215201531,281
N152V,-0.04207795,854,0.600108779846945,1201,1,0.691953588335766,1.0862293302544597,0.2576616947059131,0.3645905060916413,152
E175P,-0.04213872,855,1.506593982693322,135,1,1.495983928060717,1.8486105048141963,0.917758794031238,1.7640227038671357,175
G39R,-0.042271582,856,0.9534510276031956,687,1,1.1939049017821353,1.7958920886538807,0.6019880443762684,0.2220190756004977,39
R202K,-0.042276035,857,0.9041676964706924,766,1,0.936546926695938,0.8946564056557723,1.1429346637546518,0.6425327897764074,202
R118K,-0.042341403,858,1.3628779770574342,242,1,1.480813392337068,1.547160233239147,1.0767996222626894,1.3467386603908316,118
D113K,-0.042644241,859,0.7129405398999442,1027,1,0.9896528353618648,0.274584129310158,0.4337355334001359,1.153789661527618,113
L192F,-0.042845814,860,0.4314984061909671,1429,1,0.8000806678202723,0.2768753985590582,0.250111946576348,0.3989256118081902,192
H156W,-0.042865849,861,0.3914508279646598,1489,1,0.2776750415920043,0.3685666056516017,0.2231463195761319,0.6964153450389012,156
R273Y,-0.042931939,862,-0.1670477147978009,2335,1,-0.4990951855939896,0.0522458414480104,-0.3848347219347465,0.1634932068895219,273
K109D,-0.042958069,863,0.4935554660143089,1353,1,0.2183523913843974,0.0873380730952274,0.5940380955390722,1.0744933040385385,109
Q204C,-0.043050656,864,-0.1925712869842723,2370,1,-0.5731604989562513,-0.7939060424515773,0.0857226738798647,0.5110587195908748,204
H24N,-0.043093163,865,1.2604416239723488,346,1,1.1315174627438942,1.3314017899002524,1.037460035967278,1.5413872072779706,24
A246Y,-0.043324547,866,-0.3719379987481865,2612,1,-0.2205352043892079,-0.6066904404550993,0.054376749671191,-0.7149030998196299,246
D33H,-0.043367243,867,1.502710292940194,138,1,1.4606849876598065,1.599247004494437,1.4466155344951204,1.5042936451114122,33
A280T,-0.043402807,868,1.347113372378801,261,1,1.2041792208997286,1.1532142683036075,1.845646038638539,1.1854139616733284,280
E108R,-0.043445211,869,0.7253594167850108,1016,1,0.3070649807762577,1.0155830938157069,0.369211340590978,1.209578251957101,108
N98R,-0.043622887,870,1.4174979598757438,198,1,1.4186081839181393,1.456798621852904,1.3520839898260306,1.4425010439059014,98
I206Q,-0.043686221,871,1.1743260446134245,431,1,1.1847203793118972,1.052688684172686,1.271007933658153,1.1888871813109605,206
E61L,-0.043914108,872,0.5021642374832098,1335,1,0.4617046103187395,0.7785472336667205,-0.1493697510272195,0.917774856974599,61
L49V,-0.043917615,873,0.5465800079609261,1281,1,0.8208424884901793,1.0948994946086907,0.4986797669142125,-0.2281017181693783,49
M180E,-0.043949874,874,0.894618324826889,777,1,1.1777161914219827,0.93633963782605,-0.1804250904491728,1.6448425605086965,180
G90W,-0.044056476,875,0.2719498043395054,1682,1,0.1857046652625555,0.1401446769638528,0.2860098534926089,0.4759400216390046,90
H156S,-0.044113082,876,1.6447618967633175,79,1,2.049040954278872,1.878286719078303,1.4112744811179505,1.2404454325781444,156
T138L,-0.04413855,877,0.8945263565531278,778,1,0.8781858432886991,0.9768927152132072,0.691811151047084,1.0312157166635207,138
K284L,-0.044259464,878,0.9991068523368576,634,1,2.356587728371583,0.476730385775782,0.4301880821710936,0.7329212130289714,284
D250W,-0.04440584,879,-0.6267005102777131,2961,1,-1.3681657240282925,-0.2127888815867135,-1.0521094221234115,0.1262619866275655,250
R92L,-0.044805637,880,1.103799125194659,500,1,0.9686821292009636,1.1048679121862777,1.195279745930796,1.1463667134605986,92
A77H,-0.045084475,881,-0.1152322368243719,2243,1,0.0035355223993119,-0.6057490133701497,-0.0183383529187474,0.1596228965920973,77
D250Y,-0.0454294509999999,882,-0.1389497615812971,2276,1,-0.5790201481408719,0.4614687786173093,-0.9608961491162468,0.5226484723146207,250
Q265C,-0.045596657,883,-0.0095545206447551,2098,1,-0.2986459520638997,-0.1085461136798356,0.0047911568171189,0.3641828263475958,265
A183N,-0.0458166359999999,884,0.2395455280138677,1738,1,0.2754842284997867,-0.2421385343817894,1.5882500955376184,-0.6634136776001447,183
A77V,-0.046064699,885,0.4299096287214586,1432,1,0.7665833215898769,0.3280957293810565,0.6574331449030079,-0.0324736809881069,77
H94V,-0.046366569,886,0.917495714682548,750,1,1.1648631281171709,1.1129469677423045,0.6344413254180494,0.7577314374526675,94
G39E,-0.046368472,887,1.0483328379304129,568,1,1.0017792000462675,1.4931545337615275,1.1528131890897468,0.5455844288241083,39
K144V,-0.046394863,888,0.84233519080987,855,1,0.7979617657146539,1.0706836522118304,0.8734955495466246,0.6271997957663711,144
L100M,-0.046431063,889,0.8606287034891953,828,1,0.4792085623839991,0.3768867992257297,1.788290658438373,0.7981287939086791,100
K109E,-0.046458354,890,0.9003680930273555,772,1,0.6303436573928719,0.564726144053256,1.2203162021393883,1.186086368523906,109
E277Q,-0.046492212,891,1.180699115459082,428,1,1.1933191605057736,1.4292570224230163,0.7919252889265362,1.3082949899810026,277
H94Y,-0.046653887,892,1.0114953109560283,618,1,0.8269925834295327,1.025380443350844,0.932514070156486,1.2610941468872514,94
L199Y,-0.046826307,893,0.7442793514610851,990,1,0.8122920353490598,0.7638857388876338,0.5889338427748304,0.8120057888328165,199
D33K,-0.046872657,894,1.6633004294367617,71,1,1.854060360618481,1.6114277599258988,1.411407555592702,1.776306041609965,33
A200D,-0.046943255,895,1.204338345193194,391,1,1.379714052265911,1.1459697341528168,0.9000279221541095,1.3916416721999385,200
A148S,-0.047102173,896,1.232383717003015,368,1,1.212831613376879,1.1882933578814503,1.2669345428330876,1.2614753539206427,148
M153L,-0.047138285,897,1.5719783188448475,109,1,1.972186220845178,1.547134313143224,1.196290702612803,1.5723020387781852,153
N98I,-0.047687942,898,0.5582158736064827,1264,1,0.5877791756666065,0.597909679673007,0.4015286585371522,0.645645980549165,98
A77F,-0.047762399,899,-0.2372446526970402,2428,1,0.1652991956640942,-0.4560671615052259,-0.1612785500995437,-0.4969320948474856,77
R189G,-0.047906629,900,0.477270922968896,1370,1,0.9756223403731764,0.6163538158428161,0.2935490772802113,0.0235584583793803,189
L28M,-0.0480696999999999,901,0.8049733937750574,907,1,1.106939535145658,0.893820115125813,0.9094107588358696,0.3097231659928886,28
R273K,-0.048172532,902,1.4658025446748075,159,1,1.748515631235957,1.312376985927258,1.4804632491587053,1.32185431237731,273
S122T,-0.048347505,903,1.3693341677995996,230,1,1.4019818260702237,1.0389975858958946,1.159391382636506,1.876965876595774,122
V117M,-0.0485774079999999,904,0.5016497144751185,1336,1,0.9247338305682528,-0.1356983872024029,0.5730504660013912,0.6445129485332332,117
N98V,-0.048610582,905,0.7372421736790409,1001,1,0.7867774242751627,0.86348423848047,0.4836833541132994,0.8150236778472317,98
T138H,-0.048618792,906,1.368488389460918,234,1,1.2718340596098243,1.597704315888819,1.038048325295184,1.5663668570498457,138
A225M,-0.048778137,907,0.4924930553134254,1355,1,0.4169922095525408,0.3526372802760991,0.5697226614423675,0.6306200699826944,225
T138W,-0.0489858129999999,908,0.4292842005525498,1433,1,0.2185130870284271,0.5481678948385863,0.0468597471941746,0.9035960731490112,138
A183T,-0.0490251129999999,909,0.3832031987956012,1506,1,0.5705772786426386,0.1493831726354746,1.8368137515098617,-1.02396140760557,183
Q204E,-0.0492712809999999,910,0.8032601867988315,910,1,0.7308975306119782,0.644157443178722,0.3759266908685156,1.4620590825361104,204
N98H,-0.049312425,911,1.3022399091398449,303,1,1.2442405821355242,1.2282214603685555,1.2629017042167523,1.4735958898385475,98
H94T,-0.049445233,912,1.3653477240399698,237,1,1.5073765205009737,1.5569183804216489,1.2382500459749737,1.1588459492622831,94
N98S,-0.049634646,913,1.7144276804796714,52,1,1.760183027048084,1.812013822138809,1.7986816275668926,1.4868322451648992,98
L55V,-0.0498452209999999,914,1.1865091121121203,419,1,1.4409192978025207,1.3137710562092937,0.6723084784728025,1.3190376159638657,55
Q86G,-0.049850188,915,0.5036121355691041,1333,1,0.6340532265015331,0.6259450623476778,0.5787795996374386,0.1756706537897671,86
T193Y,-0.0499086809999999,916,0.2258833703093164,1757,1,0.2832523489069893,0.6026813881501591,-0.0878811645850916,0.1054809087652089,193
R92Y,-0.049946375,917,-0.0085436291224779,2094,1,0.2975537837874429,0.1379844493105355,-0.3502973922742081,-0.1194153573136823,92
V157A,-0.049961013,918,0.8854929620224703,788,1,1.202574513444598,0.840460027950868,0.7948607591926276,0.7040765475017875,157
N173R,-0.050087137,919,0.8470784761359419,847,1,1.3274985532635295,0.9980718550223596,-0.0921209573222359,1.1548644535801147,173
Q37Y,-0.050090694,920,0.4278646747510108,1436,1,0.3228986027633401,0.7336332006533678,-0.0054855629639057,0.660412458551241,37
E175A,-0.0502784359999999,921,1.2836353617620009,324,1,1.0846298787041777,1.1596993740753678,1.0823612706447343,1.8078509236237237,175
A185G,-0.050523955,922,0.7354198339584304,1002,1,0.8475123869107674,0.7332470259994611,0.3354540790137427,1.0254658439097502,185
H94F,-0.0505530479999999,923,0.9139949671116534,753,1,0.7345861929535037,1.1826094760603107,0.3611412966260061,1.3776429028067934,94
N98L,-0.050658885,924,0.7327656001856457,1006,1,0.7005260538903604,0.7307181253903934,0.292315430019896,1.207502791441933,98
N50I,-0.0508372609999999,925,0.9500668102787504,694,1,1.0808977569230354,0.7294130168087344,1.0029289993411956,0.9870274680420364,50
Q97I,-0.0508423479999999,926,0.6166192156653814,1177,1,0.2059260447455888,0.8774131892580194,0.2371468276885835,1.1459908009693338,97
V157T,-0.050944736,927,1.3653480767311923,236,1,1.4189826273842217,1.2031618718446873,1.43445449284366,1.4047933148522005,157
H156R,-0.050996883,928,1.5833158069124582,106,1,1.9307707318199696,1.671728462999487,1.5090612793943388,1.2217027534360376,156
K109H,-0.05099694,929,0.7810808680338137,943,1,0.4351882585334672,0.7085429051789437,0.6259541911732368,1.3546381172496067,109
K252F,-0.051141275,930,-0.5308521334461298,2832,1,-1.1017712951321297,-0.1671457164552189,-0.9465613557457232,0.0920698335485521,252
D250T,-0.051200364,931,0.412498063525063,1456,1,0.2140114605237318,0.3168265312590803,0.7117785612689048,0.4073757010485352,250
D207T,-0.051384057,932,1.336342741192105,275,1,1.4810035886356856,1.3988914813470437,1.2667726323647133,1.1987032624209777,207
K252N,-0.0515582329999999,933,0.6604270343240208,1100,1,0.4276137644413656,0.5394871157360149,0.9904699552805262,0.6841373018381763,252
R81K,-0.0516162909999999,934,0.9749828483655226,662,1,0.9820601357976602,1.1169201059559208,0.5239045493819526,1.277046602326557,81
G85H,-0.0516790959999999,935,0.1444231536108775,1869,1,0.2459508693955488,0.4893621258499017,-0.0517061059211197,-0.1059142748808207,85
A183M,-0.051695839,936,-0.4517676673956281,2721,1,-0.0560880018182698,-0.3601118583650933,-0.5886395316784042,-0.8022312777207449,183
E145Q,-0.051717017,937,1.2289443441124122,372,1,1.2674113109200795,1.558549261671751,0.5789473374202915,1.5108694664375266,145
G39A,-0.051723869,938,1.0451093815353982,575,1,0.953422500997892,1.6733771371820052,1.101692731258296,0.4519451567033997,39
R92V,-0.051775185,939,1.1196507226869925,485,1,0.9974947576621896,1.603298300111012,0.6714718408015468,1.2063379921732205,92
T112Q,-0.051817832,940,1.291890777737848,316,1,1.394943645837469,1.4521887487985516,0.7433582950775707,1.5770724212378011,112
V31I,-0.051860533,941,1.289595499288761,317,1,1.837866712542292,1.4981364995529038,1.3707354172578885,0.4516433678019604,31
E56G,-0.051919235,942,1.2613593294835428,344,1,2.1060046200732807,0.8991180118421234,1.4070632285971858,0.6332514574215808,56
A77L,-0.05205512,943,0.3107491609666701,1628,1,0.5727515572964242,0.262730867297358,0.3973880142787023,0.0101262049941957,77
E108K,-0.05218598,944,1.090656822629413,516,1,0.8247442076247958,1.2095687570304634,1.1088193964947848,1.2194949293676092,108
I206V,-0.052187525,945,1.263843478932832,339,1,1.3327153633332975,1.3019640283756488,1.183918209140702,1.2367763148816795,206
D99E,-0.0522755709999999,946,0.8304004753600644,869,1,1.0000777830879306,0.9593343418825864,0.5120315170442596,0.8501582594254812,99
D113N,-0.052588139,947,1.0183247876984978,611,1,1.076325620335909,0.665112725527339,1.1701769810864762,1.1616838238442666,113
A276Q,-0.052753796,948,0.0507059866944131,2007,1,-0.5155582093236575,0.2297914077064098,0.0025222676601753,0.4860684807347251,276
L160V,-0.052868258,949,0.4731546548430581,1374,1,0.4412683082644183,0.6734224307191783,0.3301389392576987,0.4477889411309372,160
A222T,-0.052968743,950,0.9462018387920408,701,1,1.3883287271259093,1.450242924845529,1.0984401599248403,-0.1522044567281163,222
G39H,-0.053090858,951,1.4283482259947142,186,1,1.7020122530169297,2.1140600560050435,1.1904591182944322,0.7068614766624514,39
N98Q,-0.053535029,952,1.5391824466565056,126,1,1.543721936315415,1.6289075177766237,1.4422472055485327,1.5418531269854512,98
A77Q,-0.053635759,953,0.0562241792114099,1998,1,0.0763541692578046,-0.1563646703908483,-0.0739203119019806,0.3788275298806641,77
H110F,-0.053775393,954,0.4600682627507517,1389,1,0.2705368631863936,-0.1449718862703375,0.3621083555576047,1.352599718529346,110
E145D,-0.0538885579999999,955,0.8721330711621292,806,1,1.2810695234787115,0.9387191737620424,0.652185821323764,0.6165577660839988,145
A200C,-0.053922218,956,-0.0675980293420986,2183,1,-0.3241673603499484,-0.458001446658155,0.4838237612919772,0.0279529283477316,200
K144S,-0.0540325559999999,957,1.4106594275308113,204,1,1.5220463240747275,1.2596191277630648,1.403588256450616,1.4573840018348363,144
A225N,-0.0541909209999999,958,1.0661280656617074,537,1,1.0782769604824498,1.129837938771024,0.9009293320103624,1.1554680313829937,225
P172A,-0.054554334,959,0.6589078517868167,1103,1,1.0052718991383849,0.6785132134767998,0.3237834883984378,0.6280628061336443,172
G39S,-0.054611988,960,1.1781681282453147,430,1,1.3276716748647086,1.8502342769866569,0.9615393278422422,0.5732272332876504,39
E145C,-0.054622107,961,-0.1759503705077179,2349,1,-0.2486132439356969,-0.0554582189801903,-0.2133069365972003,-0.1864230825177839,145
N98A,-0.054690586,962,1.6312865614326706,84,1,1.7187235697346597,1.918817871955496,1.3125548978965849,1.5750499061439418,98
N173M,-0.054697623,963,0.4952601157845994,1348,1,0.6399084028441466,0.2937581557944193,0.0772783821912662,0.9700955223085655,173
A183H,-0.054851679,964,-0.2320618558492174,2420,1,-0.1270552690105892,-0.6547762613653962,0.4234379305905148,-0.5698538236113991,183
Q274E,-0.05505396,965,1.018516169141917,609,1,0.8430369943782952,1.2530326764178643,0.886458570614766,1.091536435156742,274
D33S,-0.055098192,966,1.6391397345115648,80,1,1.7646680248831257,1.783878294368189,1.2597835341032215,1.748229084691723,33
D269G,-0.0551613959999999,967,0.6796151272906401,1074,1,0.6516367097182166,0.8499589008719581,0.4492962018411729,0.7675686967312125,269
L100V,-0.055273939,968,0.5409444851837889,1286,1,0.5555091408469678,0.2932312093589508,0.4412762622858058,0.873761328243431,100
D33R,-0.055448761,969,1.538666241355385,127,1,1.630452774004333,1.492292626463531,1.2611939707493032,1.7707255942043734,33
E119Q,-0.055457407,970,0.8332963869520448,866,1,0.9103391695987686,0.6448714113706637,0.5766985569423396,1.201276409896407,119
L111T,-0.055475814,971,0.4303707967555611,1431,1,0.5047531389865132,0.7695454847929045,0.5924108134428873,-0.1452262502000606,111
T139V,-0.055610984,972,0.6404899812503597,1132,1,0.7654773737110595,0.5928170014246105,0.6716404434379682,0.5320251064278005,139
A276S,-0.055652281,973,0.8339946696978469,865,1,0.6772792239708643,0.986278300968974,0.4062971919402872,1.2661239619112623,276
H94S,-0.055668842,974,1.2045195985665351,390,1,1.3116284198189372,1.4169694876778922,0.8328814061508919,1.2565990806184204,94
K144D,-0.055729847,975,1.1065085734718796,497,1,1.2041959940572564,0.9462509695397944,0.8513048058557575,1.4242825244347104,144
G251R,-0.056149079,976,0.3498190603323098,1565,1,-0.3189101627784026,0.8362093267047559,0.2598441584554329,0.6221329189474532,251
L111F,-0.056213048,977,-0.1058582994291325,2230,1,0.413978280453496,-0.3477623568673808,-0.2037839484890846,-0.2858651728135606,111
N98T,-0.056332568,978,1.3687597730031598,232,1,1.4041945384984496,1.4360877235503409,1.3092439889743368,1.3255128409895114,98
Q204T,-0.0565598109999999,979,0.7699335167537793,954,1,0.7050853938775303,0.6114051317102988,0.371628341938004,1.391615199489284,204
T262H,-0.056949167,980,0.2539617277091769,1713,1,-0.1066843131677299,-0.3121016043536956,0.4609370174007907,0.9736958109573426,262
A211S,-0.057107732,981,1.036816444289038,584,1,1.3357351787426808,1.247360420273478,0.4844511610186109,1.0797190171213824,211
T198A,-0.05716975,982,1.008270796901663,623,1,1.036064187369423,0.8376717610207455,0.7173121150180747,1.4420351241984095,198
H156L,-0.0573328129999999,983,0.9973276719229952,637,1,1.1146006340129198,1.229342390429904,0.5504903720080437,1.0948772912411135,156
V42F,-0.057509392,984,0.1789624988891353,1828,1,0.4033943301043571,0.0921505978070692,0.1065223168192341,0.113782750825881,42
S221M,-0.057603585,985,-0.1566817623719696,2311,1,-0.4525255879541753,0.2108862881801046,-0.2812065790111216,-0.1038811707026863,221
D33M,-0.057818308,986,1.0684016757829802,535,1,0.8466036335693268,1.2388353241465655,0.6149285726807443,1.573239172735284,33
E46A,-0.05797503,987,1.4713072427817924,157,1,1.5390155830576593,1.952626982714044,1.0807116364315543,1.312874768923912,46
L100I,-0.058038304,988,0.9327004793459888,731,1,0.7802630691237915,0.7861918111455889,0.4434219061900362,1.7209251309245386,100
V117L,-0.058099032,989,0.9827399424994696,652,1,1.2109904672214225,0.1663166026575558,1.2945122392778203,1.25914046084108,117
E145V,-0.058114107,990,0.7743083643861338,948,1,0.8911067279450726,1.4563947243602504,0.7452497821561589,0.0044822230830534,145
E26L,-0.05818041,991,0.7420905662882151,992,1,-0.0799777776480028,0.7177044439250978,1.3366934588112458,0.9939421400645196,26
G251Q,-0.058285538,992,0.4383873663750094,1417,1,-0.3135585329581839,0.5096582828730023,0.7078050267464119,0.8496446888388074,251
G39K,-0.058406355,993,1.3970374649056183,213,1,1.6373719464856995,2.2375763636618737,1.2680492903249865,0.4451522591499132,39
Q88F,-0.058579433,994,0.3685492727425336,1531,1,-0.1269554341718512,0.3871565682450392,0.0399811444306684,1.174014812466278,88
S221N,-0.0586415509999999,995,0.4082057411694833,1462,1,0.689935444534862,0.8231398546276475,-0.3171768751636428,0.4369245406790665,221
E56D,-0.058707709,996,1.4252934128682757,188,1,1.9513494989178912,1.3888207546548723,1.4215632745275817,0.9394401233727568,56
L199D,-0.058771055,997,1.754613837672074,40,1,2.0921103268929664,1.6180832229310682,1.4877728051749493,1.820488995689312,199
V157E,-0.058903587,998,1.1287823776751684,473,1,1.0465941369462368,0.5358941497888509,1.904538698074812,1.028102525890774,157
L223C,-0.05901323,999,-0.6488048035994144,2989,1,-0.8628130278260692,-0.9358029873372518,-0.3198327208199275,-0.476770478414409,223
D269V,-0.059219047,1000,0.7068681342641792,1037,1,0.4145157753441599,0.894461296471992,1.0087127303031571,0.5097827349374076,269
H110R,-0.059301023,1001,0.6294933810421155,1161,1,0.9347107308206803,0.3714957707293376,0.6149684877656251,0.5967985348528193,110
I206W,-0.059908443,1002,0.3854973808157538,1502,1,0.5255992966001692,0.4171136626504981,0.4312671126854782,0.1680094513268698,206
H156E,-0.060026062,1003,1.4286230792312464,184,1,1.858115029590673,1.579009836723832,0.9282462462608816,1.3491212043495986,156
S281M,-0.060161433,1004,0.667928212457164,1089,1,1.644048467288165,0.7219713200258239,0.6612608824767668,-0.3555678199620993,281
V29F,-0.060232139,1005,0.6321432379955932,1150,1,0.5035847974745253,0.914639364419806,0.295759264695532,0.8145895253925098,29
H24G,-0.0602416729999999,1006,1.236570082450179,363,1,0.8170121652114815,1.647968857334307,1.0505839141316164,1.4307153931233114,24
G226S,-0.060375297,1007,0.5919090769847059,1211,1,1.048847035849633,0.7758390196303315,0.2977728495793971,0.2451774028794617,226
S254N,-0.0603920509999999,1008,0.6412639759107908,1130,1,0.9639658439724016,1.1016426082664506,-1.1002538428994233,1.599701294303734,254
S80G,-0.060435341,1009,0.6504323310382121,1112,1,0.9598328374442656,0.6345038982103866,0.3212910115295844,0.6861015769686116,80
A280Y,-0.060442832,1010,-0.0350750494028089,2136,1,-0.0019730086877278,0.483959029395575,-0.9668157042781276,0.3445294859590446,280
D113G,-0.060906319,1011,1.0310752084498975,593,1,1.1538271066212114,0.5730294677594859,1.7136881646141071,0.683756094804785,113
S264G,-0.061236874,1012,0.4906137474171008,1357,1,0.3269734874737065,0.2851441611501558,1.6803854679374484,-0.3300481268929074,264
M180H,-0.061344188,1013,0.619023651250167,1172,1,1.0837584660550013,0.8673894549413134,-0.1489086170163248,0.6738553010206785,180
K30V,-0.06138358,1014,1.3307599856659698,281,1,0.7867976148850107,1.94573343027177,0.8174537047652779,1.7730551927418206,30
S221V,-0.061467424,1015,-0.0387976038874265,2140,1,-0.1921885932956679,0.333584186103287,-0.0533418996946061,-0.2432441086627191,221
K284D,-0.061476142,1016,1.2527889956244531,350,1,1.5805876341172895,0.8211842767950116,1.5390946339986171,1.070289437586894,284
E277D,-0.061959965,1017,1.3891142714220266,217,1,1.6252272255592386,1.395299431553754,1.41795305001846,1.1179773785566534,277
N98G,-0.061982212,1018,1.1030340676837338,501,1,1.3169389899546609,1.2319167828175732,0.858018626823083,1.005261871139618,98
R273N,-0.062109925,1019,0.5215039678805558,1309,1,0.6886517514429026,0.3627617283359868,0.5163748621077184,0.5182275296356151,273
H94E,-0.062243135,1020,0.9265294723944788,739,1,0.9543702220906976,0.9106539055161512,0.8252481011125004,1.015845660858566,94
Q203K,-0.062261928,1021,1.3796480680613172,223,1,1.3857636778762978,1.5530081330123733,0.9949862413554308,1.5848342200011671,203
A225V,-0.062278785,1022,0.887805257467864,786,1,0.9376349517963184,0.849926298430627,0.9709843641302894,0.7926754155142214,225
I206L,-0.0624842059999999,1023,1.583428416193942,105,1,1.5627515295584105,1.92499097994568,1.337452465540082,1.5085186897315956,206
T138Y,-0.063154918,1024,0.7051241453329579,1042,1,0.6656897887897932,0.6890631992156899,0.5640429662600736,0.901700627066275,138
V157W,-0.063348543,1025,-0.0320489905111772,2129,1,-0.0278447435290917,-0.4855817219977326,-0.1155356262069867,0.5007661296891021,157
D269M,-0.063459543,1026,0.3682565661694726,1532,1,-0.2298842985477436,0.4305655815829891,0.2091078741736214,1.0632371074690237,269
K109I,-0.063511355,1027,0.2731066727084439,1678,1,0.4735896676896757,-0.1648833850321513,0.7178903254266398,0.0658300827496114,109
I54F,-0.063526157,1028,0.269681270028031,1686,1,0.5895322156294319,0.2416719647863707,0.0935525740996411,0.1539683255966801,54
A280W,-0.063529329,1029,-0.0252309663704002,2119,1,-0.4400581941950349,0.3267427280658141,-0.1486767059461017,0.1610683065937214,280
L192I,-0.063610451,1030,0.7100605091515446,1033,1,0.9170615684422172,0.9782819835852792,0.5260812779860743,0.4188172065926082,192
M153W,-0.063727216,1031,0.7345494636173145,1004,1,0.742948083137188,1.1221827149523025,0.2789568199481643,0.7941102364316035,153
P172M,-0.063852169,1032,-0.0231772841817585,2117,1,0.0257373908869117,-0.3090238327991945,0.0845934149176407,0.1059838902676077,172
Q203M,-0.063881637,1033,0.4350319429186627,1425,1,0.1278235014692983,0.5910083241270421,0.4416834949812303,0.5796124510970803,203
L191F,-0.063981014,1034,0.4855964043566285,1359,1,0.4455806430902277,1.1077639377669628,-0.1202016550707667,0.5092426916400904,191
L73A,-0.064115567,1035,0.8059477091271146,901,1,0.6282613861043114,1.6615881086128452,0.2472944269832467,0.6866469148080552,73
T193L,-0.064364734,1036,0.5584672976694268,1263,1,0.8187025476937145,0.7092151725738339,0.4238605197965702,0.2820909506135884,193
P172Q,-0.0643812159999999,1037,0.3600012482480839,1543,1,0.6899138341746015,0.2314801636209422,0.2112121331992239,0.3073988619975679,172
G251A,-0.06441906,1038,0.2804533056594924,1669,1,-0.1839631624856982,0.4024799684027791,0.4103979766377702,0.4928984400831188,251
D207L,-0.064457659,1039,0.5953016533001472,1206,1,0.5393602840116675,0.8381727392325955,0.2619422588221564,0.7417313311341689,207
M153C,-0.064515597,1040,0.3507793959655462,1562,1,0.9445080137996872,-0.0850717240911554,-0.0002777102363886,0.5439590043900415,153
E26V,-0.064567429,1041,0.7407396290216794,994,1,0.4877725973852593,0.7751117198199384,0.7420767053412257,0.9579974935402944,26
D250K,-0.064669503,1042,0.8120220950100341,895,1,0.4853699273775115,1.1628195414402045,0.4413812235722309,1.1585176876501897,250
L28R,-0.064935717,1043,0.8010504331166339,915,1,1.6295313434224838,0.6745280073052486,1.0913940866796383,-0.1912517049408351,28
T261C,-0.065010882,1044,0.1547893791410146,1856,1,0.349732626844441,-0.1853621409999166,0.4765763256882132,-0.021789294968679,261
S57T,-0.065115516,1045,0.902114189516878,769,1,1.1140021778036606,0.7249256951308681,1.312437433478692,0.4570914516542916,57
G90Y,-0.065199464,1046,0.6257389370152688,1166,1,0.9267663603357256,0.6092383962053205,0.4119052159086412,0.5550457756113885,90
S80K,-0.065342318,1047,1.1815223833673,426,1,1.1844550367547224,1.5480354975768902,0.6853251873251124,1.3082738118124746,80
E175M,-0.065348191,1048,0.7491025302833857,982,1,0.338975906690685,0.5643653057927093,0.8569120551977379,1.2361568534524103,175
S122W,-0.065610253,1049,0.7378605609021215,1000,1,0.5817125193333518,0.4875471302497499,0.3144179778530749,1.5677646161723091,122
G251S,-0.065623646,1050,0.6333728658968415,1146,1,-0.0777914122694668,0.5048628175781362,1.580743107865408,0.5256769504132889,251
E270N,-0.065881175,1051,0.4534337789179001,1395,1,0.1346249477438972,0.4594221540444443,0.669280257178215,0.5504077567050439,270
D250V,-0.065919361,1052,-0.0231759934600793,2116,1,-0.2822165500342652,0.2112307620369599,0.006927541184715,-0.028645727027727,250
K53H,-0.066030242,1053,0.8977488705269144,774,1,1.1246824136155065,0.7415046683780119,0.8151500762256656,0.909658323888474,53
D113A,-0.06605382,1054,0.9809853613076276,654,1,0.9902622977778612,0.4906318519370928,1.2602276594861963,1.18281963602936,113
V106M,-0.066307304,1055,0.6051430986511193,1195,1,0.3188372245281367,0.2825987697713453,1.2269547061900146,0.5921816941149807,106
A225P,-0.066311541,1056,1.2024159503584544,394,1,1.295656265371255,1.5065810373218762,1.129837216536887,0.8775892822037998,225
S201G,-0.066645769,1057,-0.0033830454801177,2085,1,0.2762971800987935,0.2156327234469222,-0.5115485548148013,0.0060864693486143,201
N152G,-0.066780817,1058,1.3835899579023778,220,1,1.9247607964003168,1.7583737551806304,0.5035336020542216,1.3476916779743429,152
S80M,-0.066786124,1059,0.5537010106874991,1268,1,0.5573621789826496,0.7237718467130594,0.456718737868348,0.4769512791859398,80
T198K,-0.066967809,1060,0.9194675182892624,748,1,0.8785617630439274,1.3236472581606735,0.7086747548555975,0.7669862970968507,198
A276M,-0.06703507,1061,-0.812522868112809,3178,1,-1.1317029507657952,-0.4923002258669294,-1.5289841390429215,-0.0971041567755902,276
T187N,-0.067171304,1062,0.4490574438216729,1401,1,0.7393765878971793,0.9977663019094188,0.1661765487138796,-0.1070896632337862,187
H24T,-0.067187546,1063,1.6723940452660682,67,1,1.253485242971685,1.6998734761218608,1.3324022870493004,2.4038151749214265,24
Q274K,-0.067261017,1064,1.1991740754285567,399,1,1.6703588987248974,1.02110427934532,1.3329311062480989,0.7723020173959103,274
A225I,-0.067274635,1065,0.4695017229150976,1379,1,0.5044500411196974,0.4531153507715919,0.4793978053124794,0.4410436944566218,225
F149I,-0.067300137,1066,0.1531482135399686,1859,1,0.1488048746045376,0.5895009666796837,0.5386378244329078,-0.6643508115572545,149
E270I,-0.067328252,1067,0.7119063331831201,1030,1,-0.1441671814995661,0.6258030269055994,1.2108814848083174,1.15510800251813,270
P60K,-0.067379763,1068,0.5474082020647785,1279,1,0.6204396921063237,0.907716968926238,0.2172822002022656,0.4441939470242866,60
V82I,-0.067475422,1069,1.0021602398779952,629,1,1.0735336748677258,0.4308881941129053,1.8423771056048648,0.6618419849264856,82
Q274R,-0.067524796,1070,0.9905471838570408,644,1,1.4844803438050294,1.110360633762752,0.1447396377200155,1.222608120140367,274
L55M,-0.067702575,1071,0.9517056551562804,690,1,1.0736876612487445,0.6199104515501248,1.274264205006861,0.8389603028193905,55
K53T,-0.06812083,1072,1.0469354286207218,572,1,1.256842123462398,0.994816349616183,0.7331231671103756,1.2029600742939308,53
L89M,-0.068121536,1073,0.6068422750374443,1189,1,0.5546541998154082,0.5008105110331477,0.1361075647136961,1.235796824587525,89
V157S,-0.068319607,1074,0.8292156906080472,872,1,1.0437659689962913,0.7306984122863326,0.7339981755076409,0.8084002056419239,157
D207K,-0.068487126,1075,0.995010507219859,639,1,1.293638240929899,1.1647091561938685,0.5055260038271457,1.0161686279285225,207
M153A,-0.068678108,1076,1.2369896671325022,362,1,1.9120682779695797,1.4002728834323992,1.077352649901278,0.5582648572267522,153
D36F,-0.068770939,1077,0.7228209951238196,1019,1,0.6226436096204898,1.1468959657200528,0.0812950070155598,1.040449398139176,36
V157K,-0.06893156,1078,0.7176815674058825,1022,1,0.7521337175358467,0.4182508307494862,0.6827753342872107,1.017566387050986,157
H156A,-0.069156908,1079,1.4569684119009214,164,1,1.708555254459809,1.5920373513228463,1.3817085096800064,1.1455725321410244,156
A276H,-0.0692059,1080,-0.3403077345694366,2569,1,-1.1278593220385422,-0.094161992384167,-0.373850887894755,0.2346412640397177,276
K252I,-0.0694595059999999,1081,0.1912843480672381,1809,1,-0.3841893569952394,0.5549645561107418,0.0559253962055654,0.5384367969478848,252
D36I,-0.069870489,1082,1.2872563607619332,320,1,1.243606154727762,1.7596123162403283,0.4570832463930387,1.688723725686604,36
T261F,-0.069969718,1083,0.0312087248069345,2028,1,0.8682111794572751,-0.1818043048151171,0.1619718171622506,-0.7235437925766705,261
P60I,-0.070069557,1084,0.3082160364433864,1631,1,0.3044341958261331,0.3196350167574703,0.5515155359811557,0.0572793972087866,60
E175H,-0.070252314,1085,0.6700966627496447,1086,1,0.4592622752485836,0.4018630493385208,0.389975459663408,1.4292858667480668,175
A225S,-0.070292569,1086,1.3688822372733755,231,1,1.429629970217485,1.3898683766104951,1.3249743756653372,1.3310562266001849,225
K53S,-0.070319479,1087,0.9513679223929952,692,1,1.172501372772041,0.8740582969522035,0.703579663779614,1.0553323560681225,53
S122K,-0.070357872,1088,1.0839346666588312,522,1,1.09202954246894,1.0412029262296587,0.8066818374536602,1.395824360483066,122
T193N,-0.070475732,1089,0.9151687096775576,752,1,0.9987913164570016,0.9380580897627252,1.4000346680567928,0.3237907644337106,193
T138V,-0.070479439,1090,0.8728400809472697,805,1,0.9131778914455856,1.0933421909794092,0.7235614606839592,0.7612787806801249,138
E175I,-0.070853735,1091,0.7822649063148737,940,1,0.5533935117057959,1.0234335531842604,0.2047579586224564,1.347474601746982,175
T193D,-0.07094539,1092,0.7561875735592029,970,1,0.8049527423872347,0.8084211160271538,0.9902296306923566,0.4211468051300663,193
D269L,-0.07140762,1093,0.4399231996169687,1414,1,-0.0782376033880302,0.6609679822155531,0.2649056681667426,0.9120567514736092,269
K284Q,-0.071555783,1094,1.550317448900401,118,1,1.5713705893112755,1.2822937466107187,1.9150740386055145,1.4325314210740958,284
E145H,-0.0719335379999999,1095,0.5756737227827179,1241,1,0.6494375414576424,0.7395370857704672,0.3223856965286641,0.5913345673740977,145
Q265F,-0.072124116,1096,0.4167662728432131,1448,1,0.2310702894242781,0.5634945173306438,0.1227636057823692,0.7497366788355612,265
D207Q,-0.072254373,1097,1.352826688898518,251,1,1.3725524542605765,1.4737422559336577,1.22921190905068,1.3358001363491576,207
K144A,-0.072388927,1098,1.5051599617966958,137,1,1.5736720424223616,1.6095423942307223,1.232747246627274,1.6046781639064251,144
T187S,-0.072998047,1099,1.0600790406976714,542,1,1.1697916471861507,1.55903329301139,0.5886653724260181,0.9228258501671266,187
T198G,-0.0731068409999999,1100,0.8350417110041483,863,1,0.8913045632547593,0.7692004422888163,0.2283083201248739,1.4513535183481436,198
P249K,-0.073359069,1101,0.6209834683443175,1171,1,0.1844248293686194,1.6283601000407844,0.1601643479668278,0.5109845960010383,249
T116S,-0.073522367,1102,1.1205032748821304,483,1,1.165727410603878,1.3099696020726286,0.9951666848632398,1.0111494019887757,116
P25I,-0.073523836,1103,-0.0610013110217941,2176,1,-0.8144224055377495,-0.0477636637278859,0.8004318084973787,-0.18225098331892,25
H94I,-0.073751089,1104,0.8935572466035432,781,1,0.9334518519505316,1.0658326806287677,0.6799520116479849,0.8949924421868888,94
K32V,-0.073791384,1105,0.63039824882386,1160,1,-0.2024321302140532,1.0536770246543188,0.5023002373700166,1.1680478634851577,32
K144F,-0.074061544,1106,-0.0070810677042487,2093,1,0.0627546815967644,-0.0018135554568821,-0.4295857219221288,0.3403203249652514,144
E277L,-0.0744075159999999,1107,0.7659075784868195,959,1,0.4204845317197698,1.304676523062038,0.2228532463990443,1.1156160127664254,277
E61V,-0.074498357,1108,0.3409865990327559,1582,1,0.3641503430529241,0.6176325771027016,-0.2074768379169227,0.589640313892321,61
K144T,-0.074526532,1109,1.1735899997153532,432,1,1.24635994283309,1.2338837651863723,1.1813333897077982,1.0327829011341525,144
K284N,-0.074528787,1110,1.4364377135397848,174,1,1.9036746569923848,0.9006533593699272,1.866558915809161,1.074863921987666,284
S254V,-0.074877584,1111,1.3649006139002775,239,1,2.0134786690226942,1.4383716872618788,0.8098694909257877,1.197882608390749,254
A225R,-0.074905372,1112,0.993592913140512,640,1,0.966260550127988,1.1385533421717533,0.7339707345794791,1.1355870256828282,225
D269Q,-0.07497792,1113,1.0572593167585462,548,1,1.027256263119212,1.1031125613625146,0.8049810943096175,1.2936873482428413,269
L191I,-0.075122951,1114,0.3964314496487418,1483,1,0.9406705163839496,0.3715806887160606,0.348251666106065,-0.0747770726111078,191
Q97F,-0.075288388,1115,0.1415108912087416,1874,1,-0.1981721251268977,0.3373721348681796,-0.5233391942619351,0.9501827493556196,97
E26D,-0.07578524,1116,1.4511729319131343,166,1,1.6381268265235882,1.3696375034488393,1.5709995996238997,1.2259277980562102,26
D269H,-0.07581602,1117,0.5195092673120341,1311,1,0.3267161231600001,0.3877212981299573,0.5353872656637775,0.8282123822944011,269
K32L,-0.075988297,1118,0.6978795397357063,1050,1,-0.2855032094182944,1.2298965371579946,0.4920207942460266,1.3551040369570984,32
L49W,-0.076008527,1119,-0.2741573011032364,2476,1,0.1757815898841719,-0.0099732641453878,-1.0978597284645573,-0.1645778016871725,49
I171H,-0.076070341,1120,0.691520622084524,1059,1,0.8517807848587682,0.3427011176332012,0.5673764449640984,1.0042241408820285,171
H285W,-0.076231453,1121,0.5687144786442382,1249,1,1.3847349619070857,0.180201704415175,0.2534174907768888,0.4565037574778033,285
E195N,-0.076250219,1122,1.4938514341198617,144,1,1.1775572798890908,1.7587238207352724,1.325040053363214,1.7140845824918698,195
E175Q,-0.076423817,1123,0.954876829801151,684,1,0.955418531872018,0.9346013464192624,0.5121354721274977,1.4173519687858258,175
K144M,-0.076435888,1124,0.4213245563676648,1445,1,0.3181200621074004,0.4672849025115229,0.2239413211473723,0.6759519397043634,144
D99Q,-0.0765101379999999,1125,0.6805977802181209,1071,1,0.5815557499902415,0.7558808286124251,0.7946153488162644,0.5903391934535529,99
G85N,-0.076674709,1126,0.2192908002426178,1768,1,0.5245538451659183,0.4625840853893583,-0.1870610089039425,0.0770862793191372,85
S254D,-0.0767124429999999,1127,0.988721841925844,647,1,0.3727711303781938,1.181593556187901,0.6808576512398085,1.7196650298974727,254
T262S,-0.076728028,1128,0.9571935403553292,681,1,0.9909717709308772,0.7503240078562406,0.5199784935683996,1.5674998890657992,262
E175V,-0.076902895,1129,1.1392888549006996,463,1,0.844164916978098,1.25100955593061,1.0555727964920878,1.4064081502020032,175
A225H,-0.076997698,1130,0.9878534575984056,648,1,0.6890166021705788,0.9061774513187288,1.3960832883432792,0.960136488561035,225
E175L,-0.077029978,1131,1.1987066274353897,400,1,0.7476138101740706,1.06442992268068,1.3740013428292184,1.60878143405759,175
Q88I,-0.077210232,1132,0.3920216002994337,1488,1,0.1915079641763805,0.675121043185741,0.2435929390302644,0.457864454805349,88
E277N,-0.077807463,1133,0.9696018062842064,669,1,1.0121000693875617,1.2307978746130517,0.7403527081432826,0.8951565729929302,277
Q97M,-0.077931497,1134,0.5652411875540113,1255,1,0.3156699372562203,0.7128843372501558,0.1824838471568335,1.0499266285528357,97
T262V,-0.078381564,1135,0.1897813608978461,1813,1,-0.0440643240375931,0.121066435946758,0.0324905609087598,0.6496327707734597,262
G251H,-0.078903094,1136,0.413329977681052,1454,1,-0.4373574017289964,0.6877682631011905,0.643266282190209,0.7596427671618052,251
M153T,-0.079235997,1137,1.3426215239739483,268,1,2.1459982730349814,1.055802312094349,1.0993702689315867,1.0693152418348768,153
N152I,-0.079239517,1138,0.4031963038598532,1473,1,0.4137702807359892,0.7283064924772764,0.2682791725086392,0.202429269717508,152
L111Y,-0.079256332,1139,-0.5847956821295144,2911,1,-0.1541271955169995,-0.5989212028662574,-0.9033055665419714,-0.6828287635928292,111
Q97W,-0.079322043,1140,0.1742920431359991,1833,1,-0.2870634271724466,0.2210550907241289,-0.178656747423451,0.9418332564157654,97
H156V,-0.079730457,1141,0.9089463545558968,759,1,1.1857218122012805,1.0885831506989372,0.6454911880278696,0.7159892672955005,156
N152W,-0.079932065,1142,0.237718019531985,1742,1,-0.0132961213069148,0.4811137713761488,-0.0437714379968939,0.5268258660556,152
H94A,-0.08015141,1143,1.096178829062027,510,1,1.2436096098725709,1.2541397378050416,0.9589355834890524,0.9280303850814424,94
D207C,-0.08019127,1144,-0.1133136745712016,2238,1,-0.0141244011847112,-0.1628017570629734,-0.3450600318742672,0.0687314918371455,207
A222H,-0.080251335,1145,0.3505942258729715,1563,1,0.7509524223718655,0.8463360493535738,0.4831574019839237,-0.678068970217477,222
R59N,-0.080553187,1146,0.5561123766401803,1265,1,0.3872681641473304,-0.0912663143101239,0.6548478013239356,1.273599855399579,59
M180V,-0.080730722,1147,1.0237657773297124,605,1,1.5441485461860331,1.311107875874569,0.3598295665535541,0.8799771207046931,180
D33V,-0.080936175,1148,1.1393339157698152,462,1,1.0116892840801688,1.4487186264493683,0.6771561780102356,1.4197715745394888,33
L111W,-0.08093974,1149,-0.6753764594062439,3022,1,-0.4243662834017765,-0.6774748897628675,-0.9358221289476136,-0.6638425355127181,111
K144R,-0.0811953629999999,1150,1.2097959237345532,386,1,1.3753119527779616,1.3328505134996356,0.8086586402387692,1.3223625884218466,144
L188V,-0.081581387,1151,0.3890579938074693,1494,1,0.501653321269596,0.3530149884045439,0.190706138565833,0.5108575269899043,188
S80V,-0.081587569,1152,0.4482716189362836,1403,1,0.6136199524104811,0.4612036626409034,0.8845878612839971,-0.1663250005902469,80
T139N,-0.081692222,1153,0.497360515686078,1343,1,0.6149282963901328,-0.2225579883093022,0.7838111593457259,0.8132605953177559,139
Q88G,-0.081860912,1154,0.6548809413252953,1106,1,0.6489448880645193,0.5625460769298266,0.2604006912770334,1.1476321090298018,88
E270K,-0.081976048,1155,0.7210181881971487,1021,1,0.4223911183179106,0.54152540014947,0.8891999502220987,1.030956284099115,270
E175S,-0.08198592,1156,0.9770297475506158,660,1,0.8681502809594949,0.9749219102713448,0.4075608718552012,1.6574859271164222,175
K53I,-0.082011237,1157,0.5462386691813959,1282,1,0.6255406794400101,0.3973133660141548,0.4454336625832029,0.7166669686882157,53
S96I,-0.082016154,1158,0.1371349330901227,1880,1,0.5005398600213395,0.418169071914055,0.1705222859814816,-0.5406914855563855,96
E108H,-0.082148876,1159,0.2297069983007068,1754,1,-0.0621506124910571,0.1280231398233551,0.1539193224770166,0.6990361433935128,108
I283Y,-0.082166485,1160,0.7864034061171973,936,1,1.6896115812450934,1.0064610444606998,0.9974542397854304,-0.5479132410224343,283
E145N,-0.082234238,1161,0.8622252642299377,825,1,1.143405837053847,1.124109165410028,0.4458599266986837,0.7355261277571926,145
K252C,-0.082285745,1162,-0.4426712251911135,2705,1,-1.0716919351989154,-0.768242108285592,0.0211028306864423,0.0481463120336109,252
A225G,-0.082549558,1163,0.9009603818928652,771,1,0.8260922983339152,0.8942639758823077,0.6233811858464056,1.260104067508833,225
G226H,-0.082656357,1164,0.5468779658945204,1280,1,0.6412881992184499,0.7822133655578022,0.2805679109638535,0.483442387837976,226
Q204N,-0.08281981,1165,0.2918394873227374,1658,1,0.0384634556327046,-0.1348881280790878,0.3202180500448834,0.9435645716924494,204
N98P,-0.082870102,1166,0.4403580325953092,1412,1,0.7332450690727359,0.8761429577066214,0.4095887705591828,-0.2575446669573034,98
V157D,-0.082892483,1167,0.7350258635480196,1003,1,0.8678430620472343,0.4757376540738539,0.8753395249454263,0.7211832131255635,157
N50F,-0.082938465,1168,0.2930962159243032,1654,1,0.6406676677749016,0.3416238470427051,-0.6941988236614642,0.8842921725410705,50
R273G,-0.083012415,1169,0.3524118145093207,1561,1,0.4405531309814268,0.5137332721242658,0.3002965591138857,0.1550642958177047,273
Q203T,-0.08307937,1170,0.9975209808626028,636,1,1.0858053566607166,1.0916566889907071,0.7125082843907652,1.1001135934082211,203
G251D,-0.083212315,1171,0.479982361769023,1366,1,0.2095714738024304,0.2810263969904016,0.8571738405059688,0.5721577357772911,251
L111Q,-0.08332181,1172,0.2384809368527276,1739,1,0.4086065479725699,0.1710953876336015,0.4229815043863824,-0.0487596925816434,111
K144L,-0.083766349,1173,0.5855849482016056,1222,1,0.5220626103735917,0.6385241077782506,0.3912325377874786,0.7905205368671014,144
L205M,-0.083827633,1174,0.2442223226664464,1725,1,0.6640399885538634,0.559961006610791,0.0176811906351491,-0.2647928951340176,205
A225E,-0.084060168,1175,1.3979365830562376,211,1,1.4950000033323934,1.475285398667274,1.0477558377825076,1.5737050924427756,225
E277A,-0.084317277,1176,1.2936011183465124,313,1,1.1773640304988782,1.8436956867835264,1.2883882514233074,0.864956504680338,277
I171M,-0.0843252519999999,1177,1.0249706787891346,603,1,1.3801924202057692,1.0119299776279471,0.7923203534277972,0.9154399638950254,171
D113R,-0.084542119,1178,0.591464990818769,1212,1,0.6714505517299776,0.1051743885564985,0.4970632427761878,1.0921717802124125,113
G226E,-0.084602038,1179,0.5326898494569763,1299,1,0.9341401419248268,0.4143353786384575,0.4056324041996047,0.3766514730650163,226
A222S,-0.084670226,1180,1.242383843809803,358,1,1.4038998523387234,1.4808154969524692,1.0544090796883483,1.0304109462596716,222
Y95I,-0.08484952,1181,-0.1544904473772162,2307,1,0.2387911560146555,-0.4522305618104399,0.8252378765065368,-1.2297602602196174,95
T187D,-0.08524659,1182,0.4963047766671559,1345,1,0.522726576128431,1.478040920994257,0.1938953612472959,-0.2094437517013609,187
Q204H,-0.08535206,1183,0.5708235556558175,1246,1,0.5634704980802203,0.1329430756791174,0.9872442394291516,0.5996364094347808,204
Q37D,-0.085462237,1184,0.9666249454483632,671,1,0.8002816881452646,0.9582268698057412,0.7894618839231072,1.3185293399193403,37
S254H,-0.085583908,1185,0.8792037206290662,796,1,1.2253261645742193,0.8329026430476524,0.3319256472436538,1.1266604276507388,254
D113V,-0.086303752,1186,0.4186100298926868,1446,1,0.3748448203434648,0.056432222373822,0.449809959946524,0.7933531169069366,113
G251E,-0.086343213,1187,0.3138874864957666,1622,1,-0.1225151082181505,0.1416103967971856,0.6877782159756826,0.5486764414283489,251
G194H,-0.086449922,1188,-0.4049845602037563,2658,1,0.2257171267761803,0.023450809253719,-0.3903753674788591,-1.4787308093660656,194
P60V,-0.08649214,1189,0.672413687024005,1084,1,0.5922692682697211,0.6373717125700361,1.296658218462128,0.1633555487941349,60
S281L,-0.086506977,1190,0.9788355614712686,658,1,2.3251085070958477,0.8583209216091893,1.1960981689501455,-0.4641853517701073,281
E277R,-0.086642792,1191,0.9812344250954425,653,1,0.8974392231199383,1.1167459419452053,1.1296403998154958,0.7811121355011298,277
G251N,-0.08669194,1192,0.7467151057294472,984,1,0.2522038899577239,0.7484972602132834,1.1147857830042325,0.8713734897425487,251
S51E,-0.086824363,1193,0.2709482508780185,1683,1,0.4577406043463375,0.1166851985692698,0.3308692613089908,0.1784979392874757,51
E145R,-0.086826265,1194,0.8937606312508689,780,1,1.0612385357825216,1.010341809090545,0.6007344118907977,0.9027277682396116,145
E56A,-0.087059359,1195,1.3734205912383384,229,1,1.717358762406746,1.1612853312068658,1.6712248561671617,0.94381341517258,56
T198Q,-0.0870783119999999,1196,0.8052732122034811,905,1,0.5961630154429509,0.9898679813987948,0.659158216946397,0.975903635025782,198
V29Y,-0.087401776,1197,0.6430213960623367,1125,1,0.8309799461808443,0.8213536073042508,0.4062842945039887,0.5134677362602629,29
H156G,-0.087994099,1198,1.3347553318531518,276,1,1.5598944954441056,1.387582446327278,1.3182582372084426,1.0732861484327811,156
A276F,-0.088089711,1199,-1.2692955528943697,3578,1,-1.6242957846239117,-0.6737347073655066,-1.9567535308920911,-0.8223981886959699,276
V31L,-0.0884257869999999,1200,0.7477678571442531,983,1,1.3799706690119224,1.2343165057303205,0.7442806772169721,-0.3674964233822028,31
I259L,-0.088470575,1201,0.9400668421740264,710,1,0.4443209224211618,1.1354296681489826,1.0470316856689552,1.133485092457006,259
G85E,-0.088473564,1202,0.2772016197982554,1673,1,0.2847419435012443,0.3144713207880345,0.5250767101949662,-0.015483495291223,85
I283M,-0.088552239,1203,0.9100450960900898,758,1,1.464321697187566,1.189713522753156,1.00166042696363,-0.0155152625439927,283
A276Y,-0.088587526,1204,-1.3038343021024303,3599,1,-1.5781981723291805,-0.7129094470440615,-2.14004211089662,-0.784187478139859,276
T198N,-0.088840844,1205,0.8553822578252398,835,1,1.0586371007170297,1.1661887131098592,0.4349955788813614,0.7617076385927093,198
P172L,-0.088987201,1206,0.8355473842034267,862,1,0.7277154050636273,0.480684126800467,1.649526963081386,0.4842630418682266,172
G194K,-0.08905312,1207,-0.2400185322633799,2433,1,0.3329991092507922,0.1591747725152608,-0.0608612629810015,-1.391386747838571,194
S254M,-0.089127927,1208,0.9183833033807952,749,1,1.64651202322953,0.920008531589259,0.4597677264318029,0.6472449322725884,254
T107A,-0.089299781,1209,0.3884480883848635,1495,1,0.353202798392403,0.421414783951227,0.4058165033360081,0.3733582678598161,107
Q97Y,-0.089757123,1210,0.2404617154224145,1734,1,-0.0024033187043325,0.3551893690556482,-0.2663577085919471,0.8754185199302895,97
R202A,-0.089946034,1211,-0.170287890844614,2341,1,-0.3879768741707934,-0.5248979916541591,0.6093428903822935,-0.3776195879357968,202
D207Y,-0.089946259,1212,0.3134064800803937,1623,1,0.1911800269594283,0.5443641503172348,0.1729116174880814,0.3451701255568304,207
R91H,-0.089973269,1213,0.5429353952948652,1283,1,0.304903065258807,0.2750438490061374,0.5784003790624056,1.0133942878521112,91
S96Y,-0.090141803,1214,0.1113221248664081,1916,1,0.4869949762124455,0.1036702534434575,-0.2880835646752984,0.1427068344850278,96
K284T,-0.090440961,1215,1.1895510786963697,412,1,1.9332227161672648,0.8966591812087074,0.8279917477739354,1.1003306696355712,284
I45A,-0.0905340459999999,1216,1.2869537168894316,321,1,2.50128275384248,1.5629407998569198,1.2409844218743566,-0.1573931080160308,45
A245S,-0.090878592,1217,0.5586609323250837,1261,1,0.3076006161708064,0.8337789916159917,0.3868685645585549,0.7063955569549818,245
P172T,-0.091111296,1218,0.272512608000904,1679,1,0.4208140520212527,0.1066229226068042,0.249893580536805,0.312719876838754,172
N98E,-0.0911255669999999,1219,1.3006023496184371,306,1,1.4315130681130055,1.3094902324556144,0.9077143747158009,1.553691723189328,98
P25T,-0.091199948,1220,0.7993366158086445,919,1,0.9073292107752136,0.957662582202004,1.1134805526824008,0.2188741175749594,25
Q97H,-0.091936105,1221,0.9242421258124056,741,1,0.7495396325056757,1.0906015008677408,0.6154818651358707,1.241345504740336,97
L160C,-0.091992954,1222,-0.5453246986085384,2851,1,-0.7359882060522759,-0.9178319656648988,-0.2695580432683997,-0.2579205794485792,160
I206T,-0.092170431,1223,1.3221556617823245,290,1,1.443866913249557,1.267170067997645,1.395840821905232,1.1817448439768634,206
K284G,-0.092461612,1224,1.0636301141062807,540,1,2.151006386076199,0.7905851164810119,0.4301880821710936,0.8827408716968183,284
Q274Y,-0.092507326,1225,0.5073454332928904,1327,1,0.9683569560998584,0.8288092043528452,0.3250417394529776,-0.0928261667341201,274
E56S,-0.092556475,1226,1.424116552102903,190,1,1.7828626541136396,1.1890086213254218,1.6446164832867731,1.079978449685777,56
L150V,-0.0927489059999999,1227,0.6118303930841568,1185,1,1.1246274265563905,1.312545684606239,0.9309351262817752,-0.9207866651077776,150
Q37C,-0.092868754,1228,0.3961057424579558,1484,1,0.0888840697275823,0.305906229805768,0.5175510408915233,0.6720816294069498,37
Q203R,-0.093200959,1229,1.3478076430502242,259,1,1.3225427511147203,1.4145725843076733,1.2492054419994325,1.4049097947790703,203
N98M,-0.093436783,1230,0.5488902899764495,1277,1,0.4794692310725593,0.471696594107464,0.2819504257958204,0.9624449089299544,98
K30Q,-0.0938476769999999,1231,1.4946227573352109,143,1,1.491575772646229,1.3699991788844783,1.5375087634927724,1.579407314317364,30
K53G,-0.093902637,1232,0.6308170361850861,1156,1,0.8170633767396336,0.620319940740565,0.7496095324826242,0.3362752947775216,53
E175W,-0.094118681,1233,0.2588797094405438,1702,1,-0.2905558498529793,0.1519654629013734,-0.0009697907207409,1.175079015434522,175
H285Y,-0.094685853,1234,0.9011678540474496,770,1,1.5548646589651602,0.8258172353474287,0.2534174907768888,0.9705720311003212,285
E175K,-0.094820258,1235,1.0901315465265604,517,1,1.074725033926223,0.5253249564101067,1.222742222562016,1.537733973207896,175
G154D,-0.095326544,1236,0.386674947534428,1499,1,0.7689471808982962,-0.0753148748755788,0.4760983385221488,0.376969145592846,154
V31C,-0.095361794,1237,-0.4750532310496184,2747,1,-1.1126040410358486,-0.6948224213362749,0.4135910961820038,-0.5063775580083535,31
T139M,-0.095383625,1238,0.5811958770908754,1233,1,0.631615314016733,-0.1139347412212459,0.6824914957217894,1.124611439846225,139
I206A,-0.0955850219999999,1239,1.14447197873424,456,1,1.017480131908518,0.9965766287159612,1.2702867587071636,1.293544395605317,206
I171D,-0.095848309,1240,0.4815147131789593,1362,1,0.3160593257941226,0.1996025579621862,0.5160769336232173,0.8943200353363112,171
T198C,-0.095859568,1241,0.1208055542879685,1907,1,0.0160655736390448,-0.0358259891925696,0.3792196699634374,0.1237629627419615,198
D83E,-0.0960517519999999,1242,0.2993945410370429,1642,1,1.0617711997525343,-0.0425075941746785,0.3179974231597031,-0.1396828645893871,83
I206R,-0.096092213,1243,1.2981803447113205,308,1,1.3539599054255227,1.3902879119020433,1.3104881082497628,1.1379854532679523,206
Q97N,-0.096146583,1244,0.8108690213505481,899,1,0.592423870294724,0.9491658552536916,0.5627996418226626,1.1390867180311146,97
F58A,-0.096847901,1245,0.7664496843291755,958,1,0.7497724338808304,0.5695459979960947,0.6033591463051965,1.1431211591345805,58
R176Q,-0.097072605,1246,0.178344154392199,1829,1,-0.0812707807847023,-0.199434769978216,0.3349562835181939,0.6591258848135207,176
D269P,-0.0972539509999999,1247,0.7526549422758191,974,1,0.993573739973294,1.2419156230221,0.5933763234101244,0.1817540826977577,269
S57V,-0.09729119,1248,0.061488823259136,1987,1,0.1321487899471009,0.2496582992519836,0.3120846058089374,-0.447936401971478,57
I54L,-0.097294124,1249,1.050021494899449,562,1,1.4156894283533812,0.8568011802887668,1.4219159061694049,0.5056794647862426,54
P172V,-0.097459969,1250,0.3062955060255125,1632,1,0.4757471103651189,0.2042236381057463,0.3023793549155386,0.2428319207156461,172
T147V,-0.0975000019999999,1251,-0.7137202902961306,3066,1,-0.4392954238628187,-0.5245450512718417,-0.9534279660512416,-0.9376127199986204,147
M180N,-0.097824551,1252,1.029766510306453,595,1,1.889630234629075,1.5693124229908708,0.4666524791732183,0.1934709044326487,180
T147S,-0.098120435,1253,0.5671123789539196,1251,1,0.5436477417948515,0.553763509972634,0.0041287271210932,1.1669095369270994,147
S281Y,-0.098156934,1254,0.2982381504553159,1645,1,1.1210279823359168,0.3029018769272877,0.1461499380757095,-0.3771271955176508,281
M153V,-0.099218971,1255,1.5058541933245788,136,1,1.7906140264916404,1.3785836828514328,1.1719546796679052,1.6822643842873377,153
G194N,-0.0992714069999999,1256,0.1147789786794785,1914,1,0.6393115674119068,0.2046249766858537,1.020660189610212,-1.4054808189900585,194
P172H,-0.099280105,1257,0.2027200680080275,1789,1,0.4144146212683129,-0.215926424283655,0.2465202897602169,0.3658717852872351,172
V42M,-0.099695113,1258,0.3593536203831306,1545,1,0.4833718359806632,0.5211387018503467,0.3476587749592166,0.0852451687422958,42
R41P,-0.099713743,1259,-0.3125093630729926,2525,1,-0.8721795610427677,-0.985175720117767,-0.4873053243502813,1.0946231532188453,41
H156P,-0.099892424,1260,1.1185643393863802,487,1,1.9278400277362533,1.2940634174803385,1.040659193882985,0.2116947184459442,156
D36C,-0.099956783,1261,0.52487045212641,1305,1,0.456594124477869,0.469495929317612,0.5227265482212471,0.6506652064889118,36
E145T,-0.100024051,1262,0.8890595494911132,785,1,1.1538731165859053,1.4039372461987574,0.5859323118910283,0.4124955232887617,145
A225C,-0.100035783,1263,-0.3108817410692944,2523,1,-0.5229188990549731,-0.6204016625256193,-0.14518657853613,0.0449801758395448,225
I206Y,-0.100407788,1264,0.6026771357933904,1199,1,0.920820734584092,0.8555893298532411,0.6684928859167556,-0.034194407180527,206
L192V,-0.100550592,1265,0.7304652067708136,1012,1,0.9650861464073808,0.8208723421964614,0.6551019271645754,0.4808004113148366,192
E175D,-0.1006104219999999,1266,1.021302469724488,607,1,1.1170230548848123,1.0904137525064703,0.4421919941654005,1.4355810773412698,175
E62D,-0.100650825,1267,0.6894977839186001,1064,1,0.6806938933290295,0.4361354180424957,0.4706202314742285,1.1705415928286462,62
V157R,-0.100719758,1268,0.650170438541374,1113,1,0.7481994258088027,0.2867363734012118,0.6910104309600335,0.874735523995448,157
E277T,-0.1008509019999999,1269,0.851511702196261,844,1,0.8969064335082961,1.2333707821996138,0.6689008390920405,0.6068687539850937,277
E56N,-0.101191244,1270,1.3570294255469504,248,1,1.7942205443358503,1.0666790172598348,1.407048555797195,1.1601695847949216,56
D113I,-0.1013626919999999,1271,0.1277880465546749,1896,1,0.0121606569249595,-0.1471145490424726,0.1411043149426743,0.5050017633935385,113
K109Y,-0.101598564,1272,0.208177339711317,1782,1,0.0063186980817616,-0.3720676032457983,0.3980422279002345,0.8004160361090705,109
A77K,-0.1016169969999999,1273,-0.144655324343512,2290,1,-0.0748513604485216,-0.2748722700406171,-0.3816747205022335,0.1527770536173242,77
E56K,-0.101755554,1274,0.6967856344529598,1053,1,1.471285924757243,0.5751653699478566,-0.160707595058085,0.9013988381648246,56
Q204A,-0.102016433,1275,0.5827133089060519,1230,1,0.3029114946625257,0.2627409765814917,0.3799072481947634,1.3852935161854265,204
A77N,-0.102364519,1276,-0.087535531562189,2210,1,-0.1530488636683288,-0.3766492571812371,-0.0166310099447926,0.1961870045456026,77
G85R,-0.1023798,1277,0.1850697420674874,1819,1,0.4803940791067287,0.5280357609505549,-0.1459876471079058,-0.1221632246794279,85
L282A,-0.1030010419999999,1278,0.5832297733147239,1229,1,0.7046170332934555,1.2881838262366727,0.5542847170105731,-0.2141664832818058,282
D113Y,-0.103097588,1279,-0.0150388341257177,2105,1,0.0263694939245298,-0.4219040994359465,-0.3004929867676468,0.6358722557761924,113
D207W,-0.1031813469999999,1280,-0.1496871207796651,2301,1,-0.2083808593139333,-0.153764436145612,-0.4123426704965813,0.1757394828374661,207
R92H,-0.103741082,1281,0.7127843027829748,1028,1,0.8356932662669514,0.936358845465904,0.8669562284983886,0.2121288709006551,92
E56T,-0.103973384,1282,1.1708770590290174,435,1,1.508425602978315,1.022492284056875,1.6378519227092865,0.5147384263715927,56
L73M,-0.10406419,1283,0.8470136756296276,849,1,0.940525601328575,1.0221340363003877,0.3917120915932036,1.033682973296344,73
R273M,-0.104095374,1284,0.2301974163308689,1753,1,0.2349726933057748,0.134871042529463,0.1138572580031189,0.4370886714851189,273
L199N,-0.104307023,1285,1.3924185522915242,216,1,1.7659539920885776,1.417367872451542,0.9145883663645926,1.4717639782613838,199
Q203H,-0.104448934,1286,0.8748718620602699,802,1,0.7586818200288806,1.0837931507358056,0.7268960427955191,0.9301164346808743,203
H156C,-0.1051370069999999,1287,0.3604420671284035,1542,1,0.3702131673164814,0.0367685274393352,0.616493526836094,0.4182930469217035,156
L49Y,-0.105296504,1288,0.0825478314349455,1956,1,0.0172815082002575,0.3380076297420335,0.2260986987402829,-0.2511965109427917,49
S96F,-0.106211683,1289,0.0030311487684246,2072,1,0.2430625316692733,0.1193828610403443,-0.4874789519681468,0.1371581543322279,96
A200I,-0.106340364,1290,0.4666215757501153,1384,1,0.4769506440975077,0.2954271986048911,0.5384538123416689,0.5556546479563936,200
A77S,-0.106346494,1291,0.5380526139569941,1292,1,0.667136665230045,0.5154533668196127,0.3425476970230928,0.627072726755226,77
T198H,-0.10664656,1292,0.6360824690389586,1140,1,0.522331521153042,0.8388302217994402,0.4325419712898634,0.7506261619134887,198
E175T,-0.106713349,1293,0.9065293744854476,761,1,0.84650546976426,0.9102200276777388,0.3468215959537535,1.5225704045460384,175
G85D,-0.106921018,1294,0.1090281472221807,1919,1,0.36529262649097,0.3936100825038818,-0.120351047643467,-0.2024390724626619,85
L150I,-0.107601528,1295,0.47615293401764,1372,1,1.013205489571535,1.1180290628338734,0.4495983586790634,-0.6762211750139119,150
K284M,-0.107795746,1296,0.7670084114892924,957,1,1.9153396027927376,0.1789705199737438,0.4301880821710936,0.5435354410195945,284
E195A,-0.107819608,1297,0.6658209722288462,1093,1,0.3922101519989842,0.7409858093698504,0.464759475935968,1.065328451610582,195
S221Y,-0.107990138,1298,-0.383696425763541,2628,1,-0.216741782057071,0.0340992973298868,-0.8602780002984344,-0.4918652180285456,221
N152F,-0.108405949,1299,0.2915713426513234,1659,1,0.061075280192943,0.5830669759758239,0.0950134766989605,0.4271296377375662,152
G90K,-0.108828669,1300,0.9521056380337404,689,1,1.1202891216057798,0.8844191127117421,0.6781922167247699,1.1255221010926697,90
G194M,-0.109029557,1301,-0.9837946184731876,3330,1,-0.9643992103649888,-0.2289187498862183,-0.7368998673791058,-2.004960646262438,194
P25W,-0.109138595,1302,-0.3473705440887002,2579,1,-1.6314098147083471,-0.4999556076432158,0.6985867345547299,0.0432965114420319,25
I206S,-0.109283774,1303,1.0474507878430603,571,1,0.9263498457700314,0.8690626046484644,0.9137742482500976,1.480616452703648,206
E175Y,-0.1093050659999999,1304,0.3565984293869975,1552,1,0.0722210622163646,0.1759484758480297,-0.1571841607478956,1.3354083402314914,175
V157M,-0.110101585,1305,0.7522689556699698,975,1,0.8814362801909662,0.3110158411050885,1.256823426939199,0.5598002744446252,157
A183Y,-0.110270561,1306,-0.918796081975544,3265,1,-0.4493362003196439,-0.9681625531170814,-1.322323034872315,-0.935362539593136,183
A183E,-0.111302744,1307,0.1351359581672924,1882,1,0.5385000660316723,0.0573965217141241,0.3709236750388202,-0.4262764301154468,183
K284Y,-0.1114722619999999,1308,0.6055924718480867,1193,1,1.981515237471332,-0.074864506267423,0.4301880821710936,0.0855310740173448,284
N152Y,-0.111851337,1309,0.3648560475700899,1535,1,0.2209511879756717,0.5484984684297579,0.2355991823336032,0.4543753515413267,152
Q203E,-0.111883842,1310,1.0573951810420803,547,1,1.1382249416438488,1.0823121406102203,0.9148228738973252,1.0942207680169262,203
A225Y,-0.111895308,1311,0.3558140699593179,1555,1,0.2800235726216342,0.3466618087907281,0.4171927361626532,0.3793781622622562,225
D33N,-0.112246453,1312,1.436195135206339,175,1,1.6076765473719972,1.6239183254266671,0.9681769939314364,1.5450086740952536,33
E108L,-0.1124878969999999,1313,0.1319664793554791,1888,1,-0.508850051958904,0.2682797269922873,-0.1457595041058166,0.9141957464943498,108
R92Q,-0.112583396,1314,0.7580603273695361,966,1,0.8624972871269465,0.9445119199366968,0.448196764353893,0.7770353380606082,92
M115L,-0.112630744,1315,1.0446380747233113,576,1,0.8455052995732525,0.5225442714430841,1.1744491073049037,1.6360536205720049,115
M153S,-0.1130131269999999,1316,1.0596848409303818,543,1,1.6958383992454524,1.066961761300449,0.9265268203911264,0.5494123827844991,153
H285T,-0.113390602,1317,1.2613914496873164,343,1,1.7710022350662329,1.775490810871546,0.2534174907768888,1.2456552620345978,285
E46L,-0.114128551,1318,1.3432619237521868,267,1,1.281200542569872,1.3483735246317463,1.3098038801749634,1.4336697476321651,46
Q274F,-0.114884101,1319,0.5060248438096078,1329,1,1.0804569055737223,0.7792796513022061,0.3633922056930937,-0.1990293873305915,274
D269R,-0.115253874,1320,0.5394400593513303,1290,1,0.3872094769422278,0.4170226790932949,0.567820283299358,0.7857077980704407,269
Q204R,-0.115500466,1321,1.0483397813633708,567,1,0.8013016217645802,0.288531655897303,1.7528692262241614,1.3506566215674385,204
E175C,-0.115690451,1322,-0.1483698969231174,2298,1,-0.723867608318664,-0.5598781366135438,-0.0018764922998196,0.6921426495395576,175
I206F,-0.115699014,1323,0.7416034287575851,993,1,0.9370905717443622,1.2809641861980612,0.4746280884984468,0.2737308685894702,206
V82A,-0.115991508,1324,0.3875405024342284,1497,1,0.6538129860739101,0.5810220573446566,0.2297588305061056,0.085568135812241,82
A200Y,-0.116248878,1325,0.3398367496737436,1583,1,0.2412114786713367,0.1967302576077023,0.4878374614476306,0.4335678009683048,200
T261A,-0.117114405,1326,0.6081035402901869,1188,1,1.1277346194369544,0.5792151491718117,0.3961090643390694,0.329355328212912,261
T139G,-0.1176383519999999,1327,0.3850960956115019,1503,1,0.5172794209773635,0.1747033911409144,0.3633919980191,0.4850095723086297,139
M180C,-0.117845373,1328,0.7914836184079889,929,1,1.084041561774413,0.9807810618061524,0.2784269697412724,0.8226848803101179,180
R159Q,-0.117895174,1329,0.4671542701880193,1381,1,0.2339287872635658,0.1411319749255588,0.3121450307403092,1.1814112878226433,159
D113M,-0.118088954,1330,0.0750071505488635,1970,1,0.0554451280086232,-0.4405974294596509,0.0278022177360463,0.6573786859104354,113
L146F,-0.1185834269999999,1331,0.4245432099035951,1441,1,1.0271790751841772,1.226002946373905,0.2202199309112868,-0.7752291128549886,146
E175N,-0.118612428,1332,0.7929898866381968,926,1,0.5981956582878901,0.7320399774738989,0.5249947151960409,1.3167291955949572,175
K109W,-0.11899215,1333,0.0613194343801107,1988,1,-0.4466890819576943,-0.5875603893568195,0.7361823713320577,0.543344837502899,109
E46T,-0.119318986,1334,1.057036018065418,549,1,1.0994565961089158,1.7621003690231931,0.8192501848602435,0.5473369222693201,46
L111H,-0.1195950269999999,1335,-0.2273857838435787,2410,1,-0.0494000476275271,-0.5504292414658896,0.1988185903745971,-0.5085324366554954,111
T147N,-0.119655975,1336,0.0427034365569508,2016,1,0.7999366385383853,-0.1167866966414108,0.4573137987613317,-0.9696499944305028,147
G39N,-0.119873344,1337,1.4345282499322902,177,1,1.83168220436064,1.9562470857708048,1.2978454277955558,0.6523382818021607,39
I206C,-0.120373889,1338,0.3377725906883798,1588,1,0.1424267526719476,0.3563808745568551,0.4527906077085549,0.3994921278161616,206
T107S,-0.120848921,1339,0.7528975973181539,973,1,0.4675921896375802,0.5805140658169389,1.0783448345361428,0.8851392992819535,107
L55Y,-0.120999362,1340,0.1842244812419089,1820,1,0.5331232701930807,0.0854281765902705,0.1754768418743101,-0.0571303636900256,55
L49F,-0.12134167,1341,0.657874603127636,1105,1,0.7370366821654091,0.903162546874934,0.8362454767367603,0.1550537067334408,49
H94N,-0.121656165,1342,1.21098289932234,385,1,1.1472915368807122,1.3405033995464013,1.0693216283048437,1.286815032557403,94
S254L,-0.121766338,1343,1.1823976811639128,425,1,2.202468870818889,1.1801214864604714,0.781063718602387,0.5659366487739025,254
E87V,-0.121958186,1344,0.0602735675341728,1989,1,-0.3341586591331075,-0.1835427225879563,0.7728284426051946,-0.0140327907474394,87
T147R,-0.122255423,1345,-0.5476898821566965,2856,1,-0.4406464985606368,-0.9069882420389002,-0.2810168795528365,-0.5621079084744125,147
D33L,-0.123256094,1346,1.417427275218864,199,1,0.9535512962322116,1.6392894129731563,1.303961446107919,1.7729069455621695,33
E277S,-0.123684104,1347,0.9784536645368994,659,1,0.9416070428075736,1.4936978011623572,0.744116718436417,0.7343930957412498,277
G154E,-0.123728146,1348,-0.2814890386575569,2488,1,0.3166919188340956,-0.8025335582633693,-0.804306601651708,0.1641920864507539,154
I283F,-0.123745791,1349,1.0356457500168348,586,1,1.6886075852664697,1.5074931356360208,1.0475679316226187,-0.1010856524577695,283
F58S,-0.123861973,1350,1.0412275014695225,579,1,0.988240510369704,0.8999167084717106,0.8706146584833305,1.4061381285533447,58
K252Y,-0.124149615,1351,-0.1962075463800846,2374,1,-0.6578298402000339,-0.0414344936638876,-0.1591471440851306,0.0735812924287135,252
A200L,-0.124382733,1352,0.5788898020473164,1237,1,0.4695264550866826,0.3585392067193974,0.6949346107958344,0.7925589355873512,200
R91K,-0.1247531619999999,1353,0.7915533503742509,928,1,0.7956968366252407,0.6376835208025345,0.3399471544686148,1.3928858896006138,91
C75A,-0.124974444,1354,0.8114044152131423,897,1,0.5955271274512465,1.0325999886149166,1.5729656995700894,0.0445248452163171,75
D269Y,-0.1249988269999999,1355,-0.0168886609688451,2109,1,-0.4274132185568702,0.0175262632871715,-0.2762585588677931,0.6185908702621111,269
K109F,-0.125324548,1356,0.2227383913068658,1763,1,-0.0556672280013382,-0.3824286085544144,0.5310476768856712,0.798001724897545,109
M180K,-0.125447739,1357,0.9342981130004482,725,1,1.334181280762488,0.9981142508326952,0.2644706832164553,1.1404262371901543,180
Q203S,-0.125549632,1358,0.9312465630785836,734,1,0.963341342253364,1.0304807983368796,0.6256500853427315,1.1055140263813592,203
A148Y,-0.126288959,1359,0.0025987983162039,2073,1,0.0521219069104323,0.3155051214567557,-0.7199110114848978,0.3626791763825256,148
R273F,-0.126650445,1360,-0.3656400032074895,2602,1,-0.7302763114238552,-0.06106684981756,-0.7775925379738168,0.1063756863852739,273
M180A,-0.127120803,1361,1.62735248740963,85,1,2.069000647376147,1.609455975647136,1.1068885322072872,1.7240647944079504,180
T262Q,-0.127158583,1362,0.534458890187516,1297,1,0.257566073674814,0.172595099934834,0.5576014941884341,1.150072892951982,262
G226N,-0.127757168,1363,1.0853583628740768,519,1,1.2848524013370992,1.1990943381904724,1.1801476022261612,0.6773391097425744,226
K144P,-0.127841549,1364,0.65436516187533,1107,1,1.1827393688945682,0.9521666698827248,0.358992838583025,0.1235617701410019,144
D269F,-0.127854174,1365,-0.0723633550634408,2190,1,-0.7178417855149708,0.1010672391450847,-0.3876621781745803,0.7149833042907028,269
D269K,-0.127878216,1366,0.9087146833931932,760,1,0.8750349710956667,0.8138252865929197,1.1068316859216991,0.8391667899624875,269
A222I,-0.127924825,1367,0.1712952096158873,1838,1,1.118696563696214,0.6880401396613609,0.2904743027115148,-1.412030167605541,222
G90L,-0.128355617,1368,0.7068662211547331,1038,1,0.8000830361649869,0.6541108547876731,0.3836068436432228,0.9896641500230494,90
S57M,-0.128876766,1369,0.0638259274297428,1983,1,-0.011281834704034,-0.0835255090829079,0.2156848829130517,0.1344261705928616,57
S57R,-0.129307108,1370,0.507784210062243,1324,1,0.6797064946096526,0.5640643018576288,0.4393050982215897,0.3480609455601006,57
L188F,-0.129732593,1371,0.6158321976206201,1178,1,0.6305477245273781,0.8344256698854184,0.1464711159096452,0.8518842801600388,188
D48E,-0.12991054,1372,0.6270381710575215,1165,1,0.4417463997926918,1.0644805006928613,0.4651302948571158,0.5367954888874167,48
T198R,-0.130710025,1373,0.8964742055314932,775,1,0.6836933547944464,0.924328797346816,1.270197833834157,0.7076768361505535,198
A225L,-0.130718286,1374,0.6147346199326347,1179,1,0.4899474414263773,0.6320206789289979,0.5790059620687559,0.7579643973064077,225
E56Q,-0.1310659509999999,1375,1.336997849209562,272,1,1.4916844086811083,1.2725429945571352,0.858857366993297,1.7249066266067068,56
Q203G,-0.131112702,1376,0.5774975743943225,1239,1,0.6994386884085345,0.7175100929376277,0.422051891484171,0.4709896247469568,203
G90F,-0.131499981,1377,0.3972983637503336,1482,1,0.6034058156333807,0.3435432210015373,0.1058883764758371,0.5363560418905793,90
T178S,-0.131550732,1378,0.4486718272775048,1402,1,0.6040292996552202,0.1964624879442112,0.1576707080712286,0.8365248134393591,178
E145Y,-0.131728189,1379,0.2001364312437682,1794,1,0.2505501697029562,0.6750488881702369,-0.156950695133102,0.0318973622349817,145
P249R,-0.132884736,1380,0.5394819102591193,1289,1,0.2372542699110863,1.200855975725306,0.4509045601493904,0.268912835250694,249
A183I,-0.133558866,1381,-0.5083023558121537,2798,1,-0.1448114215185862,-0.7569108644322453,0.8016477504217662,-1.933134887719549,183
Q203A,-0.133863722,1382,1.0068343630349972,625,1,0.8787359463168756,1.143010114856628,0.8487044222925,1.156886968673985,203
A245C,-0.134037041,1383,-0.2184330466243065,2400,1,-0.641830258184649,-0.0329563425251708,-0.0377880583165569,-0.1611575274708492,245
G85A,-0.134062149,1384,-0.0322831278092927,2130,1,0.1356855766869821,0.2822689543764837,-0.2792180181887801,-0.267869024111857,85
V157C,-0.134334239,1385,-0.238786453462786,2432,1,-0.1708539661551482,-0.7264998631691839,-0.2386512896045047,0.1808593050776926,157
L73P,-0.1347808919999999,1386,0.5879001640061843,1218,1,0.7559595679725372,1.13435925291679,0.7542099271511048,-0.2929280920156947,73
G90I,-0.135224833,1387,0.5076311008861427,1325,1,0.4838679570827586,0.5263755005806744,0.4224658589392571,0.597815086941881,90
H24Q,-0.135568334,1388,1.9798875789191168,10,1,2.00830697057997,2.3865821571503574,1.179186572761121,2.34547461518502,24
S221I,-0.13567684,1389,-0.6079643091292507,2940,1,-0.6396005715722882,-0.2309609516472748,-1.0810149534505025,-0.4802807598469372,221
E26T,-0.135908892,1390,1.0853734183455332,518,1,1.1742792646491655,0.5917873708355944,1.5713617332792598,1.0040653046181136,26
L79M,-0.136681748,1391,0.2836922894112366,1668,1,0.3537970832995653,0.250475382142089,-0.0324908966039052,0.5629875888071972,79
L146M,-0.136688725,1392,0.559950003449424,1259,1,0.8210630083960581,0.905791655762977,0.3910566548109081,0.121888694827753,146
K53F,-0.136761276,1393,0.1728282372049913,1836,1,0.0846747736020612,-0.0479094901515143,0.3172346403343071,0.3373130250351111,53
D33I,-0.137432674,1394,1.1664117887000505,442,1,0.7428364379852844,1.403172194530428,1.0813466393723707,1.4382918829121192,33
Q203D,-0.137649048,1395,0.8804560525943477,793,1,0.9686489786570408,0.7565379320811149,1.057283217921663,0.7393540817175726,203
R273D,-0.1387622319999999,1396,0.4164588540227396,1449,1,0.3904804436867424,0.1464259542942678,0.6920097719729968,0.4369192461369511,273
Q274N,-0.138912435,1397,0.4703952744282028,1377,1,0.8155620346530278,0.769480722191423,-0.3589448989593495,0.6554832398277101,274
A222C,-0.139486071,1398,-0.0464803239622779,2149,1,0.097207249725242,0.1292156562529752,-0.1004351762736387,-0.3119090255536903,222
Q203V,-0.13953731,1399,0.4075279831041077,1464,1,0.147125900382256,0.5330087073649932,0.5030513939055288,0.4469259307636529,203
E175F,-0.140403233,1400,0.3607875166351023,1541,1,-0.0952931781703747,0.1535540105369306,0.0810045977875923,1.3038846363862608,175
K53Y,-0.141820178,1401,0.2224315387894322,1764,1,0.3531647289786883,0.008132463738046,0.2389574200974312,0.2894715423435632,53
G194C,-0.14188896,1402,-0.7914195180516691,3153,1,-0.6654745051421672,-0.4611800583218899,-0.068821531567166,-1.970201977175453,194
H285Q,-0.141955412,1403,1.2637504393107508,340,1,1.505257122110919,1.7743179601587176,0.9622402032454358,0.8131864717279305,285
P172S,-0.142501876,1404,0.6037063241045098,1198,1,0.7613967974348804,0.3830340021753216,0.9461801690036794,0.3242143278041576,172
V42L,-0.143120966,1405,0.6465987817471612,1120,1,0.9481177731979362,1.199326219895289,0.5040021326127258,-0.0650509987173064,42
D33C,-0.143159049,1406,0.2608338855766924,1700,1,-0.034217789539853,0.0781686996538697,0.2792920947460874,0.7200925374466655,33
R273W,-0.143334305,1407,-0.4752959512052407,2748,1,-0.6839050014035936,-0.1683249644494135,-0.9985157765309368,-0.0504380624370188,273
H151C,-0.143451535,1408,0.2164183101341209,1772,1,0.5709662776914894,-0.0492455584158328,-0.3386599524437623,0.6826124737045893,151
Q203I,-0.1434536019999999,1409,0.3041961261209087,1634,1,0.0048202960092842,0.409162710679353,0.4465604846432103,0.3562410131517871,203
D250I,-0.144254011,1410,-0.3319707350746805,2556,1,-0.7217104923114571,-0.2007924468373702,-0.0394401731540597,-0.365939827995835,250
E277K,-0.144432723,1411,0.9463089574037262,700,1,0.9192854629754612,1.0788218154885263,1.1168788333211426,0.6702497178297749,277
K32E,-0.144527081,1412,1.0020749844470715,630,1,0.6731015895359574,1.1198320536591166,0.8407889316799835,1.374577362913229,32
G279A,-0.144679187,1413,0.6124920807673739,1183,1,0.8368203439267966,0.9639824011781783,1.0677490383642898,-0.4185834603997688,279
D99M,-0.144838937,1414,0.094770028705475,1940,1,0.0702637917849152,0.123069337865745,0.1479197357500558,0.0378272494211839,99
A225T,-0.144877326,1415,1.2550439137485248,349,1,1.2914395312612723,1.157744491256016,1.4556403468168957,1.1153512856599153,225
M180R,-0.1457054019999999,1416,1.05334623823965,554,1,1.4813882656124846,1.238904604334394,0.2797547061419281,1.213337376869793,180
G90R,-0.145842567,1417,0.7497253658909816,981,1,0.8140924296420139,0.540383051042363,0.6425102623664296,1.00191572051312,90
R189T,-0.145861113,1418,0.2310188916189113,1752,1,0.921516406004116,-0.0548241141329047,0.6503530691577633,-0.5929697945533293,189
K32T,-0.146127025,1419,1.057417659405505,546,1,0.6091644112554571,1.2184991722681109,1.2136757997111989,1.1883312543872528,32
E277G,-0.146375894,1420,0.8530169197767112,840,1,0.8103206176701375,1.344125224340616,1.1580972882277394,0.0995245488683523,277
A225Q,-0.146481261,1421,1.2773694721567512,329,1,1.227186100435356,1.3763402589488467,1.1525470403096063,1.353404488933195,225
A200M,-0.146867379,1422,0.4067131626388093,1465,1,0.2649902375573132,0.1648905617644475,0.6281655606248208,0.5688062906086557,200
S201M,-0.147038285,1423,-0.7719052647601309,3133,1,-1.1923662474159786,-0.6309239109161677,-0.096575023379505,-1.167755877328872,201
L137M,-0.14725794,1424,0.628580777073942,1162,1,0.8609073551274358,0.771131947388609,0.258996676647821,0.6232871291319018,137
E270F,-0.148212625,1425,-0.1858955439243021,2361,1,-0.8640208459380211,0.0684040157430895,0.2222299653854055,-0.1701953108876825,270
V157N,-0.148758043,1426,0.6327468440081092,1149,1,0.8144634619378578,0.3921547246867859,0.7974903779308732,0.5268788114769197,157
H285F,-0.149276371,1427,0.8109171245554951,898,1,1.8381986828555483,0.489029656767955,0.2534174907768888,0.6630226678215886,285
L150F,-0.14995674,1428,0.6003409977755287,1200,1,0.7179022786751504,0.7063515914769154,1.6026625277747153,-0.6255524068246664,150
A245G,-0.150042619,1429,0.4982941527314535,1340,1,0.7423891035278929,0.7166076497796185,0.7938635195963467,-0.259683661978044,245
P172K,-0.150293483,1430,0.1894785872256645,1814,1,0.7201499194763551,-0.2800594700956638,-0.0530777007892788,0.3709016003112458,172
A84Y,-0.150514537,1431,-0.0877065349092453,2211,1,-0.2498555381107622,0.1864989038681007,-0.0338851559506568,-0.253584349443663,84
A40S,-0.15070486,1432,0.609116230416326,1187,1,0.7587626704174131,0.7380810961231129,0.2842491006818118,0.6553720544429663,40
R189N,-0.151627343,1433,0.6255001249528791,1167,1,1.2733713163562004,0.4256656115633908,0.8851688871121786,-0.0822053152202537,189
T261S,-0.152342955,1434,1.336571484653735,273,1,1.1099679255962491,1.3802307537646703,1.5054994667342814,1.3505877925197394,261
M180W,-0.152728798,1435,-0.1315998127083457,2266,1,0.3429946170285371,0.6257537441454477,-1.4266022154839015,-0.0685453965234662,180
E26I,-0.153907493,1436,0.4857697202922232,1358,1,-0.1800359066899017,0.5890087709084246,0.7258593530302343,0.8082466639201356,26
S122I,-0.154171419,1437,0.6304589057791754,1158,1,0.8592198749668426,0.3193141733522771,0.2843636355385784,1.0589379392590037,122
A148C,-0.154317563,1438,-0.0335022277450957,2132,1,-0.364340919560817,-0.1680114502752175,0.2675969950435079,0.1307464638121436,148
N152C,-0.154368375,1439,0.1770823516043331,1831,1,0.0351371688787558,0.0135938781252186,0.3034579425620507,0.3561404168513073,152
H156I,-0.1550173819999999,1440,0.751769140008649,977,1,0.9323234770408628,0.9155473045010628,0.5615230551040609,0.5976827233886094,156
G90V,-0.155368692,1441,0.631009128867317,1155,1,0.7456226165026772,0.7288546052263999,0.4829184708629299,0.5666408228772608,90
D207V,-0.1555887,1442,0.587877589639858,1219,1,0.6354883303211082,0.8353384750596646,0.3554089879673003,0.5252745652113587,207
L137I,-0.155949816,1443,0.463242606151738,1385,1,0.6777420626053262,0.6096973577049898,1.1449891273328288,-0.5794581230361928,137
E210L,-0.1560039869999999,1444,0.875669515685481,801,1,0.71373577608861,1.460201841275606,0.6765609998394623,0.6521794455382458,210
L146V,-0.156148555,1445,0.5126307849704621,1318,1,1.257094311340972,0.6286371015294528,0.4506568998249842,-0.2858651728135606,146
H110M,-0.156592771,1446,-0.218764260825187,2401,1,-0.4180467858534747,-0.934015665902416,0.2351159162387323,0.2418894922164099,110
E270Y,-0.157183129,1447,-0.1697511889189666,2340,1,-0.5045389861135514,-0.1560239875155428,0.288087988702275,-0.3065297707490471,270
H285R,-0.157191089,1448,0.979743239304911,656,1,1.6184746664426477,1.6581089273973326,0.2534174907768888,0.388971872602775,285
S264A,-0.157365839,1449,0.8593261936721823,830,1,1.0325516745923462,0.929710222023281,0.9362089904654244,0.5388338876076775,264
R41K,-0.157427045,1450,0.704766074987172,1043,1,0.6662867372994994,0.5712196531674526,0.2188191427724062,1.3627387667093305,41
G39M,-0.157725137,1451,0.1233298037153756,1903,1,-0.0875621848646659,1.11051511626092,-0.5658037742690769,0.0361700577343253,39
E210D,-0.158082654,1452,0.7674233946069599,956,1,0.6686528707214113,0.9658368229864518,0.5648998924877978,0.8703039922321784,210
E26C,-0.158232612,1453,-0.224156961495139,2407,1,-1.0222826105792495,-0.7655760373274354,0.6629059266481528,0.2283248752779758,26
S254I,-0.158424919,1454,1.1337525954636782,471,1,1.995453857018506,1.0267502513509583,0.68640991914162,0.8263963543436277,254
S122F,-0.159042943,1455,0.854114523570185,838,1,1.05270067193267,0.6375682749634105,0.4364727057397227,1.289716441644937,122
V157L,-0.159833685,1456,0.7016014018325114,1047,1,0.9016615420003488,0.5350048487002156,0.569693798469549,0.8000454181599322,157
P25S,-0.160130436,1457,1.3420354855828711,269,1,1.3290332657669095,1.8515295290162852,1.342826615638084,0.8447525319102057,25
H285S,-0.160348785,1458,1.2440020467415849,357,1,1.7368404770532135,1.8596774856619855,0.2534174907768888,1.1260727334742504,285
H110S,-0.160450531,1459,0.0959474564089285,1939,1,-0.0305768207608559,-0.4526230547669303,0.2453438800920667,0.6216458210714336,110
G226R,-0.160583026,1460,0.3360844580201861,1591,1,0.447736992683495,0.5492202081338774,0.0746398420523202,0.2727407892110519,226
D33Y,-0.160994389,1461,0.6745379689925243,1082,1,0.4964788587110241,1.0019330329141956,0.185069711839299,1.0146702725055785,33
V82C,-0.161156887,1462,-0.2920265307505859,2504,1,-0.4508623189355715,-1.041204405571902,-0.0609821245363053,0.3849427260414355,82
D99A,-0.161376064,1463,0.7077086606605748,1036,1,0.8465540302540312,0.980774301222388,0.4684791993500658,0.5350271118158144,99
R189V,-0.162167656,1464,-0.3302484813375065,2554,1,0.3738222356857687,-0.6296177914060954,0.2050545488042719,-1.2702529184339713,189
R63K,-0.162804455,1465,0.3501639780523948,1564,1,0.3585978499597496,0.1792581291073472,0.0735130245918147,0.7892869085506679,63
Q203L,-0.16289009,1466,0.6709640484449572,1085,1,0.2387361375451319,0.737094493174691,0.9683220415618228,0.739703521498183,203
P172D,-0.162923428,1467,0.404749747479973,1468,1,0.5812786662227976,0.1988415815990229,0.2246399854672671,0.6142387566308045,172
L160M,-0.1631273369999999,1468,0.4773700827659398,1369,1,0.3790543426239189,0.3012366250983661,0.3128175600314768,0.9163718033099976,160
L135M,-0.163311658,1469,0.2953017037460727,1649,1,0.6219697307410892,0.3592601250441809,0.2496049566900748,-0.0496279974910542,135
D33G,-0.164200601,1470,0.9615909210631608,677,1,1.2360318114056157,1.1367341133088704,0.6864074896711746,0.7871902698669829,33
A225F,-0.164486588,1471,0.3484733842664136,1567,1,0.1242453535050117,0.2029762788097009,0.6940231055366107,0.3726487992143312,225
G85S,-0.164970784,1472,0.0162884751960572,2052,1,0.3494637537574796,0.3101584474445001,-0.3697868564646957,-0.2246814439530549,85
A222N,-0.165455814,1473,0.3567128678797557,1551,1,0.9275226538419452,0.9586438777762558,0.1590791257650011,-0.6183941858641789,222
D36Y,-0.165573091,1474,0.8046921541293746,908,1,0.8573047824303899,1.2732395242339465,0.0928155816184796,0.9954087282346824,36
I206K,-0.166908908,1475,1.0290824636874325,596,1,1.3043130553054354,1.1626995884656557,0.804088170276689,0.8452290407019503,206
E175R,-0.167412478,1476,0.823800335534528,879,1,0.7991624599462177,0.5110597455690606,0.4366772573223803,1.5483018793004537,175
F228M,-0.167753136,1477,1.0985036803289905,506,1,1.0940118784054589,1.2743067171318214,1.309124458848819,0.7165716669298624,228
E61I,-0.168170948,1478,0.1433242337953074,1870,1,-0.0076434792709289,0.4310380642501872,-0.2225240782428722,0.3724264284448438,61
T139C,-0.169138366,1479,0.0725481356112436,1974,1,-0.2890105708885649,-0.2955008961456644,0.3553646259961736,0.5193393834830301,139
S221L,-0.169576546,1480,-0.1395909388795036,2279,1,-0.3885532174532746,0.1943319563130366,-0.1755274714179544,-0.1886150229598221,221
E277V,-0.169901523,1481,0.6381449133406156,1136,1,0.4514498410386839,1.0404403702908496,0.808713847057843,0.2519755949750857,277
P172N,-0.170574423,1482,0.0516474244607601,2006,1,0.3409806068372409,-0.2839674666096439,0.0488130858885422,0.1007634717269014,172
Q203N,-0.171366942,1483,0.9224390729640476,745,1,1.0056659741090643,1.2006222933042534,0.6594489195158636,0.8240191049270092,203
K144C,-0.1719290789999999,1484,-0.2519602604762439,2449,1,-0.3981233906229395,-0.4224275076219682,-0.3176077495596383,0.1303176058995702,144
D99H,-0.172785852,1485,0.4524441713284259,1397,1,0.3514473838027817,-0.0087628037364304,0.9517077447358364,0.5153843605115161,99
A276V,-0.172800332,1486,0.0695437282446029,1978,1,-0.1609454903341035,0.2311450408519105,1.2437171263066271,-1.0357417638460225,276
D99S,-0.173502848,1487,0.4400466235634319,1413,1,0.5217338250756408,0.4852283132015853,0.2458929940455265,0.5073313619309747,99
K144Y,-0.1740164839999999,1488,0.1001626601531753,1933,1,0.1597169003764213,0.0814700127537769,-0.2033689906217998,0.362832718104303,144
G226Q,-0.174763128,1489,0.415668597337322,1451,1,0.5310953012167559,0.3596982361453246,0.4030811849017841,0.3687996670854235,226
L136I,-0.1749648489999999,1490,0.1280563196684262,1895,1,0.5274122047994136,0.3423993555018106,0.4001708421966926,-0.7577571238242117,136
R118V,-0.175151046,1491,0.6426178868518573,1126,1,1.0575282630807357,0.9785146234864056,0.4104433273288392,0.1239853335114489,118
V258A,-0.177366222,1492,1.2038251185652045,392,1,1.504482629414678,0.8101252885999902,1.6387327624116994,0.8619597938344506,258
K32S,-0.177984501,1493,1.0183433713999142,610,1,0.6830458732213872,1.230559895746242,0.790675499366048,1.3690922172659794,32
E210V,-0.1782236,1494,1.1646223593847405,444,1,0.8831093052820949,1.8415833834553057,1.343632275238313,0.5901644735632476,210
D269W,-0.17828193,1495,-0.2554254533589766,2452,1,-1.2452625795619492,-0.2974628554639097,-0.2608244552673166,0.781848076857269,269
A225W,-0.178694793,1496,-0.1008246712702559,2226,1,-0.3442377060302543,-0.2089970154742191,0.0863879013321035,0.0635481350913464,225
L111A,-0.1789221489999999,1497,0.2512351938818086,1717,1,0.5758635182768249,0.3449436095861564,0.625116333037825,-0.5409826853735719,111
R81L,-0.179219629,1498,0.2059416827034527,1785,1,0.0337313646871619,0.0056589746426361,0.3024058863583261,0.4819705051256866,81
F58M,-0.179274328,1499,0.6608782416317276,1098,1,0.3646957659304045,0.5994817365388213,0.7637419584408707,0.9155935056168136,58
P172I,-0.179605393,1500,0.1049805733692753,1927,1,0.2400930922712067,-0.0593387940609578,0.1579890348808144,0.0811789603860382,172
G39L,-0.1798406239999999,1501,0.4173156684984286,1447,1,0.1765794393593226,1.2092824115573766,0.1196481836230986,0.1637526394539165,39
H110A,-0.180897312,1502,0.0834078422542231,1954,1,-0.2742814267732356,-0.4201737690904142,0.3090688194863734,0.7190177453941687,110
H24D,-0.18160661,1503,1.3287733169523746,283,1,1.4499509583843238,1.155657492729642,1.0736535668930038,1.6358312498025285,24
G251Y,-0.181934202,1504,-0.5516760182831173,2862,1,-1.487068690297122,-0.2887180719561669,-0.625717145386583,0.1947998345074026,251
E145W,-0.182909331,1505,-0.0372063664109273,2138,1,-0.0859992532513179,0.3151304461135509,-0.1453281068149523,-0.2326285516909901,145
D207I,-0.183733321,1506,0.3589841139602641,1546,1,0.2896025155770331,0.581315479316637,0.258244354921225,0.3067741060261614,207
D207F,-0.184123466,1507,0.1266853786035728,1898,1,-0.1191811824531327,0.3194142552652009,0.0559306057496016,0.2505778358526218,207
I140F,-0.1844135039999999,1508,0.2586320819769304,1703,1,0.8709056647135167,0.4826939788522957,0.775646352979998,-1.0947176686380886,140
T262A,-0.184603363,1509,0.8004078443335523,916,1,0.6007953343705701,0.350552240423526,0.8916165387291667,1.358667263810946,262
T262Y,-0.1851387639999999,1510,-0.1709739770271882,2342,1,-0.7464778749226972,-0.1049192816308236,-0.2290047576097702,0.3965060060545381,262
E108Y,-0.185633878,1511,-0.1493922166556885,2300,1,-0.4746446711721495,-0.4405060668042928,-0.1106702093155571,0.4282520806692451,108
E145L,-0.185923179,1512,0.5058759978506364,1330,1,0.4176113086815138,0.6287817906586163,0.6487879995649555,0.3283228924974599,145
A84F,-0.186143212,1513,-0.0842311114342692,2206,1,-0.1880688293952726,0.1150176721514181,-0.1662661502152334,-0.0976071382779891,84
R81M,-0.186559753,1514,-0.0185399612622205,2111,1,-0.3726040177312876,-0.3714682490627224,0.1113828374118544,0.5585295843332734,81
G85M,-0.186685881,1515,-0.6803111261897377,3029,1,-0.7737861082057225,-0.5374664855194174,-0.8850569828579087,-0.5249349281759021,85
Q204S,-0.186846148,1516,0.3711909425574082,1525,1,0.2449479853453458,0.1519976862445495,-0.0362638869934231,1.1240819856331608,204
D113L,-0.187793488,1517,0.2346689396401279,1748,1,0.1828690844564743,-0.1640185357745144,0.125116690186196,0.7947085196923557,113
R81A,-0.188147805,1518,0.2224242756616178,1765,1,-0.1238895271307149,-0.1188745165471205,0.5442821260600115,0.5881790202642955,81
T139R,-0.18923676,1519,0.7840994701180414,937,1,0.6064919572589352,0.1109464106986789,0.800992047860455,1.6179674646540962,139
K252W,-0.190188435,1520,-0.7318760756089351,3088,1,-1.246821540899807,-0.4318713481275554,-1.0640137553246716,-0.1847976580837061,252
I283L,-0.190349095,1521,1.2880407636646671,319,1,1.423567749033749,1.625924078479695,1.286710415340893,0.8159608118043304,283
M180G,-0.192624745,1522,0.4311693627111032,1430,1,1.3069920552308505,0.5477989059677068,-0.2471841718431101,0.1170706614889658,180
G251L,-0.1933151189999999,1523,-0.3318938992861844,2555,1,-1.33949535958406,-0.1358185613175421,-0.1077316690243699,0.2554699927812344,251
G39V,-0.193850581,1524,0.2373624613905573,1743,1,-0.0327678600080065,1.265880755172445,-0.0791961675035501,-0.2044668820986588,39
R273C,-0.193968327,1525,-0.324122651763002,2545,1,-0.822124639474484,-0.5863604173301509,0.3562762886729356,-0.2442818389203086,273
K32N,-0.194365353,1526,0.8804510671787895,794,1,0.5105028140529012,1.1069696323576712,0.8780665025331238,1.026265319771462,32
P172R,-0.1947237489999999,1527,0.2404198475168782,1735,1,0.6870391536934443,-0.0738294419381851,0.0346061803733042,0.3138634979389497,172
M180Y,-0.195293479,1528,0.3239215106622822,1608,1,0.9262139140911606,1.266048158599396,-0.9755577554433016,0.0789817254018735,180
E145I,-0.1967901289999999,1529,0.2355234601936076,1747,1,0.3137184840322132,0.7861791113573962,0.0682754484603399,-0.2260792030755189,145
P253L,-0.198231325,1530,0.0816179043004012,1959,1,0.1085894516027457,0.6100097345847206,0.3751385525048017,-0.7672661214906631,253
I45Y,-0.198298791,1531,0.407938150602914,1463,1,1.3407490838630152,0.5675079663147434,0.4276877933234558,-0.7041922410895586,45
G194P,-0.198504302,1532,-0.7166737743266529,3068,1,-0.4476019940370688,-0.8150372263441203,0.5131067061673991,-2.1171625830928216,194
I93M,-0.198821455,1533,0.3483417377607756,1568,1,0.2337445840706714,0.279250953964423,0.4901129666675126,0.3902584463404951,93
P172Y,-0.1995444089999999,1534,-0.1137294441956372,2242,1,-0.0334573058852925,-0.4168093993307231,-0.2334471610941381,0.2287960895276049,172
P25F,-0.199804031,1535,-0.1972123065718151,2375,1,-1.3457245710574597,-0.1555871400749159,0.5994686207966708,0.1129938640484442,25
S57H,-0.200224732,1536,0.4938974657667093,1352,1,0.4455697750892827,0.2286877266111142,0.7054021314230315,0.5959302299434086,57
G263N,-0.200660416,1537,0.6969864827646864,1052,1,0.819819715370039,1.4020400494819936,1.308171445324531,-0.7420852791178177,263
M153F,-0.201098063,1538,1.0642522097739575,539,1,1.208527175127479,1.2878975755381248,0.9869107846224958,0.7736733038077309,153
P60L,-0.201132372,1539,0.5494523914600666,1276,1,0.4944002435938796,0.1388514467910509,1.4370940277641286,0.1274638476912073,60
F228W,-0.201357558,1540,0.6185222319259148,1174,1,0.618317944217799,1.0967722079029434,0.3696033396096951,0.3893954359732219,228
V42I,-0.201484743,1541,1.0841711252126918,520,1,1.5670261750364345,1.52688917937519,0.7671044409909227,0.4756647054482196,42
L28A,-0.20222814,1542,1.098615367305529,505,1,1.8785407840302044,1.540101225924566,1.3445865727608783,-0.3687671134935326,28
L160A,-0.20360832,1543,-0.1621627121368348,2324,1,-0.2749590372090299,-0.0540271234450152,-0.1811042662355859,-0.1385604216577082,160
A183K,-0.2040944089999999,1544,-0.6463656870475329,2986,1,-0.2725689564925503,-0.842276186978134,-0.5103654225706521,-0.960252182148795,183
A222G,-0.205126728,1545,0.8812599032785088,791,1,1.183739444854354,1.173785081940015,1.1158743764799066,0.0516407098397597,222
K30M,-0.205193373,1546,0.880948755524821,792,1,0.6414635949331219,0.9716888980223658,0.8223516483130726,1.088290880830724,30
K190W,-0.205482836,1547,0.0891218734482338,1947,1,0.0272034779323018,0.0234772197585182,0.3529675369603242,-0.047160740858209,190
T138F,-0.20625038,1548,0.4941063643904971,1350,1,0.4675897019333175,0.3739428493199483,0.3641951351783623,0.7706977711303604,138
A222P,-0.20669553,1549,-0.2323415570719611,2421,1,0.3849598510032779,0.1307719805453564,-0.5351599115541923,-0.9099381482822864,222
I45C,-0.208081948,1550,0.5133716032657433,1317,1,1.294887753216574,0.2995591157624324,0.5119236849853024,-0.0528841409013362,45
L55F,-0.209352289,1551,0.6679953150524492,1088,1,0.8640269802472312,0.3095632633411293,1.4540779530903432,0.0443130635310936,55
T193E,-0.209827896,1552,0.6369546299075663,1139,1,0.8961967718928364,0.4602777785803092,0.3616861768610834,0.8296577922960361,193
P172F,-0.209981855,1553,0.0134535773107807,2061,1,-0.012273649726685,-0.2363729569082442,-0.0139704349942114,0.3164313508722637,172
E270R,-0.210595029,1554,0.3381466931163031,1587,1,0.0318737155036806,0.1348875964822321,0.4357393418631278,0.7500861186161716,270
S221E,-0.210797204,1555,0.3898047093778701,1492,1,0.3254180692297977,0.9123306566557752,-0.0822311771840251,0.4037012888099327,221
E119G,-0.211259948,1556,0.3115470085212118,1626,1,0.3397702382002117,-0.1778920118553801,0.8725409657042352,0.2117688420357807,119
P25L,-0.211868922,1557,0.0089221833234845,2064,1,-0.6595396971348271,0.000364742541824,0.8089950921543445,-0.1141314042674034,25
L150A,-0.2122706939999999,1558,0.5927783721874205,1209,1,0.8382482170705983,1.1442305581836674,0.5630921307981894,-0.1744574173027732,150
R159K,-0.213063427,1559,0.2609984819462125,1699,1,0.13497620404727,-0.107149389710715,-0.0422360770555399,1.0584031905038351,159
G251T,-0.214043801,1560,-0.1025740536302976,2228,1,-0.6512933344293955,-0.1708594883477805,0.454606995519453,-0.0427503872634673,251
P253H,-0.214422683,1561,0.1588716976288152,1849,1,0.6179216453902785,-0.9280724177602212,0.9765811211975752,-0.0309435583123714,253
R81Q,-0.2157124839999999,1562,0.6668661505676869,1090,1,0.4529291330193263,0.6250206314966777,0.6629722190119807,0.9265426187427628,81
A230C,-0.216393002,1563,-0.4653360130590436,2739,1,-0.5223758508042888,-0.5117106832338671,-0.292813592355665,-0.5344439258423536,230
K190F,-0.217008299,1564,0.1558099769051882,1852,1,0.2979505223606664,0.132913632389078,0.3423723855306851,-0.1499966326596767,190
S80D,-0.2170709189999999,1565,0.8629056176988195,824,1,0.9399077774621408,0.6241595732205911,0.823354405975769,1.0642007141367769,80
T139D,-0.217867719,1566,0.3868985821977545,1498,1,0.4280223573023247,-0.1739528029266372,0.6299567687542984,0.6635680056610321,139
H94D,-0.218190842,1567,0.8275684471947449,875,1,0.6814090015091244,0.9183885188068356,0.7781096533766608,0.9323666150863588,94
L28Y,-0.218600359,1568,0.3715043394312508,1524,1,0.7130435912238029,0.5714948784279923,0.6222595834571637,-0.4207806953839554,28
L160S,-0.219697753,1569,-0.056791120161422,2168,1,-0.3284137458844746,0.0713900455440774,-0.019584255160886,0.0494434748555951,160
E26R,-0.220002694,1570,0.6971226375049886,1051,1,0.4119295680441538,0.1263831612047677,1.234782195993568,1.0153956247774647,26
P253I,-0.22074127,1571,-0.1474290337795862,2296,1,-0.2360377732469282,0.4127287606575112,-0.0024077335328106,-0.7639993889961172,253
E56R,-0.221984209,1572,0.9993871702032306,632,1,1.5499070538589697,0.6252063895926344,0.442002110851724,1.3804331265095946,56
T198D,-0.222104265,1573,0.7164496035568104,1025,1,0.644367172989046,0.8964431584433756,0.4225832816251755,0.9024048011696444,198
L28Q,-0.222811812,1574,1.2062113600065016,389,1,1.967588308877776,1.1471985808222922,1.6333534780402037,0.0767050722857349,28
T147Q,-0.223975582,1575,-0.4476562851692828,2712,1,-0.4626424529817782,-0.8072641977737283,0.0651142618397342,-0.5858327517613588,147
E46K,-0.2241744989999999,1576,0.1298501804771528,1891,1,0.4443445430474929,0.401334333778329,-1.1629406264519564,0.836662471534746,46
M180I,-0.2245231939999999,1577,1.107518831990793,496,1,1.6475830678636942,1.2708131380842966,0.9970095246912876,0.5146695973238937,180
H110G,-0.224713885,1578,-0.3908747184831973,2642,1,-0.5974098108727363,-0.860640459803287,0.0759340751527433,-0.1813826784095093,110
T112C,-0.224731163,1579,-0.2430844266762962,2438,1,-0.1641313348746853,-0.3103873224967255,-0.6706624176258325,0.1728433682920585,112
H24M,-0.224781293,1580,1.295719565897722,310,1,0.3827969806094436,1.767840009864633,0.7165378683318099,2.315703404785001,24
R41N,-0.225044473,1581,0.1294912727505586,1893,1,-0.0643820078295778,-0.3093172547711748,-0.1238106893064404,1.0154750429094277,41
G263D,-0.225119598,1582,0.8442499754859811,852,1,0.9986632750724586,1.6945119540985338,1.3683688680160546,-0.6845441952431228,263
H285M,-0.226841047,1583,0.6062456096130254,1190,1,1.634338492677443,0.6449249905765723,0.2534174907768888,-0.1076985355788023,285
P253S,-0.227414653,1584,0.6343012056566674,1142,1,0.9327081917101504,-0.0550305962613353,1.2347854279411592,0.4247417992366949,253
L219V,-0.2278734419999999,1585,0.5899938977637526,1216,1,0.4160565563382411,0.7558145496183237,1.255813343965282,-0.0677088588668363,219
G39T,-0.2283297289999999,1586,0.8608836736633665,827,1,0.6499751619899358,1.4788023435875406,1.261464582091498,0.0532926069844918,39
S122M,-0.229901572,1587,0.8180752754661824,887,1,0.8395248208336177,0.7792811676948261,0.4343866855441944,1.2191084277920914,122
T179S,-0.230557033,1588,0.9132795830532144,755,1,0.8240552077752945,0.6694787989786269,1.1315665122422622,1.0280178132166735,179
P253F,-0.2306547089999999,1589,-0.5123317555072072,2806,1,-0.6821202871859912,-0.2414066222105105,-0.7499753744787978,-0.3758247381535292,253
L111C,-0.230763117,1590,-0.5639630956559912,2885,1,-0.4383698471071985,-0.8139851025979069,-0.2886366894362854,-0.7148607434825741,111
A183R,-0.2311356789999999,1591,-0.4103943126501542,2662,1,-0.1248848601189897,-0.8356791208845931,0.1299857698918746,-0.8109990394889086,183
D113F,-0.231182605,1592,-0.1570544447687661,2313,1,-0.3228762167093643,-0.6654150192555853,-0.276619452916525,0.63669290980641,113
H110Q,-0.231536315,1593,0.294191967109055,1651,1,0.3164821978262656,-0.1038777726329505,1.0173599621299445,-0.0531965188870394,110
L282T,-0.231657908,1594,0.3716185463189366,1521,1,0.1729588245242916,0.695091302161582,0.3282271639744232,0.2901968946154495,282
I278V,-0.232038281,1595,0.8163382441737779,891,1,0.993673065963433,0.8783139896573567,0.8685096246912722,0.5248562963830493,278
E26F,-0.232106116,1596,0.0266754980319724,2035,1,-0.7104220944744792,-0.1394017970787275,0.3963126349503103,0.5602132487307863,26
P172C,-0.232375688,1597,-0.9514619695654322,3296,1,-0.7806436534678588,-1.444911338219706,-0.9639794557672902,-0.6163134308068735,172
L74V,-0.23273484,1598,0.476512795255702,1371,1,0.7652903372994216,0.6079428282605625,0.824327170187527,-0.2915091547247029,74
A77T,-0.233979562,1599,0.5534824161168727,1269,1,0.7927461429582836,0.590082376883422,0.9182197949431792,-0.0871186503173942,77
G154N,-0.235432728,1600,0.1823056558520457,1822,1,0.5507422471700755,-0.3476928555389617,0.1359783199421353,0.3901949118349336,154
A200F,-0.236304149,1601,0.2435286313514471,1728,1,0.0043391890819047,0.0567087112948783,0.5250001191305486,0.388066505898457,200
V106A,-0.238328783,1602,0.4950628027479396,1349,1,0.5133500795305186,0.7275191056093137,0.6014138065737337,0.1379682192781925,106
R81N,-0.239244341,1603,0.2291407053672167,1755,1,-0.1179467283157436,-0.1137293963872804,0.5054573129153527,0.6427816332565381,81
S281C,-0.239623183,1604,0.266731884469774,1693,1,0.9445457942376542,0.2081562759998023,0.3325389063927608,-0.4183134387511212,281
S201N,-0.239890997,1605,-0.0024291696326883,2083,1,0.1480065225628692,-0.0552566651277749,-0.0925846662487553,-0.0098818697170924,201
K32W,-0.2405208489999999,1606,-0.0982444873568549,2223,1,-1.0524557494246634,0.346076354873336,-0.5883097710266425,0.9017112161505498,32
D33F,-0.244432783,1607,0.5909862313187663,1214,1,0.1236974806157576,0.9465087562852034,0.2652337772814217,1.0285049110926825,33
E270C,-0.244633761,1608,-0.5305214758690882,2831,1,-1.610744731811013,-0.9680852170934588,0.3781223488911311,0.0786216965369881,270
L223A,-0.244925714,1609,0.0321871573413988,2027,1,-0.0602638898345278,0.3680368791629965,0.1268012366828151,-0.3058255966456886,223
E26Y,-0.245436276,1610,0.1155570871482875,1913,1,-0.6355364166570746,-0.0936259475929782,0.6633947529767529,0.5279959598664501,26
A34S,-0.245824713,1611,0.9197026910113376,747,1,0.984046165598084,0.6904257411678336,1.17713243798983,0.8272064192896033,34
T107C,-0.246232592,1612,-0.2956249039764624,2510,1,-0.5967944684284828,-0.8604855350239382,0.2638705903170542,0.010909797229517,107
Y44L,-0.2465111489999999,1613,1.0077911880028911,624,1,1.1048384301768472,2.0299274027016936,0.4608509594078934,0.4355479597251305,44
D269C,-0.248746876,1614,-0.680087606762758,3028,1,-1.284872761706493,-0.9414078271930714,-0.2203715231538884,-0.2736983149975794,269
M184F,-0.249223794,1615,0.2058331687829333,1786,1,0.1654963902014708,0.0621309522060332,-0.4231105662695698,1.0188158989937992,184
L205I,-0.249558421,1616,0.0417907878329079,2018,1,0.3855484066521387,0.1365227731908558,0.1618944829520348,-0.5168025114633978,205
R176K,-0.250014334,1617,0.2519083873858156,1715,1,-0.1348287166228794,0.1360423294624025,0.0488777737866725,0.9575421629170666,176
H285C,-0.251095353,1618,0.5665567490613992,1253,1,1.507359759907609,0.2161846903606217,0.2534174907768888,0.2892650552004772,285
T262N,-0.252092626,1619,0.6045017315523795,1196,1,0.7849337213125471,0.1529468216586511,0.3829141989176324,1.0972121843206872,262
S80I,-0.25249564,1620,-0.0214794637519887,2114,1,0.1127231868523328,0.0693026047365226,0.1695625073774968,-0.4375061539743072,80
E195C,-0.253589731,1621,-0.2308406925317352,2418,1,-0.8517377684492413,-0.3148942940956267,0.2618236221448517,-0.0185543297269248,195
E277M,-0.253701899,1622,0.7448249995941789,989,1,0.1841129617160697,0.984494075502404,1.079370699852705,0.7313222613055369,277
L111S,-0.2554961169999999,1623,0.0077286865853546,2065,1,0.2035872760705648,0.0026599291383261,0.495795366616878,-0.6711278254843506,111
N173V,-0.255777471,1624,0.3474188405609072,1570,1,0.8937809346423251,0.1735830297267985,0.007134853487181,0.3151765443873243,173
D99N,-0.257325475,1625,0.6136714969266801,1181,1,0.6325034244384596,0.6113981183944309,0.3924728563635356,0.8183115885102945,99
S57F,-0.258372422,1626,-0.2183697900713215,2399,1,-0.278483485940902,-0.5694272400401731,0.139941206797945,-0.1655096411021558,57
A246S,-0.259356936,1627,0.6380009529231943,1137,1,0.4446958119150288,0.3762700065275231,1.3463652888574482,0.3846727043927769,246
K284V,-0.261296948,1628,0.7503640073803843,979,1,2.325615672097169,0.3281434957485882,0.4301880821710936,-0.0824912204953136,284
M153N,-0.261438533,1629,0.9570447625347904,682,1,1.519386603857347,1.504882002318828,0.2173833208434234,0.5865271231195635,153
K144W,-0.261537109,1630,-0.225363028619062,2409,1,-0.3651723153510232,-0.1238763376043656,-0.6844030148336566,0.2719995533127972,144
D33W,-0.26217333,1631,0.5115881766218267,1320,1,0.0420548210964062,0.7481763536250646,0.194229237997978,1.0618922937678574,33
C75V,-0.262256631,1632,0.1452271076817574,1868,1,0.0987777952213329,0.0709746803322345,0.2719382239524566,0.1392177312210055,75
E108F,-0.2626980419999999,1633,-0.261305961196106,2466,1,-0.8814387963079419,-0.4063737116855694,-0.1125034343003888,0.3550920975094759,108
I229C,-0.262866813,1634,-0.1810938710275895,2353,1,-0.7808059321964179,-0.0549479528635424,-0.1415449170668569,0.2529233180164593,229
F149L,-0.262966181,1635,0.5397045856378656,1288,1,0.731346058664849,0.8702386934913673,0.8518029904714093,-0.2945694000761628,149
R92N,-0.266378004,1636,0.6399036092952793,1134,1,0.4449172427227208,0.6808469417190615,0.3684159102861467,1.0654343424531885,92
M153Q,-0.266883514,1637,0.90492680406554,765,1,1.319889470030848,1.258741168027567,0.072151149706029,0.9689254284977156,153
S221G,-0.267536734,1638,0.6186628596926389,1173,1,0.8075985352299938,1.3704194723723364,-0.0217674893766,0.3184009205448255,221
Q204K,-0.2717952919999999,1639,0.7731002861486724,950,1,0.7780514874702305,0.2339411424772367,0.9036670129837155,1.176741501663507,204
H285K,-0.271887231,1640,0.9365186782638716,720,1,1.5826381808944212,1.5364278136706089,0.2534174907768888,0.3735912277135674,285
Q88C,-0.273911584,1641,0.0635727906367278,1984,1,-0.3514753926063666,-0.440806438909115,0.2399411654920711,0.8066318285703217,88
A222Y,-0.274795451,1642,-0.0755625120469831,2195,1,0.4695954700337237,0.0994232168128438,0.10500473160131,-0.9762734666358104,222
P172W,-0.276195727,1643,-0.2610561546556892,2465,1,-0.3773121362539367,-0.3673019603391265,-0.4783731884236796,0.1787626663939857,172
L160T,-0.27647592,1644,-0.185516680067007,2358,1,-0.3946012034403972,-0.0959561375857931,-0.341651999454884,0.090142620213046,160
H24E,-0.279024169,1645,1.8242010937787765,33,1,1.4857648033109283,2.224919539926497,1.246824147359004,2.339295884518676,24
R41Q,-0.280324444,1646,0.5324890605600637,1300,1,0.4710369564480732,0.4390547265682012,0.1201057001385071,1.0997588590854732,41
T27I,-0.280445552,1647,1.1711343990854717,433,1,1.9429422521059856,1.0195207231688037,0.9790884834479784,0.7429861376191194,27
E175G,-0.280954368,1648,1.0340056464525598,589,1,0.7686232265209966,0.4551458004898429,1.5098057261110258,1.4024478326883738,175
R41M,-0.282237032,1649,-0.1748477910729148,2348,1,-0.5750355997620592,-0.4192404294327715,-0.3809770675849761,0.6758619324881475,41
K32G,-0.282379712,1650,0.5529531696421262,1270,1,0.1684997025828296,0.9138239874713984,0.4029688769211365,0.7265201115931401,32
P60N,-0.283547776,1651,0.5841753818046466,1226,1,0.5206857288850905,1.2065732497756,0.5316944514724559,0.0777480970854399,60
H94G,-0.283787057,1652,0.8014608531082473,913,1,0.8482314339559449,0.8095602427999428,0.657692017854442,0.8903597178226598,94
Y44M,-0.283943015,1653,0.817808360873059,889,1,0.5845113625269904,1.6733591774069114,1.1132731676631051,-0.099910264104771,44
M184V,-0.284368235,1654,0.732576950902654,1007,1,0.75135928766042,0.4250642355234881,1.7936114841336552,-0.0397272037069476,184
V106T,-0.284868942,1655,0.5303820631216261,1302,1,0.4533091863841626,0.6819348902409238,0.5836894463567628,0.4025947295046552,106
E119A,-0.286135695,1656,0.6281668151590267,1164,1,0.6964715985089379,0.2709320240508118,0.6270546286470585,0.9182090094292988,119
R41T,-0.286286649,1657,0.2862201245556217,1663,1,0.1514144512476161,0.2373444329808425,0.2693436646138071,0.4867779493802209,41
K284F,-0.286851229,1658,0.5424155721686461,1284,1,2.206426406247376,-0.3433859213998558,0.4301880821710936,-0.1235662783440293,284
A211C,-0.286941361,1659,-0.1630312508613996,2326,1,-0.2844434474024522,-0.3641177885691183,0.0932968403635581,-0.096860607837586,211
T262K,-0.288236162,1660,0.135327596012703,1881,1,0.6281659989792547,-0.5136327108797847,0.2344498126189002,0.1923272833324419,262
E62T,-0.291571286,1661,0.0709374899259567,1976,1,-0.092448287319553,-0.2679280764031357,-0.0053211383723857,0.6494474617989016,62
P249Q,-0.292078371,1662,0.2851871850990128,1666,1,0.0359732385375763,1.047822422297371,-0.0596834294731513,0.1166365090342549,249
V157G,-0.292355779,1663,0.277151431680191,1674,1,0.6606777431655743,0.028944446984068,0.3826652316571344,0.0363183049139873,157
P172G,-0.2926104,1664,0.0542993476648277,2000,1,0.5204288671379019,-0.3225268036165605,-0.1102175083577624,0.129512835495732,172
E87F,-0.292764895,1665,-0.5041215068498298,2796,1,-1.0944331455091325,-1.5146598386358747,0.3787573596526122,0.2138495970930752,87
L89I,-0.292830677,1666,0.3144094282370313,1621,1,0.3700425459837274,0.2137765325139257,0.1699287249043486,0.5038899095461236,89
R159T,-0.293486986,1667,0.0529645067209556,2002,1,-0.431647341468365,-0.3571857260725973,-0.2549126122730908,1.2556037066978756,159
A183F,-0.294205693,1668,-0.7082497886103245,3059,1,-0.3711311460379086,-0.9486824680556728,-0.6331244933080551,-0.8800610470396615,183
P253Y,-0.295745856,1669,-0.4639758876846861,2736,1,-0.4519178342643391,-0.6399669183058544,-0.5663501081655051,-0.1976686900030458,253
M180F,-0.296461378,1670,0.1591454872410073,1848,1,0.980437524410337,0.993216113120846,-1.335316941020428,-0.0017547475467255,180
I54A,-0.2974784,1671,1.0324697378474732,591,1,1.323175231077227,1.380036276411149,0.7444573553988475,0.6822100885026702,54
L188T,-0.298301891,1672,0.1057242279174167,1923,1,-0.1340523016097081,-0.0367718390893277,0.1410611324776697,0.452659919891033,188
A276C,-0.299150607,1673,-0.7958635363706937,3161,1,-1.0064669930376626,-0.8963482204881938,-0.9794407651333216,-0.301198166823597,276
L28W,-0.2997384939999999,1674,0.2008439538963524,1793,1,0.4126460143076024,0.3738375863989063,0.5080797315147534,-0.4911875166358526,28
I283T,-0.300995366,1675,0.7511693915857086,978,1,1.5294828259652358,0.8535770768464308,0.6448735466700098,-0.0232558831388419,283
K30L,-0.3024533219999999,1676,0.9479118544653512,697,1,0.6691048287907654,1.4690725406559608,0.6978074479539473,0.9556626004607316,30
I229V,-0.30258486,1677,0.8944204145382494,779,1,1.2014049846192123,1.2562301482148108,0.5038381990156081,0.6162083263033663,229
R92F,-0.302908098,1678,0.070504984018878,1977,1,0.251965974968252,0.0948907192715051,0.0662160027523655,-0.1310527609166104,92
G194R,-0.30361416,1679,-0.2926265976625573,2506,1,0.2919663623212895,0.0275632660393029,-0.0335846429300674,-1.4564513760807545,194
T262M,-0.303880306,1680,0.2011997798513572,1791,1,-0.2391553441260827,0.2757076498755657,0.1256875511688843,0.6425592624870617,262
R189E,-0.303910933,1681,0.4796465286643639,1367,1,1.137689676892107,0.4284919146750665,0.6333140044696577,-0.2809094813793754,189
D113C,-0.304002288,1682,-0.3038353818739893,2515,1,-0.6074335754529376,-0.9441739800641517,0.1988643247508998,0.1374017032702321,113
P253C,-0.305743969,1683,-0.5171339885774516,2819,1,-0.9258576605353236,-0.9580067662763792,0.3530920762600933,-0.5377636037581971,253
D83Q,-0.307681489,1684,-0.0810339904260386,2203,1,0.2593601105013194,-0.2859184320813939,0.2131573260577285,-0.5107349661818086,83
T147C,-0.308931309,1685,-1.1446650458415069,3468,1,-1.2592188015014052,-1.335101513906458,-1.147805251773662,-0.836534616184502,147
R41S,-0.309092945,1686,0.5927090067966421,1210,1,0.1284388690418776,0.0434107062133228,0.9585145466425796,1.2404719052887878,41
E270M,-0.310200101,1687,0.4163689163252657,1450,1,-0.1361477275768692,0.4311720122649586,0.4592947013015558,0.9111566793114176,270
Q204Y,-0.310308743,1688,0.0140505498582754,2060,1,0.1563513380491154,-0.4264780450422333,0.2586669120994444,0.0676619943267752,204
S281F,-0.310771785,1689,0.3172398561875292,1618,1,1.4447817099533729,0.2417997208646102,0.1522794684227042,-0.5699014744905703,281
E62Q,-0.310831814,1690,0.8584650804415097,831,1,0.7440647356828319,0.4245129004400471,0.9871083458427974,1.2781743398003622,62
L191V,-0.313009326,1691,0.339030298892976,1584,1,0.8999695387410964,0.0441628369528691,0.888409858511715,-0.4764210386337766,191
L28T,-0.3136564189999999,1692,1.0508267934613589,559,1,1.74606129110811,1.2115558316014785,1.330902666286251,-0.085212615150405,28
S281D,-0.313969132,1693,0.5952630754736571,1207,1,0.8356040481458995,1.033661874138622,0.4253075825513994,0.0864787970587074,281
N173I,-0.314117936,1694,0.5202042987067833,1310,1,0.411855703330217,-0.2316533112443807,1.784624227846965,0.1159905748943316,173
T147M,-0.314493285,1695,-0.5600825980123937,2876,1,-0.2527950245443748,-0.6751679511235601,-0.3307305785676098,-0.9816368378140302,147
A222M,-0.314588866,1696,0.127309516604901,1897,1,0.9077278967936928,0.6237848346943604,-0.3924548572865766,-0.6298198077818725,222
L120M,-0.31533879,1697,0.3214737461802977,1612,1,0.3052574500387527,0.2458645376487142,0.0109478073850209,0.723825189648703,120
A211T,-0.316316504,1698,0.938638439636257,715,1,1.2202453552862178,0.9549881079014112,1.364734756908174,0.2145855384492254,211
R162N,-0.318084574,1699,-0.3119938533627359,2524,1,-0.7222014997992352,-1.015371393628781,0.1191088539520094,0.3704886260250628,162
D113W,-0.320755549,1700,-0.3356001490740609,2561,1,-0.5955052094123402,-0.907541725345219,-0.2899592990830661,0.4506056375443819,113
R81H,-0.321205933,1701,0.7389240152361026,996,1,0.3799616762149471,0.3807678797707039,1.7311562793408068,0.4638102256179526,81
Q86C,-0.321765932,1702,0.0007180143364303,2076,1,-0.0354217881462707,-0.433163188273789,0.5424696869220926,-0.0710126531563114,86
Q203Y,-0.32455408,1703,0.1945972211985855,1804,1,-0.1956217759479285,0.267890645919192,0.0754522939612129,0.6306677208618655,203
E210G,-0.326654622,1704,0.9913662270264244,643,1,0.9566626478507096,1.559844608475918,0.8504119180231764,0.5985457337558937,210
R59H,-0.328139955,1705,0.9669698837185928,670,1,0.6631939932063187,0.468220011293889,1.1840180245855,1.5524475057886633,59
T262I,-0.328180078,1706,-0.0090417612969606,2096,1,-0.197591635670646,0.1892857807716547,-0.0044994163074032,-0.0233617739814481,262
R41A,-0.329086585,1707,0.1505183437050191,1862,1,-0.4429701651118042,-0.2766061386355962,-0.1492830565794142,1.4709327351468913,41
E277H,-0.333711473,1708,0.6176409901895868,1176,1,0.6117071591158467,0.6957406973011196,0.6205654481580563,0.5425506561833247,277
S201H,-0.334359694,1709,-0.2906136369001415,2500,1,-0.3724592283175426,-0.3633358354413776,-0.0641346355200186,-0.3625248483216272,201
F58V,-0.33502622,1710,0.9227194494456694,743,1,0.9337349476699436,0.7315985176723859,1.4871922481665416,0.5383520842738064,58
I54W,-0.33586407,1711,0.0906957854849402,1945,1,0.3706863336928814,-0.0127022653972767,0.0964339683989093,-0.0916348947547532,54
T147G,-0.336406679,1712,-0.3214665633088579,2542,1,-0.291546647178432,-0.3509427376558388,-0.4026953181296183,-0.2406815502715425,147
T139H,-0.3366436029999999,1713,0.3559886893387961,1553,1,0.3952612396099301,-0.6332384315185755,0.745554851411684,0.916377097852146,139
H285E,-0.3387617089999999,1714,1.2604886609311408,345,1,1.450589519401694,1.7869684813872668,0.7164075510063176,1.0879890919292847,285
S57N,-0.340335844,1715,0.6251550979595517,1168,1,0.8404853887830317,0.3950689785704246,0.6793383772268988,0.5857276472578516,57
T138C,-0.34071976,1716,0.2926098180160155,1655,1,0.1986140160173481,0.0632961735684923,0.3994716998127001,0.5090573826655213,138
L219I,-0.3419839979999999,1717,1.0973956714593749,508,1,1.1737391312842838,1.0402741041583632,1.2535695488000913,0.9219999015947604,219
R41L,-0.342520526,1718,0.0823494645559322,1957,1,-0.2434684956224833,-0.0749595335382797,-0.1768073844296487,0.8246332718141408,41
E210T,-0.342551855,1719,1.2683687614078385,336,1,1.267781306672481,1.9092783091657672,0.6880549225260262,1.2083605072670798,210
T262E,-0.3429372089999999,1720,0.5420905355627041,1285,1,0.2711034692425944,0.1744881897549186,0.5615843463693205,1.161186136883983,262
S221F,-0.342966042,1721,-0.3799587620738839,2624,1,-0.5373407991297158,-0.2278572750521811,-0.1433004129094673,-0.6113365612041713,221
L38Y,-0.342970173,1722,-0.4944733398711535,2778,1,-0.0270189513555579,-1.1196246499179476,0.4225106614862291,-1.2537604196973378,38
G279S,-0.343477982,1723,0.2952462299988304,1650,1,0.7840995394192087,0.3997128046032855,0.6636729716350752,-0.666500395662248,279
A276G,-0.344260545,1724,0.3271996704285622,1604,1,0.50981941153799,0.7522592407545576,-0.287532750261961,0.3342527796836622,276
V78L,-0.34449891,1725,0.5142457450758733,1316,1,0.8364198455278128,0.1850240856790474,0.5428047398195552,0.4927343092770775,78
S96W,-0.34578657,1726,-0.0944210252448031,2221,1,0.2707742881735108,-0.1767701340486442,-0.5861328236962959,0.1144445685922167,96
R202V,-0.350332115,1727,-0.9022878396163656,3250,1,-0.8906655657760729,-0.9212372780253318,-0.1776246446622239,-1.6196238700018335,202
A211Y,-0.353034012,1728,0.1555030210385176,1853,1,0.3838054808404819,-0.0258822445865715,0.1724584613484341,0.0916303865517258,211
Q274G,-0.353408171,1729,0.5627820772461543,1256,1,1.169493499599534,1.1960597206426171,0.3092730768403351,-0.4236979880978689,274
D99V,-0.354782275,1730,0.0527332427942187,2003,1,0.2980902232884196,0.3066414274943904,0.2284552274714044,-0.6222539070773396,99
V106Q,-0.356222844,1731,0.3538644518829819,1559,1,-0.0547139598305935,0.0531435458790819,0.985165263081164,0.431862958402275,106
K32Y,-0.35842172,1732,0.2918459090868985,1657,1,-0.6613855736976314,0.7883776279243694,0.0926390276031525,0.9477525545177038,32
E62M,-0.358510262,1733,-0.0875333203581524,2209,1,-0.5234640078283797,-0.5714611016418193,-0.079836149234436,0.8246279772720254,62
H24I,-0.359191243,1734,1.2776769758317097,328,1,0.330744809443228,1.5083071936387642,0.775599212325175,2.4960566879196717,24
I45M,-0.361981496,1735,0.8376024056707765,859,1,1.3809507239780596,1.1399238135936391,0.6317861906372993,0.1977488944741078,45
Q203C,-0.363158022,1736,-0.1621601215772604,2323,1,-0.4675483314291362,-0.4087946325034842,0.2681497390602751,-0.0404472614366964,203
G251F,-0.36401895,1737,-0.753381801294442,3116,1,-1.668585564641225,-0.2882372491295584,-1.1933225024419063,0.1366181110349218,251
P25C,-0.364138405,1738,0.1549971087014646,1855,1,-1.0035446692506294,0.8441877001091136,0.7081784227301863,0.0711669812171879,25
E119S,-0.364669541,1739,0.2000193128317585,1795,1,0.2479995943690539,-0.0744937482718203,0.1217125944737866,0.504858810756014,119
E145P,-0.3650455079999999,1740,0.3383908245807501,1586,1,0.954020542589774,1.1213446237061069,-0.0361140516295726,-0.6856878163433076,145
L146I,-0.366678145,1741,0.3472410332808379,1571,1,0.9261477072345372,0.2672008136431195,0.4179939303719792,-0.2223783181262841,146
I259M,-0.366921391,1742,0.3579445019068681,1548,1,0.1701842301651315,0.5889641005091589,0.3845770719005995,0.2880526050525824,259
T198M,-0.368987389,1743,0.2766857450307476,1675,1,0.0364777148080282,0.3373272749198364,0.2344167465693707,0.4985212438257552,198
S51G,-0.3690432489999999,1744,0.4051871105035852,1466,1,0.4791461687508286,0.2436326604440994,1.1333513264182862,-0.2353817135988733,51
M180L,-0.369663227,1745,0.6747335136759804,1081,1,1.3501306563827562,1.0377580612950532,-0.073230276706861,0.3842756137329733,180
L38T,-0.369701482,1746,0.2464433438055653,1724,1,0.2499612999500219,0.7153498021012845,0.578212773471934,-0.5577505003009794,38
F58R,-0.371947743,1747,1.12864176971483,474,1,1.2099751195215809,0.6256257353351049,1.2997879039779794,1.3791783200246552,58
E210A,-0.372386731,1748,1.3949874656920715,214,1,1.205064950412578,2.193669404897314,0.615902264292507,1.5653132431658876,210
L38I,-0.372458419,1749,0.4828463426081273,1360,1,0.8690103607336978,0.6866933302826504,0.9475791962899472,-0.5718975168737864,38
E46V,-0.377810222,1750,1.405020319041435,207,1,1.5864136364735508,1.9887698217148544,1.5338602765549765,0.511037541422358,46
K30S,-0.3786324720000001,1751,1.4179890930621517,196,1,1.6870210707192794,1.2453143959393589,1.4892058501800178,1.25041505540995,30
R92S,-0.379494693,1752,0.5993658608350049,1203,1,0.6368938329727917,0.6906780309899949,0.5236665109553278,0.5462250684219051,92
R59K,-0.386167521,1753,0.3612228285415933,1540,1,0.2292729984795704,-0.0778135108152713,0.3618488036510368,0.9315830228510372,59
E26P,-0.387232365,1754,1.1941233331896126,405,1,1.1976194462993217,0.7507121411839485,1.14083577871104,1.6873259665641398,26
A77R,-0.388606684,1755,-0.1471310888936919,2295,1,-0.1853548445581451,-0.2039057272523909,-0.4224847204283601,0.2232209366641286,77
I54E,-0.395029678,1756,1.0512454226185397,555,1,1.1904060650964208,1.318057013583822,0.6198545454818561,1.07666406631206,54
S57Y,-0.3956710229999999,1757,-0.1506287152302678,2302,1,-0.1646253577615695,-0.3808171886635047,0.0581391763660513,-0.1152114908620486,57
A84W,-0.395755631,1758,-0.2894837517416937,2498,1,-0.6838686658443646,-0.0431549674573895,-0.1784441726108993,-0.2524672010541215,84
P253Q,-0.396652916,1759,0.2721067903584764,1681,1,0.8937720392149624,-0.6647404772717651,0.8525255379067838,0.0068700615839247,253
F58Q,-0.396714012,1760,0.9328324963074758,730,1,0.8852266117390195,0.8459546766096304,0.7325793249683558,1.267569371912897,58
P253N,-0.397417967,1761,-0.076462201807107,2198,1,0.5084992949376617,-1.0749128025872687,0.6597754311652968,-0.399210730744118,253
L49A,-0.398791157,1762,0.712183829973152,1029,1,0.4231283959635172,1.2494545584817711,0.5162534774827412,0.6598988879645782,49
M180D,-0.39934093,1763,0.7312840428788093,1011,1,1.2452626642267028,0.8319614055117803,0.3187513426415698,0.5291607591351847,180
K30I,-0.404046646,1764,1.0483112783822113,569,1,0.6464367167805463,1.548030106287764,0.6949571885798352,1.303821101880699,30
R202C,-0.408126146,1765,-0.2474804996588178,2443,1,-0.2844952117537738,-0.5402442640672513,0.4270036795037619,-0.592186202318008,202
D99T,-0.4091735279999999,1766,0.1906724305534849,1811,1,0.2478384087226693,0.1411823949801758,0.3900842532172788,-0.0164153347061843,99
A34T,-0.410171144,1767,0.5675426807343522,1250,1,1.3369273544717697,0.3697052901432099,0.9023169051885934,-0.3387788268661639,34
R63L,-0.418237842,1768,0.2633877435909972,1697,1,0.214999518861663,-0.0680823139081842,0.1096274184335099,0.7970063509770001,63
H24C,-0.418259925,1769,0.6521280121083189,1109,1,-0.1114551017351344,0.6871675820745721,0.374074718118867,1.6587248499749712,24
H110L,-0.418581883,1770,-0.0676954734159918,2184,1,0.1140243818232707,-0.8312691984133753,0.2753720480792905,0.1710908748468466,110
A182D,-0.42100508,1771,0.9514245517172792,691,1,1.2096668577837957,0.6201272956947924,0.8779876949664837,1.0979163584240454,182
A280C,-0.4229538439999999,1772,-0.1845010812153584,2356,1,-0.3918100243861532,0.1002386569442774,-0.4175542705380904,-0.0288786868814673,280
E210S,-0.4232171870000001,1773,1.246148958458699,355,1,1.1729975441307885,2.123761240974859,0.5902489519171968,1.097588096811952,210
E108W,-0.423567818,1774,-0.2909555444097287,2502,1,-0.8923138080557981,-0.4947428816457316,-0.0825336309587489,0.3057681430213637,108
S254W,-0.424733032,1775,0.4018757068009555,1477,1,1.0327912857438153,-0.0716059048929809,0.7204644684505516,-0.0741470220975638,254
G85L,-0.424891033,1776,-0.6049309878167255,2932,1,-0.8447462892101425,-0.5129411094789887,-0.8403412303863388,-0.2216953221914315,85
I45T,-0.426357269,1777,1.222670602793492,375,1,1.7971271377908804,1.2546771726227988,1.3087590294994773,0.5301190712608114,45
L74M,-0.428434117,1778,0.3428833964453607,1581,1,0.6159561077396131,0.3801753493544182,0.354660366721476,0.0207417619659356,74
R92W,-0.434074301,1779,-0.109387142586329,2235,1,-0.004985153675635,0.0185210168459264,-0.1801445749680489,-0.2709398585475588,92
F149V,-0.4345998579999999,1780,0.0593666075895809,1990,1,0.2100159185023451,0.4289863850352554,0.1203229260187861,-0.5218587991980628,149
A84C,-0.438931888,1781,0.0297248481748757,2030,1,-0.3952764769418844,-0.1738318706151879,0.508376768953168,0.1796309713034075,84
D250P,-0.440746278,1782,-0.0719642237765119,2189,1,0.2267064289662429,-0.2245890698578117,0.5150472472090564,-0.8050215014235352,250
Q204D,-0.441077459,1783,0.2399221111773976,1737,1,0.0418073322147722,-0.1084014245506722,0.0619262984064204,0.96435623863907,204
E26W,-0.442340179,1784,-0.1912108744062885,2367,1,-1.0328406787527276,-0.4819742239546263,0.587992437242012,0.1619789678401878,26
L111K,-0.445290177,1785,-0.0104860800886099,2100,1,0.2745115738256224,-0.2454327709828033,0.1541560077160683,-0.2251791309133274,111
A77I,-0.447714455,1786,-0.2059039483598308,2385,1,0.2740778212283715,-0.4294907380801235,0.0349622233286617,-0.703165099916233,77
L73F,-0.448223556,1787,0.8210127727280649,884,1,0.8606357556171161,1.0382640941489705,0.1510063137033698,1.2341449274428038,73
K284W,-0.4498846729999999,1788,0.4535715393237244,1394,1,1.936166688007048,-0.3372720790879051,0.4301880821710936,-0.2147965337953388,284
P249N,-0.450898064,1789,-0.0414562847231088,2144,1,-0.2410090607265632,0.3814088083847797,0.0490305554257443,-0.3552554419763961,249
S51Q,-0.454083284,1790,0.2184913825991628,1769,1,0.2586973006494708,0.2088171704500421,0.2151720953065499,0.1912789639905885,51
R162H,-0.4543641779999999,1791,0.6240440181396543,1169,1,-0.1192507879158321,-0.0906449724340574,2.0721585577206123,0.6339132751878946,162
V257C,-0.455446835,1792,-0.3653373532536367,2599,1,-0.5843597666213179,-0.2417685345824967,-0.543358551744376,-0.091862560066356,257
V82T,-0.458571735,1793,0.0960357060758877,1938,1,0.2185455025688178,-0.185086157543067,0.1606328490614967,0.1900506302163033,82
R162S,-0.4606333589999999,1794,0.1238274897424692,1901,1,-0.6904061264913867,-0.8944183581470729,1.8730300931895656,0.2071043504187708,162
L137Y,-0.46206087,1795,-0.3102262537996284,2522,1,-0.4957622900903332,-0.4036624016809145,-0.2080397240097731,-0.1334405994174926,137
G251C,-0.462420625,1796,-0.7922635072168607,3156,1,-1.4125130981685332,-0.8101749134079201,-0.7517469835551395,-0.1946190337358498,251
F58L,-0.4630296679999999,1797,1.1866286417370553,418,1,0.9558612552816094,1.0864115816924824,1.8018210451780947,0.9024206847960348,58
H285A,-0.465274388,1798,1.0796477570637677,528,1,1.6087268485731436,1.5190820260474378,0.2534174907768888,0.9373646628575996,285
P253G,-0.466278219,1799,0.08016026004593,1963,1,-0.0693684979463725,-0.6576988554084452,0.479680400623066,0.5680279929154719,253
I206E,-0.4681496029999999,1800,0.9374451635495537,718,1,0.969387173486542,0.7958035289508213,0.7417302079711808,1.24285974378967,206
R118I,-0.472002342,1801,0.4376956205899042,1419,1,0.7489886813965009,0.618585313949276,0.2020950439138791,0.1811134430999608,118
G226A,-0.474043585,1802,0.3437200565888956,1578,1,0.4908524255189354,0.3195808057213034,0.4199294272216691,0.1445175678936748,226
A40T,-0.474438292,1803,-0.010766039882417,2101,1,0.5784268022615431,0.1073032774290014,0.0825860073020984,-0.8113802465223109,40
L150C,-0.476126661,1804,0.1288958165617037,1894,1,0.1929979859521755,-0.016292072193149,0.3928098127309671,-0.0539324602431786,150
R159S,-0.476218612,1805,0.1571227948346992,1851,1,-0.1710614004853226,-0.374942683653419,0.1373496596278158,1.0371456038497229,159
H24L,-0.480346576,1806,1.4965752422549865,142,1,0.9356217834039394,1.9106635338241855,0.7963358863890564,2.3436797654027632,24
T187L,-0.484891115,1807,0.0939198195910958,1941,1,0.1895715376912519,-0.0797629598944012,0.634966075673159,-0.3690953751056263,187
I206H,-0.490274334,1808,0.5665199688115642,1254,1,0.8001703822257604,0.8467341655993635,0.6283847902876475,-0.0092094628665147,206
R41V,-0.4918686229999999,1809,-0.1858657602409913,2360,1,-0.3807969576158889,-0.221607968332839,-0.5204203936510924,0.3793622786358548,41
S57W,-0.495673855,1810,-0.3887341860786024,2637,1,-0.7048766247483896,-0.7881379376569986,-0.052384457430402,-0.0095377244786194,57
M184Y,-0.4962086120000001,1811,-0.0888054384266963,2214,1,-0.5526798077142555,-0.1459773809434844,-0.5653916458230269,0.9088270807739816,184
A183C,-0.496674031,1812,-0.7215120374437022,3077,1,-0.4348139377113195,-1.0741821540765066,-0.2633058049317384,-1.1137462530552442,183
T187A,-0.499151566,1813,0.8202590289933507,885,1,0.4766898748956441,0.9816169100549308,1.6220101984134871,0.2007191326093409,187
T262C,-0.499777363,1814,-0.1621714170679442,2325,1,-0.8584014486771797,-0.8940776752717676,0.2751628045544596,0.8286306511227105,262
T116Q,-0.500701472,1815,0.0892655663904507,1946,1,-0.1151914325108623,0.3329018094242631,-0.0562844835156193,0.1956363721640215,116
T147K,-0.501617593,1816,-0.5498825963307054,2859,1,-0.4172652195334972,-0.8573711173144525,-0.2380732001156103,-0.6868208483592614,147
I206G,-0.507712402,1817,0.3199346127827852,1613,1,0.3926518074547255,0.3896387765980145,0.3394874567152884,0.1579604103631123,206
H285G,-0.50993699,1818,1.158470921658867,448,1,1.8268498262664927,1.6999160614812738,0.2534174907768888,0.8537003081108122,285
G263E,-0.511025386,1819,1.0201456929304875,608,1,0.9872501873414024,1.9686022421493288,1.5763411564412886,-0.4516108142100695,263
V82H,-0.512638539,1820,-0.4160037355173034,2667,1,-0.8969999392932982,-0.556781410151292,-0.0631066017996996,-0.1471269908249234,82
R91N,-0.512989782,1821,0.2558731695757452,1709,1,-0.0203786655990177,-0.1318165484611186,0.5724088379425257,0.6032790544205916,91
K284I,-0.514835422,1822,0.6138697570146855,1180,1,2.3718294526424617,0.045434584896887,0.4301880821710936,-0.3919730916517007,284
L197M,-0.51859851,1823,-0.0885035765771819,2212,1,0.361043338634804,0.2901473722339696,-0.3673322108150655,-0.6378728063624359,197
L55R,-0.520211329,1824,0.7615775700497074,963,1,0.5632433411552674,0.7874485215294578,0.674933545148223,1.0206848723658812,55
A34C,-0.5213988970000001,1825,-0.0534844268491938,2162,1,0.3220914181151235,-0.8805969448794957,0.1123143938287612,0.2322534255388354,34
I278M,-0.522765186,1826,0.2161003956185535,1773,1,0.459898876256535,0.2185152594515917,0.34764266119722,-0.1616552144311326,278
H94P,-0.530404004,1827,0.8696382185431543,814,1,1.1196065043510528,0.8789996518537241,1.33707575267676,0.1428709652910802,94
R63H,-0.532573946,1828,0.8515567240351536,843,1,0.3515094758960417,0.5549656934052069,1.6277481865832844,0.8720035402560816,63
I283A,-0.537631351,1829,0.5996429750400137,1202,1,1.2097005925612954,1.0799342158413867,0.6684136127929099,-0.5594765210355369,283
L197I,-0.537680195,1830,-0.2847225124565867,2490,1,0.3151206194882279,-0.1172020618532536,-0.3083309554184033,-1.028477652042918,197
A40Q,-0.538026022,1831,-0.6335879466457989,2972,1,-0.1908517914869523,-1.060336731259112,-0.2960042185809335,-0.987159045256198,40
L219F,-0.542806621,1832,0.5290632121585432,1304,1,0.4507346260632037,0.625698711729945,0.5933330270742085,0.4464864837668156,219
T262W,-0.543352313,1833,-0.3804271510582693,2625,1,-1.3321133107757426,-0.2935772257410756,-0.1926637146467001,0.2966456469304409,262
G154Q,-0.544538125,1834,-0.2861265385171005,2493,1,0.1444275202355028,-0.8780797331302076,-0.5737965156816494,0.1629425745079519,154
I206N,-0.545276258,1835,0.5846070375428433,1225,1,0.7853724116258342,0.4677695163196816,0.7059768890113108,0.3793093332145462,206
A211F,-0.547828864,1836,-0.1554433449324758,2310,1,0.1848645499432676,-0.1527375856097328,-0.7223247524570068,0.0684244083935687,211
A34I,-0.548549981,1837,0.4414764743024072,1411,1,2.0103646035450007,-0.2522068759147353,1.1154904118585804,-1.1077422422792167,34
P253V,-0.549257937,1838,0.1776197285165338,1830,1,-0.0387939340949583,0.5846682865826002,0.5503247989740139,-0.3857202373955203,253
P253K,-0.549782588,1839,0.1911535484235114,1810,1,0.932591043454878,-0.8750133345203563,0.9659206708758452,-0.2588841861163212,253
H285L,-0.553995627,1840,0.8378198849413225,858,1,2.045700809253198,1.052666475339105,0.2534174907768888,-0.0005052356039015,285
M153H,-0.558468368,1841,0.8120345448121863,894,1,1.1465107432567556,1.2768974107401565,0.1061623159387439,0.7185677093130894,153
Q203W,-0.56026314,1842,0.0420238642008336,2017,1,-0.5007302857592771,-0.0591985277436029,0.2680208204801251,0.4600034498260896,203
H110W,-0.560469723,1843,-0.0910613786669722,2217,1,-0.4196066518110647,-0.880983877729713,0.2557179944672624,0.6806270204056262,110
E195Y,-0.562971902,1844,-0.0037411239750333,2088,1,-0.5536489821152849,0.3687222886272605,-0.0193789639829277,0.1893411615708185,195
G52N,-0.5645407379999999,1845,-0.1406462180253876,2282,1,0.3812584486005292,-0.1464197884903849,-0.0134901920940932,-0.7839333401176019,52
F149H,-0.5655513120000001,1846,0.2370883072625993,1744,1,0.3018948528539011,-0.0017430432000497,0.1357714133938616,0.5124300060026844,149
P253R,-0.565616356,1847,0.3716033532022456,1522,1,1.331754921025513,-0.6932779754527508,0.9932527246524968,-0.1453162574162765,253
L49T,-0.566029879,1848,0.2921871354768394,1656,1,0.4811793644189374,0.5858661103863904,0.5570783007669177,-0.4553752336648879,49
L150T,-0.568561937,1849,0.3006680112648652,1638,1,0.1792284926023651,0.8631220733763806,0.5347061017747464,-0.3743846226940316,150
S221D,-0.568615666,1850,0.371007091575305,1526,1,0.3634758987861911,0.5859929187192423,0.0489834604791965,0.4855760883165901,221
T187M,-0.569884531,1851,0.4365059928706382,1423,1,0.3470182902107512,0.2747442350976253,1.4874269340936002,-0.363165487919424,187
L160F,-0.571760779,1852,0.345649876592515,1575,1,0.2148270631611195,-0.2338980777862659,1.7863636172174016,-0.3846930962221948,160
T116N,-0.5730477279999999,1853,0.4514533479350937,1398,1,0.7595181284067969,0.352141672621445,0.8657943116014618,-0.1716407208893286,116
A185S,-0.573427357,1854,0.7891003203112339,933,1,0.6316942169600095,0.4765672472030746,1.0896022802442398,0.9585375368376114,185
V106C,-0.574227852,1855,-0.8067906889338481,3170,1,-0.9294554337221252,-1.271379410494483,-0.6059178340839886,-0.4204100774347951,106
P249A,-0.5783242510000001,1856,0.6480297675655516,1117,1,0.4219211306747348,0.6141194113171679,1.1665507287438326,0.3895277995264714,249
T187I,-0.578642539,1857,-0.0681264619052873,2185,1,0.3771658484204145,-0.0009023298582819,0.5091386627828033,-1.1579080289660852,187
T107V,-0.579767453,1858,0.1396168736020219,1877,1,-0.0011260835921255,0.2491003931338556,0.4356372367652827,-0.125144051898925,107
F149A,-0.582402575,1859,0.3003003032736515,1640,1,0.1974188625816417,0.3413502645408372,0.4854748584446399,0.1769572275274873,149
V78M,-0.582851742,1860,0.2689818893499046,1687,1,0.3917270850621852,-0.296871083243934,0.9401893553508608,0.0408822002305063,78
L47A,-0.587413548,1861,0.3496385108811596,1566,1,0.5092319866637943,0.7841914365476356,0.2201091513214948,-0.1149785310082863,47
D99L,-0.589505055,1862,-0.1377806194688903,2274,1,-0.1418734930411783,-0.2099979609695061,0.0118763922339969,-0.2111274160988737,99
R92E,-0.591414856,1863,0.4809896199480687,1365,1,0.4084505890179695,0.5646436902045406,0.5218867676286333,0.4289774329411314,92
R176C,-0.5922636139999999,1864,-0.2705921239996013,2472,1,-0.6290067206627509,-0.6543344856487541,0.0202722414993216,0.1807004688137778,176
E270G,-0.5922990570000001,1865,0.2070284458310301,1784,1,0.0472460316841801,0.3455556003743995,0.2739420557703582,0.1613700954951827,270
K32F,-0.594552833,1866,0.25396572365022,1712,1,-0.9952477483535194,0.7230441678045114,0.2150874101606836,1.0729790649892044,32
L219M,-0.595117345,1867,0.871639159400563,810,1,0.6717249593307152,0.6931543001385417,1.832147595826008,0.2895297823069873,219
R91T,-0.598956526,1868,0.2681331655473803,1690,1,0.1212526201488503,-0.2576294959240451,0.5329999545974083,0.6759095833673077,91
A276L,-0.60293422,1869,-0.8874410294324231,3243,1,-1.2993261224452437,-0.6340074953090458,-0.8420643974876766,-0.7743661024877264,276
A222F,-0.604300296,1870,-0.1310488294757184,2265,1,0.4773726617665702,-0.0164897086979626,0.0113991684344613,-0.9964774394059428,222
S51H,-0.605656207,1871,0.0160156263848726,2053,1,0.2263873494841649,0.0120532232232449,0.2227254358082608,-0.3971035029761802,51
T198L,-0.607306196,1872,0.4466522478159948,1405,1,0.3814561582685866,0.3385033637627392,0.4483127369928104,0.618336732239843,198
T147E,-0.607522664,1873,-0.3936810705537725,2644,1,-0.5968976955912154,-0.5692603104859155,0.1206784093322047,-0.529244685470164,147
I229M,-0.607769943,1874,0.5378316972006525,1293,1,0.5477605200206513,0.73602290905652,0.2789037142957894,0.5886396454296496,229
E119N,-0.608434947,1875,0.1685697241636631,1840,1,0.1935848831315278,-0.0381398779647189,0.3581414973853649,0.1606923941024786,119
E35Q,-0.608613565,1876,0.5954457113770724,1205,1,0.563655756662802,0.3470059035494285,0.3055299893594712,1.1655911959365874,35
G251P,-0.608712558,1877,-0.9084336306917452,3254,1,-1.1200229028415862,-1.5195277116783483,0.2273327498753113,-1.2215166581223584,251
R41I,-0.608879904,1878,-0.1856017746917285,2359,1,-0.4120569970690999,-0.2899467290765649,-0.2316082130220121,0.191204840400763,41
R41Y,-0.608998027,1879,-0.3021364536183208,2513,1,-0.4400350258785696,-0.4463024775944457,-0.7479401896153703,0.4257318786151023,41
E277C,-0.6154974639999999,1880,-0.2915283778460745,2503,1,-0.6960480889888718,-0.2732277422441695,-0.0781106133145424,-0.1187270668367142,277
G85F,-0.6155449789999999,1881,-1.240585843994633,3554,1,-1.206004143723133,-0.8471064029372098,-2.299092834635521,-0.610139994682667,85
A276N,-0.616039405,1882,-0.2277899704731859,2411,1,-0.7181184986396084,-0.0612538715740332,-0.1038406642126068,-0.0279468474664951,276
R92A,-0.617133217,1883,0.4611246819336547,1387,1,0.4371934486823778,0.506609006863153,0.4864853172500324,0.4142109549390554,92
L282C,-0.617685383,1884,-0.0731258332337365,2191,1,-0.0899845303515807,0.0476520563716113,0.252871137511154,-0.5030419964661306,282
G39F,-0.618090784,1885,-0.177889096619246,2351,1,-0.1148792884467282,0.809066151537909,-1.3985086509163385,-0.0072345986518265,39
I278L,-0.61840592,1886,0.6914271369439119,1060,1,0.7168353299581054,1.119065011725473,1.4463671686174626,-0.5165589625253936,278
M209L,-0.620492384,1887,0.4693760961110076,1380,1,0.7310805527735561,1.3903635735754811,0.5098888316583448,-0.753828573563352,209
D161N,-0.6219629170000001,1888,0.5105834478848454,1321,1,0.1793197586819769,0.2595055001945051,0.8542218899084398,0.7492866427544599,161
I171P,-0.622117062,1889,0.3006565311988752,1639,1,0.3941355471490494,0.4696718308615382,0.4099690580366008,-0.0711503112516874,171
G263Q,-0.622310764,1890,0.6925022910891813,1056,1,0.7646030587402433,1.5228497226780806,0.9492354640519748,-0.4666790811135738,263
L38W,-0.62371773,1891,-0.0915701112991803,2218,1,-0.1926402749534372,-1.1446946636410786,1.6637999344011207,-0.6927454410033261,38
S221W,-0.625610278,1892,-0.7604055952473766,3125,1,-0.8150148812054487,-0.4703208730355699,-1.3044269690582764,-0.4518596576902112,221
E270W,-0.625633446,1893,-0.3738517426236984,2616,1,-1.0679884722734452,-0.7103747967796428,0.3085894311137325,-0.0256331325554382,270
R63T,-0.626124444,1894,-0.0743656044439485,2193,1,-0.1408677820543133,-0.3968318111238854,-0.1043664341464545,0.344603609548859,63
F149T,-0.633217506,1895,0.1674185986973362,1841,1,0.0851528651303349,0.5313092735190945,0.1920374049041557,-0.1388251487642403,149
Q203F,-0.6362545039999999,1896,-0.011311538086819,2102,1,-0.6322952144145699,-0.0184057971394514,0.083065819456519,0.5223890397502261,203
E46I,-0.6382741820000001,1897,0.932539276159158,732,1,1.1735307295135629,1.1974163865733578,1.2929563424296635,0.0662536461200473,46
S57L,-0.638674441,1898,-0.0587939287428098,2173,1,-0.0312864446838268,-0.0954897204890751,0.3988621967458284,-0.5072617465441656,57
S122C,-0.640035726,1899,0.1690278026983721,1839,1,0.3108676126398313,-0.1259506363425466,-0.2812666191636214,0.7724608536598252,122
I140Y,-0.643092522,1900,-0.4757085308499915,2750,1,0.1175428625777451,-0.7788995683514285,0.1361276370464932,-1.377605054672776,140
S254Y,-0.6472753139999999,1901,0.8447276899028349,851,1,2.03406983694944,0.2606637714241223,0.7465835154697434,0.3375936357680336,254
A211V,-0.649735281,1902,0.2869031158289553,1662,1,0.5896608852221221,0.4057079891927171,1.2342067055466013,-1.081963116645619,211
P143H,-0.6523088920000001,1903,-0.6596159759179389,3008,1,-0.468838645834966,-0.6181091296162025,-0.214991425938664,-1.3365247022819229,143
A183W,-0.652367159,1904,-0.9761615175838264,3317,1,-0.8915481228377791,-1.2698476012161275,-0.7038765265338296,-1.0393738197475693,183
V82S,-0.6543946820000001,1905,-0.1395829397776682,2278,1,-0.0984137770127979,-0.2885337038867788,0.1911352755684043,-0.3625195537795007,82
I283C,-0.657012279,1906,0.2689365231784713,1688,1,1.0101880801993552,0.3131686131613572,0.5446616433263649,-0.7922722439731922,283
P249S,-0.658121898,1907,0.3095979949945066,1630,1,0.3566630693799666,0.4390889717682041,0.45255357579974,-0.0099136369698842,249
R176S,-0.660139414,1908,-0.0619401563080792,2177,1,-0.5433626265295928,-0.4775751689638522,-0.0425559762315885,0.8157331464927166,176
E62H,-0.66028634,1909,-0.0509470354532395,2157,1,-0.3334154637667552,-0.6747082314275807,-0.0531027014735986,0.8574382548549763,62
V106S,-0.661677651,1910,-0.0098743115591865,2099,1,-0.1138654610106027,-0.0290867612908987,0.0940700069688139,0.0093849690959411,106
A276T,-0.6621733879999999,1911,0.2096005913505427,1779,1,0.172253472416721,0.567546192045374,0.2430188861941609,-0.1444161852540849,276
S221P,-0.663132229,1912,-0.1766692820624394,2350,1,0.2123168690469132,0.010990484728691,-0.3447500135247553,-0.5852344685006067,221
T107L,-0.66359724,1913,-0.2621548441269576,2467,1,-0.1536255084907203,-0.4810063863648774,0.4954847469225621,-0.9094722285747948,107
L282F,-0.663794413,1914,0.3556792587496385,1556,1,0.4132638947127699,0.9238105069858872,-0.2577432315589405,0.3433858648588378,282
A211I,-0.664675484,1915,-0.0304089493298665,2127,1,0.4481551657186977,0.0517079011660466,0.2598911129102157,-0.8813899771144263,211
L150Y,-0.6687882789999999,1916,-0.2586608036266883,2462,1,-0.2826239053251743,0.3073737187638243,-0.0369193866785132,-1.0224736412668902,150
P249E,-0.668956032,1917,0.0208877187916834,2045,1,-0.1782704910265785,0.5573080777220081,-0.2158863110366634,-0.0796004004920325,249
S51K,-0.6689583339999999,1918,0.0519733582712865,2004,1,0.2267829698468864,0.2064556416764128,-0.2100840539164283,-0.0152611245217246,51
T187V,-0.670291875,1919,0.1883230753460566,1816,1,0.2695948273773192,0.3310161752012271,0.5688875097888417,-0.4162062109831614,187
G39I,-0.672065611,1920,-0.0488488351794978,2153,1,-0.2948443378975244,1.0022241171142197,-0.6005815791905446,-0.3021935407441418,39
R202G,-0.6735225,1921,-0.3269153718906552,2550,1,-0.1316621455082509,-0.4897313304025079,-0.0615839097366066,-0.6246841019152556,202
L38F,-0.674853968,1922,0.0241685150043851,2041,1,0.7306664253988209,-0.4834964294130562,0.3341422320521461,-0.4846381680203703,38
P224K,-0.676098286,1923,-0.324406953276443,2546,1,-1.0103935703686608,-0.0155566217724233,-0.2429101194679641,-0.0287675014967236,224
E277Y,-0.677625439,1924,0.1932568498544256,1806,1,-0.0050685294609191,0.3278958182873128,0.0930537307352037,0.357146379856105,277
R81Y,-0.680618794,1925,-0.389463870023654,2639,1,-0.5570203239575442,-0.579298829630667,-0.2434680314706128,-0.1780682950357922,81
V257L,-0.6817602559999999,1926,1.1915291029282813,407,1,0.8903537325316254,1.5954347973965624,1.1919469937379976,1.08838088804694,257
M115I,-0.6841602940000001,1927,0.2439408275609659,1727,1,0.5200284472649366,0.4481486594767113,0.404837953658047,-0.3972517501558311,115
G90P,-0.68542057,1928,0.1974351915285888,1800,1,0.4766792958704466,0.2007358087135725,0.2487364990830619,-0.1364108375527257,90
R176M,-0.688151548,1929,-0.4969907886266111,2784,1,-0.906259350456753,-0.985982188259532,-0.3143839516798953,0.218662335889736,176
G194F,-0.689851161,1930,-1.249222175862267,3562,1,-1.0506924445407144,-0.7634654715324248,-0.9805960976300938,-2.202134689745835,194
T187G,-0.6913414290000001,1931,0.0916062548794809,1944,1,0.1432446042945021,0.537822053456171,-0.1309399503700678,-0.1837016878626816,187
R63Q,-0.693159062,1932,0.1178702013443828,1910,1,0.3348120425783626,0.0716029723411431,-0.1745523431843831,0.2396181336424088,63
R176H,-0.693165748,1933,0.6495176672291683,1116,1,-0.0801880263506763,0.243576301185054,1.743842201906849,0.690840192175447,176
L137V,-0.698817295,1934,-0.0410005509082179,2143,1,0.3718837109854289,0.2085684820603534,0.383242974890564,-1.1276973715692182,137
R81F,-0.699796092,1935,-0.5639138511767224,2884,1,-0.974613799451955,-0.7984021465700346,-0.1894466395626735,-0.2931928191222268,81
D99K,-0.7008136629999999,1936,0.0167048754712481,2050,1,0.0168178403310414,0.1429203072888084,-0.0958972188528405,0.0029785731179833,99
P249M,-0.703567053,1937,-0.3775937030754833,2623,1,-0.7814273556955357,0.2081073723378056,-0.3704147924060415,-0.5666400365381618,249
F228A,-0.705757337,1938,1.0031954225768305,628,1,1.4350732681705296,0.6273288337965022,0.899192858760377,1.0511867295799129,228
G194Y,-0.707677085,1939,-1.1461758646549471,3470,1,-0.8148158899927709,-0.7433121081477125,-1.015616097982966,-2.0109593624963398,194
D174E,-0.7127737590000001,1940,0.2360215587257293,1746,1,0.3205330096004347,0.1427881283987604,0.1286273539031002,0.3521377430006221,174
G141N,-0.71373099,1941,-0.3713024759326596,2609,1,-0.1128172580246673,0.0631372050754901,-0.3901414311736112,-1.0453884196078498,141
P253T,-0.715523995,1942,0.3217693483525724,1611,1,0.952581022466925,0.0336998542405545,0.8564450837779675,-0.5556485670751571,253
P253D,-0.716142335,1943,-0.0543392840629089,2163,1,0.3189571117709305,-1.1129173926273497,0.7055539722955712,-0.128950827690788,253
S96C,-0.716253046,1944,0.1097450926012917,1918,1,0.2912903349700258,-0.2980854610004932,0.5512344406932165,-0.105458944257582,96
P253E,-0.7171818609999999,1945,0.2723514576891402,1680,1,0.5063771324317599,-0.3633297698708974,0.8676838262374017,0.0786746419582967,253
M153G,-0.718774831,1946,0.3841477753751209,1505,1,0.8068672821005178,0.5034837848562495,-0.4155303411658977,0.6417703757096139,153
L28F,-0.720047067,1947,0.5744848033651027,1243,1,0.799946488842132,0.9039862639827522,0.7348435354093732,-0.1408370747738468,28
L55H,-0.720452442,1948,0.2154106070450079,1774,1,0.3866049522422676,0.2625461201298149,-0.046573631079925,0.259064986887874,55
L73C,-0.724250974,1949,-0.4479346290237274,2713,1,-0.4616010346438315,-0.4904776483036773,-1.1090968280690103,0.2694369949216097,73
R81S,-0.725978424,1950,0.1796736177377968,1826,1,-0.076015241682665,-0.1835427225879563,0.5536482940805006,0.4246041411413079,81
D113P,-0.731114151,1951,-0.2851230158221988,2491,1,0.1122322296212066,-0.8814223679290112,0.2022263108690109,-0.5735282358500017,113
T261Q,-0.734585906,1952,0.2081041904162721,1783,1,0.7149407798280631,-0.4650150152580042,0.0508418031584936,0.5316491939365358,261
K53W,-0.735453025,1953,0.0518156536494123,2005,1,-0.0203396161805935,-0.3239115228107724,0.4765452911221019,0.0749684624669135,53
G194L,-0.735460234,1954,-0.893396258387182,3247,1,-0.8779080906229245,-0.3350398227851353,-0.6747149935802287,-1.6859221265604394,194
S51A,-0.739318788,1955,0.2777719529557823,1672,1,0.4739552094463136,0.0174618166008193,0.5493932876367358,0.0702774981392603,51
S201T,-0.745591461,1956,-0.0157909070325912,2106,1,0.0623561463482404,0.1078180927235094,0.3870364774188788,-0.6203743446209937,201
V42W,-0.7480410390000001,1957,-0.9843917495745016,3332,1,-0.9968205302706136,-1.245103359174204,-0.8727948840761287,-0.8228482247770602,42
L73T,-0.755295224,1958,0.2336116347455628,1750,1,0.3301552737896578,0.6654140453775488,-0.2110937264730876,0.1499709462881324,73
R176N,-0.755379623,1959,-0.1304582075116995,2264,1,-0.6538503426147239,-0.6896727519985746,-0.0014075900298006,0.8230978545963009,176
R176L,-0.760679487,1960,-0.1949034394457962,2372,1,-0.3368617634051271,-0.558322065053266,-0.1589549792338473,0.2745250499090555,176
T27L,-0.7655211470000001,1961,1.2808335695607698,327,1,2.370623154794226,1.153650894603644,1.2451964651100182,0.3538637637351907,27
T116D,-0.7672614109999999,1962,0.0185552660008781,2048,1,0.1966913472906414,0.199777827675854,-0.0809312156357808,-0.241316895327202,116
T262R,-0.770570643,1963,0.3936600034662271,1485,1,0.4581901124039177,-0.2023440955858395,0.991281169495346,0.3275128275514843,262
Q204F,-0.770665464,1964,-0.2067392229103347,2386,1,-0.064088483854924,-0.848808300921116,0.062270249370577,0.023669643764124,204
E195V,-0.7748448640000001,1965,0.0576072733101675,1994,1,-0.3628695304386653,0.315579930159345,0.0920731223562912,0.1856455711636991,195
A276E,-0.779277688,1966,-0.1463327534616054,2294,1,-0.3646853535237124,-0.2653815477298599,-0.0005566664180976,0.045292553825248,276
W286F,-0.780425279,1967,1.695211744816192,58,1,2.0868067173035127,1.430322059200135,1.858093644794428,1.4056245579666928,286
L111R,-0.788257468,1968,0.0386251833260491,2022,1,0.3964604952448371,-0.1399926847363416,0.0411466506856641,-0.1431137278899633,111
G85Y,-0.7941742559999999,1969,-0.806507030391703,3169,1,-0.9836258473754051,-0.639262806665943,-0.8987778010877262,-0.7043616664377373,85
R202E,-0.795980403,1970,-0.3943130280706564,2645,1,-0.0185917652170635,-0.8365844072787647,-0.0268208858136033,-0.695255053973194,202
L100F,-0.800498928,1971,0.0150583032821872,2057,1,0.2763366315704318,-0.1701817872126685,0.2576326068426731,-0.3035542380716875,100
L55K,-0.8061271990000001,1972,0.2379828501909014,1740,1,0.2715989998290316,0.5615037465526175,-0.8098847266343164,0.9287133810162732,55
P60Y,-0.8071938129999999,1973,-0.0016042980353074,2082,1,-0.0257856782494851,0.2292800042952969,0.0056950805542731,-0.2156065987413144,60
A211W,-0.8102898940000001,1974,-0.1338560660134931,2268,1,0.1176468812827429,-0.3351732653357,-0.4256872091351438,0.1077893291341282,211
D48S,-0.813724545,1975,0.3292112673790289,1600,1,-0.1240018004907656,0.8866849192012306,0.5989454422472634,-0.0447834914416126,48
H24F,-0.8184870959999999,1976,1.0316937740124688,592,1,0.2535436820372201,1.5615838594749103,0.6256293398798523,1.686018214657892,24
V106Y,-0.819350791,1977,-0.1592145747947189,2318,1,-0.4407541985653765,-0.2190573959459097,-0.1235126640652981,0.1464659593977087,106
G39Y,-0.821028526,1978,0.0817693825445966,1958,1,0.2306942440274204,0.8866388587753965,-0.6968628898823609,-0.0933926827420695,39
H285V,-0.8257314490000001,1979,0.831843248382685,867,1,1.910072906714008,0.8406795257826207,0.2534174907768888,0.3232030702572224,285
T116L,-0.8311066909999999,1980,-0.1095976909166956,2236,1,-0.0305394046836144,0.4484576244730471,-0.6816927298895382,-0.1746162535666771,116
L192T,-0.833308562,1981,0.4624532138512999,1386,1,0.3081325011627166,0.7059965660547454,0.4994402606630082,0.3362435275247298,192
S264C,-0.83391204,1982,-0.2076967413141737,2388,1,-0.2166253373949236,-0.6095379730634557,0.7038412817905868,-0.7084649365889023,264
I259C,-0.834334283,1983,-0.4217997174450346,2673,1,-1.060380645457058,-0.4037561652912544,0.1503748406208542,-0.3734368996526799,259
E87T,-0.836128657,1984,-0.1792249476240816,2352,1,-0.6607304782418292,-0.7843818331371271,0.3394259572544129,0.3887865636282168,87
S201C,-0.840956088,1985,-0.6369590922502996,2975,1,-0.6278316196311001,-1.0061335297874174,0.0097268473963929,-0.923598066979074,201
E46H,-0.84199284,1986,0.5315532266017675,1301,1,0.4280939039281987,0.7630530497901472,0.1800717935175385,0.7549941591711857,46
W227F,-0.845939091,1987,0.2507216304368139,1720,1,0.015985426843637,-0.0968029164980411,0.0529806871562962,1.0307233242453635,227
G263M,-0.8520626170000001,1988,-0.2140471881617899,2393,1,-0.71743651587511,0.6766634040294126,0.2472276916098254,-1.0626433324112878,263
S254F,-0.852830984,1989,0.6418010582922095,1127,1,1.8317635573156903,0.0856076163836434,0.5767441594589255,0.0730889000105785,254
T187C,-0.854236268,1990,-0.1409234904897818,2283,1,-0.324474177208995,-0.4127318195754004,0.3932060200913571,-0.2196939852660889,187
R176A,-0.8559719859999999,1991,-0.1521783024505982,2305,1,-0.841936163398183,-0.7044502508130953,-0.1931805006092344,1.1308537050181195,176
I256M,-0.857250367,1992,0.1465096876052789,1867,1,0.4132389925418187,0.3227374296920472,0.3650064553628294,-0.5149441271755797,256
R202M,-0.8584954359999999,1993,-0.7863872782710452,3148,1,-0.7256980058327237,-1.1785504034726937,-0.7313122680373579,-0.5099884357414055,202
L47Q,-0.861640165,1994,0.8216338038919638,883,1,0.8266351078655035,1.0780040691766497,0.3667969081075608,1.015099130418141,47
I54Y,-0.862369383,1995,0.1902708545406114,1812,1,0.4411320624814739,0.3140225949385504,0.0702067563086702,-0.064277995566249,54
I54Q,-0.8664619440000001,1996,0.9398647093785206,711,1,1.3706786349993885,1.157068654020166,0.3988929145465631,0.8328186339479648,54
K30H,-0.8669305959999999,1997,1.0104984361657965,620,1,0.9756705050918152,1.1347899716039107,0.8298789627992504,1.1016543051682095,30
E195M,-0.8699149409999999,1998,-0.1645025557427525,2329,1,-0.6186616401794675,0.0918244470277061,-0.3378326386990557,0.206659608879807,195
G263S,-0.875088118,1999,0.4701064538966677,1378,1,0.7947878194363782,1.10217151337572,0.6543242866102535,-0.670857803835681,263
D99I,-0.877720052,2000,-0.351042300647144,2583,1,-0.1778660757497974,-0.3005929425638026,0.0421396658311436,-0.9678498501061196,99
A34L,-0.88252558,2001,0.3704800111008443,1528,1,1.8201565951273149,-0.6435018822353015,0.9641151137949896,-0.6588497822836257,34
L38S,-0.8845963490000001,2002,0.1740325987075901,1834,1,0.1850173552929699,0.1718376618211174,0.7196957784391242,-0.3804204007228511,38
H24Y,-0.88502515,2003,1.0511488405242295,556,1,0.6036920021368763,1.477455016897806,0.5442157486351781,1.5792325944270589,24
L28H,-0.889277008,2004,0.6518255974652203,1110,1,1.312685631309702,0.666241111185736,0.986130113227454,-0.3577544658620111,28
P249T,-0.890274021,2005,0.025061079617147,2037,1,0.1537989534757494,0.1946747874112203,0.2938386440919401,-0.5420680665103216,249
G226C,-0.89099476,2006,-0.5405906916382105,2843,1,-0.4766080477867889,-0.7962238485713283,-0.1594959689660072,-0.7300349012287176,226
L47T,-0.895189117,2007,0.7008709863812548,1048,1,0.7047740099452543,1.0368585245562325,0.5675181500230316,0.4943332610005009,47
G251V,-0.8962735140000001,2008,-0.6286948218464111,2963,1,-1.099395110379864,-0.693377046437261,-0.1353272520662667,-0.5866798785022528,251
G251W,-0.899293474,2009,-0.7885735247510163,3151,1,-1.6178398151377322,-0.5637623763098097,-0.9785189443407316,0.0058270367842087,251
L136V,-0.906487138,2010,0.0062305868051199,2068,1,0.3308993235190903,0.5974632284124531,0.4780510438855163,-1.38149124859658,136
E119H,-0.909007435,2011,-0.055591472345326,2165,1,-0.0653721643827205,-0.6531145477859214,0.3079497550273692,0.1881710677599684,119
T147D,-0.909715515,2012,-0.2940939023539329,2508,1,-0.3371510406927065,-0.1733870621133057,0.0258437314253737,-0.6916812380350933,147
Y95L,-0.912806239,2013,-0.1922316484983399,2369,1,0.029806621723954,-0.7029404292277291,0.6506922571387109,-0.7464850436282955,95
A276W,-0.913513533,2014,-1.450927162905225,3686,1,-2.2083240127534003,-1.002475738055746,-1.8090549788261148,-0.783853921985639,276
K284C,-0.918670018,2015,0.551441352424538,1272,1,1.9312376035507357,-0.4120071102690666,0.6433231176485402,0.0432117987679425,284
A34F,-0.922138302,2016,-0.0204178893663544,2113,1,1.2353171618174676,-0.8132900893137158,0.0212680654595131,-0.5249666954286829,34
E195I,-0.923341277,2017,-0.2977883697001891,2512,1,-0.6910951451871326,0.1158050590193807,-0.479304307900639,-0.1365590847323656,195
T262F,-0.92448673,2018,-0.3447024433039179,2578,1,-1.0453289290223522,-0.3195499985373446,-0.2554179526704656,0.2414871070144908,262
F228H,-0.929733827,2019,1.1536167598979152,452,1,1.719364850893307,0.7426168791817949,0.8269354067321298,1.3255499027844295,228
E62V,-0.936311053,2020,-0.0289839308478342,2124,1,-0.2211899731767736,-0.0862909037576781,-0.2193355343958222,0.4108806879389369,62
D161E,-0.941199774,2021,0.3866301614841246,1500,1,0.0189182165784015,0.3324516935482107,0.7669568951040764,0.42819384070581,161
H110C,-0.942352686,2022,-0.5323578779358901,2834,1,-0.6165187216763851,-0.9756767840136517,-0.4794808863920913,-0.0577551196614321,110
L192W,-0.944648318,2023,-0.1213427164422968,2251,1,0.0582733964718722,-0.2576979863240509,-0.1981234514962558,-0.0878228244207527,192
G154H,-0.947665442,2024,-0.3368017475906282,2565,1,-0.0437604974493268,-0.8270862293709589,-0.6541805014369877,0.1778202378947606,154
F228V,-0.947842669,2025,0.8914697752392002,784,1,1.534919025166218,0.5460608672930226,1.3772263592903022,0.1076728492072581,228
L192Y,-0.947878926,2026,0.0657026669469495,1981,1,0.2388382527794439,-0.1095796616164534,-0.0945716060522087,0.2281236826770162,192
L137F,-0.950327725,2027,0.3845005501500769,1504,1,0.4940229669090538,0.6486227139805717,0.029553563471146,0.365802956239536,137
G154S,-0.952716773,2028,-0.1274700723017628,2257,1,0.190280307251143,-0.7954932000605661,0.0072813275308949,0.0880512760714766,154
W208M,-0.953390179,2029,0.1750904197354643,1832,1,-0.1726405649971918,-0.2964830130992521,-0.0682334863426254,1.2377187433809267,208
C75I,-0.955438898,2030,-0.397262201298693,2650,1,-0.3688760295597529,-0.7036114329621026,-0.0464937545957891,-0.4700675880771274,75
R162Q,-0.955581138,2031,-0.342514440632097,2573,1,-0.6251990756981638,-0.8067314384998829,0.087103499023189,-0.0252307473535302,162
W286Y,-0.962360954,2032,1.611780857426402,90,1,1.8776536096386167,1.3018230670450095,1.858093644794428,1.4095531082275523,286
V106W,-0.962883795,2033,-0.3732466068090679,2613,1,-0.815709980956059,-0.150630178966014,-0.27086468288636,-0.2557815844278386,106
K32C,-0.969015678,2034,-0.0064864965598122,2091,1,-0.9211355706634828,-0.0376291063838644,0.3354271672366642,0.5973915235714341,32
P25G,-0.969267861,2035,0.7947688662362206,925,1,0.3934179449826102,1.1613361303596377,0.933507670137842,0.6908137194647926,25
W208F,-0.969442853,2036,0.1994736147654598,1796,1,-0.1137717826117063,0.3220556848432817,-0.2323807384607485,0.8219912952910124,208
E277F,-0.970996006,2037,0.0759814030139377,1969,1,-0.2478119016232484,0.5275277694228371,-0.18773911221205,0.2119488564682124,277
K109P,-0.973440827,2038,-0.1385549802176259,2275,1,-0.0741771549008845,0.1072596811411748,0.1363790035612743,-0.7236814506720685,109
G263A,-0.974024595,2039,0.6595348591400865,1102,1,0.7305455581513176,1.282292451358689,1.393001700995702,-0.767700273945363,263
E195W,-0.974195725,2040,-0.5837154739562312,2909,1,-1.1555306847589206,-0.227929177335582,-0.7515096360325466,-0.1998923976978758,195
S281G,-0.975169465,2041,0.3367356993435667,1590,1,1.0186011819111918,0.8012981776095837,-0.1419713012965021,-0.3309852608500062,281
G90C,-0.975286612,2042,-0.0180469553576308,2110,1,0.1189851907910116,-0.6337239298890958,0.1013040478294635,0.3412468698380972,90
S57D,-0.976962278,2043,0.5745250632434742,1242,1,0.53731035287852,0.3423863397984885,0.7129821990939454,0.7054213612029427,57
K109C,-0.977215953,2044,-0.4259203666264283,2679,1,-0.6796450214447639,-0.94632371933518,-0.273857373934327,0.1961446482085579,109
T186P,-0.979858789,2045,-0.0402316810124132,2141,1,0.4223910931895848,0.9435107848923326,-0.6527027368202487,-0.8741258653113217,186
L73S,-0.986445615,2046,0.3435584777946016,1579,1,0.0059373883006313,0.9386992711089042,-0.0032716696382019,0.4328689214070728,73
I54P,-0.990800176,2047,0.6498139071477607,1114,1,0.985409239071512,1.3811476500398394,0.2931540756276976,-0.0604553361480066,54
E62S,-0.991022422,2048,0.0585245594885019,1991,1,-0.2328089592690844,-0.5122182956634301,-0.0774087242452305,1.056534217131753,62
V106H,-0.99464539,2049,-0.3406759204064888,2570,1,-0.6010241436262962,-0.5587282055433368,-0.0028683312417509,-0.2000830012145714,106
L55T,-0.997385307,2050,0.7978355805614199,921,1,0.7805800126981692,1.0996405593183125,0.6047632550691451,0.7063584951600526,55
R92P,-0.997423642,2051,0.1958576414582695,1802,1,0.5135220954853593,0.2508963074602053,0.4324969792155726,-0.413484816328059,92
R63I,-1.001374095,2052,-0.2102566649154165,2389,1,-0.2851865925121529,-0.4579009856470767,-0.288768009411935,0.1908289279094982,63
L111E,-1.001409632,2053,0.0277073644363817,2031,1,-0.0089023958335662,-0.0175326077224041,0.5089859293038728,-0.3717214680023753,111
G263C,-1.002343849,2054,-0.5361497040917941,2840,1,-0.8574739119121407,-0.3036499900858297,0.5986318300956444,-1.5821067444648502,263
E87A,-1.004393455,2055,0.3439907070359327,1576,1,-0.086314387586232,-0.2657241260959404,0.4420122578408665,1.285989083985037,87
H24P,-1.010848138,2056,0.8388561818928106,857,1,0.7740339832920207,0.6392802822314505,1.1954128503951422,0.746697611652629,24
A183G,-1.016716013,2057,0.0849412627367268,1951,1,0.5886476483016547,0.0987121550400906,-0.4103434116244728,0.0627486592296346,183
S80C,-1.017420265,2058,-0.0638514197786931,2179,1,-0.3693905571605588,-0.5272708933724386,0.3863628837292147,0.2548928876890101,80
F228T,-1.022036606,2059,1.0813753924278489,526,1,1.7903051365457083,1.0423695060271734,1.0163945130813634,0.4764324140571506,228
E62A,-1.023939685,2060,0.3669311920337996,1534,1,0.1261387728603893,-0.1508899875682497,0.5711802553516568,0.921295727491402,62
A40M,-1.027279569,2061,-0.5119310246524714,2805,1,0.1901963786426896,-0.8818113226360549,-0.092077323185927,-1.2640318314305936,40
A34W,-1.029580625,2062,-0.359927841141171,2593,1,0.4942244458259935,-1.682105219116307,0.3073017845226932,-0.559132375797064,34
M153Y,-1.035927336,2063,0.7462453447980337,985,1,1.011343807291749,1.0402183135465506,0.1548379139911008,0.7785813443627341,153
P249D,-1.041499991,2064,-0.3203870035445299,2540,1,-0.4129489018680347,-0.0187900763025834,-0.2894853882310707,-0.5603236477764308,249
H110E,-1.050391483,2065,-0.3193166075758128,2535,1,-0.4924334402471441,-0.7415015353593691,0.3746007770209807,-0.417932231717719,110
C75G,-1.053258683,2066,-0.3443735280979801,2577,1,0.0435031926720481,-0.0862888819008513,-0.1771974848568356,-1.1575109383062816,75
E195L,-1.055149919,2067,-0.0583753436716803,2170,1,-0.8220556873482575,0.2209569043019805,0.1825818877093895,0.1850155206501662,195
S281W,-1.05525514,2068,0.1417250710817486,1873,1,0.7832348705844911,0.1872023836777537,0.2087155470575029,-0.6122525169927533,281
M115Q,-1.057211717,2069,-0.3493448436877851,2582,1,-0.802921472320443,-0.5365980980123337,-0.4587814586097701,0.4009216541914063,115
T116M,-1.060159582,2070,0.074995534790147,1971,1,0.0064924855835771,0.4343953575109848,-0.3806244338768625,0.2397187299428886,116
G279C,-1.062366435,2071,-0.2549890381729884,2451,1,-0.5082024196158892,-0.3831756846518939,1.6896705696048218,-1.8182486180289923,279
E108P,-1.062669137,2072,-0.4851733754369305,2762,1,-0.7688090160828086,-0.4288054549819114,-0.1161394538201356,-0.6269395768628664,108
E46Y,-1.06271258,2073,0.2992094219442906,1643,1,0.4272669558516741,0.5261374901223518,0.2697334866670371,-0.0263002448639005,46
L192C,-1.063779785,2074,-0.1688393359539485,2339,1,-0.3813491525771953,-0.4713673103094583,0.2990617185849225,-0.1217025995140628,192
L89F,-1.065589855,2075,0.0574961096938304,1995,1,0.3162910717795901,0.0107559493367895,-0.3061947423958257,0.2091321600547677,89
R162T,-1.077646983,2076,-0.6551358304172274,2999,1,-1.021779591751699,-1.0630348991943923,-0.3240507822423636,-0.2116780484804548,162
M180P,-1.07766428,2077,0.5615298213185456,1258,1,1.501665442543144,0.3681353183172483,1.1199074534966778,-0.7435889290828879,180
R189I,-1.078739255,2078,-0.3915949573967477,2643,1,0.2554916424239294,-0.7512724112066813,0.0172886484854557,-1.0878877092896948,189
P253W,-1.079928286,2079,-0.6781443802509521,3025,1,-0.7515738994120215,-1.1399175214237045,-0.628081901782058,-0.1930041983860249,253
L137T,-1.083467725,2080,0.1340798645170234,1884,1,-0.3234199434248474,-0.2303629874907672,1.9103615826589373,-0.8202591936752294,137
H94C,-1.083906813,2081,0.2753811356465817,1676,1,0.2490708651581509,-0.1148546860774114,0.5500053959623022,0.4173029675432851,94
R63P,-1.086821958,2082,0.0166587549566588,2051,1,0.235968177064005,-0.1530436441868801,0.0091053651090822,-0.0253948781595715,63
L188C,-1.090092962,2083,-0.3898295595075357,2641,1,-0.6423645617779253,-0.6374686614643169,0.0301844194445583,-0.3096694342324589,188
F149Q,-1.090552187,2084,0.0432452480009895,2015,1,-0.1717013686889424,0.5589804692328492,0.0953448529818561,-0.3096429615218046,149
F58C,-1.092346968,2085,0.4917819396074142,1356,1,0.8284007622479228,-0.1835817696979226,0.5577156018258039,0.7645931640538529,58
S254P,-1.092810178,2086,0.2421198704090282,1731,1,1.0282539644522013,-0.4070576047572134,0.7663748583854301,-0.4190917364443051,254
V31A,-1.100230314,2087,0.6479088344185163,1118,1,0.3118354678037516,1.1006402727445954,1.0891440459238175,0.0900155512019009,31
A77E,-1.10575645,2088,0.0746107523039737,1972,1,0.3164396932630325,-0.1049732399348872,-0.3463688743110675,0.4333454301988174,77
E108C,-1.109340326,2089,-0.5760789663652661,2896,1,-1.3294102567603747,-0.8477367168029453,-0.486401321353281,0.3592324294555369,108
G39C,-1.109586321,2090,-0.2300806718890858,2415,1,-0.1775569722130954,0.2733136450266569,-0.7994932713344468,-0.2165860890354578,39
L55E,-1.114443659,2091,0.3988862118080687,1481,1,0.188814396104034,0.6073008255350475,-0.1152638078614287,0.9146934334546222,55
G76C,-1.115576811,2092,-0.6432171425585556,2982,1,-0.092941480971683,-1.4294256840516206,-0.1310171974672625,-0.919484207743656,76
R176Y,-1.119486404,2093,-0.579258250547851,2898,1,-0.9750638728968676,-1.0061691650139888,-0.2490731100808083,-0.0867268541997391,176
L188Y,-1.120273917,2094,0.2938086244673507,1652,1,-0.0020577790950984,0.4183941298520812,0.0766774695254969,0.6822206775869232,188
P181V,-1.1222861990000002,2095,-0.8032124103973912,3166,1,-0.5749347849186118,-0.7848620241334773,-0.9216082541209352,-0.9314445784165404,181
I54H,-1.122305108,2096,0.3897578308107074,1493,1,0.7024257930196978,0.4674021702074737,0.3850970494238804,0.0041063105917776,54
A200W,-1.124258477,2097,0.0802513128324908,1961,1,-0.1905290935259468,-0.2459048745518463,0.4028448088585643,0.3545944105491924,200
L111P,-1.124830808,2098,-0.0635116367289571,2178,1,0.1855626525288208,-0.4398377167570041,1.260940670827094,-1.2607121535147392,111
R202N,-1.1257120040000002,2099,-0.3248562983766002,2547,1,0.0668853511905937,-0.5116591258847856,-0.6046726525594385,-0.2499787662527705,202
E56V,-1.128714536,2100,0.4430902724489091,1407,1,0.9059459466919378,0.3780906886000002,0.9859183671174974,-0.4975939126137993,56
V78T,-1.133446022,2101,0.1841109741959825,1821,1,0.209591325179879,0.0342185868826643,0.3499695065734035,0.1426644781479832,78
T261D,-1.133929996,2102,-0.4597790557063214,2730,1,-0.402312634344405,-0.4619286508119894,-0.6511643777062535,-0.3237105599626376,261
T139K,-1.134124571,2103,0.5821389264629637,1232,1,0.4739940075814789,-0.3363522605977913,0.7448073317713733,1.446106627096794,139
S122P,-1.137558841,2104,-0.3873828433498181,2634,1,-0.0115304794886586,-0.4023815553811763,-0.7380710940142932,-0.397548244515144,122
V106F,-1.138470781,2105,0.0125024203960841,2062,1,-0.1294043402992258,-0.032228221335442,0.042939206873029,0.1687030363459753,106
F228R,-1.14201242,2106,1.1994445307121837,398,1,2.0277429579554096,0.9458862139316456,0.9654188278268664,0.8587301231348119,228
G52D,-1.142466432,2107,0.0564731402203948,1997,1,0.5222395891727943,0.0260112381926786,0.6080221089644029,-0.9303803754482964,52
F58I,-1.14552304,2108,0.5181879291239818,1312,1,0.8574970392517302,0.4785827857272285,0.4656888902932329,0.2709830012237356,58
V258T,-1.145976647,2109,0.6514154844268663,1111,1,0.5694424457532175,0.7789768150593763,0.8124080902727657,0.4448345866221055,258
S264N,-1.146017061,2110,0.1412137606891885,1875,1,0.8790868822340934,-0.4434426874790773,1.149974352160461,-1.020763504158723,264
R189D,-1.147991783,2111,0.1813201292778608,1824,1,0.918891193260256,-0.0109606884731457,0.670530668967246,-0.8531806566429129,189
V106R,-1.148098026,2112,-0.0708591624962502,2187,1,-0.1415258929092216,-0.6344300633858339,0.2075269466089319,0.2849923597011225,106
P143T,-1.151452176,2113,0.0005374013035224,2077,1,0.1907261340089813,-0.0031449481772887,1.11798105517993,-1.3034126357975326,143
A77G,-1.152291686,2114,0.1321937225081048,1887,1,0.3555961457912475,0.5397298649212752,-0.2669267618503703,-0.099624358829733,77
M209C,-1.152460299,2115,-0.9825991412919086,3328,1,-1.3437774775979934,-0.7580949143364034,-1.2579132300971716,-0.5706109431360662,209
A132S,-1.153553251,2116,0.2339370076476269,1749,1,0.4491198295852308,0.4462761673230491,-0.1743605737781314,0.2147126074603594,132
P249H,-1.15544864,2117,0.2441464639638371,1726,1,-0.0941468867643501,1.2477371806565354,-0.0274313687476066,-0.1495730692892297,249
P143A,-1.155561932,2118,0.0141757304411099,2059,1,0.3541566947712948,0.0864118099364783,0.204794454315734,-0.5886600372590675,143
L136M,-1.15861749,2119,0.2986861664784536,1644,1,0.6329935901273207,0.5007193379268668,0.3306320772481677,-0.2696003393885409,136
R159N,-1.158634112,2120,-0.0585887865670381,2171,1,-0.3414783896932318,-0.6680831120705687,0.0434817089881807,0.731724646507467,159
R41F,-1.159161857,2121,-0.4765051055125379,2751,1,-0.8027274816446167,-0.6600654388241414,-0.8426190330970753,0.3993915315156818,41
S51R,-1.166772263,2122,0.138040775589343,1879,0,0.144044112239161,0.1414023982761352,0.3661503471551131,-0.0994337553130374,51
R176F,-1.1687866000000002,2123,-0.6871279814685307,3038,0,-1.2212900058984275,-1.2058032643723913,-0.2775987708294556,-0.0438198847738486,176
C75T,-1.171416675,2124,0.0475191170263526,2012,0,-0.0912024500505383,-0.0594224483871641,0.1559664566258693,0.1847349099172437,75
G43A,-1.171754763,2125,-0.0285020302678873,2122,0,0.0785281338075169,0.4370303424204304,-0.1063682789424048,-0.5231983183570916,43
G141Q,-1.174642188,2126,-0.7525271533777707,3115,0,-0.6284655821648337,-0.4797455059013032,-0.5235300567053871,-1.3783674687395584,141
E87Q,-1.176308169,2127,0.5402978021373652,1287,0,-0.0376974847233252,0.1275855341864181,0.8441682054244005,1.2271349536619671,87
E56H,-1.177880662,2128,1.0352900139468364,587,0,1.591363640261162,0.9718514047648148,0.6340521774568364,0.943892833304532,56
G194W,-1.17832734,2129,-1.3532481204818554,3630,0,-1.2754327532649086,-0.8662372122317996,-1.1721560820395958,-2.099166434391118,194
Y95V,-1.178690744,2130,-0.2761265777750927,2481,0,0.0592922747015006,-0.8118765586597231,0.8437678544674632,-1.1956898816096118,95
E46F,-1.180487928,2131,0.3741189915409356,1516,0,0.5880268278823587,0.4361605648867783,0.441550715886199,0.0307378575084065,46
L100W,-1.185561117,2132,-0.521011287014381,2825,0,-0.4239043242587208,-0.7220810950743493,-0.5907196272332126,-0.3473401014912416,100
R159F,-1.18597189,2133,-0.7183234628678143,3072,0,-0.924961559305966,-1.0129449127045922,-1.153070225056292,0.2176828455955925,159
A222D,-1.188570578,2134,0.2890512209617007,1661,0,0.7616415975856448,0.5987258780007506,0.281232695805456,-0.4853952875450483,222
M184L,-1.189826062,2135,0.6578861194913113,1104,0,0.6502595518181307,0.5820540888886544,0.2046255504465214,1.194605286811939,184
L135Q,-1.193573049,2136,-0.0162287517873382,2108,0,0.1377270270101437,0.1422685111942889,-0.1234587721003582,-0.2214517732534273,135
L135F,-1.195243408,2137,-0.1374121995378313,2272,0,0.2207284756233597,0.2193452316789674,-0.1778922228502403,-0.8118302826034122,135
P249C,-1.200239393,2138,-0.7518949792121294,3113,0,-1.1965399367037213,-0.3759913955162374,-0.7161004546211995,-0.7189481300073596,249
D48A,-1.202840841,2139,0.077423512493592,1966,0,-0.352239620381484,0.7296628424928882,-0.3372561742748615,0.2695270021378256,48
L188A,-1.20747049,2140,0.1248405693027036,1900,0,-0.0191648166888536,-0.0368706573417345,0.1967636050466181,0.3586341461947848,188
I54R,-1.209600931,2141,0.8186649920746157,886,0,1.279411738717232,0.8131417726194307,0.4302201940212459,0.7518862629405546,54
G154K,-1.210318364,2142,-0.3193796366688888,2536,0,0.1351483330795771,-0.9009560321963284,-0.5772867922861473,0.0655759447273432,154
I256C,-1.213999249,2143,-0.6314812550962291,2966,0,-1.0056474578172752,-0.5172560046793498,-0.0194522121965956,-0.983569345691696,256
T198V,-1.215136884,2144,0.0978443422212675,1935,0,0.1091238557093259,0.4877968927508777,0.1836447829158922,-0.3891881624910258,198
I229L,-1.216477581,2145,0.7323764202987844,1008,0,0.7646003071885589,0.9308372176551096,0.3401399171328241,0.893928239218645,229
E62Y,-1.2178737,2146,-0.6045824018952337,2931,0,-0.8755708547757796,-0.9951065753864948,-1.079147829633408,0.5314956522147474,62
E62F,-1.220230028,2147,-0.8070389930972522,3172,0,-1.238440992934154,-1.1290252732338633,-1.2393848725483951,0.3786951663274036,62
A222L,-1.220598653,2148,0.1382806148527916,1878,0,1.022927010648001,0.1547184737030797,0.3770318803692102,-1.0015549053091246,222
N50C,-1.223080702,2149,0.2509691609998118,1719,0,0.1547412908247342,-0.1223404846123552,0.3620498199527247,0.6094260178341437,50
E61C,-1.223368361,2150,-0.1716624969641014,2344,0,-0.2364512347210276,-0.2892785053953282,-0.5098018473304011,0.3488815995903512,61
S57I,-1.225007314,2151,-0.1984160463625336,2377,0,-0.1312771544273783,-0.0456978315151669,0.2828663516567086,-0.8995555511642979,57
L55Q,-1.22558591,2152,0.4367175499222261,1422,0,0.364270607220606,0.5891468258198751,-0.0719908359079229,0.8654436025563464,55
I54C,-1.22733725,2153,0.0506026128603069,2008,0,-0.126847809552089,-0.4914876921546843,0.4609311240581025,0.3598148290898988,54
F228S,-1.232204024,2154,1.170576902164984,436,0,1.7133961133639417,1.0994473140337946,0.9428368498453372,0.9266273314168632,228
A77D,-1.23474708,2155,-0.1548888881281267,2308,0,-0.2632679328214313,-0.3773306229318474,-0.137769828405361,0.1588128316461327,77
G154A,-1.237814556,2156,-0.4985138687779828,2786,0,-0.0471900616226599,-0.8952281118061812,-0.9240683494883756,-0.1275689521947145,154
E46D,-1.243973026,2157,0.7329450934690342,1005,0,0.7586701479215073,1.55444283392896,-0.4873602049423639,1.106027596968033,46
D99R,-1.245599476,2158,-0.0896423657832914,2216,0,-0.2096951963993086,-0.1264106087706294,-0.0400392837351081,0.0175756257718805,99
Q204W,-1.247783737,2159,-0.2370324476757431,2426,0,-0.1558626582158686,-0.888203928457992,0.1436428746685517,-0.0477060786976635,204
E195F,-1.257844668,2160,-0.4676479632886033,2741,0,-1.2224878229366778,0.0863396549209738,-0.7285009547667294,-0.0059427303719798,195
L38H,-1.263921658,2161,-0.4624636343754656,2734,0,-0.1394429808483508,-1.0032448018462163,0.5970877131889935,-1.304254467996289,38
L28S,-1.264096226,2162,1.0140371500671082,616,0,1.828725925923255,1.2336636987073872,1.0876811125929244,-0.0939221369551337,28
P143Q,-1.269922254,2163,-0.4170305883942524,2669,0,-0.2113227078101791,-0.22092369616304,0.0785863956201819,-1.3144623452239723,143
R63M,-1.270809434,2164,-0.2976630671992724,2511,0,-0.4030054222890336,-0.8240996941057643,-0.164430415817685,0.2008832634153932,63
P224G,-1.271180378,2165,-0.6405561395805272,2979,0,-1.136088295942462,-0.5724485259695772,-0.4000226398533597,-0.4536650965567097,224
T262L,-1.271330923,2166,-0.1136821107450175,2240,0,-0.5830341469176206,0.0706329865285158,-0.0564330004868249,0.1141057178958592,262
G142N,-1.272083085,2167,-0.3594422529755069,2592,0,-0.4082020103385466,0.4629497887428945,-0.4922325751085701,-1.0002842151978055,142
D48N,-1.278640676,2168,0.5901028385861606,1215,0,0.5627035061892556,0.5832466685013002,0.3933540728988756,0.8211071067552113,48
A222W,-1.279806225,2169,-0.6510339310190945,2992,0,-0.374111491129409,-0.2787514550948163,-0.8680760328901106,-1.0831967449620417,222
R176E,-1.282004161,2170,-0.3875845764357628,2635,0,-1.1729765275705732,-0.9749337516298252,0.1845946468347034,0.4129773266226438,176
L55W,-1.28202634,2171,0.1145439332158064,1915,0,0.6457592759609516,-0.4039779377119372,0.4377296879407683,-0.2213352933265571,55
G85T,-1.2822142440000002,2172,-0.4912333851793671,2771,0,-0.4768012343561869,-0.320596435811233,-0.5075159944555837,-0.6600198760944647,85
T147I,-1.282457123,2173,-0.6246047739537668,2959,0,-0.1898323604341544,-0.7058152569032464,-0.2196442163627224,-1.3831272621149435,147
G251I,-1.282882225,2174,-0.9337623171739876,3278,0,-1.4979981551271695,-0.8538068364610173,-0.6361450665923252,-0.747099210515438,251
R202I,-1.284960855,2175,-0.9878034252857084,3337,0,-0.963362817692219,-1.0568502918935063,-0.2585795474295419,-1.6724210441275669,202
V106K,-1.285721958,2176,0.007550693428839,2066,0,-0.0579735308793197,-0.4614455533964509,0.1556413485328579,0.3939805094582688,106
A34Q,-1.292157836,2177,-0.2785097526188024,2484,0,0.3846822081305831,-0.9638855677322216,0.2766398974070932,-0.8114755482806641,34
G226Y,-1.292676546,2178,-0.3635928508555783,2597,0,-0.2564349630620108,-0.3213441437389708,-0.2561967738318102,-0.6203955227895216,226
T147H,-1.292782142,2179,-0.8556059804742268,3214,0,-0.7736183515021199,-1.2381408424592302,-0.4647395767920006,-0.9459251511435564,147
R63S,-1.296136203,2180,0.0857532618211825,1949,0,0.1101751997359965,-0.2376880484079853,0.0616147776903329,0.4089111182663861,63
P60W,-1.297597785,2181,-0.2742490421305833,2477,0,-0.5203952864147445,-0.1596220081047738,-0.1423275414217354,-0.2746513325810795,60
I54S,-1.302305709,2182,0.9600405184289752,678,0,1.3562632682893756,1.202171920195896,0.6302833810485229,0.6514435041821066,54
E56M,-1.303131735,2183,0.374003696451087,1517,0,0.6352000456024012,0.1796352054055338,0.1819276441566451,0.499251890639768,56
R63Y,-1.305136837,2184,-0.2381205640640759,2431,0,-0.4163865573623028,-0.2560593977320318,-0.7918574348196374,0.5118211336576683,63
C121M,-1.306918993,2185,-0.3888967718796637,2638,0,-0.9175808925555722,-0.8235227067138341,0.130958509197056,0.0545580025536952,121
P60F,-1.310573596,2186,-0.1358446962942588,2269,0,-0.0283078083184864,0.0325430994035573,-0.3095109680081414,-0.2381031082539646,60
A183P,-1.311531959,2187,-0.785359195930189,3145,0,-0.0002342667423308,-0.6224614291678582,-1.110856546693236,-1.407884541117331,183
M153R,-1.312866025,2188,0.6053775018450616,1194,0,0.8124708233877261,0.7970713595472373,-0.0830457959101229,0.8950136203554057,153
D161S,-1.313168235,2189,-0.000309884647885,2078,0,-0.4719618203307926,-0.3875967273356587,-0.0228440890670112,0.8811630981419226,161
E56L,-1.314274174,2190,0.7962950075123343,923,0,0.8084565356352298,0.4935738431690736,0.8668963106424221,1.0162533406026115,56
L74A,-1.314976379,2191,0.6667413965211623,1091,0,0.9541792782243848,1.4569372454115874,0.6781651750504946,-0.4223161126018174,74
F149E,-1.318017717,2192,-0.2728192943566624,2474,0,-0.5901020916523848,-0.0527868406478634,-0.1029806515128034,-0.3454075936135981,149
F149K,-1.31821425,2193,-0.2233675695472627,2405,0,-0.5553907017672995,0.2600871631303471,0.0001505425530714,-0.5983172821051698,149
T139Y,-1.324513524,2194,0.0018535126333451,2074,0,0.1685722983163088,-0.9775058062455384,0.4754977792842838,0.3408497791783266,139
V82Y,-1.331138427,2195,-0.3837598344782228,2629,0,-0.4403414406844021,-0.7948406457697366,-0.2155817702654573,-0.0842754811932953,82
R202H,-1.331543416,2196,-0.0070579785613179,2092,0,0.4085636664844486,0.1464866099990699,-0.0847564387000075,-0.4985257520287826,202
S51I,-1.335857706,2197,-0.5588151959839615,2873,0,-0.4819318856785795,-0.449729019451559,-0.477564339666064,-0.8260355391396431,51
R63V,-1.337554196,2198,-0.2216622108865031,2402,0,-0.3373221897203041,-0.4848088672257122,-0.2988625562803902,0.2343447696803938,63
L111G,-1.338578008,2199,-0.3670420943949687,2603,0,-0.4927938809536277,-0.9373203908857184,0.1251524095348448,-0.1632065152753739,111
G263L,-1.341277354,2200,-0.1087429642960059,2234,0,-0.7223561646450527,0.811516515645863,0.3621816931109967,-0.8863139012958309,263
V257A,-1.3430452380000002,2201,0.6320449644736331,1152,0,0.8034761893941136,1.148621304606544,0.3730865781683955,0.2029957857254795,257
E62I,-1.344574689,2202,-0.3347563910510895,2558,0,-0.686280306664453,-0.5892739130174796,-0.2254609014468774,0.1619895569244518,62
H24W,-1.3475859609999998,2203,0.8053755216932075,904,0,-0.1301417812789506,1.1432903315762086,0.6250282609816127,1.5833252754939595,24
P249V,-1.3480607409999998,2204,-0.1184485648371676,2245,0,-0.3107399389004003,0.5016138200236206,0.004860733289025,-0.6695288737609161,249
R91S,-1.3524947180000002,2205,0.1969914704147547,1801,0,0.163478874608714,-0.380027906304767,0.4280421257413924,0.5764727876136795,91
R91A,-1.352936045,2206,0.2083258689971935,1781,0,-0.1068258233349471,-0.5293306600146775,0.6026821321651502,0.8667778271732488,91
M153K,-1.354327293,2207,0.535803740615046,1295,0,0.7464563240988646,0.7061878842569754,-0.0411327142345954,0.7317034683389392,153
P181C,-1.356029739,2208,-1.171130278074526,3494,0,-1.2189967948782316,-1.4821878070700578,-1.143810477861562,-0.8395260324882519,181
F149S,-1.357072082,2209,0.3596427572128592,1544,0,0.1543055907822275,0.4017139373975489,0.8700056899237909,0.0125458107478697,149
F149R,-1.3596861269999998,2210,0.0151841452046699,2056,0,-0.1690692519375458,0.5847952212815037,0.1712056406776786,-0.526195029202957,149
R91C,-1.363640025,2211,-0.6334108783614981,2971,0,-0.6311968050335177,-0.8368828838928118,-0.6845451405360596,-0.3810186839836033,91
E62G,-1.366168672,2212,-0.2584908172826812,2461,0,-0.3993545529496379,-0.7319566020124451,-0.2156526017403186,0.3130004875716765,62
R91Q,-1.3668792369999998,2213,0.5785568000127503,1238,0,0.6368245541783288,0.1482813870309544,0.580320384982183,0.9488008738595352,91
G141K,-1.367054306,2214,-0.6398148880704745,2977,0,-0.4019411120462065,-0.1401323192234381,-0.776730885688955,-1.2404552353232985,141
C121A,-1.367100962,2215,0.3539765616762743,1558,0,-0.1258828567098081,0.0901896494172372,1.5621093914477888,-0.1105099374501205,121
Q86P,-1.368783659,2216,-0.5452862442209478,2850,0,-0.2219453809095057,-1.0312611664301106,0.3959217279615052,-1.32386015750568,86
V117T,-1.370634622,2217,0.3374769224335061,1589,0,0.257233311819292,0.2726121870738306,0.117918151216758,0.702144039624144,117
M153E,-1.375037549,2218,0.7387741062112763,997,0,1.1200638964208791,1.013192500850193,-0.0508782758696711,0.872718303443704,153
F228K,-1.376374769,2219,1.182801518155575,424,0,1.985630710710083,0.9394879848204092,0.9095965794819756,0.8964907976098325,228
T116A,-1.3788882340000002,2220,0.515532462405469,1314,0,0.3398617429989193,0.5794134175068837,0.9464135465481912,0.1964411425678818,116
T139F,-1.379021899,2221,-0.0600095136576619,2174,0,0.013850737867282,-0.8132329718583605,0.4145936516130156,0.1447505277474151,139
P224T,-1.37993249,2222,-0.5823429495091392,2906,0,-0.8491637735156148,-0.4175493989293088,-0.2663413514306999,-0.796317274160933,224
A148P,-1.3817948759999998,2223,-0.4492828822803113,2715,0,-0.1660860422168944,-0.5854351650998152,-0.5966679568282489,-0.4489423649762868,148
K53C,-1.3827770819999998,2224,-0.0896137222634929,2215,0,-0.1056995843329783,-0.758491198274444,0.4150002846217897,0.0907356089316607,53
A246Q,-1.3833122830000002,2225,-0.6471314492474295,2987,0,-0.6754144667555446,-0.4824117032255116,-0.8709583788665931,-0.559741248142069,246
S51M,-1.386030888,2226,-0.6297592005961243,2965,0,-0.6981736940754198,-0.6579543675649241,-0.513276756309804,-0.6496319844343497,51
T147A,-1.3871233980000002,2227,-0.0562713773041278,2167,0,-0.0587737926737551,-0.0492338063730274,-0.1095150499058086,-0.0075628602639201,147
T261H,-1.388134769,2228,-0.157747750826385,2314,0,0.2450139723291177,-0.8232975224097563,0.1084977251251186,-0.1612051783500203,261
F228L,-1.38825315,2229,1.206387407081081,388,0,1.4307810988262422,0.964827790063858,2.112386945630281,0.3175537938039426,228
T27S,-1.392478148,2230,0.9522645524665084,688,0,0.7497262480178551,1.5200533268567904,0.7658382910374077,0.7734403439539796,27
V82M,-1.392685652,2231,0.123106097718238,1904,0,0.1652875738133728,-0.8178680786336562,1.0171439573422243,0.127860938351011,82
S201L,-1.396292631,2232,-1.003133341462789,3349,0,-0.991224150556282,-1.0798137835352803,-0.1564065310941625,-1.7850889006654311,201
G52A,-1.397547239,2233,-0.159123567540166,2317,0,-0.0364793639977608,0.1445773453243714,-0.0700653299551284,-0.6745269215321461,52
S201R,-1.3981916840000002,2234,-0.7242755864768139,3079,0,-0.4989326807104961,-0.9262289897984436,-0.3795631943819273,-1.0923774810163884,201
G141E,-1.398896115,2235,-0.2164675684012338,2396,0,-0.3217198362804973,-0.4756818264116638,1.314902200140163,-1.3833708110529368,141
G226F,-1.399590085,2236,-0.6480545939939006,2988,0,-0.7910701999836582,-0.6929188431339016,-0.2765604008915098,-0.8316689319665326,226
F58T,-1.4008211919999998,2237,0.4996219002526466,1339,0,0.6355825615431742,0.0766602680950719,0.7437629442367256,0.5424818271356147,58
W208L,-1.4011797819999998,2238,0.2121545478847232,1776,0,0.1746482395659781,-0.3449464157719422,0.2489439488863829,0.7699724188584741,208
G85C,-1.4026250319999998,2239,-0.7206599364925564,3074,0,-0.7792955941691456,-0.7817637812786055,-0.6345530350201274,-0.6870273355023474,85
G194V,-1.411238447,2240,-0.9769070893600316,3320,0,-0.7068385941767792,-0.3016152439218217,-0.6045124113223849,-2.29466210801914,194
L38G,-1.413216117,2241,-0.499368083079246,2789,0,-0.6981051691307336,-0.255798830933486,0.0594458839038806,-1.1030142161566452,38
E119K,-1.414133549,2242,0.1235811922033446,1902,0,0.1705555263083968,-0.1901622818386947,0.1669771380888535,0.346954386254823,119
R159I,-1.415053588,2243,-0.1957948216911668,2373,0,-0.6657415187330131,-0.6063126059606028,-0.3716024841089488,0.8604773220378973,159
P181A,-1.419223265,2244,0.3578914932371224,1549,0,0.3646221148072374,-0.1112911634202867,1.151457481566784,0.0267775399947551,181
I140Q,-1.419250056,2245,-0.6749282850203269,3020,0,-0.5603095715591399,-1.0413689341711785,0.025660063367555,-1.123694697718544,140
S51Y,-1.419267838,2246,-0.8070024981176547,3171,0,-0.4563695433496655,-0.4648128295753304,-1.244464897867257,-1.0623627216783655,51
D48Q,-1.419343169,2247,-0.0026029196898054,2084,0,-0.4612260446366611,0.1464878736595866,0.3782511435459623,-0.0739246513281094,48
L28N,-1.4207135380000002,2248,0.6928099724101339,1055,0,1.2368210544291507,0.8091214998685409,1.1590284807780802,-0.433731145435236,28
F228C,-1.422719484,2249,0.3923547276399085,1487,0,0.5869787002814011,-0.368087451716314,0.9106222940959832,0.4399053678985635,228
R81I,-1.42389794,2250,-0.906253516041054,3251,0,-1.0925343235636895,-1.2073861255356235,-0.1571894905563791,-1.167904124508523,81
R176W,-1.4253905690000002,2251,-0.6050995268182949,2934,0,-0.9132509050808292,-0.9697416232987638,-0.31053748904062,-0.2268680898529667,176
T27K,-1.4278894359999998,2252,-0.0491163327529158,2154,0,-0.004420294038083,-0.1621628503057244,0.2908316624489052,-0.3207138491167612,27
W208Y,-1.4290652869999998,2253,-0.009217161919246,2097,0,-0.1904245596902684,0.0398662648300003,-0.7592086706928627,0.8728983178761467,208
L89Y,-1.435450717,2254,-0.45140440116362,2719,0,-0.5375435595912759,-0.5000602387339995,-0.714060167917487,-0.0539536384117175,89
R59Q,-1.436483915,2255,0.5074542521455667,1326,0,0.1893869198809806,0.1370446649842576,0.7114075587829333,0.9919778649340952,59
T179M,-1.436712697,2256,-0.538593971339382,2842,0,-0.430042973245634,-0.7269590774009567,-0.9437166906585432,-0.0536571440523936,179
I140C,-1.437943051,2257,-0.672087429904503,3019,0,-0.3728688200294557,-1.257809718401835,0.0401808563926527,-1.097852037579374,140
P224S,-1.439181992,2258,-0.0245273417310873,2118,0,-0.3822770913954486,-0.1104589166039809,0.6623580070915391,-0.2677313660164589,224
I256F,-1.443576474,2259,0.0789582856324746,1964,0,0.2390892659087831,-0.1035914271598638,0.4406860780674743,-0.2603507742864951,256
V257T,-1.444969154,2260,0.3258657133855037,1606,0,-0.0079842947548968,0.4039243323733796,0.3365616466677456,0.5709611692557867,257
T261E,-1.447797775,2261,-0.0984797744402234,2224,0,0.1062527685787701,-0.2674395452473753,-0.3678467821621293,0.1351144610698406,261
L89P,-1.452205367,2262,0.1411326811436719,1876,0,0.0575225118377995,0.3735432798645643,0.6545454343771917,-0.521080501504868,89
T27A,-1.4545883080000002,2263,0.921331098207407,746,0,1.1993725867754503,1.2188384651168478,0.7340928605889846,0.5330204803483454,27
S96P,-1.456086594,2264,0.3286807461990895,1602,0,0.6468519498016204,0.1599641812400501,1.5923425215752671,-1.0844356678205798,96
R81W,-1.456464756,2265,-0.6588998008193792,3007,0,-0.77825575891573,-0.6592256100447353,-0.9297564177870482,-0.2683614165300029,81
R92C,-1.457742572,2266,0.063942867766333,1982,0,-0.0515139680425389,-0.1935090867172035,0.1422345032201045,0.3585600226049703,92
D174C,-1.4579015780000002,2267,-1.077231475422256,3416,0,-1.456543302579464,-1.5095650121645996,-0.917144734632392,-0.4256728523125682,174
V258G,-1.458193585,2268,-0.1417985183035249,2287,0,-0.0998600378090655,-0.3915819335072099,0.0381834043107459,-0.1139355062085703,258
I259F,-1.458335429,2269,0.1730809722600635,1835,0,-0.0364910737976228,0.5541498741756183,0.0520986924418013,0.1225663962204571,259
R162G,-1.460298623,2270,-0.4781989296821667,2752,0,-0.8752878344413452,-0.9546274853225908,-0.1306402094228134,0.0477598104580822,162
S51L,-1.461622603,2271,-0.4795295658377274,2754,0,-0.4636488675617679,-0.4479288086794527,-0.5922192331250001,-0.414321353984689,51
L73G,-1.4639466680000002,2272,-0.3550184056465869,2587,0,-0.2510417458624536,0.4525207984984793,-1.3809823103355745,-0.2405703648867988,73
R81E,-1.4667390530000002,2273,0.1305660494842319,1890,0,-0.4550146742746388,-0.0561763572518371,0.5913208593278837,0.44213437013552,81
A183D,-1.46783653,2274,0.1295445381257634,1892,0,0.6148280343698548,-0.0874549878256722,0.4397845327300649,-0.448979426771194,183
L55C,-1.470231069,2275,-0.1874353854506547,2363,0,-0.168417950858952,-0.6225031299649096,-0.2140892611590431,0.2552688001802859,55
L247C,-1.4721740019999998,2276,0.0622834689855966,1986,0,-0.3136802545687672,0.1032087646227545,0.441103195243684,0.0185021706447153,247
T179I,-1.472474702,2277,-0.4220275923813497,2675,0,-0.2815632638179263,-0.5894480454366824,-0.1827735971358228,-0.6343254631349675,179
V82Q,-1.472826012,2278,-0.3346915672691175,2557,0,-0.7389693301218792,-0.8287251970611329,0.142041781303778,0.086886476802764,82
R91M,-1.473200085,2279,-0.2379831604474224,2430,0,-0.3574727450168328,-0.8612677408837823,-0.1805787118180816,0.4473865559290071,91
L74I,-1.473556368,2280,0.1623659740430417,1845,0,0.6129019858833166,0.1695816487006335,0.3104427754593916,-0.4434625138711748,74
R220H,-1.476075347,2281,0.1793839393089071,1827,0,0.0744026657771458,0.096618901394159,-0.0783189453696929,0.6248331354340166,220
P224H,-1.47636862,2282,-0.6200938719788767,2952,0,-1.163059332220447,-0.5301656868841201,-0.4615126955127735,-0.3256377732981657,224
A276I,-1.478838915,2283,-0.8100937363435937,3177,0,-0.9967786162230384,-0.2950943765574385,-0.4837646180788509,-1.464737334515047,276
R63E,-1.482423194,2284,-0.679823614688401,3027,0,-0.5929347575726633,-0.9159673082064408,-1.0816533469689351,-0.1287390460055645,63
L28G,-1.484204085,2285,0.3438272734407103,1577,0,0.9907170702197144,0.8472345119809552,0.667818634123537,-1.1304611225613652,28
D99F,-1.484216288,2286,-0.4314848445845958,2691,0,-0.5266393236004161,-0.6711131172575382,-0.2204023602464427,-0.3077845772339865,99
G52E,-1.4854190390000002,2287,-0.2231977631366888,2404,0,0.2213853300619738,-0.2767883584821059,0.0196947100664948,-0.8570827341931182,52
V106N,-1.48746731,2288,-0.2480566795371698,2445,0,-0.3061944006462223,0.1369338419569421,-0.4847273758905522,-0.3382387835688468,106
I283S,-1.487969518,2289,0.4101918270577246,1461,0,1.442221849703056,0.7598624333515037,0.436409976525105,-0.9977269513487668,283
E62N,-1.491877677,2290,-0.0302521283907322,2125,0,-0.2771871909935116,-0.519612984275119,-0.1351499241588817,0.8109415858645836,62
T262D,-1.492670549,2291,0.8114894034890325,896,0,0.2844931228183385,0.1601599222540886,1.7713171859944674,1.0299873828892356,262
I45S,-1.494600621,2292,0.6771886305270248,1079,0,1.6843242987853824,0.872829071184573,0.5784599818879522,-0.4268588297498086,45
G114K,-1.495484954,2293,-0.5469614081502918,2852,0,-0.0161730130807498,-1.6236851825003484,0.6705801611355843,-1.2185675981556532,114
L38Q,-1.495932181,2294,0.0366982457246743,2023,0,-0.2362016099316935,-0.0640258372834902,1.0214540326681896,-0.5744336025543085,38
I140A,-1.498297601,2295,-0.4298467705114764,2687,0,0.2389389231350177,-0.7341884792170598,0.210537398333989,-1.4346749242978527,140
F228Q,-1.501144034,2296,0.9540649399951964,685,0,1.4829935258907847,0.6519769744561292,0.8567354059516713,0.8245538536821999,228
E87S,-1.501669116,2297,-0.0770945675255642,2199,0,-0.6771376668313822,-0.980061686006638,0.3961710767473094,0.952650005988454,87
R159V,-1.5021838980000002,2298,0.0417665588350192,2019,0,-0.528973518920129,-0.3630734995181084,-0.2612479977181784,1.3203612514964929,159
G226P,-1.503568439,2299,-0.4720425444087846,2742,0,-0.0410208314631455,-0.5761138996643489,-0.1611118528706422,-1.1099235936370018,226
S57C,-1.504226134,2300,0.0050212606304132,2069,0,-0.156802708887198,-0.536694009845552,0.464136957417713,0.2494448038366899,57
V82W,-1.504499223,2301,-0.717655350208272,3070,0,-0.9791467735431912,-1.4894167034219543,-0.2107109171687645,-0.1913470066991774,82
G263R,-1.505519016,2302,0.3115687400133829,1625,0,0.5347609460117714,0.8577057716696543,0.5660111257051615,-0.7122028833330553,263
S201K,-1.509409538,2303,-0.9650738819339996,3308,0,-0.8157995885661611,-1.357305545577689,-0.3196820307623109,-1.3675083628298363,201
L73Q,-1.5095346280000002,2304,0.1715943246149647,1837,0,-0.3117406493504144,0.4395677727379858,-0.1392152782098955,0.697765453282183,73
P224R,-1.512772675,2305,-0.4367530678485293,2700,0,-1.0032103620030652,-0.2766656570459332,-0.1991454537642538,-0.2679907985808646,224
L74T,-1.513027813,2306,0.2966064578818654,1648,0,0.4112230286231852,0.4194184530669269,0.4310432257823282,-0.0752588759449788,74
D99Y,-1.513458825,2307,-0.2251925295376808,2408,0,-0.1037693017235285,-0.3536527839999769,-0.1706821531450905,-0.2726658792821274,99
R81G,-1.513572123,2308,0.0063260543133012,2067,0,-0.1644092039023132,-0.2408310248451486,-0.0591984469726608,0.4897428929733275,81
L38P,-1.51455909,2309,-1.148838798657579,3475,0,-0.5136966526855012,-1.410938583424243,-0.1995113431586361,-2.471208615361936,38
F228I,-1.514573075,2310,0.7698665763714292,955,0,1.4063172412633578,0.637858916882254,1.133320848988541,-0.098030701648436,228
V106G,-1.5154157730000002,2311,-0.2903734000100098,2499,0,-0.5008154959123505,-0.3547814855735032,0.1417750563107713,-0.4476716748649569,106
L89H,-1.515653905,2312,-0.8448791726607254,3206,0,-1.0307611590158514,-0.9125104384969264,-0.7100963858252214,-0.7261487073049027,89
L89A,-1.51750046,2313,-0.1371656660618155,2271,0,-0.3737331841832218,-0.1137808273703105,-0.3150832282571133,0.2539345755633835,89
G39W,-1.518050793,2314,-0.5185401776629865,2821,0,-0.7608349439166586,0.387445188307056,-1.4560920254622425,-0.2446789295801012,39
A230I,-1.518781792,2315,-0.8859224899386973,3241,0,-0.555550316893316,-0.4810307750128499,-0.3609586665910929,-2.14615020125753,230
L100Y,-1.5215590490000002,2316,-0.4141337485231312,2665,0,-0.4277709454041585,-0.5024985980670449,-0.2907924008251266,-0.4354730497961949,100
G76T,-1.521995719,2317,-0.2609750940676069,2464,0,0.2908517828625311,-0.3508298927716964,0.6104148704251308,-1.594337136786393,76
I54K,-1.522346732,2318,0.7712536950774557,953,0,1.188811666536984,0.8971995224456528,0.3918965829462031,0.6071070083809825,54
S264M,-1.52296629,2319,-0.2218661429826831,2403,0,0.4342581461150249,-0.8918210303210258,0.4137223203725588,-0.8436240080972903,264
I140T,-1.5231895969999998,2320,-0.1921820033421642,2368,0,0.2325171784286928,-0.3881133117548901,0.1549813681890864,-0.768113248231546,140
L55N,-1.5260329819999998,2321,0.2522680408744999,1714,0,0.032863922313475,0.5126469663610753,-0.2493253907835464,0.7128866656069959,55
L89V,-1.52692744,2322,0.0498276271791891,2010,0,-0.0452653575015564,-0.0529681759320114,-0.0514646264511495,0.3490086686014742,89
D174S,-1.527444944,2323,0.0922602163915552,1943,0,-0.225717419036315,-0.0643737230237408,-0.0842512206526351,0.7433832282789119,174
S201Y,-1.529393499,2324,-0.965188116824094,3309,0,-0.8405779773841398,-1.1299654366582963,-0.4286272658486842,-1.4615817874052557,201
E277W,-1.5297713590000002,2325,-0.0763366752141106,2196,0,-0.4167011640023735,0.1094557967531667,-0.3384269531146135,0.3403256195073779,277
G85I,-1.5315992859999998,2326,-1.1053296263529948,3448,0,-1.5036662008269228,-0.924830370338548,-0.9681987088746132,-1.0246232253718948,85
K30N,-1.532004423,2327,0.9469117141604606,699,0,1.1630381206290132,1.0230632374698383,0.8927091576658512,0.7088363408771396,30
L146A,-1.532918971,2328,-0.2521283055912539,2450,0,0.2957411394356203,-0.1482668810676612,-0.422744086973168,-0.7332433937598065,146
G141M,-1.532986606,2329,-1.838072510771044,3803,0,-1.6644788925986165,-1.4148716004164543,-1.995002900640351,-2.277936649428755,141
H285D,-1.535460946,2330,1.296159711288616,309,0,1.4996174714194153,1.722540291865824,0.7164075510063176,1.2460735308629074,285
T198Y,-1.5363400930000002,2331,-0.1075116610488896,2232,0,-0.4129615414159547,-0.0420952617480758,-0.106715795137815,0.1317259541062871,198
P224Q,-1.537817744,2332,-0.3950710867921496,2647,0,-0.8638227593450754,-0.2884331165096486,-0.1355345317528797,-0.2924939395609948,224
V82R,-1.5383483409999998,2333,-0.5167481580555033,2817,0,-0.8364189881670384,-1.133492060428333,-0.0837476724404342,-0.0133339111862075,82
P143V,-1.539005603,2334,-0.5033807093361337,2795,0,-0.1546106142503602,-0.4952881511586924,0.2650005196882667,-1.6286245916237487,143
T116V,-1.5398455869999998,2335,-0.3138029363532434,2528,0,-0.2114185472451014,-0.0643487025455099,-0.6507994223940452,-0.328645073228317,116
L191C,-1.540306586,2336,-0.4131811648905588,2663,0,-0.5735027718831205,-0.7725410813634426,-0.0295622171017582,-0.2771185892139137,191
A183L,-1.5403384919999998,2337,-0.6100796057678204,2941,0,-0.1039154983235232,-0.8936690074606629,-0.3424781575804597,-1.1002557597066356,183
L135K,-1.541480467,2338,-0.0402365000625753,2142,0,0.0040885340312093,0.1262350601922092,0.1247618966191362,-0.4160314910928562,135
G85V,-1.542004165,2339,-0.7364009758581558,3090,0,-0.8718888263122879,-0.3385603809846919,-0.8407983853435238,-0.8943563107921193,85
R202L,-1.542524433,2340,-0.7970497882301794,3162,0,-0.715601092695873,-1.1782625416069872,-0.0219912560423165,-1.2723442625755408,202
V82K,-1.543739055,2341,-0.4992198157789267,2788,0,-0.944338137036934,-0.937634031425966,0.0123653631825947,-0.1272724578354016,82
V42C,-1.543953069,2342,-0.5819441855067539,2904,0,-0.5349099853969779,-0.6539986046834123,-0.7558481310376796,-0.3830200209089458,42
T116I,-1.547883899,2343,-0.1647095208126095,2330,0,0.028494822599493,0.1486445630634571,-0.4178069827998026,-0.4181704861135857,116
A276D,-1.550481094,2344,-0.5875619519750774,2915,0,-0.9207694006986978,-0.5889681071724355,-0.2641653677657301,-0.5763449322634463,276
H110T,-1.55125933,2345,-0.2167717045728901,2397,0,-0.3039464708692698,-0.9892297957874788,0.3244735553552663,0.1016158930099218,110
L150Q,-1.552336112,2346,-0.5129862254068084,2810,0,-0.578917172261398,-0.037656906915232,-1.1618260491748122,-0.273544773275791,150
R63A,-1.552993834,2347,-0.0331851847976804,2131,0,-0.1314858451738469,-0.4726992084940715,-0.0150477296279751,0.486492044105172,63
R162K,-1.553189419,2348,-0.3693332569641296,2606,0,-0.5408226050925621,-0.782405973553198,-0.1225890803482781,-0.0315153688624803,162
V31M,-1.5532654280000002,2349,0.3222037840274524,1610,0,0.6919524826894271,0.539857873731618,0.6221888171410167,-0.5651840374522518,31
R92D,-1.554089535,2350,0.0829666978272228,1955,0,-0.131304343275985,0.1074652787072437,0.3573705962081314,-0.0016647403304986,92
R255V,-1.555218978,2351,0.5354541784426117,1296,0,-0.4312454641524983,0.692856392171727,1.3036747581741035,0.5765310275771145,255
G52S,-1.555244441,2352,0.1069118528708559,1922,0,0.1426713769244307,-0.0009736003114244,1.0915270632176604,-0.8055774283472428,52
E56C,-1.5553789180000002,2353,0.0970543428683069,1937,0,0.5778001395064789,-0.6613179791283053,0.500137389184788,-0.0284021780897338,56
A185C,-1.555559949,2354,-0.4796858416309191,2755,0,-0.5036408746181228,-1.0725773052202836,0.3202849131119959,-0.6628100997972661,185
L191Y,-1.555942535,2355,-0.0763770639756445,2197,0,-0.4393028869756064,0.5891319778088038,-0.3610922427106746,-0.0942451040251008,191
L192A,-1.556554077,2356,0.4049364387352323,1467,0,0.6187966388258936,0.4006280739155392,0.5288416829966162,0.0714793592028801,192
E87W,-1.558419284,2357,-0.5560164149527367,2867,0,-1.013084989969144,-1.4220527304008197,0.1282359084861204,0.0828361520728967,87
G154R,-1.558836255,2358,-0.4927028364733471,2775,0,-0.0165363435447104,-1.0127915043178644,-0.9641524733322668,0.0226689753014527,154
A230M,-1.560654907,2359,-0.5426291165386643,2845,0,-0.5535906592709077,-0.3453907188096177,-0.2396159836463629,-1.0319191044277691,230
I140S,-1.5636817159999998,2360,-0.6204361794163082,2955,0,-0.1967860969277748,-0.921363644077003,0.1317977567904114,-1.4953927334508668,140
R159W,-1.56451437,2361,-0.3774692246750756,2622,0,-0.630051682094647,-0.534692750685237,-0.474698246837459,0.1295657809170406,159
T198F,-1.565430762,2362,0.0149017476122806,2058,0,-0.3024371128467069,-0.1249140556206886,0.2834170353515952,0.203541123564923,198
T116C,-1.5696690219999998,2363,-0.681798162132731,3031,0,-0.8297453068653984,-0.9349191831718642,-0.6869449864976098,-0.2755831719960518,116
S201Q,-1.569776964,2364,-0.4791684649790776,2753,0,-0.5572455742707706,-0.7309388498322861,-0.0810368199561623,-0.5474526158570913,201
A40C,-1.570195837,2365,-0.1679525910216263,2337,0,0.2082784957940568,-0.514649957595737,0.1864240671669966,-0.5518629694518219,40
G141S,-1.572262939,2366,-0.36430968924333,2598,0,0.0241365908864561,-0.1376465726210161,-0.1066514577947407,-1.2370773174440195,141
L47Y,-1.5723758980000002,2367,0.1939537163060025,1805,0,0.7639897893828753,0.3433342115520733,0.2486319832600956,-0.5801411189710344,47
R220L,-1.5724576069999998,2368,0.0677982722705074,1980,0,-0.6492386414784926,-0.374143165644496,1.0207116640622875,0.2738632321427308,220
R59C,-1.573662471,2369,-0.0009544587237558,2079,0,-0.4736083287560317,-0.8552587823947185,0.9804774339596486,0.3445718422960782,59
L73H,-1.573675901,2370,-0.0603054331138214,2175,0,-0.4193755717262334,0.3436166396775582,-0.7485378820570701,0.5830750816504593,73
R159Y,-1.576523906,2371,-0.4335806225490624,2697,0,-0.5245409827474524,-0.7383704373310629,-0.6190841851212002,0.147673115003466,159
V42Y,-1.576655735,2372,-0.6778390831600476,3024,0,-0.5243946856341546,-0.7724270991848352,-0.6410367502428959,-0.7734977975783046,42
Q97C,-1.576997734,2373,-0.1134111490319468,2239,0,-0.7318637180266143,-0.2678210443573703,0.1194717499844649,0.4265684162717322,97
R63C,-1.5772824909999998,2374,-0.1997631612685982,2378,0,-0.214843286779865,-0.4289075587516617,-0.0868464102356267,-0.0684553893072394,63
L100C,-1.578448819,2375,-0.6584797064479367,3004,0,-0.9611647425138208,-1.1553758805246288,-0.1096538482632621,-0.4077243544900356,100
D161V,-1.579928924,2376,-0.259245477524568,2463,0,-0.7986506117965062,-0.717161917414897,-0.1183808900258601,0.5972115091389913,161
K30C,-1.5803495419999998,2377,0.2575773502067727,1704,0,-0.0986786798242694,0.2541101752523562,0.0911714442539169,0.783706461145087,30
L38A,-1.5811186469999998,2378,0.1638169075591273,1844,0,0.2300461845028659,0.1963528022113607,0.574323888015052,-0.3454552444927692,38
I45Q,-1.581182994,2379,0.240727893546782,1733,0,0.7345287872930212,0.3108986997751894,0.1246088293671062,-0.2071247422481886,45
R81D,-1.581517669,2380,-0.0548277439371358,2164,0,-0.7161919098940636,-0.5224198270148374,0.4724615258513101,0.5468392353090477,81
G52Q,-1.581973632,2381,-0.4378102693020841,2701,0,-0.0673393102462423,-0.7011523495965832,-0.0594902010827834,-0.9232592162827272,52
R63N,-1.582375994,2382,-0.3533673727692482,2584,0,-0.3878833214135265,-0.4070449681520462,-0.9499666956973736,0.3314254941859536,63
G141R,-1.58238244,2383,-0.4260674262726187,2680,0,-0.3380427695933607,-0.1040453340174663,0.0678414030659749,-1.3300230045456227,141
L197V,-1.583193307,2384,-0.4289193490207137,2685,0,0.2428743205084006,-0.3729328316015903,-0.3208564067450697,-1.2647624782445954,197
T261K,-1.583893884,2385,-0.7325042849007217,3089,0,0.0342600144071145,-1.1117985476058536,-1.0374980712330708,-0.8149805351710769,261
L191T,-1.584024862,2386,-0.2781418217080788,2483,0,0.1783110071676799,-0.508909653332526,0.0310952702523547,-0.8130639109198238,191
D161T,-1.585055309,2387,-0.1569880292195877,2312,0,-0.8609809718425012,-0.6442535075106411,-0.1168239083957807,0.994106270870572,161
G141H,-1.586028399,2388,-0.7611709645394352,3128,0,-0.6869792761772491,-0.1203244406239946,-0.849900765610269,-1.3874793757462285,141
T116K,-1.586312554,2389,0.1495678600857322,1864,0,0.1420005511366251,0.1174725854372324,0.1961126474525603,0.142685656316511,116
G226M,-1.588387768,2390,-0.7452877512054905,3105,0,-0.7063900535597455,-0.7176216371108765,-0.981217945258352,-0.5759213688929883,226
G263H,-1.588938653,2391,0.2378202816244966,1741,0,0.2928109253542589,0.9491743217791534,0.7010558817322096,-0.9917600023676352,263
L120I,-1.593683033,2392,0.202807282300598,1788,0,0.7081415322819792,0.1622625269878436,0.2425897527641378,-0.3017646828315684,120
L247T,-1.595811523,2393,0.5242023163415963,1306,0,0.1791134551264673,0.6038796542351302,1.0857401242069535,0.2280760317978341,247
G85W,-1.596722025,2394,-1.2462453721363378,3561,0,-1.149990190441356,-0.6835086159980588,-2.2569940077605453,-0.8944886743453909,85
R159C,-1.598124144,2395,-0.1079149235522425,2233,0,-0.3548439452044528,-0.4707425565499963,-0.1954170119875398,0.5893438195330191,159
G142T,-1.601828004,2396,-0.552838590435479,2864,0,-0.4277576273914398,0.3618257349912591,-0.7441772840561024,-1.401245185285633,142
I54D,-1.606773511,2397,0.334938293269285,1595,0,0.4030502605021871,0.5277485309151065,0.3051253700393583,0.1038290116204878,54
A185V,-1.607457871,2398,0.2212951057684514,1767,0,0.6595034462403518,0.0065820786500934,0.5233056594792354,-0.3042107612958748,185
L55G,-1.61012303,2399,-0.0512270637648787,2159,0,-0.0705286099316332,0.0252765459682629,-0.2880042273231533,0.1283480362270084,55
P249G,-1.611388635,2400,-0.1523559279443574,2306,0,-0.3580808505032314,-0.3349758815629897,0.4491492849141795,-0.3655162646253881,249
F64Y,-1.611485958,2401,0.2238309577050249,1762,0,0.2083328734912704,0.2602461316233493,-0.271237703804064,0.697982529509544,64
A246G,-1.612438124,2402,-0.0147583997583252,2104,0,0.0166248547882504,-0.0345977111703266,-0.5015936466903677,0.4605329040391427,246
L150W,-1.612677789,2403,-0.0269627273629791,2120,0,-0.2343385958506358,0.1391308421312957,0.7513932950584589,-0.7640364507910354,150
F149C,-1.616961674,2404,-0.3859164851510575,2632,0,-0.3240260637735014,-0.4597657694715866,-0.399885344718037,-0.3599887626411049,149
L247W,-1.617789559,2405,-0.2047168204565934,2384,0,-0.3599045136259542,-0.0416785065096645,-0.3129054040277961,-0.1043788576629587,247
C75S,-1.618066015,2406,0.3794706748658719,1509,0,0.5629305406136197,0.3538975289094148,0.2941852221559385,0.3068694077845147,75
L55A,-1.620167459,2407,0.5497620687445839,1274,0,0.7702786555019244,0.6421008988708009,0.2218386311369853,0.5648300894686249,55
M184A,-1.6210737730000002,2408,0.6625696878680761,1097,0,0.7990347326657481,0.376218954642648,0.1755878431672965,1.299437220996612,184
A211P,-1.621459471,2409,-0.4603691314921315,2731,0,-0.3050670183054258,-0.7633502256933008,-0.0372427407345413,-0.735816541235258,211
A34Y,-1.6215608469999998,2410,-0.2906568012655138,2501,0,0.916089636207422,-1.039567207006452,0.0541438025419557,-1.0932934368049814,34
C121L,-1.621818619,2411,-0.4323099833413198,2694,0,-0.4300325952470436,-0.8104683353799004,0.4266578184805352,-0.9153968212188706,121
R81C,-1.624129056,2412,-0.3352196241642791,2559,0,-0.5863898840695059,-0.8671116653093636,0.1986298491917324,-0.0860067964699793,81
T187K,-1.628477245,2413,-1.0756630451214535,3413,0,-0.6394333928201806,-0.7367228767493752,-1.8880327524151452,-1.038463158501114,187
T261Y,-1.629958204,2414,-0.3840038295741591,2630,0,0.1175120426860479,-0.7025941862461503,0.1648938333760159,-1.11582700811255,261
E87Y,-1.632880381,2415,-0.5106770918721769,2801,0,-0.8957794313767748,-1.2103125105602226,0.0130982673939382,0.0502853070543515,87
V82F,-1.633488879,2416,-0.2279612657584089,2412,0,0.0036785653944079,-0.7717328440969543,-0.1668197884974276,0.0230290041663381,82
T139W,-1.634384635,2417,-0.2071058983475849,2387,0,-0.3243002389372242,-1.2902855409492024,0.4468160572828525,0.3393461292132344,139
T138P,-1.637176164,2418,0.2103961452607979,1778,0,0.9294581066044456,0.1406573440354825,0.3679650900155334,-0.59649595961227,138
F58K,-1.6374602880000002,2419,0.3773391150650463,1511,0,0.4848059472313658,0.0915001917391181,0.1156917503629072,0.8173585709267943,58
E119M,-1.63992501,2420,-0.2006363866635873,2379,0,-0.3100783854648458,-0.6427649154219557,-0.0590408929654015,0.2093386471978537,119
L197F,-1.641900013,2421,-0.1291586179491028,2260,0,0.683185888253214,0.1999978309718133,-0.4462583101256396,-0.9535598808957992,197
P25A,-1.6425950930000002,2422,1.511711228679886,134,0,1.231271714940875,1.9524957199778707,1.553924773994649,1.3091527058061494,25
T198P,-1.642965451,2423,0.3718943056449205,1520,0,0.895716871125099,0.1317587730428559,0.3708007903974378,0.0893007880142896,198
G226W,-1.6450957430000002,2424,-0.8150621437590427,3184,0,-0.6461895201590472,-0.8488345850598636,-0.7978458339607583,-0.9673786358565016,226
G52M,-1.645114846,2425,-1.1451250326270364,3469,0,-1.05844277409319,-1.3369588421339198,-0.7529437920373145,-1.432154722243721,52
Y95C,-1.646643046,2426,-0.2869773745729336,2494,0,-0.3600810903719428,-1.148978220060625,1.8551553755535009,-1.4940055634126668,95
E87N,-1.647481185,2427,-0.1507757598990832,2303,0,-0.6683889386348731,-0.6730417159381423,0.2483252894389605,0.4900023255377222,87
A77W,-1.6479342469999998,2428,-0.5521742004210821,2863,0,-0.5106392390185135,-0.7394569326433309,-0.2331402131945605,-0.7254604168279236,77
L223S,-1.648996795,2429,-0.43222418452126,2693,0,-0.6955564784212724,-0.3340424155392954,-0.0814331124733465,-0.6178647316511258,223
G52H,-1.650707599,2430,-0.7167846665883285,3069,0,-0.2879482960401344,-1.0116029052358455,-0.2655619993180014,-1.3020254657593326,52
R91D,-1.653138449,2431,0.004953907986699,2070,0,-0.2695220967224344,-0.5552423980079898,0.7156920471528949,0.1288880795243255,91
K30E,-1.653192955,2432,1.3268565340152512,286,0,1.2183841881371127,1.1308653895456486,1.6208621829797625,1.3373143753984806,30
D83S,-1.653496975,2433,-0.001012404442535,2080,0,0.0736012732080455,0.0591666573659327,-0.1657764396966587,0.0289588913525404,83
I93Q,-1.654153896,2434,-0.5551960822699658,2866,0,-1.2265766036112578,-0.4611406321137685,-0.3577625493111914,-0.1753045440436451,93
S264R,-1.654599757,2435,-0.4322115962445835,2692,0,0.1122877883497365,-1.3382017786181568,0.3940976598581255,-0.8970300545680395,264
L282S,-1.65506219,2436,0.0241782210153142,2040,0,-0.1929812412073606,0.7337095257485773,-0.126965374517526,-0.3170500259624337,282
P224A,-1.655145079,2437,-0.3738359435649163,2615,0,-0.8477473902988237,-0.3220132519825692,-0.1329972024205456,-0.1925859295577265,224
C75M,-1.655535905,2438,-0.6377534121396242,2976,0,-0.7568765038684399,-1.064741093624056,-0.8099184882278522,0.0805224371618509,75
C121I,-1.655882633,2439,-0.7065968308494255,3057,0,-0.6610775004222906,-1.0833985356890858,0.067112499984704,-1.1490237872710294,121
V78A,-1.656196595,2440,0.1310101432386456,1889,0,0.4340107200542056,-0.1003171563950141,0.4592272909541833,-0.2688802816587922,78
D99G,-1.656499372,2441,0.0206815545914415,2046,0,0.0793979759363259,-0.1760053667039307,0.46600355235077,-0.2866699432173988,99
L120A,-1.656683027,2442,-0.2152862831876831,2394,0,-0.1534576010171618,-0.4141990558013534,-0.0242799326613315,-0.2692085432708858,120
A182P,-1.656836061,2443,-0.0989190242574767,2225,0,0.4714455681552768,-0.3046711541493838,-0.0445149675564705,-0.5179355434793296,182
R81V,-1.659967983,2444,-0.8906890980783748,3245,0,-1.033267357726242,-1.1004245920270426,-0.1416201458283666,-1.2874442967318478,81
L205V,-1.66022784,2445,-0.1851462385479984,2357,0,0.2708120937398037,-0.0465826466089679,0.0111308037008763,-0.9759452050237056,205
L38V,-1.6602376840000002,2446,0.2899788177339712,1660,0,0.4883692066625659,0.189686108423349,1.6995010091327771,-1.2176410532828073,38
M115A,-1.660348986,2447,-0.2764396948917503,2482,0,-0.5317872380826911,-0.5720447864344881,-0.0690169388264996,0.0670901837766773,115
L197H,-1.6608918519999998,2448,-1.2188842919697105,3536,0,-1.2862335610664288,-0.9462898532333324,-1.4160543061465285,-1.226959447432552,197
T158F,-1.662542725,2449,-0.684879717869043,3034,0,-0.4140914868459914,-0.3791044231991547,-0.2886683953055348,-1.657654566125491,158
V106D,-1.664693309,2450,-0.0885545199559442,2213,0,-0.3507065663476125,0.1340921221869626,0.0194135598616389,-0.157017195524766,106
T27Q,-1.667099437,2451,0.3007381866368033,1637,0,0.2359068388205215,0.5829589961846711,0.449365575570952,-0.0652786640289313,27
G142A,-1.667980374,2452,-0.3593682816720137,2591,0,-0.1520394336892328,0.4931201890435741,-0.6933928619499301,-1.085161020092466,142
N98C,-1.668090614,2453,0.1417321449262228,1871,0,-0.011073244470869,-0.132941711785198,0.4655861186490431,0.2453574173119154,98
G154V,-1.669103351,2454,-1.1730784195442925,3496,0,-1.064064030850147,-1.702291690406557,-0.9605806579893073,-0.965377298931159,154
E87G,-1.6691985459999998,2455,-0.1587532566318902,2315,0,-0.3226242047290711,-0.7579811848898995,0.2621069651169572,0.1834853979744527,87
V258S,-1.671132712,2456,0.3679030050588203,1533,0,0.4695808956047109,0.275189169965559,0.6334643692102003,0.0933775854548112,258
L47F,-1.674340022,2457,0.1915436648955,1808,0,0.8644875133577932,0.3347103603557798,0.2974299559254544,-0.7304531700570271,47
T178C,-1.6754330919999998,2458,-0.6413059315270456,2981,0,-0.972474549684452,-1.331693926957095,-1.1338847382950827,0.8728294888284477,178
T116P,-1.676214293,2459,-0.2175063600631846,2398,0,0.2176715393945639,0.1962169587058143,0.1338608074640567,-1.4177747458171737,116
L49S,-1.6766709219999998,2460,0.3179361201690879,1616,0,0.2363534194281363,0.4540140661310766,0.4513241163241004,0.1300528787930381,49
G279T,-1.678160555,2461,-0.1453082696654391,2292,0,-0.1408251644136135,0.4409513546377326,0.7152809937272883,-1.596640262613164,279
G194I,-1.6789258969999998,2462,-1.4491345356404914,3683,0,-1.297594730535167,-0.7471000569126052,-1.3213074123990542,-2.430535942715139,194
G52K,-1.6790063030000002,2463,-0.6320794739132389,2967,0,-0.0894829187102797,-0.9432757701688734,-0.2629610719722234,-1.2325981348015789,52
L89S,-1.6795782819999998,2464,-0.2572690662375034,2457,0,-0.6218344682472412,-0.1354499515448178,-0.3321526658867179,0.0603608207287633,89
I54N,-1.680709597,2465,0.580870569744893,1234,0,0.7508751402056083,0.8360943335977352,0.3678137343912739,0.3686990707849547,54
L135E,-1.681275963,2466,-0.4021421414669535,2656,0,-0.5354761517074756,-0.6134975269265177,-0.1995988472700847,-0.2599960399637362,135
R255I,-1.681474147,2467,0.3462163887756189,1574,0,-0.5624042688048502,0.3402858832876116,1.2114680139435947,0.3955159266761197,255
M115V,-1.68219455,2468,0.2596314927298642,1701,0,0.0359815057567923,-0.1823212683325035,1.5261859405839917,-0.3413202070888236,115
P249L,-1.682206154,2469,0.2852169718427726,1665,0,-0.3151500857347141,1.123690009216635,0.8882465526129854,-0.5559185887238156,249
V78C,-1.68324771,2470,-0.6829008584554278,3032,0,-0.8460353974563304,-1.624247258698181,-0.0255155006978789,-0.2358052769693202,78
L146C,-1.683595957,2471,-0.873567658941382,3230,0,-0.5538839319623026,-0.7799195951205176,-1.286441839671866,-0.874025269010842,146
G76L,-1.685606461,2472,-0.8988320847248226,3249,0,-0.5325516166277641,-1.2495302146963456,0.1189247734766156,-1.932171281051796,76
G142S,-1.686527285,2473,-0.1212153544321345,2249,0,0.103278630183763,0.7495525431107887,-0.4914636681975675,-0.8462289228255225,142
D83M,-1.688388499,2474,-0.9159095299581088,3260,0,-0.9565566598565174,-1.3594034747675323,-0.5320621049816379,-0.8156158802267474,83
L223K,-1.6884486630000002,2475,-0.5383400846432056,2841,0,-1.1794960717212395,-0.050574423815206,-0.5848763395772247,-0.3384135034591521,223
R202Y,-1.6885561080000002,2476,-1.079070946380834,3418,0,-0.7261253883993631,-1.1796619192631927,-0.8841465565726534,-1.526349921288126,202
T187Q,-1.690890002,2477,-0.2037925104371605,2383,0,-0.354834120029032,-0.1005947826105355,-0.1311152612687695,-0.228625877840305,187
A40N,-1.691389934,2478,-0.7420307150318608,3100,0,-0.0403092726590814,-1.1225482548894097,-0.7037759445559053,-1.1014893880230472,40
D83A,-1.691802754,2479,0.0546879119844964,1999,0,0.2439965264140648,-0.2231412940038162,-0.1147546322633286,0.312651047791066,83
G114C,-1.693246199,2480,-1.0190061725134991,3360,0,-0.9390469408404666,-1.5955464955784366,-0.1806363702267803,-1.3607948834083128,114
R41C,-1.6935093490000002,2481,-0.4462489793625225,2710,0,-0.3224244847949432,-0.5884014817967423,-1.033750491113468,0.1595805402550636,41
P143S,-1.696646089,2482,0.2573003966392619,1706,0,0.3078334049817979,-0.0616459854323686,1.735292768707824,-0.9522786017002056,143
L38E,-1.69693259,2483,-0.6991575988186882,3048,0,-1.086718121254523,-0.9116048993706511,0.4919430294114388,-1.2902504040610177,38
L197A,-1.697822123,2484,-0.9580339332076732,3304,0,-0.7777846530620525,-0.892451596918864,-0.906677769524402,-1.2552217133253742,197
G114S,-1.6983153000000002,2485,-0.0814651546424186,2204,0,0.3893155447554008,-0.6276121094339718,0.8333496802277972,-0.9209137341189008,114
T179A,-1.6994956,2486,0.1808221889420193,1825,0,0.1052887203562211,-0.0592117961790284,0.0600028368248469,0.6172089947660376,179
W286M,-1.6997812630000002,2487,1.2884274575987136,318,0,1.708234654714015,0.949094963898704,1.858093644794428,0.638286566987707,286
L223R,-1.7008867980000002,2488,-0.7305148882973269,3085,0,-1.0071105797202105,-0.3906138431853577,-1.0543681385070918,-0.4699669917766476,223
R91L,-1.701135439,2489,-0.0858431156605538,2207,0,-0.0581101535871523,-0.4724492564438661,-0.3573968129726337,0.544583760361437,91
G114F,-1.7025912230000002,2490,-1.0987221646301155,3444,0,-0.7983752304731397,-2.0280823265223806,-0.0177845263997729,-1.55064657512517,114
S264D,-1.703690832,2491,-0.3156866178256637,2530,0,0.0619466802779567,-0.8999458619792702,0.5736203013452112,-0.9983675909465526,264
V257M,-1.704118253,2492,0.6341908862807851,1144,0,0.4557891636864931,0.8104554199099809,0.8863121768413591,0.3842067846853074,257
Y95M,-1.705062055,2493,-0.5124429457919129,2807,0,-0.5764250454135026,-1.1240115737677612,0.532192471223426,-0.8815276352098134,95
L111D,-1.705468068,2494,-0.4540867948151853,2723,0,-0.5772523955432413,-0.6241014077864456,0.4427525050094833,-1.0577458809405378,111
F149N,-1.70591085,2495,-0.2028393514168461,2382,0,-0.3857613096775799,-0.1572633857503329,-0.0467750461434381,-0.2215576640960335,149
T198I,-1.705973767,2496,-0.0046079475802836,2089,0,-0.0618415089543552,0.3015335853197932,0.2397559512022758,-0.4978798178888483,198
L197K,-1.710046227,2497,-1.586533911314437,3740,0,-1.7512462982837769,-1.5751737607280234,-1.6192645822798997,-1.4004510039660476,197
T147L,-1.710683524,2498,-1.1423297884672037,3467,0,-0.7489369328937291,-1.2131314844409014,-1.298765929375595,-1.308484807158588,147
L89T,-1.712095064,2499,-0.1594788222455698,2319,0,-0.438084012400265,-0.0964100444433957,-0.4537905980676276,0.3503693659290089,89
I283W,-1.71314797,2500,0.589574589210487,1217,0,1.5324676376166622,0.637035578872591,0.9476111726030128,-0.758816032250318,283
G279M,-1.7132280009999998,2501,-0.8273621622383296,3194,0,-1.7749472850011423,0.0972709502207818,0.1628097005325235,-1.7945820147054812,279
D161C,-1.714345305,2502,-1.0035395927960231,3350,0,-1.4968168222707,-1.8328576441709885,-0.810078779061529,0.1255948743191253,161
G154T,-1.714924849,2503,-0.8489330141052654,3210,0,-0.5822673309249372,-1.4400212247521382,-0.9687370352683548,-0.4047064654756314,154
R92G,-1.714960669,2504,0.0302459280066375,2029,0,-0.0300794809349549,0.0544089755205162,0.1188511921537245,-0.0221969747127356,92
M184C,-1.7155351230000002,2505,-0.610486384014852,2942,0,-0.3945121486534636,-1.3617935622688393,-1.2641404223867814,0.5785005972496763,184
G76W,-1.716033837,2506,-0.9234657536970384,3272,0,-0.8420742184205906,-1.3530990724496617,-0.2878256845621788,-1.2108640393557222,76
N173P,-1.7161871430000002,2507,0.185280239378481,1818,0,1.2517221014218542,0.0190051251898783,0.0005914339558557,-0.5301977030536642,173
P249Y,-1.716285218,2508,-0.4936935066658512,2777,0,-0.9659230171749345,0.57204899356457,-0.7379113400114092,-0.8429886630416309,249
A245T,-1.716790487,2509,0.3685913771074988,1530,0,0.0147616648089115,0.4867880493773616,0.9050584981586044,0.0677572960851175,245
G263T,-1.7170409640000002,2510,0.1052473062849605,1924,0,0.0631986362943243,0.6873419040428523,0.6582324860302701,-0.9877838012276045,263
L136A,-1.717249236,2511,-0.4591380022919687,2727,0,-0.476081609359514,-0.0439897415947288,-0.3095623817262766,-1.0069182764873554,136
S51V,-1.719458446,2512,-0.7810131497476104,3142,0,-0.4661642129827804,-0.6979949674295293,-1.207822633002118,-0.7520707855760137,51
L47C,-1.7207472680000002,2513,-0.1330380452842562,2267,0,-0.2269131252951909,-0.5318497672547408,0.065838899178476,0.1607718122344305,47
L28E,-1.721637749,2514,1.0373520836855314,583,0,1.688984145794008,1.2786299840831057,1.11080194353813,0.0709922613268826,28
L38N,-1.721639345,2515,-0.2501270191462131,2446,0,-0.5302779051884542,-0.2328879075692072,0.4220528562958783,-0.6593951201230692,38
A230S,-1.721756113,2516,0.2255700791500175,1758,0,0.539378213072186,0.0602789313527417,0.1008080693447768,0.2018151028303655,230
L282Q,-1.722284209,2517,-0.5794799728313571,2899,0,-0.8142757566278886,0.1029046015363824,-1.8293143422748228,0.2227656060409008,282
F149D,-1.7228140019999998,2518,-0.3179810177837776,2533,0,-0.6461209952143606,-0.3224657688136034,-0.0910133244867682,-0.2123239826203781,149
A230V,-1.723396046,2519,-0.4748220040789134,2746,0,0.0988406411643696,-0.3364006587955813,-0.1288446124072239,-1.532883386277218,230
G141D,-1.723675786,2520,-0.1881331388850561,2364,0,0.1259524965806095,-0.071378319633921,0.294403833704662,-1.101510566191575,141
D161A,-1.7242390669999998,2521,-0.1552564839556339,2309,0,-0.5903917458648523,-0.4369679437235539,-0.0864693845588949,0.4928031383247654,161
R118P,-1.724867907,2522,0.2008955853323955,1792,0,0.856094979180693,0.8048496323087738,-0.2212207790741438,-0.6361414910857409,118
L38D,-1.72549043,2523,-0.8092340725169779,3173,0,-1.1842801029163847,-0.8115902131866364,0.3876009739959029,-1.6286669479607934,38
Y44V,-1.726355619,2524,0.8712444124414941,811,0,1.2435909897830908,1.7220575103654143,0.6421118357261788,-0.122782686108708,44
G52T,-1.727659998,2525,-0.7989818323562001,3163,0,-0.5411760852527755,-0.8563829347903846,-0.239843455566234,-1.5585248538154064,52
L197S,-1.7293676269999998,2526,-1.0016452099489408,3348,0,-1.044403628678317,-1.0266404653847054,-0.4206177409044458,-1.514919004828295,197
G279L,-1.730182212,2527,-1.28832250284667,3595,0,-1.9155663012690896,-0.3944590357716573,-0.6501148225956228,-2.1931498517503107,279
L49C,-1.730716884,2528,-0.3021603644483612,2514,0,-0.48569585761278,-0.4142473276330918,0.2545479624849084,-0.5632462350324817,49
L135A,-1.73120652,2529,-0.2428952663581416,2436,0,-0.0108803845697074,-0.8155194391972973,0.2658574961981908,-0.4110387378637527,135
T262G,-1.73144799,2530,0.1207359536686442,1908,0,-0.1498796792078083,-0.1608155354628072,0.164289649473828,0.6293493798713645,262
L150S,-1.733232711,2531,0.097686826276879,1936,0,-0.0959424312904086,0.5984045923143769,0.3702178010752173,-0.4819326569916693,150
A246W,-1.7332458780000002,2532,-0.5163053065909085,2815,0,-0.6659672213561052,-0.7841359248005751,0.1362908876027463,-0.7514089678097,246
L89W,-1.733268579,2533,-0.0272494021798305,2121,0,-0.2187651148572701,0.0918181287251226,-0.4310520138659956,0.4490013912788209,89
I140G,-1.734219462,2534,-1.0232350695123549,3362,0,-0.9414881577001206,-1.3793076442983492,-0.3650223490004224,-1.4071221270505263,140
E119R,-1.7349685469999998,2535,-0.163415770403327,2327,0,-0.2185321752763232,-0.5451690018329767,-0.1369712189606559,0.2470093144566475,119
Y44I,-1.736939019,2536,0.7171070059799782,1023,0,1.0529710024625325,1.5956236001245765,0.5705143789084173,-0.3506809575756131,44
G52L,-1.7372405359999998,2537,-1.0175032820516434,3358,0,-0.971628931261795,-0.993009151660858,-0.7881807163205931,-1.3171943289633277,52
L191A,-1.740208362,2538,-0.0302659364266077,2126,0,0.1584962542541053,-0.4384287352808717,0.0256073639961862,0.133261371324149,191
H110V,-1.7412102319999998,2539,-0.4366605817595252,2699,0,-0.5584954823285786,-1.4287898100796117,0.3398014044923308,-0.0991584391222414,110
L47E,-1.741683954,2540,0.4224798182416139,1444,0,0.4817981368796736,0.8759561886822516,0.1062596778802178,0.2259052695243127,47
E210P,-1.7423347319999998,2541,-0.504426246875078,2797,0,-0.537740138484668,-0.4689687562826893,-0.4164802918774993,-0.5945158008554552,210
D83T,-1.742747116,2542,-0.2808718360775917,2487,0,-0.3972974225511245,-0.0994203365263044,-0.1862508367863418,-0.440518748446596,83
D48C,-1.743934184,2543,-0.6445323107046622,2984,0,-1.3732000836058962,-0.3007290388014524,-0.7948867494826842,-0.1093133709286161,48
L47S,-1.746007831,2544,0.4035589800738625,1471,0,0.4212139818918633,0.7046482402834149,0.4377971912486446,0.0505765068715269,47
L89G,-1.746458061,2545,-0.7212208659703884,3075,0,-1.2132258235556568,-0.8461710414227404,-0.5371541694567618,-0.2883324294463948,89
G141C,-1.746883758,2546,-1.2793432897652035,3586,0,-1.15335557687038,-1.287006847372544,-0.398099889637119,-2.278910845180772,141
G141L,-1.747878303,2547,-1.4747805799789728,3700,0,-1.5682051396915353,-1.169991630793011,-1.1991154215327913,-1.9618101278985545,141
G154C,-1.748269181,2548,-1.2437221320849474,3559,0,-1.0915370808226472,-1.9601906488694665,-1.0788590891576713,-0.8443017094900054,154
S51F,-1.75070567,2549,-0.7932543546007234,3159,0,-0.7650950495171177,-0.5709910199296028,-0.8167978953109828,-1.02013345364519,51
L191W,-1.7520991419999998,2550,-0.307472228767868,2519,0,-0.4753307247254411,-0.0396321346689029,-0.5520742747245021,-0.162851780952626,191
G76Y,-1.7525129000000002,2551,-0.8566667830473766,3215,0,-0.6297529314282092,-1.2837094516202383,-0.0839990868640429,-1.4292056622770155,76
I140W,-1.753049544,2552,-0.933082198292546,3277,0,-0.3889775594924816,-1.1762131369809854,-0.7961459251449851,-1.370992171551732,140
G141A,-1.755335207,2553,-0.4849830992888677,2761,0,-0.0255530150801231,-0.215012039533763,-0.1574726455581765,-1.541894696983408,141
A40I,-1.756061106,2554,-0.7927655985742432,3158,0,0.4169284338614467,-1.3499093405733795,-0.297417760955865,-1.9406637266291749,40
A246E,-1.756558449,2555,-0.4580625030235783,2726,0,-0.4688688752110049,-0.0761792186690091,-0.8363482235288858,-0.4508536946854135,246
L150G,-1.7566855730000002,2556,-0.5147220875858023,2813,0,-0.5968512333166553,-0.184679385222738,-0.3289388513167818,-0.9484188804870338,150
T158A,-1.75776431,2557,-0.1399666207432594,2280,0,0.160107670972247,-0.0124519342489163,-0.1305948877985715,-0.5769273318977971,158
L49Q,-1.759798399,2558,0.2512592007089165,1716,0,0.2503544451726437,-0.2718368311134259,0.6815396667363133,0.3449795220401348,49
Q274P,-1.761989201,2559,0.1252434557023348,1899,0,0.5946465335399999,0.6932265815200976,0.1580781358514354,-0.9449774281021937,274
K252P,-1.765691743,2560,-0.5029290767507735,2794,0,-0.6352354044413072,-0.9384728492769586,0.4164909443485749,-0.8544989976334029,252
A40V,-1.766813589,2561,-0.309657163066004,2521,0,0.8943913770630312,-0.6394647396165135,-0.1263487157821366,-1.367206573928397,40
F149G,-1.767180068,2562,-0.429108877715953,2686,0,-0.5144529650379649,-0.252648019801119,-0.6392415284218222,-0.3100929976029059,149
G114A,-1.768156619,2563,-0.1412764072796755,2284,0,0.2653948287323755,-0.7181281122459742,0.821724798418829,-0.9340971440239326,114
E46G,-1.769257835,2564,0.9585744648179612,680,0,0.913628216173757,1.0438950285944597,0.8292040571988717,1.0475705573047562,46
L135T,-1.77295641,2565,-0.3261050699439528,2549,0,-0.1856003985586859,-0.5890216863783441,0.1293374927198934,-0.6591356875586746,135
R176D,-1.773480238,2566,-0.5023295362973743,2793,0,-1.2773579850808554,-1.28002537574982,-0.0118938950673511,0.5599591107085291,176
G263W,-1.774132716,2567,-0.5688364807959974,2887,0,-1.134050036916687,0.0941135680537279,0.1207897665179933,-1.356199220839024,263
P143C,-1.774256601,2568,-1.3130967736409955,3609,0,-1.2645756580134078,-1.5967216998589775,-0.7525855294522692,-1.6385042072393274,143
L137A,-1.775437387,2569,0.0270738080153811,2032,0,-0.1661839296103766,-0.2172798046970524,0.5795394344526618,-0.087780468083708,137
R81T,-1.775995498,2570,-0.2573177591087758,2458,0,-0.6146426157375419,-0.5021773755636969,0.4009033904214501,-0.3133544355553143,81
R91I,-1.776368346,2571,-0.6330909690136517,2969,0,-0.5886136906536091,-0.9583471964195815,-0.7084750032842086,-0.2769279856972071,91
V82G,-1.77800061,2572,-0.6457754916744667,2985,0,-0.770741535113262,-0.998648363082732,0.013705346133844,-0.8274174146357167,82
V258M,-1.7785477280000002,2573,0.0777455624568844,1965,0,-0.1286584813303299,-0.1488304736581143,1.084328507610971,-0.4958573027949889,258
I256A,-1.780513259,2574,0.0456200434733161,2014,0,-0.1035296528795707,0.8510936048329387,0.2316835321819198,-0.7967673102420233,256
D48G,-1.782656107,2575,-0.165613826948899,2333,0,-0.2323617755816485,0.5392058880880211,-0.6664811235864313,-0.3028182967155373,48
W286H,-1.782739799,2576,1.3467829231061463,262,0,1.975660073692882,0.4876683152933025,1.858093644794428,1.0657096586439734,286
L120V,-1.783373826,2577,-0.1285138208055302,2258,0,0.517710384330441,-0.2326887546717736,0.2251439272891763,-1.0242208401699646,120
F64M,-1.78343415,2578,-0.2949899364251792,2509,0,-0.3338993599383081,-0.0826385457662285,-0.1503539635153248,-0.6130678764808554,64
Y95H,-1.783828991,2579,-0.1453279176213565,2293,0,0.0556488936032186,-0.7711616695434009,0.1904313969825903,-0.0562302915278341,95
L79V,-1.786521316,2580,-0.5890193154895167,2917,0,-0.1807181658659848,-0.9003431568457232,-0.2862685313510124,-0.9887474078953464,79
Q204G,-1.786870088,2581,-0.3431084203595859,2574,0,-0.2504197946684929,-0.604643563150131,-1.099587689445032,0.5822173658253125,204
E35A,-1.787649562,2582,0.6775273373600939,1078,0,0.6725054953893315,-0.1067824226966622,1.5547989082766829,0.5895873684710233,35
L73Y,-1.787903299,2583,0.3334782072909451,1597,0,-0.0874424860843161,0.431138019797059,-0.0706478571434944,1.0608651525945318,73
R176G,-1.789170972,2584,-0.1136927360235248,2241,0,-0.7078044265104663,-0.6794143559239154,-0.1763752768726675,1.10882311521295,176
P224N,-1.7892447669999998,2585,-0.7776932590655651,3136,0,-1.2861011347890183,-0.7864418525114693,-0.5613219124519877,-0.4769081365097851,224
G76F,-1.789810329,2586,-0.8131411164164748,3179,0,-0.8734444204544772,-1.090867274807054,0.2752330693873615,-1.563485839791729,76
T27P,-1.790172161,2587,0.5586582552592042,1262,0,0.6991507680505529,0.5819646849070973,0.9457527288751768,0.0077648392039897,27
L192H,-1.7914210069999998,2588,-0.5105330015021154,2800,0,-0.1501601615813282,-1.036205364567794,-0.409762585765505,-0.4460038940938345,192
E56Y,-1.791599132,2589,0.6177619935692518,1175,0,1.0368436806025152,0.3295282149428,0.9880713369502174,0.1166047417814741,56
W208D,-1.7929408080000002,2590,-0.4565867004078278,2724,0,-1.3234747954165622,-0.5635800300972483,-0.5694143591399222,0.630122383022422,208
S264Q,-1.79312276,2591,-0.323797282318328,2544,0,0.1914677714191286,-1.086732577596376,0.4645707700798088,-0.8644950931758737,264
L111N,-1.7939235080000002,2592,-0.3408419798145977,2571,0,-0.2473712513005425,-0.6071746751651029,0.2601066149269025,-0.7689286077196481,111
V258L,-1.794191325,2593,0.0198380644565004,2047,0,0.0018401770727168,0.3854369790138988,0.2637025969645137,-0.5716274952251278,258
C121G,-1.794543071,2594,-0.3201208080832927,2538,0,-0.3742833688784573,-0.2144435186672948,-0.9866918546096926,0.2949355098222738,121
R220K,-1.795858879,2595,0.6496965279602963,1115,0,0.6178926975588598,0.5469013279026873,0.0721745700010272,1.3618175163786108,220
R162D,-1.797269994,2596,-0.6333897310794423,2970,0,-1.3575605653721068,-1.2703480107807446,0.0855947332526851,0.0087549185823971,162
G76M,-1.799435365,2597,-0.6202217486586555,2953,0,-0.5032334941988877,-0.9868596741223364,0.3543292123885209,-1.3451230387019188,76
L137S,-1.799622821,2598,-0.2685365817370909,2469,0,-0.5287591743003365,-0.4640565287560789,0.4490047372570919,-0.5303353611490401,137
L247F,-1.800568319,2599,0.7723347480867813,951,0,0.9184944546870328,1.36574640839427,0.2344334543693487,0.5706646748964739,247
L135H,-1.802150135,2600,-0.3706404497966036,2608,0,-0.150461048155466,-0.131836008833076,-0.3843417785275594,-0.8159229636703131,135
V42T,-1.804800391,2601,0.1571458686038102,1850,0,0.2826885823516135,0.2549320600524247,0.1597041265935022,-0.0687412945822993,42
L188S,-1.805171884,2602,-0.2755884605703684,2479,0,-0.4745083248759016,-0.6377355465654463,0.1836644505277947,-0.1737744213679207,188
L89N,-1.80739076,2603,-1.041470603533804,3373,0,-1.4052982532406495,-0.8361378296521591,-1.5939269900998818,-0.3305193411425255,89
P249I,-1.808790021,2604,-0.2304262478856075,2416,0,-0.5394855520005875,0.4984162534521353,-0.1227091438215874,-0.7579265491723904,249
L137C,-1.808855586,2605,-0.8406299302440654,3203,0,-0.8175147978343679,-1.013118792391692,-0.6707530718272168,-0.8611330589229855,137
G76I,-1.814070833,2606,-1.125866941456442,3460,0,-0.5186840725503534,-1.616233123701201,0.169448694764474,-2.5379992643386875,76
L89Q,-1.814728086,2607,-0.3655215999231964,2601,0,-0.68618416568962,-0.4424897610834256,-0.3390647898136433,0.0056523168939035,89
S51C,-1.818743993,2608,-0.7494895169991083,3111,0,-0.474736816743167,-1.16463093014902,-0.329556742137621,-1.0290335789666254,51
R202W,-1.819953653,2609,-0.9674574871875092,3310,0,-0.9245953390845288,-1.2136005552247044,-0.1376887137720872,-1.5939453406687158,202
R159A,-1.81998913,2610,-0.0780567411120825,2200,0,-0.5573723215465308,-0.5280251723348636,-0.2460954056418252,1.0192659350748894,159
L197Y,-1.821305888,2611,-1.0459314324268814,3377,0,-0.911164801722571,-0.5311691597004403,-1.43709494395118,-1.3042968243333335,197
L100T,-1.821399928,2612,-0.1178178891259905,2244,0,-0.2692003285094867,-0.2146465889123303,-0.0639285187669206,0.0765038796847754,100
L160H,-1.822190357,2613,-0.5821195645232454,2905,0,-0.7290762328362754,-0.5439251807863785,-0.4670285888964838,-0.588448255573844,160
T187F,-1.822937331,2614,-0.6077093009351917,2938,0,-0.3130957697086998,-0.6371082654849509,-0.2481779863830618,-1.2324551821640546,187
E62C,-1.82322916,2615,-1.0263234843839095,3365,0,-1.6264299333412608,-1.9194403772586763,-0.9095123821317984,0.3500887551960974,62
G43S,-1.823495968,2616,-0.2132730946251749,2392,0,-0.063516035462955,0.143947031458636,-0.2980595848033439,-0.6354637896930369,43
H110D,-1.824052084,2617,-0.4457203965199444,2707,0,-0.5052093847198172,-1.119655988698762,0.2781398330698383,-0.4361560457310365,110
L197R,-1.824107048,2618,-1.288476148996841,3596,0,-1.3273938091214683,-1.0784780943691166,-1.582902908064656,-1.1651297844321231,197
A132G,-1.824772543,2619,0.001322087491697,2075,0,0.3088893223637797,0.1915478594626192,-0.4458438014385237,-0.049305030421087,132
R159E,-1.826000916,2620,-0.2413144402222047,2435,0,-0.728782432450037,-0.7091735610924573,-0.0691482494262799,0.5418464820799552,159
R63F,-1.828182638,2621,-0.4460766555117459,2709,0,-0.6446778503305028,-0.5264088241679387,-0.9944882613513863,0.381268313802844,63
G154L,-1.828806882,2622,-1.4542974559177546,3691,0,-1.3502081679883329,-2.002503310343118,-1.9522238455662984,-0.5122544997732691,154
I93N,-1.829985674,2623,-0.8949132342966771,3248,0,-1.1686867202889188,-0.7452078516548822,-1.06066936375279,-0.6050890014901175,93
P143G,-1.833277047,2624,-0.5828999177244643,2908,0,-0.4826305285231392,-0.5252252797279872,-0.8791112549647055,-0.4446326076820249,143
R159M,-1.835369183,2625,-0.2785642757764318,2485,0,-0.6680706632592234,-0.7493923370899188,-0.3643171313891423,0.6675230286325572,159
R220Q,-1.836778509,2626,0.2678366393187241,1692,0,0.1424814319090716,-0.0487058490091455,-0.1294467019714811,1.1070176763464514,220
R91G,-1.839828642,2627,-0.3983367100630052,2653,0,-0.2488773175124145,-0.7087808154038636,-0.3430041642580413,-0.2926845430777015,91
T107G,-1.84055421,2628,-0.8393049586396804,3202,0,-0.9372496624599224,-0.8475936704324535,-0.5261780171125092,-1.0461984845538366,107
R255L,-1.841853145,2629,0.3285506690255504,1603,0,-0.129223466609511,0.3330013858729799,1.1307580527215126,-0.02033329588278,255
R220C,-1.843028038,2630,-0.4166030618216728,2668,0,-0.8621791406773134,-0.7906761261708641,0.0015453078192959,-0.0151022882578097,220
T27M,-1.84309581,2631,0.706350448512865,1039,0,1.4853540368497802,0.4950254100046192,0.825117122887744,0.0199052243093167,27
R91E,-1.843124163,2632,0.1988067029323408,1798,0,-0.1049280693433545,-0.418481474926435,0.7894173569005329,0.5292189990986198,91
G263P,-1.844063311,2633,-0.6932202929740328,3042,0,-0.6661716654154992,-0.7409649851039737,0.3447866370065396,-1.710531158383198,263
G141V,-1.844794396,2634,-1.4464200870182533,3682,0,-1.1357386604161086,-0.8995624673784997,-1.2243456211547392,-2.5260335991236658,141
V82L,-1.847136171,2635,0.0268255608465973,2033,0,0.4511203458655268,-0.6861840380440392,0.3458414093040474,-0.0034754737391456,82
L219P,-1.848450853,2636,-1.4685336368390132,3697,0,-1.3191741326981254,-1.0477671000993884,-1.5181639455668892,-1.9890293689916492,219
T27H,-1.849536455,2637,0.5386973152603469,1291,0,0.1937755568683374,0.9844871253695622,0.4320010584054863,0.5445255203980018,27
L223F,-1.850101859,2638,0.15520179877044,1854,0,0.3392163093844194,0.1758865564827109,0.2017707557326413,-0.0960664265180117,223
V82D,-1.850754,2639,-0.6622042859808623,3012,0,-0.972636979182968,-1.1129848720989417,-0.0364337474306001,-0.5267615452109394,82
E87H,-1.85153629,2640,-0.2881395286194941,2497,0,-0.7042080102532615,-0.9367636220620554,0.0600078954463069,0.4284056223910335,87
D48H,-1.852532013,2641,-0.0669094074988742,2182,0,-0.2984076098928877,-0.3091232828818596,0.4638883990358531,-0.1239951362566027,48
T107I,-1.853374251,2642,-0.1490426418802922,2299,0,0.196398564601601,-0.026251233457451,0.4208371810298473,-1.1871550796951662,107
S264K,-1.853998581,2643,-0.4280170463766281,2684,0,0.3681611128397966,-1.3025071600026232,0.3756431734743861,-1.153365311818072,264
V258N,-1.857129212,2644,-0.7466365808388051,3109,0,-1.1115447564581984,-0.6364721387808386,-0.4217752213313779,-0.8167542067848056,258
L49K,-1.857422077,2645,-0.3202874311721825,2539,0,-0.2150444013360794,-0.9493287040439188,-0.124949138256767,0.0081725189480353,49
A245V,-1.857539899,2646,0.1029678166683031,1930,0,-0.1139697184346965,0.1089398441641937,0.680603360398835,-0.2637022194551195,245
V117F,-1.859549574,2647,-0.2282566221202807,2413,0,0.0479106759038183,-1.187629298821055,0.061965299230169,0.1647268352059445,117
A34G,-1.861298253,2648,-0.2330554519267555,2423,0,0.272456566770646,0.2748527835360108,-1.1299991160803882,-0.3495320419332909,34
D83G,-1.86508199,2649,-0.0351165763806082,2137,0,0.0622721423548094,-0.0301176555404314,-0.2629010706452439,0.090280278308433,83
L79F,-1.868020467,2650,0.0153733667998285,2055,0,0.2653916374349881,-0.2011801378838971,-0.5324664856634499,0.529748453311673,79
C75L,-1.869139891,2651,-0.5884391862839733,2916,0,-0.4394338306817891,-0.7942300450080619,-0.5392263982031213,-0.5808664712429207,75
S264V,-1.869554148,2652,-0.3943342667619467,2646,0,0.5512970806055995,-0.7214396609960668,0.5036186114398848,-1.910813098097204,264
D161Q,-1.870180211,2653,-0.3868443808717147,2633,0,-0.9624972473788104,-0.4703923962208158,-0.1963604252923761,0.0818725454051437,161
L205F,-1.871064387,2654,-0.1188403856983061,2246,0,0.3749479721212196,0.1688291388629321,-0.2028556612421888,-0.8162829925351875,205
P60C,-1.87440672,2655,-0.0498431033051766,2156,0,-0.306439100283683,-0.1580309331481831,0.4615591546084481,-0.1964615343972885,60
I93H,-1.874620321,2656,-0.4208144866522504,2671,0,-1.0569824665627532,-0.3347236549238542,-0.210738974482467,-0.0808128506399272,93
S201F,-1.874663113,2657,-1.1638363849878364,3487,0,-1.129060657042415,-1.4637287597061517,-0.3233179573878169,-1.7392381658149618,201
L100A,-1.874839901,2658,-0.3357891823256214,2562,0,-0.2670184108446322,-0.7727195102284021,-0.0519681592644022,-0.2514506489650489,100
R59S,-1.875296865,2659,0.0872674246198169,1948,0,-0.201092162236276,-0.5116879373445665,0.1935418482111369,0.8683079498489733,59
D99W,-1.876323526,2660,-0.5825075716620374,2907,0,-0.9563045222345944,-0.7572320869355933,-0.3416517413801867,-0.2748419360977751,99
L135S,-1.879872593,2661,-0.4721747033152195,2743,0,-0.4026338497341832,-0.7399368709075778,0.2073153083498122,-0.9534434009689292,135
L146Q,-1.880102708,2662,-0.4729645708242207,2744,0,-0.6265138650934047,-0.4082646532827756,-0.5479768466962042,-0.3091029182244985,146
R41E,-1.883635418,2663,-0.0089511799482507,2095,0,-0.4240222012354437,-0.2728515505083447,-0.1715801766490115,0.8326492085997971,41
S264E,-1.884315762,2664,-0.0863476591302176,2208,0,0.1578642391656277,-1.042785750342514,1.643762835502682,-1.1042319608466664,264
L120F,-1.885399507,2665,-0.1977035748038206,2376,0,-0.2850094880713206,-0.1944569584707884,0.09044661463066,-0.4017944673038334,120
G114T,-1.887151206,2666,-0.6058956978844066,2936,0,0.0540283929952697,-1.5898173115277725,0.7498685020354585,-1.637662375040582,114
G76V,-1.887239644,2667,-0.7541504073089524,3120,0,-0.0187078832109745,-1.1531402123384642,0.5623328819326179,-2.407086415618989,76
P224W,-1.887302746,2668,-1.794596530591842,3799,0,-2.462732129689476,-1.6888349695641025,-1.7377545964900136,-1.2890644266237772,224
L197Q,-1.88757772,2669,-1.047712799948934,3380,0,-1.105346603595592,-0.7045614529385659,-1.5115029477357824,-0.8694401955257951,197
L135R,-1.891850718,2670,-0.0706857875891946,2186,0,0.1933062853824492,-0.0398800648622815,0.010104544865558,-0.4462739157425041,135
A230L,-1.893065637,2671,-0.6557235085722619,3000,0,-0.5756403380527894,-0.3776288468137914,-0.1576337263923491,-1.5119911230301175,230
E62K,-1.893940849,2672,0.3463712124117153,1573,0,0.0225154369420343,-0.2082724325339371,0.6094958158700307,0.9617460293687332,62
T179P,-1.894521109,2673,-1.589273167410289,3743,0,-0.9581305474199506,-1.5738062273168387,-2.4683954525995198,-1.3567604423048467,179
V82E,-1.894693829,2674,-0.3701696922201755,2607,0,-0.6657254868610988,-0.9443124772567836,-0.0972237756798476,0.2265829709170278,82
R255H,-1.895191031,2675,1.1533601296775813,453,0,0.6764396928851534,1.2532895470093983,1.602472728102931,1.0812385507128428,255
G226L,-1.89747051,2676,-0.4606643150767909,2733,0,-0.7362567273426752,-0.6152941994491772,0.0519676959998189,-0.5430740295151303,226
R159L,-1.899057722,2677,-0.0750100119813443,2194,0,-0.1996918360197249,-0.415463979978581,-0.1100072381971577,0.4251230062700862,159
E46C,-1.899140071,2678,0.5015840231188982,1337,0,0.2383144088518167,0.1445909928579518,0.8267314232323896,0.7966992675334343,46
E87C,-1.900269091,2679,-0.9160472027457658,3262,0,-1.642989550355627,-1.86337529838166,-0.627495246002221,0.4696712837564448,87
L192Q,-1.901721304,2680,-0.2627462888444914,2468,0,0.0962550620725105,-0.5134317888576276,-0.2166862618211053,-0.4171221667717433,192
Q274D,-1.901776732,2681,0.2494491618037138,1722,0,0.4141658257137331,0.6041180437916077,-0.1697275217645941,0.1492402994741087,274
L49H,-1.904127979,2682,-0.2872441388165207,2495,0,-0.1437162788198991,-0.6559926609787822,-0.0393705159233177,-0.3098970995440838,49
E119T,-1.904197339,2683,0.0154028312954453,2054,0,0.1283353905958863,-0.3804231793143942,0.1083154896739385,0.2053836242263507,119
L89K,-1.904393277,2684,-0.7914545752349479,3154,0,-1.3668398027846842,-0.9102803304170354,-0.443499044048076,-0.4451991236899963,89
I93F,-1.905420019,2685,0.0812994480061412,1960,0,0.1479660910865216,0.0842325010093586,-0.0191422428367503,0.1121414427654348,93
L160N,-1.906073604,2686,-0.4649330154390382,2738,0,-0.9489524766473836,-0.3073621192197197,-0.484176828465673,-0.119240637423377,160
L188W,-1.912952574,2687,-0.1405448760949472,2281,0,-0.1505273366791486,-0.3627866485808151,0.0207334912876208,-0.0695990104074461,188
P224M,-1.914560411,2688,-1.3895552719224409,3648,0,-2.014622815241243,-1.236264053859811,-1.3806494335475314,-0.9266847850411772,224
P224E,-1.914921366,2689,-0.5799719262248135,2902,0,-1.1783147388647697,-0.673373805921934,-0.1537275761677059,-0.3144715839448447,224
G279V,-1.91550309,2690,-1.0607652085255326,3394,0,-0.9352009500505802,-0.403684894838112,0.1076805012663355,-3.011855490479774,279
W208A,-1.916460922,2691,-0.3969184332446943,2649,0,-0.7254535323501958,-0.5954754533692901,-0.383227714571758,0.1164829673124665,208
R220S,-1.917546496,2692,-0.0346497381883349,2135,0,-0.1230108900878466,-0.3373188345270234,-0.3236928379181471,0.6454236097796776,220
V42A,-1.919095692,2693,0.3880256222015213,1496,0,0.5794692006041992,0.7372155518521918,0.8405808614296486,-0.605163125079954,42
R91V,-1.920734529,2694,-0.4228113157387831,2676,0,-0.4876444336434731,-0.8553618970928817,-0.3317282957542624,-0.0165106364645155,91
V42G,-1.921353464,2695,-0.56222586153531,2881,0,-0.6943432828475813,-0.4439650847366855,0.719778040950956,-1.830373119507929,42
A40W,-1.923133717,2696,-1.0626506771356978,3398,0,-0.3895290006040112,-1.999101788964236,-0.4945323851924078,-1.3674395337821372,40
G52P,-1.923346365,2697,-1.2383089002515542,3551,0,-0.7769491864830534,-1.7441062169045212,-0.3090347819183213,-2.1231454157003213,52
G114Y,-1.924038428,2698,-1.0757478311923596,3414,0,-0.5590757205015715,-2.0044862464259405,0.0507105360160324,-1.790139893857959,114
L160Q,-1.925638658,2699,-0.1904242707465513,2366,0,-0.4879878373450077,-0.0667533221427591,-0.5691268238364279,0.3621709003379893,160
D161M,-1.926115503,2700,-0.7212300019103535,3076,0,-1.5558337110089473,-1.0973238218511372,-0.3563619751799208,0.1245995003985915,161
Q88P,-1.926862363,2701,0.1535182610043249,1858,0,0.4492475191732114,-0.1401315610271281,0.3168191143451346,-0.0118620284739181,88
R220G,-1.927532395,2702,-0.2010677596475485,2380,0,-0.3862157805795224,-0.0927095409862595,-0.2913525024448447,-0.0339932145795675,220
D161H,-1.928225329,2703,0.0249584030676839,2038,0,-0.6848142698757148,-0.3887529767084492,0.6750172731245424,0.4983835857303572,161
L49N,-1.928298964,2704,-0.3043379540609249,2517,0,-0.2705277071959958,-0.4040946999436813,-0.1911483793662177,-0.3515810297378046,49
T116G,-1.92948211,2705,-0.2569794400420431,2456,0,-0.0876427462774506,-0.2393913364184599,-0.2614926664994713,-0.4393910109727907,116
E62W,-1.931454624,2706,-0.8824649946544256,3238,0,-1.383363787832948,-1.2856501814418035,-1.492731474894849,0.6318854655518977,62
I93Y,-1.934341136,2707,-0.1866080484711204,2362,0,-0.6137342518851523,-0.2310660882022651,0.0479240028846693,0.0504441433182664,93
A245M,-1.93600713,2708,-0.5214494288867606,2826,0,-0.8937054398715932,0.0525167702627933,-0.5613037735536577,-0.6833052723845847,245
L223Q,-1.936262751,2709,-0.4456428025071636,2706,0,-0.7969696273081531,-0.3056521338085065,-0.5184689543711783,-0.1614804945408164,223
L223N,-1.938482333,2710,-1.0978941163542455,3442,0,-1.2660169182728238,-0.9823736792880124,-1.210825333651025,-0.9323605342051222,223
G279I,-1.940218459,2711,-1.42459361087332,3670,0,-1.75396397698481,-0.7342162797484274,-0.2191038905162453,-2.991090296243797,279
L135C,-1.94117432,2712,-0.9738816335354176,3316,0,-1.012205146766633,-1.3222419990242014,-0.5605886860099442,-1.0004907023408918,135
M115K,-1.942081163,2713,-0.6077191776985417,2939,0,-0.608919212335866,-0.8217978101085237,-0.9552438333549036,-0.0449158549948732,115
R162C,-1.942558976,2714,-0.0336043370525663,2133,0,-0.872979345399012,-0.981908904949966,1.8730300931895656,-0.1525591910508532,162
P143N,-1.942733992,2715,-0.9722845160522892,3314,0,-0.8108670992216918,-0.8969752488365857,-0.7026602085431672,-1.4786355076077122,143
E62L,-1.942943043,2716,-0.1390492327413937,2277,0,-0.5035649116889751,-0.53273066500094,-0.373935218540703,0.8540338642650432,62
V31T,-1.944226231,2717,0.182278734851825,1823,0,-0.106000596548746,0.5530343146714659,0.3718047863302068,-0.0897235650456265,31
G142H,-1.944233898,2718,-0.8568094863645197,3217,0,-0.8203997306724861,0.2703996438751215,-1.777622738551876,-1.0996151201088389,142
R59A,-1.945165273,2719,0.0332917701011216,2026,0,-0.3712063048606283,-0.5998057652279549,0.1564901304809277,0.9476890200121422,59
A40E,-1.945210291,2720,-0.4876408450037535,2767,0,-0.0101864407220881,-0.9246074606233998,0.0747019671798731,-1.0904714458493991,40
E35M,-1.946449764,2721,-0.4334345762266485,2696,0,-0.4992027599570999,-1.2186137492265998,-0.7093033681210121,0.6933815723981177,35
S201V,-1.946646683,2722,-1.208021360384401,3528,0,-0.9914405054421456,-1.1004089226366347,-0.1763887944388401,-2.563847219019984,201
G114H,-1.947167109,2723,-0.70629035227858,3054,0,-0.2393817252139737,-1.8264961243977624,0.7212156269350842,-1.4804991864376678,114
V117A,-1.947442241,2724,0.2088383819058135,1780,0,0.3682256423806673,0.0640838131685582,0.0934744478029283,0.3095696242711002,117
T187R,-1.94747267,2725,-0.7808518497327611,3141,0,-0.6747506517706607,-0.6367231017594575,-1.2420056981997016,-0.5699279472012245,187
I283R,-1.948248642,2726,0.1928368323101752,1807,0,1.2078062183295342,0.7392183274051268,-0.60046002170433,-0.57521719478963,283
L49G,-1.948571412,2727,-0.1209328325179807,2248,0,-0.0260946058879061,0.0771263060936349,-0.1317402291995331,-0.4030228010781185,49
D155E,-1.954996729,2728,0.0503782405097818,2009,0,0.2163021964038282,0.0233071310529689,0.7939537735822652,-0.8320501389999347,155
I283Q,-1.955217642,2729,0.334792509031785,1596,0,1.1193615848407406,0.7429048042305276,-0.1704564147802171,-0.352639938163911,283
R41D,-1.955265097,2730,-0.0516488800231941,2160,0,-0.696884460187603,-0.6033556403514992,-0.0484282593464234,1.142072839792749,41
T107M,-1.95630099,2731,0.0354221995657873,2025,0,-0.0064504366145969,-0.1949205955143696,0.421760158721957,-0.078700328329841,107
L120C,-1.956852199,2732,-0.8137141421059184,3180,0,-0.9166535316888138,-1.2192230863277578,-0.316187451220512,-0.8027924991865898,120
G141T,-1.95731596,2733,-1.2182245414275727,3535,0,-0.9427890008744962,-0.8788508187775046,-1.0631608164816126,-1.9880975295766767,141
A132V,-1.95815801,2734,-0.6676804024992958,3015,0,-0.2764058508284669,-0.719809033465303,0.4488875334770496,-2.123394259180463,132
I93T,-1.958171757,2735,-0.1609457729775662,2320,0,-0.3653372074254754,-0.3866074075171257,0.1371884570934547,-0.0290269340611183,93
L28C,-1.95959115,2736,0.0256241424440189,2036,0,0.0584849267191659,-0.3150996389295922,0.7596191755526153,-0.4005078935661131,28
G263F,-1.960090392,2737,-0.5000156218471057,2790,0,-1.0872733064866096,0.415418209335227,0.1464730943991583,-1.4746804846361985,263
P224L,-1.96066277,2738,-0.5434383621863601,2847,0,-1.1827211415785266,-0.3987509323506142,-0.1976451284729425,-0.394636246343357,224
D174G,-1.960745279,2739,-0.2465212207304291,2442,0,-0.4029619754135796,-0.5165684469922075,-0.1062030324300241,0.0396485719140947,174
I93A,-1.960784664,2740,-0.4951595227707753,2779,0,-0.5060960376986426,-0.7914520137281247,0.0419044574641089,-0.7249944971204431,93
F58E,-1.961057663,2741,0.554463025816365,1267,0,0.3060962838134202,0.5599241709067289,0.4180725688786145,0.9337590796666962,58
L49P,-1.963572886,2742,0.4040939687697864,1470,0,0.2721077856073728,0.817899201732744,1.608988527608835,-1.0826196398698062,49
P143L,-1.965140669,2743,-0.5169026595591005,2818,0,-0.2923878681440588,-0.626807915881137,1.050336623113213,-2.1987514773244192,143
L219A,-1.965542709,2744,-0.5603876562393839,2877,0,-0.8029645925276598,-0.3787749869024482,-0.1743707436831449,-0.8854403018442827,219
M115R,-1.967259332,2745,-0.5985170265682709,2925,0,-0.8274055581856642,-0.9431185708005946,-0.5031173624261962,-0.1204266148606285,115
D83V,-1.970337587,2746,-0.7610624840129772,3127,0,-0.5209934410840931,-1.292994576364927,-0.4373066786948433,-0.7929552399080448,83
L197T,-1.970737178,2747,-1.0302015162380451,3369,0,-0.5908881308143696,-0.7826885280447345,-1.372160437100845,-1.3750689689922315,197
S264H,-1.974231479,2748,-0.3747454505722896,2619,0,0.113079808053282,-1.2564775674851187,0.4842808403272876,-0.8398648831846094,264
R41G,-1.974678812,2749,-0.148234236544936,2297,0,-0.5422451196208691,-0.4773158658258232,-0.4419698158570742,0.8685938551240222,41
L197P,-1.975856504,2750,-1.22005318554579,3539,0,-0.8356044283551745,-1.0712759876201747,-1.038651432186135,-1.934680894021675,197
A40L,-1.977678207,2751,-0.5731236853299062,2893,0,0.3863596746533114,-1.0084644779765424,-0.1492974970438926,-1.5210924409525015,40
G114N,-1.979103618,2752,-0.4960993777294492,2781,0,0.1485987469473092,-1.360250127313729,0.6986623270481486,-1.471408457599526,114
G114W,-1.979103619,2753,-1.2037681336324535,3522,0,-0.8099881103822605,-1.6777587324030276,-0.5013946930841308,-1.8259309986603955,114
L100S,-1.979998024,2754,-0.5001073103995314,2791,0,-0.5532585633160216,-0.998128240414054,-0.1489667139761209,-0.3000757238919291,100
L160P,-1.980249427,2755,-0.7064156721106578,3055,0,-0.3315567968860755,-0.8013788252831988,-0.3757286353688508,-1.3169984309045055,160
T198W,-1.982114442,2756,-0.4312657115086361,2690,0,-0.8404428372475341,-0.2648357727526924,-0.6702072011840565,0.0504229651497385,198
G52W,-1.984352478,2757,-1.512210129410338,3712,0,-1.3296985289149186,-1.399261854785628,-1.5452956048623698,-1.7745845290784348,52
M115T,-1.986188766,2758,-0.5441286318055444,2848,0,-0.5514329904405315,-0.7530706001219609,-0.1673845431154267,-0.7046263935442585,115
E270P,-1.986815688,2759,-0.5611545102805829,2878,0,-0.9429542447455114,-0.6814255980023125,0.1382972231428988,-0.7585354215174066,270
V117P,-1.988141729,2760,-0.6107119771923314,2943,0,-0.3289164883004406,-0.6449621683284126,-0.2385048178174964,-1.2304644343229758,117
G114D,-1.988670582,2761,-0.0491399108204775,2155,0,0.4096374375419709,-0.8798170136085822,1.7988368220569064,-1.5252168892722051,114
H110I,-1.990195929,2762,-0.7182109962253135,3071,0,-0.6699194044511787,-1.8564587789094944,0.2695193676542097,-0.6159851691947908,110
Y95P,-1.99029461,2763,-1.2211029179632598,3540,0,-0.9008945533937712,-1.3103446352593682,-0.6092835830245665,-2.063888900175333,95
D99C,-1.991657821,2764,-0.7026383531188555,3052,0,-0.7994114975042801,-1.0434317335986572,-0.7488633228472897,-0.218846858525195,99
L79I,-1.992318096,2765,-0.4204998066983786,2670,0,0.1386836121199052,-0.7986205071073222,-0.3633819748706505,-0.6586803569354469,79
G263Y,-1.992529607,2766,-0.3358682199292704,2563,0,-0.707681347970285,0.5518204423791134,0.0833557074956832,-1.2709676816215936,263
I259T,-1.997076674,2767,-0.0713354530908781,2188,0,-0.3725996705309092,0.0752574785554711,0.1866695785999223,-0.1746691989879967,259
V82N,-2.000244548,2768,-0.4137817149575633,2664,0,-0.708945353018914,-0.6974558898531005,0.0960783988524806,-0.3448040158107195,82
P224D,-2.002474635,2769,-0.5984003143190478,2924,0,-1.1160858972553465,-0.6859540518299978,-0.2469214231861911,-0.3446398850046561,224
L47K,-2.002716795,2770,0.1084749301821021,1920,0,0.1528722333813012,-0.0340312121606851,0.0685735447220715,0.2464851547857207,47
P143I,-2.005215035,2771,-0.9869019580930454,3335,0,-0.4996947977062394,-1.2437704500611773,0.2564557683275792,-2.4605983529323443,143
L100K,-2.008377529,2772,-0.2318185491612992,2419,0,-0.4768749106076795,-0.3795847405615565,-0.1708738430994931,0.100059297623532,100
G279F,-2.008497757,2773,-1.2727295377758854,3581,0,-1.9824966526514531,-0.4097067426644461,-1.0563243546244891,-1.6423904011631534,279
T261P,-2.009491872,2774,-1.047518380366088,3379,0,0.2614443041068103,-1.0040040090846565,-2.0648260013684103,-1.3826878151180952,261
L89R,-2.009935743,2775,-0.4934459597861798,2776,0,-0.8590049808082676,-0.5177076369480224,-0.3186501748104047,-0.2784210465780243,89
L205W,-2.016528177,2776,-0.9096421617132592,3256,0,-0.8081959581801968,-0.9274476640007592,-0.6166878835460124,-1.2862371411260685,205
D83I,-2.016937309,2777,-1.2288573838684316,3547,0,-0.9452756497473492,-1.8832792151803728,-0.5100889409223615,-1.5767857296236425,83
G263V,-2.019069464,2778,-0.269417652540314,2470,0,-0.6336889821380652,0.3661851110418084,0.8398742754767763,-1.6500410145417757,263
D83N,-2.019126225,2779,0.2699335450150387,1685,0,0.5057295503453971,0.4246737644238244,-0.038633715325938,0.1879645806168714,83
D155N,-2.020904202,2780,-0.0455984142255079,2147,0,0.1200757350060619,-0.2673874824340868,-0.1767086573644115,0.1416267478904047,155
T147W,-2.021586879,2781,-1.4033098727962825,3658,0,-1.6914998839884594,-1.8456155607477016,-1.0707147144688107,-1.0054093319801587,147
L55S,-2.021762852,2782,0.5099532665028605,1323,0,0.5166976751048172,0.786108409551486,0.1039990728715732,0.6330079084835656,55
G248E,-2.0217645,2783,-0.1272026982105059,2256,0,0.7580884020489612,-0.7708834114976212,0.8115530679766423,-1.307568851370006,248
T178A,-2.022396221,2784,-0.1415618769387632,2285,0,-0.074120842322578,-0.49598291171078,-0.0589559474568912,0.0628121937351962,178
R41W,-2.024107135,2785,-0.4458908032018787,2708,0,-0.6915025256063677,-0.3532734331128603,-0.9533780870796388,0.2145908329913518,41
A245W,-2.025842414,2786,-1.341559344835625,3626,0,-2.1031450324362035,-1.0425360510244124,-0.5536733428228632,-1.6668829530590197,245
M209A,-2.03056525,2787,-0.3675280397579925,2604,0,-0.6240004545534854,-0.4759676664205443,-0.0582826633834322,-0.3118613746745081,209
D99P,-2.032132563,2788,-0.955725996854202,3301,0,-0.7605199854800254,-1.556397787306526,-0.1330985969957889,-1.3728876176344684,99
K30W,-2.032560763,2789,0.3098040634784572,1629,0,0.314661474717671,0.1177959561634587,0.3416620236770373,0.4650967993556618,30
L219K,-2.040645811,2790,-1.4609198515361672,3694,0,-1.6904632400324302,-1.9629530107589963,-1.150963459195498,-1.039299696157744,219
G52R,-2.042379701,2791,-0.527542590798667,2830,0,-0.1069389384939151,-0.7524220895447848,-0.2608071207756711,-0.9900022143802968,52
T178I,-2.042598116,2792,-0.615646896929027,2949,0,-0.0919991184943722,-0.7783137353358813,-0.3614873324929225,-1.230787401392932,178
L197C,-2.045410784,2793,-1.3112243970821722,3607,0,-0.8661977379376992,-1.3203556066048552,-1.6878762319053284,-1.3704680118808057,197
T116F,-2.045538289,2794,-0.6339541953068024,2973,0,-0.6013487262117427,-0.0031723696105014,-1.4661890833041502,-0.4651066021008156,116
L197G,-2.046874712,2795,-1.4907837771899732,3705,0,-1.53028634516226,-1.5503446006993773,-1.31313079225738,-1.5693733706408757,197
G114P,-2.048173868,2796,-0.8583893871437223,3219,0,-0.2452246389335553,-1.6680677199003722,0.4027888897620384,-1.923054079503,114
R162A,-2.052036726,2797,-0.7092822552907639,3060,0,-1.155105111431745,-1.211055542944049,-0.2281637051213685,-0.2428046616658927,162
L38R,-2.052487335,2798,-0.5617788697394236,2880,0,-0.3499823679956286,-1.2388345920829045,0.3105096433525848,-0.9688081622317464,38
E62R,-2.055450033,2799,-0.1212571915197736,2250,0,-0.4469820531091788,-0.7004623909544591,-0.2301624529908197,0.8925781309753632,62
L49R,-2.058053405,2800,-0.0034008421179784,2086,0,0.1460491390539534,-0.4617867417359628,-0.0844392108075441,0.3865734450176397,49
F228N,-2.058817623,2801,0.7322350993297742,1009,0,1.453630819529708,0.1537319339376835,0.8109266040048864,0.5106510398468183,228
T158V,-2.060039083,2802,-0.6842369163010219,3033,0,-0.2055030880486922,-0.9064127710395896,-0.5523764945356676,-1.0726553115801385,158
A132E,-2.062191363,2803,-1.6262098029859582,3756,0,-1.2789097094608597,-1.447277921635402,-2.2141438944246428,-1.5645076864229284,132
T261N,-2.063688368,2804,-0.0457530580604165,2148,0,0.1656233133755123,-0.2165759457892445,-0.2692918777499873,0.1372322779220533,261
V258E,-2.065323516,2805,-0.7294161299846044,3084,0,-1.0869934271929107,-0.2843622341550644,-1.2408221126411003,-0.3054867459493421,258
L137Q,-2.069203197,2806,-0.4865785686886498,2765,0,-0.4612292610623742,-0.3610369842293772,-0.8051925646339048,-0.3188554648289431,137
T158C,-2.074436607,2807,-0.6284484953808297,2962,0,-0.3412343182639182,-0.7011700408438172,-0.7711153425026317,-0.7002742799129519,158
I283H,-2.078123175,2808,0.2275145391109286,1756,0,1.2290734638641956,0.2784559851333602,0.2327575239531825,-0.830228816507024,283
I229F,-2.078295963,2809,-0.1304227803740305,2263,0,0.5090305328751805,-0.0780934116197227,-0.2347601993388432,-0.7178680434127365,229
R255A,-2.085895793,2810,0.4591849307702875,1391,0,0.2094471325638737,0.7416065825986846,0.7052608552956099,0.1804251526229818,255
K30F,-2.087469761,2811,0.4795001024143511,1368,0,0.3330021372140612,0.6280939802393705,0.4386873516526108,0.5182169405513621,30
L197N,-2.089523293,2812,-1.3110094184749477,3606,0,-1.688109469746854,-0.9582142593332228,-1.7135602167131514,-0.8841537281065625,197
V257F,-2.091013819,2813,0.4145460642450397,1453,0,0.2663304945108382,0.9064824989674628,0.0305882322164857,0.4547830312853722,257
L247K,-2.091194156,2814,-0.8683283944174888,3227,0,-0.6294590807853192,-1.0376302681664364,-1.1963013102628932,-0.6099229184553061,247
G154F,-2.091244835,2815,-1.5813080514726896,3739,0,-1.5552127900763475,-2.11376154234062,-1.9943001949595451,-0.6619576785142457,154
R220T,-2.091349899,2816,-0.2375727917407305,2429,0,-0.4185452815823662,-0.612181550864415,-0.3678615516915923,0.4482972171754515,220
D36P,-2.091987757,2817,0.3764279485381163,1512,0,0.7340702456022855,0.8297343934001551,0.2176915197470361,-0.2757843645970113,36
R159G,-2.092619471,2818,-0.1365309992343973,2270,0,-0.534685488933528,-0.453661657345615,-0.2786741585089499,0.7208973078505037,159
T178Q,-2.094211605,2819,-0.6910309413249208,3041,0,-0.9851421659442382,-0.9466502492126982,-1.0523226161072363,0.2199912659644898,178
E56W,-2.094695901,2820,0.2966333343334338,1647,0,0.4718155450614336,-0.4167397716362523,1.0443010654571427,0.0871564984514115,56
T116R,-2.094839733,2821,0.2023597990277665,1790,0,0.0652710572791382,0.1837375529069841,0.258718062175574,0.3017125237493699,116
R220P,-2.097570762,2822,-0.1717413115281776,2345,0,-0.0625978715634708,-0.4298320527856874,-0.2577234279900351,0.063188106226483,220
L192S,-2.098896634,2823,0.0763034633667161,1967,0,0.1237457207193738,0.1048391394214151,0.2370982303199567,-0.1604692369938812,192
W227Y,-2.100840027,2824,0.2859838377167006,1664,0,0.09469071070875,0.1527706673826216,-0.3301103485049663,1.2265843212803975,227
R255M,-2.10091888,2825,0.334967178471273,1594,0,-0.2970895538152814,0.2149938166896734,1.1492607235945551,0.2727037274161447,255
L191Q,-2.104050617,2826,-0.5897069948032689,2918,0,-0.4936971940125144,-0.5673147787543874,-1.248166830786603,-0.049649175659571,191
V42S,-2.10528659,2827,-0.4894257325661509,2769,0,-0.3018641367598946,-0.2622453950594867,-0.1610746817755953,-1.232518716669627,42
I140E,-2.106084455,2828,-1.0595731077525947,3393,0,-0.8575907083708504,-1.1108773390891709,-0.9293976037182292,-1.340426779832128,140
L89C,-2.106335815,2829,-1.0732917274201457,3410,0,-1.3868934632566032,-1.4507721956962112,-1.2778353408938952,-0.1776659098338731,89
T179K,-2.108367291,2830,-1.7082329057185257,3779,0,-1.3920348695024742,-1.467434317805355,-2.737269306658055,-1.2361931289082184,179
P181T,-2.108980881,2831,-0.4571527288028528,2725,0,-0.40089883934518,-0.4651953396137388,-0.114614738113721,-0.8479019981387714,181
G52Y,-2.109773078,2832,-1.3752021820340097,3641,0,-1.2529326994982033,-1.4774928027862706,-1.0966385461913708,-1.6737446796601942,52
D83R,-2.109991013,2833,-0.7453171784798902,3106,0,-0.7646294216384828,-1.2277100830900918,-0.0408862411951951,-0.9480429679957912,83
G114Q,-2.111681837,2834,-0.5970314717802668,2920,0,-0.0789398018907024,-1.6751977979998618,0.7257741604623685,-1.3597624476928716,114
R176V,-2.112091666,2835,-0.7924989123281819,3157,0,-1.0885309289404637,-1.0931256888825198,-0.6146532883569448,-0.3736857431327997,176
I54G,-2.112324616,2836,0.1160933983834936,1912,0,0.5570944366703529,0.2111198126435927,0.0746948879444184,-0.3785355437243897,54
M115S,-2.116785912,2837,-0.7263877048526911,3080,0,-1.100212987130744,-0.9089418611977348,-0.9043990646821533,0.0080030935998675,115
G154P,-2.117260163,2838,-1.3314113152611653,3619,0,-0.6563953897169319,-1.1670157102761567,-2.2238964767842675,-1.2783376842673044,154
F228G,-2.117396431,2839,0.4118720863995186,1457,0,0.8255380554140495,0.2697747637496079,0.4901045685974973,0.0620709578369195,228
L100Q,-2.118330946,2840,-0.3195397133185318,2537,0,-0.2735043584235911,-0.7068168342287915,-0.8152286526007405,0.5173909919789962,100
E35D,-2.119519212,2841,-0.1296949186741049,2262,0,-0.1101104598887429,-0.3443355622781641,0.0952090395915227,-0.1595426921210353,35
T139P,-2.120888247,2842,-0.2557577917441062,2454,0,-0.1445530520718444,-0.6979868800022224,0.3229849140184724,-0.5034761489208304,139
A246N,-2.121236944,2843,-0.91099269689862,3258,0,-0.8458577401923283,-1.107370175691092,-0.9540421419399898,-0.73670072977107,246
D174A,-2.121400628,2844,-0.2370823294986372,2427,0,-0.300660565335017,-0.5086071330048254,-0.1481606834755876,0.0090990638208811,174
L89E,-2.122418487,2845,-0.6296891780563696,2964,0,-1.18074449720782,-0.717654492284311,-0.7173726586318317,0.0970149358984844,89
W208H,-2.123041474,2846,-0.6983699948242289,3046,0,-0.8682746945853349,-1.050595172335787,-1.0124459681007256,0.137835855724932,208
K30Y,-2.123162699,2847,0.4810392734538296,1364,0,0.3651139012731183,0.5129982008016952,0.5450670803661792,0.5009779113743256,30
N152P,-2.12322271,2848,-0.1587856971029733,2316,0,0.2365901785146176,0.1372153855200653,-0.8280421828288226,-0.1809061696177537,152
G154M,-2.1232713480000003,2849,-1.5397618272352434,3719,0,-1.4627214532946669,-2.147006175946353,-1.964895276145312,-0.584424403554642,154
E119Y,-2.12499127,2850,-0.7384902015626122,3094,0,-0.7128402686592977,-0.9176828537239274,-0.7747937960307663,-0.5486438878364581,119
Y95S,-2.125006547,2851,-0.7759186750326199,3135,0,-0.7749615861622615,-1.1997930422228114,-0.3651536426030302,-0.7637664291423768,95
L223Y,-2.1265148,2852,-0.7072591388946302,3058,0,-0.6946261272837346,-0.5950864986622464,-0.8639710595280277,-0.6753528701045121,223
G279Y,-2.126980805,2853,-1.563436481240843,3729,0,-2.0316375062373737,-1.130282109983784,-1.200507714769658,-1.8913185939725567,279
E119C,-2.1288413530000003,2854,-1.206215690772888,3526,0,-1.4885825714183445,-1.7288149137239055,-0.8615838121238746,-0.7458814658254279,119
G142W,-2.130593621,2855,-1.3723250939395533,3639,0,-1.3247597072323256,-0.2761606983034556,-2.3452092885855897,-1.5431706816368422,142
L38C,-2.132422185,2856,-0.3606002306560555,2594,0,-0.5691884142270777,-0.5667715310982534,0.4714248175370996,-0.7778657948359906,38
G114L,-2.1345131040000003,2857,-1.0303253310156186,3370,0,-0.8699849535733422,-2.1670996418225736,0.3906596540284726,-1.4748763826950313,114
C121S,-2.140735839,2858,-0.0036087854854338,2087,0,0.0286926579091798,-0.0313757559508688,0.0868081119614428,-0.0985601558614892,121
L219Q,-2.141130018,2859,-0.9202835456892564,3267,0,-1.150915515913717,-1.0421096919660735,-0.9394121416194688,-0.5486968332577667,219
G142E,-2.143842851,2860,-0.3045208563992523,2518,0,-0.1669846814071667,0.3758332854529478,-0.5529491169689933,-0.8739829126737972,142
V257Y,-2.144536152,2861,-0.0012631584825809,2081,0,-0.4837565036776861,0.2926270532659114,-0.3239441728518346,0.5100209893332853,257
V257S,-2.146463024,2862,-0.1844326025607718,2355,0,-0.6394790509883121,0.2136928781877195,-0.138032157979176,-0.1739120794633187,257
L146W,-2.146566175,2863,-0.5328544320016904,2837,0,-0.3368971943446239,-0.5162310496342456,-0.2114105179121788,-1.0668789661157134,146
R255Q,-2.147603701,2864,0.6331093661794489,1148,0,0.7492230721382677,0.6325797223415909,0.2217095075364292,0.9289251627015076,255
G142D,-2.152682452,2865,-0.3769690731888223,2621,0,-0.2149288236011748,0.2426372750550862,-0.4934577625537484,-1.0421269816554524,142
K30G,-2.15303464,2866,0.4394947168775202,1416,0,0.691850662712944,0.563434114357945,0.4786432396416654,0.0240508507975263,30
L188G,-2.153407982,2867,-0.7001908495710781,3050,0,-0.9766934699587874,-0.9687130036381602,-0.3753408919469487,-0.4800160327404161,188
R202F,-2.154417167,2868,-1.4161618059614116,3662,0,-1.4838462337857274,-1.8454009911919649,-0.4161950514938509,-1.919204947374103,202
W208S,-2.154436131,2869,-0.3969014001199216,2648,0,-0.6026449457741555,-0.4804125922880749,-0.3187444413289521,-0.1858036210885039,208
T116Y,-2.162579891,2870,-0.6491258760109125,2990,0,-0.5278188220890966,-0.0928992164298178,-1.4453442135330672,-0.5304412519916685,116
S264I,-2.164144857,2871,-0.4926839664633072,2774,0,0.5061194540139798,-0.8846426803897973,0.4055156622347136,-1.9977283017121248,264
I229A,-2.164150476,2872,0.1956321847103006,1803,0,0.0874852763389102,0.6691640843269401,-0.0301822743434131,0.0560616525187653,229
K190P,-2.16444907,2873,-0.3739028813077069,2617,0,0.0643611605988698,-0.1399478247879983,-0.7887861159688347,-0.6312387450728644,190
S264F,-2.164877315,2874,-0.6127403296671194,2947,0,-0.3252118694719787,-1.2770752339075062,0.3471745025845226,-1.1958487178735155,264
K30D,-2.167242514,2875,0.9404289492441776,708,0,1.0061007067110246,1.1474885909108774,0.8296192785818995,0.7785072207729086,30
I45H,-2.169112095,2876,-0.1453038616135672,2291,0,0.765164036051446,0.0184305387529299,0.1436972930495659,-1.5085073143082106,45
V117H,-2.170829267,2877,-0.7364468136699257,3091,0,-1.147300152898796,-1.583404739869671,-0.8601035864889941,0.6450212245777585,117
R189P,-2.171437555,2878,-0.9560115620409396,3303,0,0.0270919081653758,-1.1288991599142957,-1.0654686188251494,-1.6567703775896898,189
A132T,-2.174470391,2879,-0.6670082068726602,3014,0,-0.1158593685411915,-0.4399321121976027,-0.4368024136098754,-1.675438933141971,132
L100R,-2.178643147,2880,-0.0665909255553883,2181,0,0.0381345007185541,-0.3400027230984657,-0.1845979311908864,0.2201024513492446,100
L146Y,-2.179368697,2881,-0.3273990889477118,2551,0,-0.2435640083891692,0.0937583530824805,-0.1756389551581119,-0.9841517453260464,146
L79A,-2.179578454,2882,-0.5839119557572667,2910,0,-0.762687806154059,-0.9667659555140126,-0.7411549807090477,0.1349609193480522,79
V78F,-2.180567854,2883,-0.53328621212231,2838,0,-0.0918523188145564,-1.456467260912924,-0.204272504485648,-0.3805527642761116,78
L223P,-2.182385851,2884,-1.263086336543808,3569,0,-0.7244921979868426,-1.0924979023378174,-1.13116429097757,-2.1041909548730025,223
A40D,-2.183416924,2885,-0.4959732852648629,2780,0,-0.1054684791198209,-0.8802471636484701,-0.0842896215794758,-0.9138878767116848,40
E56I,-2.18407722,2886,0.2058077212299202,1787,0,0.589792029954912,0.0127646640941532,0.8646727824780762,-0.6439985916074603,56
S201P,-2.184156114,2887,-1.157879884774904,3479,0,-0.7813310639507475,-1.0736458565532143,-0.8995298774598086,-1.877012741135846,201
V117N,-2.185462835,2888,-0.2239207955962729,2406,0,-0.7665619406689361,-0.7916440901266647,0.0015226956827798,0.6610001527277293,117
S264L,-2.185465744,2889,-0.4475616817612344,2711,0,0.1266092253775941,-1.1298074790937074,0.4031615571756642,-1.1902100305044887,264
R91F,-2.190379396,2890,-0.8449401620499333,3208,0,-1.0125006056223804,-1.2788496660050717,-1.4159496768344193,0.3275393002621386,91
L219H,-2.192562432,2891,-1.0819942286939996,3422,0,-1.4745549850333777,-1.3695630525897842,-1.0049758764283525,-0.4788830007244843,219
D83K,-2.194756062,2892,-0.579947353290694,2901,0,-0.3616970427529066,-1.1082600454269596,-0.1942545697359567,-0.6555777552469533,83
L28P,-2.195354681,2893,0.5049678589743967,1332,0,1.574718781683314,1.2609836915720352,0.7535317441988604,-1.569362781556623,28
R159P,-2.195801354,2894,-0.9557356051667732,3302,0,-0.984573486801152,-1.0610805218392478,-0.883323897352251,-0.8939645146744422,159
L89D,-2.198119647,2895,-1.1472153070532618,3472,0,-1.478339109884937,-1.1471727019143487,-1.5281993336875337,-0.4351500827262278,89
R220A,-2.198580773,2896,0.0623070657874246,1985,0,-0.4257356515208383,-0.0480673213500515,-0.0476506514833927,0.770681887503981,220
Q37P,-2.202043505,2897,-0.0345110875525818,2134,0,0.105356491451131,0.0185277142466649,0.1313258149391489,-0.3932543708472725,37
L247P,-2.202595062,2898,-1.1481301838481754,3473,0,-0.658686942267619,-0.6106679382974985,-1.840183528130692,-1.4829823266968922,247
I256Y,-2.204346671,2899,-0.4798193462817751,2756,0,-0.6289484229466994,-0.6490581975272793,-0.2547192841431087,-0.3865514805100128,256
I45E,-2.206823683,2900,0.236029719503254,1745,0,0.7518035815903795,0.5341961059695206,0.062624463327788,-0.4045052728746718,45
L219R,-2.207771293,2901,-1.410811195658766,3661,0,-1.544476612329002,-1.8678046812248352,-1.1175402030959387,-1.1134232859852882,219
I140N,-2.209628613,2902,-0.792059681548665,3155,0,-0.7131037140278677,-1.0389735392957005,0.0027039486249689,-1.4188654214960608,140
I45G,-2.210408061,2903,-0.0313949699645561,2128,0,1.1023141767643088,-0.1397092456824433,0.1318176081329342,-1.2200024190730243,45
R176T,-2.210755806,2904,-0.2934096370512628,2507,0,-0.6762189249804028,-0.6293496426444494,-0.1187748854439661,0.2507049048637668,176
L79T,-2.2124619,2905,-1.1931369686474982,3515,0,-1.1026484747320968,-1.4160912855471837,-1.62009152352076,-0.6337165907899515,79
W208C,-2.212615247,2906,-0.4270916681389602,2682,0,-0.3199531139442281,-0.7149222055150786,-0.4705492991314626,-0.2029420539650718,208
G263K,-2.214016011,2907,0.2652895072589074,1695,0,0.590791873477683,0.7958531276261022,0.5375891838167374,-0.863076155884893,263
R91W,-2.215240255,2908,-0.514694908381127,2812,0,-0.664217184228223,-0.8369945914824891,-0.574979352779624,0.0174114949658281,91
T187H,-2.217539756,2909,-0.3680129946066726,2605,0,-0.4047962175614998,-0.2910952701202035,0.0383911865135162,-0.8145516772585035,187
L74C,-2.220898794,2910,-0.3575047622313296,2588,0,-0.2519891340049414,-0.0967331624375187,-0.622776560792432,-0.4585201916904262,74
L188N,-2.220947187,2911,-0.9795723392116824,3323,0,-1.164165832922433,-1.4160336626276218,-0.6675338463624336,-0.6705560149342417,188
T261R,-2.221617153,2912,-0.679605656615951,3026,0,0.2137024951928221,-1.344223373712387,-1.0481103345500336,-0.539791413394205,261
L38K,-2.224309184,2913,-0.8611144543961295,3224,0,-0.7216545566580389,-1.6595971507247558,0.3594607925440625,-1.4226669027457863,38
G263I,-2.225456764,2914,-0.624369356935577,2958,0,-1.2423746313247253,0.0657714317886254,0.276390790378362,-1.5972650185845705,263
L247A,-2.228504933,2915,0.5858216744154865,1221,0,0.6281392247480253,0.8601113390122911,0.579859855310524,0.2751762785911053,247
R162E,-2.229220485,2916,-0.9409341188724762,3287,0,-1.5393167116352802,-1.5184222614583298,-0.3181223863536442,-0.3878751160426513,162
D48V,-2.229344399,2917,-0.6909136409145374,3040,0,-1.06491919803664,-0.2621464504410283,-0.5937802665712935,-0.8428086486091881,48
M115F,-2.231619507,2918,-0.2555281203276881,2453,0,-0.1573371381221041,-0.5547903866411623,0.0742686926778712,-0.3842536492253574,115
I278T,-2.2320846430000003,2919,0.0401600795748469,2021,0,0.2517632898916698,-0.3614816663652077,0.8454541150935589,-0.5750954203206333,278
S264W,-2.23411749,2920,-1.0117642261424076,3354,0,-0.7995100005417468,-1.7710264823562207,-0.3986605751772084,-1.0778598464944542,264
G141F,-2.235048401,2921,-1.6219041650357957,3753,0,-1.66054852089041,-1.394445539092236,-1.019235679406206,-2.4133869207543293,141
P224C,-2.236007119,2922,-1.6894502107816622,3773,0,-2.3122960293217254,-1.8041265531988424,-1.3597897274706203,-1.2815885331354602,224
E119V,-2.23644673,2923,-0.3617326434259131,2595,0,-0.3435059691805052,-0.6232724464874833,-0.181018862642971,-0.2991332953926929,119
L219Y,-2.240510973,2924,-0.61220680169987,2946,0,-0.8864734071688049,-0.187676029772066,-1.115396493082484,-0.2592812767761249,219
G141Y,-2.242010824,2925,-1.7038440082647028,3776,0,-1.4395174546066405,-1.0736213415391902,-2.15211083451543,-2.15012640239755,141
G52F,-2.243396686,2926,-1.5441125274377732,3721,0,-1.3268150535197023,-1.3727017325811912,-1.8941806450454468,-1.5827526786047517,52
W286L,-2.244688275,2927,1.6109226407306765,93,0,2.102835134072849,1.5877905200370666,1.858093644794428,0.894971264018361,286
P143E,-2.245986947,2928,-0.6816096273454857,3030,0,-0.639262846872404,-0.4019759203553121,-0.6722615712644308,-1.0129381708897955,143
I283G,-2.247811139,2929,-0.2156617131806203,2395,0,1.146552330636094,0.0920857720225619,-0.60046002170433,-1.5008249336768076,283
I283K,-2.249930577,2930,0.1210391478168702,1905,0,1.1828578489511128,0.5123964456636373,-0.60046002170433,-0.6106376816429394,283
L197W,-2.253095968,2931,-1.1650956107160089,3489,0,-1.042512068819055,-0.958711130648394,-1.4218119043039084,-1.237347339092678,197
P181S,-2.254049517,2932,-0.2333490458064278,2424,0,-0.1048377078834749,-0.2694253877493864,-0.0021344122744112,-0.5569986753184388,181
P249F,-2.255329162,2933,-0.6532618777881455,2997,0,-0.9772721501755748,0.4817456016345042,-1.251458684964984,-0.8660622776465274,249
L160G,-2.25622662,2934,-1.0917035492979412,3434,0,-1.1509508463399103,-1.0132529931385668,-1.2691167914922228,-0.933493566221065,160
R255Y,-2.256511268,2935,0.3329738673243321,1598,0,-0.1987174600552376,0.7465677137872917,0.8860203511009604,-0.1019751355356861,255
L150N,-2.256755267,2936,-0.5615534761184378,2879,0,-0.8280386914846444,-0.0469817106001452,-0.8694698469133432,-0.5017236554756186,150
L146G,-2.258073028,2937,-1.3549924340272854,3633,0,-0.8873624222102641,-1.0530158404215988,-2.130253979239452,-1.3493374942378271,146
P224Y,-2.260381099,2938,-1.5553643153226864,3728,0,-1.9911536624584856,-1.4881502628521066,-1.7727204177769995,-0.9694329182031528,224
S51W,-2.260674765,2939,-1.1266806775927531,3461,0,-1.2151375865889298,-0.9896495838111304,-1.0885618876453629,-1.21337365232559,51
T178N,-2.261183374,2940,-0.5337140364299051,2839,0,-0.5055578894715058,-0.6288143560495706,-1.328542065589461,0.3280581653909168,178
D48M,-2.264804231,2941,-1.0829074216860113,3424,0,-1.5227638792689016,-0.5819684388382704,-1.3790906722564549,-0.8478066963804182,48
L197D,-2.265152026,2942,-1.847765197631044,3807,0,-2.0846232449668403,-1.692060589399059,-2.135884401188089,-1.4784925549701875,197
W208K,-2.266433854,2943,-1.0729300213192978,3408,0,-1.3325078254921252,-1.5879438084456972,-1.4617816895015316,0.0905132381621623,208
R91Y,-2.267574631,2944,-0.3476318425906874,2580,0,-0.6130249295020922,-0.867380066803113,-0.3134424558340861,0.4033200817765415,91
L79C,-2.26771596,2945,-1.2112549660148677,3531,0,-1.3806042955976436,-1.4642132471482583,-1.701121971342183,-0.2990803499713843,79
A185D,-2.268067522,2946,-0.7682307902260412,3132,0,-0.4685049165388975,-1.006721131927688,-1.003377209640968,-0.5943199027966112,185
D83H,-2.269238258,2947,-0.3375628171341118,2566,0,-0.1234123904788249,-0.7955060893978366,0.0974883334399312,-0.5288211220997171,83
L137G,-2.270538407,2948,-0.7441499094289034,3104,0,-0.9186569879832392,-0.6897258257402765,-0.883504532381891,-0.4847122916102068,137
F64V,-2.270670191,2949,-0.5472576333085081,2853,0,-0.3674237128369476,-0.576985572688776,-0.1432801068649123,-1.1013411408433962,64
L73N,-2.274293433,2950,-0.3204399266949763,2541,0,-0.5752253688791373,0.2423250245414069,-1.3725422532527631,0.4236828908105886,73
G248I,-2.274978116,2951,-0.4480734137247963,2714,0,0.5396608062250802,-0.8341490807309595,0.4584825400630914,-1.9562879204563977,248
Y95G,-2.275559344,2952,-1.1790012958539264,3504,0,-1.326376312949763,-1.7556818527017997,-0.4595517846035727,-1.1743952331605705,95
G248C,-2.276509166,2953,-0.4829976768612616,2760,0,0.3094623738355698,-0.870543514540647,0.2741439891148406,-1.6450535558548098,248
L223G,-2.276690172,2954,-1.3881024348374291,3647,0,-1.5989227591022095,-1.1262942501251476,-1.5894535949120263,-1.2377391352103333,223
I93S,-2.278966567,2955,-0.6608258019238558,3010,0,-1.113509540259087,-0.853542984145128,-0.0319450082401929,-0.644305675051015,93
E46W,-2.282498331,2956,0.26997891843825,1684,0,0.2034039021124244,0.3880044844517523,0.2553908512827146,0.2331164359061087,46
V117C,-2.283712065,2957,-0.7059863714935024,3053,0,-0.7711676110069551,-1.2932796581774972,-0.7924386038242549,0.0329403870346976,117
H151P,-2.286537924,2958,-0.4975520913203132,2785,0,0.0281683051329533,-0.8148461608739936,-0.9760006019209324,-0.2275299076192804,151
T147P,-2.288112346,2959,-0.9062624261073432,3252,0,-0.7050255854642311,-1.431102561557296,0.179528580121805,-1.6684501375296514,147
E35V,-2.288299032,2960,-0.1650218556652208,2331,0,0.2354843939699187,-1.171799423528217,-0.0435022437221754,0.3197298506195904,35
I206D,-2.292964037,2961,0.3567612925444027,1550,0,0.4032412357789073,0.0717856976518595,0.6050267886971135,0.3469914480497303,206
S80P,-2.293021701,2962,-0.4260990363295533,2681,0,-0.168932202048173,-1.1284586478581702,0.1752377567849753,-0.5822430521968457,80
W208E,-2.293189931,2963,-0.7386991745206614,3095,0,-1.3544040958444836,-0.9462971824643288,-1.0954673758425484,0.4413719560687155,208
T27D,-2.29488302,2964,0.0987491389201441,1934,0,-0.0408696091979742,0.2764261672453675,0.439147617948939,-0.2797076203157556,27
G279W,-2.295020434,2965,-1.5881464586671752,3742,0,-2.130159842257879,-1.400592994773931,-1.12200740344166,-1.6998255941952312,279
M115C,-2.29634603,2966,-1.027512648202619,3367,0,-1.4127250304690409,-1.6112588504432204,-0.9882424973928636,-0.09782421450535,115
L197E,-2.296573983,2967,-1.621422486161432,3752,0,-1.864405180538729,-1.4447637426713538,-1.998594328674008,-1.1779266927616374,197
V117Q,-2.298832998,2968,-0.327521515507764,2552,0,-0.6748239008406133,-1.114658464087274,-0.4967349974405645,0.976131300337396,117
L100E,-2.299156545,2969,-0.5108191288424885,2802,0,-0.9565785717566874,-0.9745958488076566,-0.2218239318173818,0.1097218370117718,100
H110P,-2.301066404,2970,-0.9251248702199674,3274,0,-0.6554129978164875,-1.7967139206078162,0.0834241137037855,-1.3317966761593514,110
R59G,-2.30278815,2971,-0.2574486300796622,2459,0,-0.4263482801058961,-0.7805928734438211,-0.0924597870387089,0.2696064202697775,59
V117Y,-2.304200425,2972,-0.4073546312526628,2659,0,-0.5897176533946817,-1.431944664925632,0.0829071288923132,0.3093366644173489,117
E46R,-2.305126814,2973,0.4368456250402823,1421,0,0.393149901130403,0.5362685092169265,-0.2930721440097162,1.111036233823516,46
M115N,-2.30546101,2974,-1.0530235199469025,3387,0,-1.4201191911304338,-0.9745291275323744,-1.297159440939508,-0.5202863201852936,115
L79Q,-2.306304801,2975,-0.7534797707546323,3117,0,-0.9208329251065328,-1.1047503547078468,-0.9967624601744642,0.0084266569703145,79
L100H,-2.30765856,2976,-0.5127407505314701,2809,0,-0.589761225911765,-0.875590321912287,-0.2060222966934587,-0.3795891576083696,100
G39P,-2.311613621,2977,0.353608371858352,1560,0,1.0642647400687608,0.3651350091524216,1.2134862465255944,-1.2284525083133693,39
L191S,-2.314900941,2978,-0.3752000144832186,2620,0,-0.3307071830596035,-0.511508750283297,-0.1975172581347618,-0.4610668664552123,191
A132Q,-2.31524903,2979,-1.9894128115895064,3823,0,-1.7139589785839726,-2.095981586138394,-2.1825438140263422,-1.965166867609316,132
A132P,-2.31679992,2980,-1.431107717859237,3672,0,-0.585007424092658,-1.156972641953545,-2.0534403659908778,-1.9290104393998675,132
P224F,-2.3177489,2981,-1.569430197409837,3731,0,-2.011963484512913,-1.4711823348979192,-1.765133711517845,-1.029441258710671,224
R63W,-2.318079555,2982,-0.5267471211894689,2829,0,-0.6500691326489668,-0.6695363216647863,-0.7194623898920625,-0.0679206405520597,63
T179N,-2.320141315,2983,-0.6050659171521061,2933,0,-0.626535249298732,-0.7488254589821223,-0.9589967601580704,-0.0859062001694995,179
S281P,-2.321086677,2984,-0.5995642678171843,2926,0,0.8164381462991449,-0.3966734744611415,-1.5211160995876456,-1.296905643519095,281
E35G,-2.321290613,2985,-0.0837711638794617,2205,0,0.0448232590157249,-0.0726338927233249,-0.3500304899549616,0.0427564681447148,35
L282N,-2.321377818,2986,-1.0459870682849155,3378,0,-1.2890962302078135,-0.2963867221678787,-1.8293143422748228,-0.7691509784891465,282
L73W,-2.32208182,2987,0.0802296833245569,1962,0,-0.1474744963674721,0.3754195629997767,-0.2462771607889689,0.3392508274548921,73
G226I,-2.322454727,2988,-0.7274713119254479,3082,0,-0.7516446607777114,-0.8101605076780296,-0.1170438343729767,-1.2310362448730736,226
T158G,-2.322613955,2989,-0.3131823198072403,2526,0,-0.4228841896127982,-0.2148264078038582,-0.003496811633564,-0.6115218701787406,158
G52V,-2.323342864,2990,-1.0856845642052826,3427,0,-1.0208687904516984,-0.893395551324847,-0.5408191442263551,-1.8876547708182287,52
Q204P,-2.3246163,2991,-0.3440158567150341,2576,0,-0.1284447146620326,-0.8379567425999128,-0.0957251344085149,-0.3139368351896761,204
D174N,-2.324862848,2992,0.3146768266803611,1620,0,0.2303734055625303,0.29106617979567,0.061606981476056,0.675660739887188,174
G154Y,-2.3250405130000003,2993,-1.401108911480578,3655,0,-1.221677333913607,-1.805040179752424,-2.0444125329720086,-0.5333055992842732,154
T261G,-2.325524065,2994,-0.0656269083603053,2180,0,-0.0351560561000448,-0.4620576705507456,-0.0337037605387148,0.2684098537482841,261
S264P,-2.326807229,2995,-0.1720077231025611,2346,0,0.8240735137607011,-0.9395216875058288,0.6317955065806956,-1.2043782252458126,264
I93E,-2.328514781,2996,-0.7913933715451583,3152,0,-1.550633353710552,-0.7400420074625681,-0.234997509009091,-0.6399006159984219,93
T179F,-2.330080687,2997,-1.2671691717183629,3574,0,-1.4359525492700949,-1.5689019608514831,-1.410960521617885,-0.6528616551339883,179
I93G,-2.332829497,2998,-1.3860158616867329,3646,0,-1.6420676925922375,-1.359279130572688,-1.3528295601474851,-1.1898870634345216,93
E119I,-2.332929806,2999,-0.8137429758795591,3181,0,-0.8972805975650995,-1.2224047307767325,-0.4989174187790495,-0.6363691563973548,119
T187W,-2.333350456,3000,-0.9973652107479952,3346,0,-1.0983733423927586,-0.821863014991186,-0.792803425591985,-1.2764210600160513,187
R220N,-2.334290873,3001,-0.2011777993376083,2381,0,-0.2829973373761399,-0.683818971020963,-0.3069520058226329,0.4690571168693023,220
K32D,-2.334892706,3002,0.6042868328106941,1197,0,0.0989656043289918,0.6353049957949553,0.7438284038637278,0.9390483272551016,32
Y95A,-2.335377871,3003,-0.6585716529844976,3005,0,-0.6024746511096383,-1.353114489107965,0.1945865613921779,-0.8732840331125653,95
G141I,-2.337303037,3004,-1.839814562273237,3805,0,-1.7164507536353055,-1.3253041011882951,-1.9180622974868549,-2.399441096782493,141
L79H,-2.337686607,3005,-1.1693402524859873,3492,0,-1.2659388194359755,-1.5421512786411269,-1.702024660945881,-0.1672462509209663,79
G248A,-2.338369499,3006,0.2546048827994659,1711,0,1.2300920531180763,0.1137356885572149,0.8264428622913214,-1.151851072768749,248
G279E,-2.340217753,3007,-1.0924646293973113,3435,0,-0.8348327877239214,-0.3731647133064067,-1.096960858836649,-2.0649001577222683,279
D48I,-2.340419237,3008,-0.9341123639921888,3279,0,-1.5708762807330308,-0.6583607607870984,-0.4222843542099003,-1.0849280602387257,48
A40Y,-2.342321982,3009,-1.01498399725499,3356,0,-0.2029793497668344,-1.474158255414774,-0.8710296315777214,-1.5117687522606302,40
G76D,-2.3423340930000003,3010,-0.2402311655519727,2434,0,-0.164152241641821,-0.8472342853815009,1.1858892678952344,-1.1354274030798035,76
F58G,-2.34256389,3011,0.0922728513029773,1942,0,0.3432057452226163,0.148756017921031,-0.2736513691658351,0.1507810112340971,58
T178E,-2.343746274,3012,-0.9766835512461466,3319,0,-1.0384961602895382,-1.1945157431729228,-1.366753083776241,-0.3069692177458844,178
P224I,-2.345231646,3013,-1.453783979744814,3690,0,-1.887687227806952,-1.27098059923541,-1.283966975877954,-1.3725011160589398,224
F64L,-2.346558986,3014,-0.2456172998360153,2440,0,0.0292270871440858,-0.0623490861438665,-0.2735072323637602,-0.6758399679805206,64
I256D,-2.347045758,3015,-1.3832332259724291,3645,0,-2.1238911793128405,-0.748645008260336,-1.2628153541852456,-1.3975813621312942,256
A245F,-2.347673839,3016,-0.7124225322388286,3064,0,-1.3801643488680622,-0.0068171456388506,-0.3061983646047911,-1.1565102698436105,245
E87R,-2.347803569,3017,-0.4858809398784186,2764,0,-1.0929254710844036,-1.2919849116120754,0.1420937051870978,0.2992929179957068,87
T116H,-2.348609979,3018,-0.3414075778396286,2572,0,-0.3286739999556577,-0.2839083272974618,-0.4283208720536846,-0.3247271120517103,116
M209W,-2.349063279,3019,-1.313358251052274,3610,0,-1.6425145747397638,-0.5901059071016821,-1.3412544354481235,-1.6795580869195263,209
T178V,-2.349552164,3020,-0.4248620681786931,2678,0,-0.2102096486151368,-0.7093661429552041,-0.4236851997530523,-0.3561872813913794,178
A132H,-2.352646332,3021,-2.1048935579922112,3831,0,-1.903060285273065,-2.3977250153533114,-2.127096407659164,-1.9916925236833056,132
R220I,-2.353178169,3022,-0.6204296401363649,2954,0,-1.1104256915932695,-0.7085599275455425,-0.7508265738151688,0.0880936324085213,220
L191H,-2.35386511,3023,-0.8001807335488375,3165,0,-0.8437806327747374,-0.6777541587370607,-1.0592108887223508,-0.6199772539612011,191
T27G,-2.356711536,3024,0.1662954747951016,1842,0,-0.2037511662963688,0.6298909054941334,0.3287339577754767,-0.0896917977928347,27
G248S,-2.356738345,3025,0.134969470532644,1883,0,1.2413180196293947,0.0169769500605573,0.672143711706829,-1.390560799266205,248
L188H,-2.357136858,3026,-0.7132831625140283,3065,0,-0.7635549595519984,-1.1297212974464677,-0.5779058696590721,-0.3819505233985755,188
S264Y,-2.358967997,3027,-0.6620030499484807,3011,0,-0.2952863200215024,-1.356422246876508,0.3796283464636147,-1.375931979359527,264
A84P,-2.3601396180000003,3028,-0.7675450015812779,3131,0,-0.7941647784446283,-0.9481494560497246,0.056548064021905,-1.384413835852664,84
T179Y,-2.36236514,3029,-1.5802712356608228,3736,0,-1.9501108139419776,-1.8511003528544336,-1.5188324411244074,-1.0010413347224727,179
D48L,-2.362622239,3030,-0.70969276939326,3061,0,-1.3622648895175482,-0.3226546860608517,-0.535319658035063,-0.6185318439595769,48
L205T,-2.364069586,3031,-0.9199450271499148,3266,0,-0.6612791301091858,-0.8530984283753501,-1.1722394940828864,-0.9931630560322366,205
F228D,-2.364827307,3032,0.4149198828674331,1452,0,0.9284083707906314,-0.1911052253162644,0.7012785607255759,0.2210978252697894,228
S201W,-2.368502358,3033,-1.439589708793041,3680,0,-1.2977444953574369,-1.563508910498265,-1.169075809191844,-1.728029620124618,201
G142C,-2.370468153,3034,-1.2381964792544835,3550,0,-0.8762269302362914,-0.643642654016863,-1.6863081643041076,-1.746608168460673,142
A246K,-2.3727348480000003,3035,-0.8588878050407971,3220,0,-0.7594888697556919,-1.1009654387281942,-0.8785870512211575,-0.6965098604581444,246
R220W,-2.373247326,3036,-0.9159436849259752,3261,0,-1.2192065158860614,-0.7773543642715944,-1.6192218755735326,-0.0479919839727125,220
V258D,-2.373518919,3037,-0.9456327307038764,3291,0,-1.2550839354771532,-0.7121080335443635,-1.2831399138149824,-0.5321990399790067,258
P181E,-2.3740746130000003,3038,-1.7718936051375231,3796,0,-1.7209514880844317,-1.301193458529451,-2.471812394879588,-1.5936170790566222,181
L135G,-2.374463158,3039,-1.0699783877937918,3403,0,-0.8151215258205011,-1.4057340712201178,-0.4781371871069495,-1.5809207670275989,135
A245L,-2.375076616,3040,-0.6006243674930465,2927,0,-1.0203971317748513,-0.1535795626120172,-0.2023727220798245,-1.0261480535054928,245
T27R,-2.375093809,3041,0.1982536126642268,1799,0,0.1335724352500726,0.3971091584746544,0.2820519859278177,-0.0197191289956374,27
K53P,-2.375736807,3042,-0.4594413291606333,2728,0,-0.0618059272449029,-1.0619367782053712,0.3865190537894365,-1.1005416649816957,53
P143R,-2.376351269,3043,-0.779834817541353,3139,0,-0.1934996385703525,-0.6340866004573918,-0.5111644912831943,-1.7805885398544736,143
A34N,-2.37743765,3044,-0.4753235372720781,2749,0,0.2922407762041083,-0.6555107008577086,-0.7763173721811132,-0.7617068522535992,34
R220V,-2.383732783,3045,-0.3039353838598282,2516,0,-0.9756387084797958,-0.5785729830298683,-0.0526142388425101,0.3910843949128612,220
A40F,-2.38393397,3046,-1.0567888839973945,3390,0,-0.0793194406381615,-1.5455267686133658,-1.2226341060922323,-1.3796752206458176,40
L219T,-2.383980324,3047,-0.5312530882418092,2833,0,-0.6086271206757875,-0.3831051723950615,-0.2452877887451817,-0.8879922711512063,219
L79W,-2.385535496,3048,-0.9817137111373953,3327,0,-0.9138633828959316,-1.4775779735050965,-1.5083349455914572,-0.0270785425570953,79
A185T,-2.386208396,3049,0.3159745933767973,1619,0,0.5627122885391521,0.004971290589442,0.9968676233627488,-0.3006528289841534,185
L74G,-2.386275324,3050,-0.4239594623757359,2677,0,-0.2126853415379039,-0.0318218281132677,-0.4343315951478564,-1.0169990847039156,74
V29P,-2.3870484,3051,0.939791266903718,712,0,1.752607182308466,1.2118888377391446,1.2361937590186558,-0.4415247114513938,29
P143F,-2.387195776,3052,-1.2109582234654364,3530,0,-0.9291956319608085,-1.2262369076597102,-0.5956561994544567,-2.09274415478677,143
L49D,-2.389768248,3053,-0.3402006027062115,2568,0,-0.3598333627712131,-0.6846815456896699,-0.1094751381014667,-0.2068123642624964,49
I278K,-2.392231202,3054,-1.6451529616537195,3760,0,-1.0191658438065234,-1.7315787920060552,-2.073972415444663,-1.7558947953576367,278
V42E,-2.394525721,3055,-1.1838034002998368,3510,0,-1.2815495406083022,-0.909899715869402,-1.14847022479074,-1.3952941199309028,42
L47H,-2.394776979,3056,0.0538781587012183,2001,0,0.4722431789113315,-0.1451316129596498,0.2845727324144106,-0.3961716635612189,47
I259A,-2.396194248,3057,-0.0478234623743369,2152,0,-0.1882772688584824,0.3642006585663653,0.2551107914619342,-0.6223280306671651,259
R59W,-2.399050209,3058,-0.5702152626868509,2889,0,-0.9494290102194518,-0.8845001394835128,-0.9334980687394364,0.4865661676949975,59
L135N,-2.400954055,3059,-0.8701622330327433,3228,0,-0.8063447041556532,-0.9808264533513514,-0.7090824803599286,-0.9843952942640398,135
Y95E,-2.401496858,3060,-1.3730540570561756,3640,0,-1.4878601823058246,-1.7867100257612225,-0.7629312538957115,-1.4547147662619435,95
T261W,-2.401692131,3061,-0.4919723209045745,2772,0,-0.2658358718285196,-1.0916810721798158,0.5371372086117325,-1.1475095482216953,261
M184Q,-2.403221462,3062,0.0725798178270568,1973,0,-0.216894838690032,0.1066914130068099,-0.6506746216727163,1.0511973186641657,184
I259Y,-2.403888322,3063,-0.5083364306320115,2799,0,-1.2761898194671486,-0.3314953814018131,0.0768679042203837,-0.5025284258794678,259
V258W,-2.404658216,3064,-1.5347776107091144,3718,0,-2.061048955268584,-1.4667562375720875,-1.0713430608900436,-1.5399621891057422,258
A34D,-2.404831914,3065,-0.5586477736322958,2872,0,0.0176483817581674,-0.8659185170494851,-0.4035987402870638,-0.982722218950802,34
A245N,-2.405268093,3066,-1.2661667965315837,3572,0,-1.4423565031216938,-0.7492682456271778,-1.9291239177013748,-0.9439185196760872,245
G248R,-2.4059675080000003,3067,0.0211362707346098,2044,0,1.2196356290227996,-0.5462000224485616,0.729357419211509,-1.3182479428473075,248
R59L,-2.407907628,3068,-0.0189906760140481,2112,0,-0.161962383425987,-0.4791338942112149,-0.1026912439529871,0.6678248175339965,59
R162M,-2.409700729,3069,-1.0112101003321652,3353,0,-1.4858830353686003,-1.5734235909123786,-0.6996262458970763,-0.2859075291506053,162
W227A,-2.410115861,3070,-0.2293529930520538,2414,0,-0.2286064100990634,-0.2678875129005493,-0.0559947733018402,-0.3649232759067624,227
I278A,-2.41015192,3071,-0.3744549055060923,2618,0,0.2571631660975862,-0.6904365084148747,0.374163085694238,-1.4387093654013188,278
C75W,-2.412726065,3072,-1.205012689043448,3523,0,-0.8962173678402856,-1.5434826713615333,-1.5493012464347096,-0.8310494705372635,75
L120T,-2.41338899,3073,-0.5978119391545438,2922,0,-0.3523637794396782,-0.6716094831085022,-0.3417829637887001,-1.0254915302812944,120
T27E,-2.414464268,3074,0.222122748705145,1766,0,-0.0283790722506943,0.589331762536496,0.347088008182237,-0.0195497036474586,27
A185R,-2.414795069,3075,-0.5706544747990593,2890,0,-0.6275099770597817,-1.6844093777024778,0.8344659096270823,-0.8051644540610597,185
L282G,-2.415650406,3076,-0.693578570869118,3044,0,-0.9783399029990482,0.1556122607865494,-1.0844230988543055,-0.8671635424096675,282
L219S,-2.416982134,3077,-0.9968778417240586,3345,0,-1.1824553341473227,-1.128392937511301,-0.249019322889111,-1.4276437723484996,219
R202P,-2.418157231,3078,-1.271404954935718,3579,0,-1.2355880233265617,-1.8035455220932592,0.0821336979402563,-2.1286199722633072,202
T27C,-2.419022561,3079,0.0488113151961967,2011,0,-0.2377895693576223,-0.397058638186635,0.6049770855821796,0.2251163827468649,27
W208T,-2.420402242,3080,-0.6545474063326386,2998,0,-0.9728541381752596,-0.7112611282660638,-0.2838493857362559,-0.6502249731529753,208
E35C,-2.420916886,3081,-0.7432803200667432,3102,0,-0.6007681613705131,-1.8804516484081808,-0.8092540716912615,0.3173526012029831,35
D161Y,-2.4218407,3082,-0.5208575821281131,2823,0,-0.802484088680102,-0.6610743453806833,-0.6278538098830063,0.0079819154313397,161
M115D,-2.42317742,3083,-1.3054876296499898,3602,0,-1.770156067104794,-1.2998795043241749,-1.3610669350309048,-0.790848012140085,115
P181G,-2.424367976,3084,-1.17720765279838,3502,0,-0.8558834899102751,-0.9699680712633584,-2.1696749019236794,-0.7133041480962063,181
A245E,-2.425668012,3085,-0.9679564226245512,3311,0,-1.1400575662991363,-0.2817775429341839,-1.828382608327468,-0.6216079729374163,245
T179R,-2.425682559,3086,-1.572912047793365,3733,0,-1.1929136931236926,-1.3511598590207174,-2.830584160628882,-0.9169904784001676,179
R220E,-2.4277697430000003,3087,-0.1615770521537803,2322,0,-0.6624572967965943,-0.3886618667851943,-0.2107461426546492,0.6155570976213165,220
L282P,-2.427915802,3088,-1.2227726365015448,3542,0,-0.5620496076133199,-1.0830795877746682,-1.8293143422748228,-1.4166470083433684,282
G142F,-2.427977434,3089,-1.5483239902023738,3724,0,-1.5525624552886843,-0.5370940847651428,-2.361457489516128,-1.7421819312395406,142
I259W,-2.428120809,3090,-1.0887177038813731,3430,0,-1.897297455528077,-0.8092744289237119,-0.991889932712248,-0.6564089983614568,259
P181M,-2.428427535,3091,-1.3176686720920778,3612,0,-1.3122593199812993,-1.4472801962243322,-1.2272805749953566,-1.2838545971673236,181
G279N,-2.428784255,3092,-1.0888579837546914,3431,0,-0.8057257683607986,-0.848597775079032,-0.8070525193248854,-1.8940558722540493,279
W286I,-2.429502334,3093,1.2019805761124034,395,0,2.0035511710589557,0.7665406264502176,1.858093644794428,0.1797368621460137,286
T187Y,-2.4306478190000003,3094,-0.6688194545064341,3017,0,-0.6315776750689455,-0.6882554303630316,-0.1137982052910944,-1.2416465073026652,187
L135Y,-2.43111952,3095,-0.4963741070286739,2782,0,-0.2431378068538469,-0.3249064027355789,-0.4097980006817425,-1.0076542178435277,135
I140K,-2.431673968,3096,-1.3616996326418798,3635,0,-1.0142350129315625,-1.609742457823167,-1.3465628016216853,-1.4762582581911048,140
R59M,-2.432379025,3097,-0.4906435064113431,2770,0,-0.7500378551073698,-0.8069743140511948,-0.8703145106039855,0.4647526541171778,59
R162P,-2.4326896280000003,3098,-1.1017341825674825,3446,0,-1.1862360415465625,-1.3907915383421146,-0.4149828682303045,-1.4149262821509483,162
A230K,-2.432901279,3099,-0.8863313887539499,3242,0,-0.5020996036216872,-0.8715059183901741,-0.8470021596731117,-1.324717873330827,230
P181I,-2.435086889,3100,-1.3775841165670448,3644,0,-0.9876020028933724,-1.6824337708506518,-0.955377905445292,-1.884922787078863,181
L120H,-2.436765693,3101,-0.7997015209154779,3164,0,-1.3929463743955992,-0.6164699091939251,-0.5989031457782829,-0.5904866542941047,120
G142R,-2.438075268,3102,-0.3165953722833119,2531,0,-0.2161587043832532,0.5745382784164388,-0.5927625406066904,-1.031998522559743,142
L219E,-2.438363166,3103,-1.1181673567670627,3455,0,-1.739463023196835,-1.1028776098220812,-0.9271848723016286,-0.7031439217477051,219
L150D,-2.440127655,3104,-0.9490900185846322,3294,0,-1.3381035518699833,-0.159779081107001,-1.24786330867084,-1.0506141326907046,150
E56F,-2.4408351880000003,3105,0.4609846291698063,1388,0,0.7816763741206617,0.2343788744802254,1.148390630052013,-0.3205073619736752,56
V257E,-2.441804656,3106,-0.7581724287537984,3123,0,-1.3647673692357072,-0.0621386866678344,-1.4870301195642837,-0.1187535395473686,257
R255C,-2.442376616,3107,0.0682158285199543,1979,0,0.0053503277871607,-0.021775347907261,0.4335721559007421,-0.1442838217008244,255
L223D,-2.442670862,3108,-1.3341694818373069,3621,0,-1.7895243273598944,-1.2213136862866043,-1.1877652395576592,-1.1380746741450694,223
I93C,-2.445633448,3109,-1.0747723097683586,3411,0,-1.2931606364062855,-1.4194114271887894,-0.9621083897538892,-0.6244087857244706,93
L219D,-2.447858334,3110,-1.5931686383540322,3744,0,-2.2916389874886742,-1.7773008095537932,-0.8662590192887538,-1.4374757370849072,219
T178H,-2.450143199,3111,-0.8100081316821754,3176,0,-1.066314322689733,-1.4121479065387352,-0.991425295453934,0.2298549979537002,178
V258K,-2.454188897,3112,-1.7070290383309945,3778,0,-1.9891816919563945,-1.4738741845306167,-2.2044785040949733,-1.1605817727419945,258
D174T,-2.456080174,3113,-0.4987021216200372,2787,0,-0.863303130694115,-0.370980855201427,-0.221675515689649,-0.5388489848949578,174
G279D,-2.457716759,3114,-1.1671165260643752,3490,0,-0.6735460752127476,-0.8105992506094317,-1.0710073274714076,-2.113313450963914,279
D161K,-2.460173728,3115,-0.5849005141658729,2912,0,-1.0952281806117838,-0.8761617491979438,-0.3954238193032187,0.0272116924494549,161
L205A,-2.461863376,3116,-0.6883354435581845,3039,0,-0.5241993380287304,-0.6573872367250243,-0.5608501327673332,-1.01090506671165,205
R273P,-2.463472371,3117,-0.4030117363926077,2657,0,-0.1287737700894867,-0.8599368536275828,0.3362275698184656,-0.959563891671827,273
E35S,-2.463913496,3118,0.0850497495389784,1950,0,0.0489624345478661,-0.2816767028249504,0.0642794471379128,0.5086338192950853,35
G248D,-2.467998155,3119,-0.4507757093452453,2717,0,0.4836322785142904,-1.099164469759777,0.5504180077366655,-1.7379886538721598,248
L47N,-2.469694379,3120,-0.1939994930638161,2371,0,-0.3342148963264363,-0.1847290470810445,0.1089334500272224,-0.3659874788750062,47
R220Y,-2.470586539,3121,-0.9343646605207536,3280,0,-1.0638285784366122,-0.7531896369426351,-1.8372238539365775,-0.0832165727671889,220
W227N,-2.471548493,3122,-0.917261463196575,3264,0,-0.792809507316388,-0.9100905286074248,-1.5508184998730004,-0.4153273169894867,227
G141W,-2.472098057,3123,-1.846611383466711,3806,0,-1.671574930801719,-1.4008545725008903,-2.110319450889895,-2.2036965796743404,141
I93R,-2.473268585,3124,-0.558946542211205,2874,0,-1.1873024374404375,-0.6101033347786322,-0.4792731859405204,0.0408927893147703,93
G279K,-2.47432449,3125,-1.6064813054923452,3748,0,-1.4504250075365168,-1.372403508699248,-1.3390794075660428,-2.264017298167573,279
W227I,-2.4748229630000003,3126,-0.7110171661482283,3062,0,-0.5417502926275567,-0.8317670806569595,-0.2677455450753538,-1.2028057462330433,227
L247E,-2.477048234,3127,-0.6200010780699569,2951,0,-0.925793156122779,-0.4550561067258055,-0.7771387429503597,-0.3220163064808828,247
G114V,-2.478018652,3128,-0.949376967415518,3295,0,-0.2907143216401683,-1.858676250384219,0.4768070842185031,-2.124924381856188,114
L247R,-2.478849363,3129,-0.7568962850756726,3122,0,-0.4189052699789838,-1.0433925601226386,-0.8597290772418377,-0.7055582329592307,247
A230F,-2.480813267,3130,-0.8788858666990078,3237,0,-0.7036575742747673,-1.1170869668682892,-0.2077556851419619,-1.4870432405110126,230
A230W,-2.481381369,3131,-1.215955788070842,3533,0,-1.169789552255326,-1.136700494480262,-0.7633334904766502,-1.7939996150711304,230
E87P,-2.483551041,3132,-1.2678715768556206,3575,0,-1.4725470810252714,-2.070784953631488,-0.2714818548965864,-1.2566724178691355,87
G226V,-2.483838409,3133,-0.55772596788164,2869,0,-0.3848466134870677,-0.6556651201728506,-0.3124700858477317,-0.8779220520189098,226
M209Q,-2.48502129,3134,-0.8363413979964996,3197,0,-1.056787068700678,-0.4725331635021757,-1.1980059082417145,-0.618039451541431,209
I283N,-2.485288831,3135,0.0472153118130051,2013,0,1.278510102974098,0.0609036851122035,-0.1704564147802171,-0.9800961260540638,283
T27N,-2.485724922,3136,0.3307524472576192,1599,0,0.2220990750303896,0.5369838042524107,0.4370560507750839,0.1268708589725926,27
L120S,-2.488623444,3137,-0.7394777230375345,3097,0,-0.7729828310121811,-1.058258515173329,-0.1145202618522907,-1.0121492841123367,120
L136T,-2.49032899,3138,-0.6932225629450286,3043,0,-0.6228257555750487,-0.1955783308133176,-0.4018541369676259,-1.5526320284241224,136
D174Q,-2.490967543,3139,-0.399382676196922,2655,0,-0.5451298765607058,-0.6684988563805666,-0.0072830523732792,-0.3766189194731365,174
T116W,-2.491227844,3140,-0.9827791445124612,3329,0,-1.2123160273886924,-0.425251788876817,-1.472008288913523,-0.8215404728708121,116
G154W,-2.49126502,3141,-1.6505624052293415,3761,0,-1.6734794066204854,-2.043219463119957,-2.2188809301664967,-0.6666698210104267,154
D48R,-2.492796019,3142,-0.4812935717445099,2757,0,-0.8719835601008711,-0.232559103102759,-0.1818534507076555,-0.638778173066754,48
L219W,-2.493348556,3143,-0.8159732319642917,3185,0,-1.1588415427207766,-0.5600248475995339,-1.106223220740554,-0.4388033167963024,219
A280P,-2.494082504,3144,-0.6586273725455978,3006,0,-0.0745223929702082,-0.4423497474981737,-1.5922153236620986,-0.5254220260519106,280
I259R,-2.4954836780000003,3145,-1.5877921529224508,3741,0,-2.2158560274105947,-1.325848233406791,-1.8683995894046932,-0.9410647614677244,259
D48W,-2.496025715,3146,-1.2717207801344137,3580,0,-1.736585829883089,-0.8755104585676309,-1.5463707317690625,-0.928416100317872,48
W208N,-2.4963600390000003,3147,-0.8048704525892793,3167,0,-1.1961268521545103,-0.9469866356422468,-1.29778382035799,0.2214154977976301,208
G114E,-2.497687707,3148,-0.3822198979617865,2627,0,0.2165622997050559,-1.1963852025413444,0.7381864151199974,-1.2872431041308552,114
A40R,-2.49902172,3149,-0.685233959438087,3036,0,0.0867798991030135,-1.4220772454148434,-0.2139936400186583,-1.1916448514218598,40
R255T,-2.500235922,3150,0.5518606190930473,1271,0,0.2127378250442076,0.823589907320674,0.6336044919322683,0.537510252075039,255
L223E,-2.501219207,3151,-0.885761149993575,3240,0,-1.342705402702468,-0.5302626096457517,-1.2715912091538262,-0.3984853784722538,223
D48F,-2.502426189,3152,-1.0510471451135477,3386,0,-1.6406426652313424,-0.7595488821269311,-0.9097783803991952,-0.8942186526967213,48
R202D,-2.503355296,3153,-0.993729231397313,3343,0,-0.7687331285386382,-1.3241822233815592,-0.3660660167516973,-1.5159355569173567,202
D161R,-2.503933896,3154,-0.6572769886303246,3002,0,-1.1635790362563845,-1.0390918179200652,-0.4390729183089345,0.0126358179640856,161
R220F,-2.505385354,3155,-1.0640101916029578,3399,0,-1.5147133164787605,-1.042918181964665,-1.5207804199294512,-0.1776288480389549,220
P224V,-2.505475291,3156,-1.217285452068226,3534,0,-1.6427957104497557,-1.0922241934698975,-0.934439937977228,-1.199681966376022,224
T179H,-2.505587335,3157,-1.3997445331865022,3653,0,-1.7057156815342989,-1.743203710563486,-1.990733124754538,-0.1593256158936854,179
I229Y,-2.505668973,3158,-0.5208668732690471,2824,0,-0.2310872794569627,-0.3101361067860034,-0.966402156072186,-0.5758419507610364,229
R63D,-2.506009658,3159,-0.8421568913470177,3204,0,-0.9328471295083512,-1.002961236426266,-1.0389718398875556,-0.3938473595658982,63
L49E,-2.506298315,3160,-0.0511398364530431,2158,0,0.0592401334252908,-0.3987280600952615,-0.0072064430771318,0.14213502393493,49
P143M,-2.50650652,3161,-1.093348047226432,3436,0,-0.7522085404105537,-0.9925951764755836,-0.6868499533379075,-1.941738518681683,143
L47R,-2.507271637,3162,0.3774838100918249,1510,0,0.4603406699180687,0.0995124312453236,0.3937339062284086,0.5563482329754991,47
I256G,-2.507533621,3163,-1.0507901842817036,3385,0,-1.6858878744554275,-0.3259342641998715,-0.8984885742244024,-1.2928500242471124,256
L150H,-2.50799963,3164,-0.7312373359826552,3086,0,-0.8520855444794793,-0.6357096460250553,-0.4717609708685366,-0.9653931825575496,150
V157P,-2.508478619,3165,-0.4382118030714654,2702,0,-0.1423748282708947,-0.2595311786356434,-0.3201339547989698,-1.030807250580354,157
G114R,-2.508646797,3166,-0.4382202248996164,2703,0,0.0431652166889051,-1.1911690646604658,0.7330454097774707,-1.3379224614043757,114
W208G,-2.512143778,3167,-0.4300968783787192,2688,0,-0.7489121061077558,-0.965963531085901,0.4123621154330642,-0.4178739917542839,208
R63G,-2.512185941,3168,-0.5485607838554256,2858,0,-0.3653707537405306,-0.6937680230011313,-1.1789038516244714,0.0437994929444308,63
G142K,-2.514586481,3169,-0.570976815332032,2892,0,-0.3672446986433482,0.6368088781758932,-1.5517629938297604,-1.001708447030913,142
D48Y,-2.515503785,3170,-0.8603390891295672,3223,0,-1.0216571162913397,-0.4751333977474117,-1.1143582041410107,-0.8302076383385071,48
G248W,-2.5157898640000003,3171,0.3559278274151004,1554,0,0.7792169015322528,0.2815805121269796,2.062887737376062,-1.699973841374893,248
I278N,-2.518349116,3172,-1.4228697777976964,3668,0,-1.0868289371716724,-1.385445243428015,-1.680227526321637,-1.5389774042694615,278
L47D,-2.5184671130000003,3173,-0.5173123347676889,2820,0,-0.4366706194542543,-0.2923576669763976,-0.3392538415074563,-1.0009672111326473,47
T179V,-2.521490628,3174,-0.2732219746560269,2475,0,-0.343995117172168,-0.5289692531068982,-0.1602941407694005,-0.0596293875756405,179
M115Y,-2.522258013,3175,-0.7397159463683768,3098,0,-0.8043126266980462,-1.1068573822534105,-0.404346413596662,-0.6433473629253884,115
V78Q,-2.523461653,3176,-1.18375212063895,3509,0,-1.3792072109351314,-1.3212606402669236,-1.688344150962698,-0.3461964803910459,78
K30P,-2.525360861,3177,0.3289251815312943,1601,0,1.079147393126917,-0.1509220845453742,0.5624781726858404,-0.1750027551422058,30
E46P,-2.526018257,3178,-0.6234300732987047,2956,0,-0.1528836951822917,-0.6669715962800699,-1.2599513274918246,-0.4139136742406324,46
A77P,-2.5264617,3179,-1.0555894286741834,3388,0,-0.523284440811611,-0.9483834859774194,-1.8050187747864035,-0.9456710131212992,77
M209V,-2.529281553,3180,-0.0477119006091406,2151,0,-0.2380027580744243,-0.1944386353932961,1.8195972653448211,-1.5780034743136635,209
L282D,-2.529507892,3181,-1.0979197044201023,3443,0,-1.447920316525679,-0.2300204091246868,-1.8293143422748228,-0.884423749755221,282
I93D,-2.531716041,3182,-1.3474445271482174,3629,0,-1.7474349845836104,-1.2197694931351837,-1.24302151367836,-1.179552117195715,93
A246H,-2.532376938,3183,-0.8436515194486471,3205,0,-0.8214511500841343,-1.4686757378969717,-0.2660995585945989,-0.8183796312188834,246
L136K,-2.532705071,3184,-1.9051168076399951,3815,0,-1.760541818851528,-1.395396569997113,-2.3637687501389357,-2.100760091572404,136
G142I,-2.534184278,3185,-1.4088373248266015,3659,0,-1.33422695477917,-0.9066490755562144,-1.6900626012907445,-1.7044106676802782,142
G142V,-2.534903025,3186,-1.2894321670682287,3597,0,-0.8638017269363104,-0.4193070243420022,-2.0219091242379377,-1.8527107927566644,142
T262P,-2.535717236,3187,-0.7597815895008723,3124,0,-0.560289695053365,-1.2866158708086737,-0.6807975354826737,-0.5114232566587766,262
L136H,-2.539765038,3188,-1.660474255703487,3764,0,-1.434161804254281,-1.3706391858858162,-1.9069366776316623,-1.9301593550421896,136
I259E,-2.540625964,3189,-1.1022578182188068,3447,0,-2.0781738591020424,-0.6831034864364013,-1.1115839807598615,-0.5361699465769221,259
Y95D,-2.540660619,3190,-1.0813267159941682,3421,0,-1.09390919478612,-1.6080986882230293,-0.3196427962319757,-1.303656184735548,95
V42R,-2.541797031,3191,-1.2461004178961284,3560,0,-1.205227628196658,-1.5613131739844286,-0.9317878590834,-1.2860730103200273,42
G142Q,-2.542831659,3192,-0.7391238149824397,3096,0,-0.5903010828650618,0.3353357459455,-1.7020557727583672,-0.99947415025183,142
V78H,-2.543009613,3193,-1.5316664145335812,3717,0,-1.7469049276774091,-1.94971844143538,-1.8222371874184429,-0.6078051016030933,78
S201I,-2.544155728,3194,-1.400525672099805,3654,0,-1.1808470710340797,-1.4041181021513478,-0.4949318700504955,-2.522205645163297,201
L160E,-2.544298692,3195,-0.7431332131069354,3101,0,-1.2315313063958089,-0.0576859261050999,-1.5825211672862602,-0.1007944526405721,160
W208I,-2.5446781990000003,3196,-0.3248998604689574,2548,0,-0.3395919057557982,-0.2847817694466124,-0.1931607461284894,-0.4820650205449299,208
L223H,-2.545721245,3197,-1.094039325591743,3438,0,-1.0957774858156133,-1.083081104167288,-1.1897768580938255,-1.007521854290245,223
W286E,-2.545852462,3198,1.2153321372453,381,0,1.98475986973032,0.2042614215551959,1.858093644794428,0.814213612901256,286
L79S,-2.5468891190000003,3199,-1.1183071999891672,3456,0,-1.155649189943791,-1.4039257730207044,-1.7646949345900975,-0.1489589024020761,79
T178G,-2.549241462,3200,-0.7459483356255368,3108,0,-0.8218917250218624,-1.2460415007418102,-0.469686797296461,-0.4461733194420132,178
F64W,-2.549393345,3201,-0.5512824254391951,2860,0,-0.590384383265368,-0.4250269836708942,-0.3650858493454658,-0.8246324854750527,64
G141P,-2.550557496,3202,-1.4216970471934094,3667,0,-1.1306362533320098,-1.2497670246771773,-1.0932852242662765,-2.2130996864981745,141
A276P,-2.550635631,3203,-1.0242838649001635,3364,0,-0.977570222377214,-1.0341744093853358,-0.9819583428531504,-1.1034324849849546,276
D174I,-2.551690557,3204,-1.1142585665772875,3452,0,-1.4224010944039822,-1.1587212953765702,-0.9618175126738264,-0.9140943638547708,174
T187P,-2.552642805,3205,-1.163303372812236,3486,0,-0.4535392897486716,-0.4647488883531849,-1.9517742149014368,-1.78315109824565,187
T187E,-2.552683678,3206,-0.0285866093383035,2123,0,-0.1987630177100657,0.5200245955557886,-0.1771897487900856,-0.2584182664088516,187
L188K,-2.552699689,3207,-1.393105251451703,3650,0,-1.4653559069803708,-1.4725450663991402,-1.822218535574271,-0.8123014968530302,188
Y95R,-2.553313625,3208,-1.1768993615748558,3500,0,-0.9869787198981396,-1.8124596361102407,-0.7012765466174887,-1.206882543673554,95
L100G,-2.556103373,3209,-1.0119517497217272,3355,0,-1.0752127654518606,-1.7218233328170476,-0.5012362007225096,-0.7495346998954915,100
A34E,-2.556684305,3210,-0.4885933762425727,2768,0,0.1359819904191126,-1.059179976422114,0.2906515343602675,-1.321827053327557,34
T158Q,-2.561556551,3211,-1.0436313373292228,3375,0,-1.1338300132952448,-1.0402414962581688,-0.8868293611772295,-1.1136244785862477,158
R176I,-2.562807203,3212,-0.7544532432341943,3121,0,-0.951046118503406,-1.0920058329326106,-0.4654555816942077,-0.5093054398065529,176
V42H,-2.563731445,3213,-1.254745848294763,3565,0,-1.21513447067652,-1.4336629904962557,-1.144640127322579,-1.2255458046836978,42
L191N,-2.564733321,3214,-1.1519798478251344,3477,0,-1.056223993174264,-0.902771154162532,-1.8807792284794151,-0.7681450154843268,191
V117E,-2.565433678,3215,-0.4662154915947969,2740,0,-0.8068199813114278,-0.7764104098656114,-0.860566324906525,0.5789347497043762,117
A246R,-2.565881715,3216,-0.6433277721882653,2983,0,-0.6391792700605131,-1.0582602842980529,-0.3478498881564902,-0.5280216462380054,246
W286K,-2.566351628,3217,1.1083805014445844,495,0,1.9089063367489951,0.213089101192835,1.858093644794428,0.4534329230420795,286
L191K,-2.566725383,3218,-1.5663345132302384,3730,0,-1.31345939856888,-1.472783392772592,-2.286179720046292,-1.1929155415331898,191
Y95Q,-2.566728492,3219,-1.0714938368472882,3407,0,-1.0443150764579008,-1.6907006379509746,-0.3858457321745441,-1.1651139008057327,95
L247Q,-2.566813759,3220,-0.5709332716751101,2891,0,-0.4533155471349982,-0.7081884113536295,-0.8050573277803933,-0.3171718004314193,247
V258Y,-2.568797946,3221,-1.228620722642189,3546,0,-1.5995756935219854,-1.1176808873111428,-0.8944649026201456,-1.302761407115483,258
Y44D,-2.5692042280000003,3222,-1.0847759791854177,3426,0,-0.4342471431926746,-0.2422913109382598,-1.6046593950429031,-2.057906067567833,44
L282K,-2.571033681,3223,-0.827459496185775,3195,0,-1.0236761772761378,-0.1867706170118426,-1.8293143422748228,-0.2700768481802965,282
L146N,-2.571101493,3224,-1.297371854534906,3598,0,-1.192198641482331,-1.0876312929558607,-1.6481299706985812,-1.2615275130028525,146
R91P,-2.571355016,3225,-1.2055164440826078,3525,0,-0.8107299488190158,-1.2734775924164308,-1.3368777769158842,-1.4009804581791008,91
L55D,-2.571945359,3226,0.0837072385121162,1953,0,-0.239894393318664,0.2736123743728073,-0.1700427825586764,0.4711537555529981,55
T179C,-2.572330785,3227,-0.3352738482150534,2560,0,-0.7912056416601738,-0.8698879274645779,-0.0477214042262515,0.3677195804907893,179
L100P,-2.574295188,3228,-0.8787974361230158,3235,0,-0.2922686844943897,-1.5207660989847251,-0.3584296814334932,-1.3437252795794548,100
I278Y,-2.5746331330000003,3229,-1.3039769277338211,3600,0,-0.9061244867317324,-1.0156380259978068,-1.2261583224213737,-2.067986875784372,278
R255D,-2.577336579,3230,-0.058722242545099,2172,0,0.0033256883140156,0.4199568988130976,-0.7878749963199373,0.1297034390124276,255
M184T,-2.579511712,3231,0.5556908867397495,1266,0,0.5794662040513374,0.3103295470784628,0.4507087274662616,0.8822590683629362,184
L73R,-2.580447035,3232,-0.9911105796568292,3342,0,-0.7480780467150058,-0.6580655696903946,-2.283615602388056,-0.2746830998338603,73
W286N,-2.584006677,3233,1.1910652139340812,408,0,1.9637656560205536,0.0732941292106574,1.858093644794428,0.869107425710685,286
R220M,-2.584173075,3234,-0.4214257643145245,2672,0,-1.0847338881293995,-0.7872121799624562,-0.2445822173109278,0.4308252281446855,220
I259K,-2.584464264,3235,-1.60392013748054,3747,0,-2.1642510901884666,-1.4179450755251986,-1.8646232765554396,-0.9688611076530548,259
T193P,-2.585087471,3236,-0.7608276670453707,3126,0,-0.1636733208787932,-0.8402712632023205,-1.1942013642430909,-0.8451647198572787,193
L219N,-2.58579938,3237,-1.368443727513242,3638,0,-1.5916505713346587,-1.6717646851080616,-0.9808376477865076,-1.2295220058237395,219
W227R,-2.587686553,3238,-0.6681102115405282,3016,0,-0.0281306284926768,-0.7268857850909874,-1.0508856461401874,-0.866538786438261,227
S201D,-2.588748537,3239,-0.3585964322447109,2590,0,-0.593851363515943,-0.6381406761271038,-0.0506604468573096,-0.1517332424784871,201
L146T,-2.590170917,3240,-0.3545895065465922,2586,0,0.1803452079688239,-0.0014040030834161,-0.7316816949642243,-0.8656175361075527,146
D174L,-2.590402136,3241,-0.985632695737347,3333,0,-1.476969264327684,-1.2202959341064454,-0.8459171956757319,-0.399348388839527,174
V78K,-2.59120482,3242,-1.6784337802146387,3770,0,-1.740593797861626,-1.8537449415838068,-2.261821254801858,-0.8575751266112641,78
L223W,-2.592646951,3243,-0.8251602845912946,3192,0,-0.9980460387239886,-0.6787003877319738,-0.7972026495453745,-0.8266920623638414,223
L247N,-2.593126764,3244,-0.9207002009365872,3268,0,-0.9822722347166732,-0.724605383322531,-0.9458306983144242,-1.0300924873927206,247
K284P,-2.593265847,3245,0.5944711193559414,1208,0,1.985335132494788,0.4016675610565856,0.4301880821710936,-0.4393062982987013,284
L205K,-2.59346846,3246,-1.670865214989987,3767,0,-1.500769809472201,-1.765491396560923,-1.7428090401266951,-1.6743906138001283,205
I140H,-2.596333523,3247,-0.7884502970750187,3150,0,-0.5519293251333969,-1.3447869663028411,0.0660128465750387,-1.3230977434388755,140
P249W,-2.598471894,3248,-0.9514801829326396,3297,0,-1.4589682865405966,-0.0527006590006237,-1.3198261147570822,-0.9744256714322562,249
L74S,-2.599628113,3249,0.0182017551715702,2049,0,0.3027977136029219,0.2886374242825517,0.4662066240616955,-0.9848347412608882,74
R162L,-2.600935808,3250,-0.4739881489508473,2745,0,-0.9375242648051852,-0.8187824633835482,-0.3183979449243891,0.1787520773097328,162
V42K,-2.601081474,3251,-1.1770906054723884,3501,0,-1.3515246912380603,-1.5095046091919009,-0.5610377403700886,-1.2862953810895037,42
W227C,-2.601610509,3252,-0.3980235207773487,2652,0,-0.2025875991662991,-0.7816108783560834,-0.3007463734086852,-0.3071492321783271,227
I283E,-2.601698129,3253,0.1644289565085637,1843,0,0.8954898367007349,0.3552950110748454,-0.1704564147802171,-0.4226126069611082,283
A246D,-2.60408801,3254,-0.7064654231157427,3056,0,-0.9173871280346788,-0.6275418499092427,-0.9030748721873748,-0.3778578423316746,246
T27F,-2.604569889,3255,0.7962353500805662,924,0,1.455546031425709,0.9903314288932984,0.5623237887031204,0.1767401513001374,27
L55P,-2.6049618430000003,3256,-0.4852274072641248,2763,0,-0.2701347755641438,-0.1319271187563308,-0.5572585478011546,-0.98158918693487,55
L282Y,-2.60798928,3257,-0.3737139628158716,2614,0,-0.6806739510047457,0.2103595944767395,-1.096417944598164,0.0718764498626838,282
R255G,-2.607993029,3258,-0.1519306110193006,2304,0,0.6942541870837718,0.0724746453655703,-0.9477406939563984,-0.4267105825701466,255
I45R,-2.60881519,3259,-0.1715783271422829,2343,0,0.3936095484674776,-0.3001740391025132,-0.2692468116060389,-0.5105020063280572,45
A34H,-2.609230586,3260,-0.3359809251927486,2564,0,0.3947750504786405,-0.8799792676189274,0.1030310539410312,-0.9617505375717388,34
S57P,-2.61056601,3261,-0.2475989007186376,2444,0,0.3143657394503395,-0.2860393643928431,-0.3942920140390704,-0.6244299638929764,57
A230Q,-2.610909165,3262,-0.8368881025877679,3199,0,-0.8063958402988277,-0.9457520393174196,-0.6114222107569451,-0.9839823199778788,230
C121T,-2.611475847,3263,-0.5165576687521659,2816,0,-0.4694607729272083,-0.6740005815382226,-0.0960243127581045,-0.826745007785128,121
I283P,-2.613881608,3264,-0.4595179103134551,2729,0,1.2434514773177814,-0.3125222769397086,-0.60046002170433,-2.1685408199275638,283
C121V,-2.614484462,3265,-0.5979291753983917,2923,0,-0.5762182141631494,-0.8017460450293551,0.2603813754145971,-1.2741338178156598,121
A185I,-2.614938872,3266,-0.3540787220251801,2585,0,0.0942465801129089,-0.8578005091580309,0.2337488402990544,-0.8865097993546529,185
A245R,-2.617993368,3267,-1.6622377108453583,3765,0,-1.7447990734550058,-1.2529792497106564,-2.177291511441285,-1.4738810087744865,245
L136Q,-2.618222752,3268,-0.8482164543305538,3209,0,-0.9742137816322036,-0.5381794427829457,-0.7369286567411483,-1.1435439361659174,136
R255N,-2.618899902,3269,0.2681095171391244,1691,0,0.377685772329204,0.4665251898088763,-0.1068251491269565,0.3350522555453739,255
T158I,-2.619117745,3270,-0.5126512549171419,2808,0,-0.0190172631592615,-0.781531520475634,-0.3721659512675317,-0.8778902847661402,158
S51P,-2.620159281,3271,-0.963467123091842,3307,0,-0.4482131651792254,-1.160076192182587,-0.4799953275490352,-1.7655838074565198,51
V106P,-2.620729962,3272,-0.9136812237608772,3259,0,-0.8503775972974531,-0.904317874634986,-0.382209009195241,-1.5178204139158291,106
C75D,-2.621082525,3273,-0.8601595306986102,3222,0,-0.8585023389056053,-0.625598845498748,-1.6199182847131808,-0.3366186536769065,75
A230R,-2.6212824130000003,3274,-0.6495578545438029,2991,0,-0.3311166993865388,-0.4934334766183158,-0.7008194434471217,-1.0728617987232352,230
E277P,-2.622383871,3275,-0.3489286305840238,2581,0,-0.4774839960987877,-0.169434711115189,0.3831424846936735,-1.131938299815792,277
D174H,-2.623160767,3276,-0.6511449381330927,2994,0,-0.5124662190802531,-0.7650943299384652,-0.8536531156891983,-0.4733660878244541,174
P181L,-2.624131341,3277,-0.8739322365431743,3231,0,-0.5815741911837461,-0.7633236888224498,-0.5507175839157055,-1.600113482250796,181
G279Q,-2.624825223,3278,-1.3977201338074376,3652,0,-1.540915727524598,-0.8647951228501292,-1.0292563479087962,-2.155913336946228,279
V117S,-2.625799367,3279,-0.3654523843561678,2600,0,-0.4912326831947656,-0.5079865493250687,-0.3664709329655273,-0.0961193719393093,117
L160K,-2.626606882,3280,-1.0802300190942442,3420,0,-1.320562020393364,-0.9985434792598452,-1.842960175079701,-0.1588544016440673,160
I93K,-2.628070413,3281,-0.6570192400173802,3001,0,-1.2966884523338251,-0.5968771056144258,-0.5904870129848403,-0.1440243891364298,93
I93W,-2.628955372,3282,-0.5409830773949487,2844,0,-1.267007878932395,-0.6413053875251545,-0.0280785464187009,-0.2275404967035443,93
L146K,-2.628974197,3283,-1.2805581140419942,3589,0,-1.3278902443276377,-1.2262601590132176,-1.6239835187185916,-0.94409853410853,146
F64T,-2.630296893,3284,-1.0709366993659877,3405,0,-1.2212387441136237,-1.076477972503267,-0.5530282318624559,-1.433001848984604,64
V117G,-2.630401382,3285,-0.6022802253843983,2928,0,-0.6618619062430929,-0.9365609309151754,-0.2030253263294922,-0.6076727380498328,117
G142M,-2.631156092,3286,-1.305525812627909,3603,0,-1.3145032292261114,-0.3983987501646069,-2.00591966989554,-1.503281601225378,142
G279H,-2.631557034,3287,-1.580446643815282,3737,0,-1.7035049416796553,-1.5684748435968354,-1.1246454827136771,-1.92516130727096,279
T158Y,-2.632397259,3288,-1.0790833881569704,3419,0,-1.019913888939771,-0.8429684202091883,-0.5776880142858892,-1.875763229193033,158
I45N,-2.632616734,3289,-0.1746387153544411,2347,0,0.4861663445380868,-0.1551197120497845,-0.0283589665826346,-1.0012425273234322,45
D48K,-2.633183513,3290,-0.4868396621712149,2766,0,-0.8073004600306604,-0.0671858731376294,-0.5639639663698096,-0.5089083491467602,48
A246P,-2.633705164,3291,-1.1649836353569116,3488,0,-0.6110264486161927,-1.1826294996206368,-1.578278369535283,-1.2880002236555332,246
L120D,-2.635226081,3292,-1.616064057024813,3751,0,-2.048793719964884,-1.6655689575946286,-1.6282743133363862,-1.121619237203354,120
Y95N,-2.635277852,3293,-1.1130078099223186,3451,0,-0.90602681292902,-1.4684260385788692,-0.7240052602391219,-1.3535731279422638,95
F64H,-2.635383711,3294,-0.9792104152065896,3322,0,-0.8854735008252194,-0.917219343046398,-1.546529290122435,-0.5676195268323052,64
A34K,-2.635557452,3295,-0.5009951448612603,2792,0,0.6112037382350819,-0.5809534667112483,-1.0412160421163,-0.9930148088525746,34
L74E,-2.636127763,3296,-0.2510431757493733,2448,0,-0.6157087352198328,-0.004065777595816,-0.4071836454101672,0.0227854552283229,74
C121D,-2.63960149,3297,-1.1881214106046825,3512,0,-1.0760348135048377,-1.0296631413406785,-1.548263243143262,-1.0985244444299516,121
Y44W,-2.641882621,3298,0.4246462001109502,1440,0,0.4880786855228552,0.9053470999931982,-0.1249249773186612,0.4300839922464089,44
M184N,-2.641933471,3299,-0.5326121057205059,2835,0,-0.5289500993204052,-0.5045351133557762,-1.4183502525122915,0.321387042306449,184
F64Q,-2.642892061,3300,-1.2199670293284972,3538,0,-1.4429548085609976,-1.198760126116452,-0.775936050175624,-1.4622171324609152,64
L120W,-2.643231062,3301,-1.2214296246831982,3541,0,-1.3355145301974782,-1.0579271833858477,-1.533803569156527,-0.95847321599294,120
A230E,-2.644688341,3302,-0.5598872580709415,2875,0,-0.3817592468556262,-0.7519315365321977,-0.2484578421749723,-0.85740040672097,230
F228E,-2.649739417,3303,0.7383982610817995,999,0,1.0713727393549843,0.1562300644131693,0.8975713711215575,0.828418869437487,228
L100N,-2.650424377,3304,-0.9066158721174448,3253,0,-1.0056976139557392,-1.3274043049670687,-0.80700267533417,-0.4863588942128014,100
T107E,-2.651337332,3305,-0.9216848346068008,3269,0,-1.4129498787290533,-0.9204805981079258,-1.0380272126993924,-0.3152816488908314,107
G154I,-2.6520505,3306,-1.7552634672183514,3791,0,-1.7191690354161595,-2.096907091100833,-2.0612061408788818,-1.1437716014775312,154
L79N,-2.652113497,3307,-1.452375753926034,3689,0,-1.8242093576311271,-1.8416926530396245,-1.8598536490720368,-0.2837473559613479,79
D48T,-2.654013198,3308,-0.5534382651100649,2865,0,-0.8138854634702553,-0.2367964095473941,-0.4199428835050764,-0.7431283039175337,48
R59I,-2.656506313,3309,-1.0097659233549794,3352,0,-1.100792798122197,-1.0399675346581454,-1.296338139006457,-0.6019652216331179,59
T158K,-2.657154096,3310,-1.4305669759222308,3671,0,-1.1767526113578497,-1.307417492038459,-1.44126560518165,-1.7968321951109654,158
C75E,-2.657888088,3311,-1.061132643951793,3395,0,-1.3945897166517776,-1.1115468264309245,-1.4878328668373482,-0.2505611658871213,75
I229T,-2.658762353,3312,0.2242055632557334,1761,0,0.3834714500045027,0.1378983940293475,0.6151491744243451,-0.2396967654352616,229
L79K,-2.660157517,3313,-1.7052126828735783,3777,0,-1.9209477835404587,-2.0566567235904536,-2.330726997483611,-0.5125192268797902,79
I259N,-2.66081493,3314,-1.1468259986114786,3471,0,-1.6114655127106767,-0.9693928529961512,-1.196992595552293,-0.8094530331867937,259
W208V,-2.66192783,3315,-0.6058670716013188,2935,0,-0.7088920307113878,-0.8178589802779358,-0.1578034270343267,-0.7389138483816251,208
L135W,-2.662718331,3316,-0.698929556167445,3047,0,-0.441697742074004,-0.5534845198631932,-0.6195331409931062,-1.1810028217394766,135
M184S,-2.663571844,3317,0.1497425844859186,1863,0,0.1590349427402488,-0.0799295103505037,-0.3139808695673611,0.8338457751212904,184
I259P,-2.666364125,3318,-1.9067504101089623,3816,0,-2.065596327890551,-1.5425205202441106,-2.117501273738473,-1.901383518562716,259
E56P,-2.66658801,3319,-0.2756406363227707,2480,0,1.120589254330141,-0.8849113346156501,-0.540080690183213,-0.7981597748223608,56
V31Y,-2.670483841,3320,-0.5747292860933606,2894,0,-0.5524185987666889,-0.4403079248352725,0.0726162949649257,-1.378806915736407,31
I259G,-2.671910904,3321,-0.9479126696430028,3293,0,-1.6852872572101427,-0.7282654496431324,-0.3515157657585441,-1.0265822059601926,259
A245I,-2.672161135,3322,-0.3576845871073558,2589,0,-0.9903339796118328,-0.4886279020393156,1.496526608963585,-1.4483030757418596,245
Y95T,-2.673178912,3323,-0.818993530198225,3189,0,-0.7859550025816837,-1.378104639486441,-0.0949100994787327,-1.017004379246042,95
L120Q,-2.673516497,3324,-0.7840447090271147,3144,0,-1.014085901445765,-0.6066732546720721,-1.4767302065412635,-0.0386894734493581,120
L146E,-2.67514971,3325,-0.8568087099305178,3216,0,-1.11616811713764,-0.4610075686613589,-1.6474453615701052,-0.2026137923529671,146
A40P,-2.675154675,3326,-1.203372792528551,3520,0,-0.6166578823451322,-1.5801909984435722,-0.549666671088063,-2.066975618237436,40
L150K,-2.676445598,3327,-1.28343771588793,3590,0,-1.187436120134142,-1.174704326324033,-1.5857366165939613,-1.1858738004995837,150
L120R,-2.676454953,3328,-1.1789053844368016,3503,0,-1.1371595164749069,-0.917582771811004,-1.7960029492520193,-0.864876300209276,120
A34P,-2.678125708,3329,-1.0707489247130728,3404,0,-0.0673878833001765,-1.9695677680997716,-1.1131063737160285,-1.132933673736315,34
F58D,-2.678411367,3330,0.5666478885976992,1252,0,0.5434839553667381,0.5756463191405168,0.3969410088126705,0.7505202710708715,58
M209G,-2.678930153,3331,-1.091362539996879,3432,0,-1.441151097329027,-1.114788621120495,-0.4608135868979635,-1.3486968546400304,209
T147Y,-2.680316153,3332,-1.2727551235654686,3582,0,-1.211585195158674,-1.5298869478622417,-1.2621583289115357,-1.0873900223294224,147
R59P,-2.681074897,3333,-1.1575597271124738,3478,0,-1.0056734405062386,-1.4386463621099568,-1.5845574620034717,-0.6013616438302283,59
I140R,-2.684032739,3334,-1.026570107713896,3366,0,-0.7580121534284524,-1.2869517517740157,-0.6073694680001028,-1.453947057653013,140
I229N,-2.685684014,3335,-0.5940252951849734,2919,0,-0.6403719106636308,-0.3701985229755312,-1.066609233393262,-0.2989215137074694,229
D83C,-2.688763922,3336,-1.1743749403812451,3497,0,-1.3903539352707737,-1.3573995619201318,-1.1816753724395734,-0.7680708918945013,83
L120E,-2.6890916860000003,3337,-1.200386477912773,3518,0,-1.7542581794242629,-1.0775015375218029,-1.6821791175305176,-0.2876070771745085,120
R220D,-2.689181867,3338,-0.5131174175733525,2811,0,-0.9462301240777358,-0.9433296021068852,-0.4506342875492777,0.2877243434404888,220
I278R,-2.68954879,3339,-1.5459311284720725,3723,0,-1.125912379349031,-1.445228011545194,-1.899606886146583,-1.7129772368474825,278
G114M,-2.691067714,3340,-1.0935214530566228,3437,0,-0.8081041895340674,-2.203031070418938,0.3071620714851606,-1.6701126237586474,114
T107P,-2.692235412,3341,-0.8141340076487348,3182,0,-0.7813292547112836,-1.202349427448117,-0.6892165371162178,-0.5836408113193207,107
A132N,-2.693649685,3342,-1.7541944448066338,3790,0,-1.396970977325871,-1.6204951978919633,-2.241346642678022,-1.7579649613306785,132
T158P,-2.6938364260000003,3343,-0.8147949873764135,3183,0,-0.6976747209083366,-1.0495192917718597,0.5301847515304087,-2.0421706883558666,158
G114I,-2.694101807,3344,-1.3442788379769248,3627,0,-0.785832904046213,-2.5778396034421838,0.2936879103172461,-2.3071307547365496,114
M115H,-2.694574602,3345,-1.1087597572384864,3450,0,-1.3840030524434426,-1.3630069290969853,-1.0343838000442076,-0.6536452473693097,115
G43C,-2.6954737860000004,3346,-0.93726293356611,3283,0,-1.039464002889296,-1.3500321683756042,0.0934384770699731,-1.4529940400695127,43
E119W,-2.695865472,3347,-0.9170962085663958,3263,0,-1.206216779616765,-1.35009914238299,-0.5057780497120683,-0.6062908625537593,119
V257N,-2.696352876,3348,-0.9897272947637106,3341,0,-1.4519766816598685,-0.4076353503454536,-1.507243308284773,-0.5920538387647475,257
A245Y,-2.698135226,3349,-1.167683934648432,3491,0,-1.7245181524037907,-0.6765043984860336,-0.9220381796950612,-1.3476750080088424,245
V78E,-2.698340925,3350,-0.6026800142524824,2929,0,-1.0842606212396957,-0.7898312427493912,-0.0064781408463607,-0.530150052174482,78
Y95K,-2.699250944,3351,-1.2759131401192096,3583,0,-1.361988377419517,-1.8961101713349529,-0.9082324915409452,-0.9373215201814228,95
W286Q,-2.699394131,3352,1.3051349697120471,300,0,2.0011676362713686,0.4974339469494702,1.858093644794428,0.8638446508329231,286
L282R,-2.703589801,3353,-0.6110754496394504,2944,0,-0.9090606059696766,0.091230905683007,-1.8293143422748228,0.2028422440036911,282
V258Q,-2.704153997,3354,-1.071316315339106,3406,0,-1.501536675721537,-0.8569980847299199,-1.1939847941054222,-0.7327457067995451,258
D83F,-2.7042285,3355,-1.2037028051715684,3521,0,-1.1687465759611748,-1.6324256695623345,-0.9947550334603762,-1.018883941702388,83
T179D,-2.704465567,3356,-0.9226416837907396,3270,0,-1.3761747245674207,-1.0495928368139322,-1.1416035133867148,-0.123195660394891,179
L191D,-2.706935997,3357,-1.182107174402968,3508,0,-1.51674207699735,-1.083914867376214,-1.1113444790845004,-1.0164272741538067,191
W286R,-2.707731259,3358,1.3637732199267554,240,0,2.0743447763910887,0.6596569344294655,1.858093644794428,0.8629975240920401,286
A245K,-2.7083866389999995,3359,-1.7362190157781867,3787,0,-1.7241328849113329,-1.4507133091161326,-2.3390717133630647,-1.4309581557222166,245
T107N,-2.709002539,3360,-0.6598880086384873,3009,0,-0.656899212650911,-0.6796190689276226,-0.6375393203179541,-0.6654944326574612,107
L219G,-2.710439912,3361,-1.339901939332519,3623,0,-1.9688918754778149,-1.3084908452813533,-1.0216677537590533,-1.060557282811856,219
L28D,-2.71076857,3362,0.758031686873856,967,0,1.33415156651713,1.1653461674603425,1.0964576481847952,-0.5638286346668436,28
L188D,-2.713809337,3363,-1.253140334420854,3563,0,-1.436727054530499,-1.346508071926601,-1.6212510879745636,-0.608075123251752,188
A230Y,-2.714328109,3364,-0.8366489502754038,3198,0,-0.619131690643458,-1.026903054040078,-0.2436702333404876,-1.4568908230775914,230
L137H,-2.716401962,3365,-0.6517184063842915,2996,0,-0.7975528557519259,-0.6517773422271379,-0.4497667814461566,-0.7077766461119452,137
D174V,-2.7174936080000003,3366,-0.8055920666810481,3168,0,-0.9889459662749652,-0.794986472193365,-0.7115988304739919,-0.7268369977818707,174
T179Q,-2.717685824,3367,-1.1933589032560703,3516,0,-1.4708393097415269,-1.4512781653671023,-1.3964988311744728,-0.4548193067411804,179
D155Y,-2.717875648,3368,-0.9631167670664108,3306,0,-0.6002809985165956,-1.0497507943785211,-0.944386276547444,-1.258048998823083,155
T158L,-2.71824293,3369,-0.7017425549695833,3051,0,-0.3983485404228623,-0.7591558837062339,-0.3074665369043289,-1.3419992588449083,158
P143K,-2.718579118,3370,-0.9765967519283488,3318,0,-0.3883741781313493,-0.8582354611078827,-0.9821094330952352,-1.6776679353789274,143
I278D,-2.7189780810000004,3371,-1.6652451513765991,3766,0,-1.5616120700593317,-1.6310230063887854,-1.6142263880948882,-1.854119140963392,278
W208Q,-2.720273122,3372,-0.547451685372314,2855,0,-0.80305208935839,-1.0528576301249066,-0.7881347154518773,0.4542376934459177,208
V42Q,-2.720700732,3373,-1.1244866507229163,3459,0,-1.2833061111009143,-1.1952340078106218,-0.9383063777017834,-1.081100106278346,42
I256S,-2.721386964,3374,-0.2114732533975732,2391,0,-1.0331151805846872,-0.07868000283158,1.4386031495047675,-1.1727009796787935,256
H285I,-2.723116824,3375,0.7250206063040787,1017,0,2.036768455815289,0.7375395544086765,0.2534174907768888,-0.1276430757845399,285
I278C,-2.724411475,3376,-0.8750951974877841,3233,0,-1.116893672419221,-1.3023464223848986,0.134615501137318,-1.2157561962843348,278
H285P,-2.724870193,3377,0.3705314634136309,1527,0,2.044923112695406,-0.0579811172018038,0.2534174907768888,-0.7582336326159672,285
V31S,-2.725262278,3378,-0.4926362697705025,2773,0,-0.9070044053192208,0.0327619654050516,0.1866677694636813,-1.2829704086315226,31
D174Y,-2.7255582310000004,3379,-0.8833803741671677,3239,0,-1.0801699308123485,-0.986183110281689,-0.7226265089082456,-0.744541946666388,174
V42N,-2.725804065,3380,-1.1224277050968363,3457,0,-1.0117567066629032,-1.0969242523957528,-0.9674536874210342,-1.4135761739076556,42
G279R,-2.726890745,3381,-1.434901324555703,3676,0,-1.1368919500608916,-1.3002305492157171,-1.3244554885018112,-1.978027310444392,279
L205D,-2.726957571,3382,-1.7099262232010406,3780,0,-1.9818344207511007,-1.373586294942889,-1.5884334550738772,-1.8958507220362952,205
L219C,-2.7274145780000003,3383,-1.268077539866005,3576,0,-1.4456058469417843,-1.577036649061758,-0.933697702710403,-1.1159699607500742,219
L205H,-2.728694618,3384,-1.3449306061580968,3628,0,-1.023441931022245,-1.2854411719923395,-1.5618660876021009,-1.5089732340157025,205
W227M,-2.730242755,3385,-0.3084781272361707,2520,0,-0.2759898262651275,-0.1991972018010744,-0.9495914705828864,0.1908659897044055,227
I278P,-2.732630383,3386,-1.790322923021818,3798,0,-1.4701020446600823,-1.4690331010910973,-1.361439055514666,-2.8607174908214263,278
L120K,-2.732714383,3387,-1.4638433103589878,3695,0,-1.771842328541582,-1.4898827414205176,-1.929334421711516,-0.6643137497623363,120
G43D,-2.734532397,3388,-1.206374644986102,3527,0,-0.813956827915767,-1.1805002316499789,-0.9656291210508268,-1.865412399327836,43
D83L,-2.734828189,3389,-1.2389973811040231,3553,0,-0.9554319159899384,-2.070558000202687,-0.5513144669560577,-1.3786851412674102,83
L74D,-2.735655563,3390,-0.5641331450258757,2886,0,-0.9857436626809292,0.0045539035207724,-0.4618447575688227,-0.8134980633745236,74
T107D,-2.735711985,3391,-1.1307463349411864,3465,0,-1.4993419174821558,-1.0217773942521955,-0.9573565024161969,-1.0445095256141972,107
F64P,-2.735826052,3392,-2.073847642227708,3826,0,-1.70946799392529,-2.154041984971297,-2.270868608996309,-2.1610119810179373,64
L205Q,-2.736755349,3393,-0.9425599171539688,3289,0,-0.692101182842234,-0.8337260071899647,-1.3821728603554142,-0.862239618228263,205
W227H,-2.736922009,3394,-0.5624939401750908,2882,0,-0.5643336467945681,-0.4739648908676092,-1.527436167059872,0.3157589440216861,227
W227Q,-2.740541574,3395,-0.8181869675610723,3186,0,-0.4126513071045879,-0.6043625250512145,-1.4149902609102027,-0.8407437771782841,227
A230N,-2.741692622,3396,-1.067829599124572,3402,0,-0.6346681827411225,-1.2381757194894911,-1.1887858432649383,-1.2096886510027347,230
E35N,-2.7417552030000003,3397,-0.6657594539691293,3013,0,-0.4321469177152697,-1.0090657276503934,-0.9926645439153696,-0.2291606265954846,35
R255W,-2.741784941,3398,0.1191562726645901,1909,0,-0.1786741021969312,0.036534623877692,0.8465592037034013,-0.2277946347258015,255
V78S,-2.7418226160000003,3399,-0.7369409420303674,3093,0,-0.6640452059658716,-1.0025727871834296,-0.6256315542307881,-0.6555142207413807,78
M153P,-2.742925642,3400,-0.3716096580161217,2611,0,0.2355701443819987,-0.5148689499632829,-0.7336413751054771,-0.4734984513777256,153
L137P,-2.743316825,3401,-1.7196263551765505,3785,0,-0.8681107322589402,-1.4285029591423186,-2.458058023127654,-2.1238337061772894,137
A230D,-2.7435611410000003,3402,-0.7474882755696131,3110,0,-0.5457927115408805,-0.8459888215762307,-0.5009178148427191,-1.0972537543186218,230
V117K,-2.743585555,3403,-0.6999507642085789,3049,0,-1.2038035557121465,-1.8170538002847951,-0.0881288235329345,0.3091831226955605,117
I45D,-2.744946474,3404,-0.2846052362711752,2489,0,0.406951558737345,0.0186801117049803,0.0436903019338754,-1.6077429174609017,45
I140P,-2.74499476,3405,-1.5725630617105515,3732,0,-0.7426661340409909,-1.7675943803928331,-0.9631977631019188,-2.8167939693064628,140
L146S,-2.745330081,3406,-0.9296164403660224,3276,0,-0.451557066889619,-0.6622755810678688,-1.2688284689544174,-1.335804644552185,146
D161F,-2.746142514,3407,-0.9990102526216512,3347,0,-1.5396399121628026,-1.2920496110305308,-1.0124488194666057,-0.1519026678266659,161
R59Y,-2.747228401,3408,-0.4334127345136236,2695,0,-0.5380426583999884,-0.7217399067348373,-1.2028504466035164,0.7289820736838478,59
C121W,-2.747270968,3409,-1.2421972500730838,3558,0,-0.9627375244309154,-1.369734910420057,-1.2547829605077274,-1.3815336049336355,121
D207P,-2.74751331,3410,-0.4512106891751825,2718,0,0.023104872082301,-0.6650217681027849,-0.3465105045917872,-0.816415356088459,207
M115E,-2.747736235,3411,-0.7944841049782552,3160,0,-1.29951644438549,-0.7312160969496524,-1.051455124587707,-0.095748753990171,115
E119L,-2.748624492,3412,-0.4310911483455383,2689,0,-0.4972348853721273,-0.8499137511411348,-0.2808424469073139,-0.0963735099615775,119
I229W,-2.749148727,3413,-0.7723072993597586,3134,0,-0.7645036041107806,-0.8637520974596359,-0.5626992238999028,-0.8982742719687151,229
R159D,-2.750766539,3414,-0.6067682858248987,2937,0,-1.0085065084797311,-1.07294679955537,-0.1478452544188416,-0.197774580845652,159
T179L,-2.752004814,3415,-0.5798782967921821,2900,0,-0.8607595410348095,-0.9136098231464652,-0.2407159854642396,-0.3044278375232137,179
D155H,-2.752012589,3416,-0.8917453536476809,3246,0,-0.7083969021781646,-1.2469452707433613,-0.4518675338731791,-1.1597717077960188,155
V78N,-2.753542442,3417,-1.2774587336972425,3584,0,-1.4244114609880252,-1.259487354103821,-1.7880474297083089,-0.6378886899888153,78
L136C,-2.753682394,3418,-1.0400557630734135,3372,0,-1.0300245975275326,-0.6552812201078739,-1.0545111014021982,-1.4204061332560491,136
D161I,-2.754888477,3419,-0.7515182451619149,3112,0,-1.3511819408729993,-1.3261383698614282,-0.3863391505655955,0.0575864806523634,161
P143Y,-2.758068812,3420,-1.2027980698848355,3519,0,-0.954787022634445,-1.1615971339805005,-0.8671299253609156,-1.8276781975634808,143
I229G,-2.758309934,3421,-0.7237499137195746,3078,0,-1.0274993012894704,-0.2212888940523695,-0.9014789093533644,-0.7447325501830947,229
A132M,-2.760355333,3422,-1.6296807980379109,3757,0,-1.2700210164891743,-1.7282217514773612,-1.661755031568162,-1.858725392616945,132
R162F,-2.76348965,3423,-1.0838635165258796,3425,0,-1.6532658294826392,-1.5854028398786943,-0.9916917758916152,-0.1050936208505701,162
C121Q,-2.763864018,3424,-1.219075699703307,3537,0,-1.4608564792041896,-1.307782437195685,-1.3345684700369678,-0.7730954123763856,121
L205N,-2.764074272,3425,-1.4548265326600125,3692,0,-1.502365257139244,-1.3473168146572958,-1.524667133728148,-1.4449569251153616,205
S201E,-2.764541722,3426,-0.6321600263105678,2968,0,-0.8201488997235097,-0.9092522162206388,-0.0815721384863346,-0.7176668508117879,201
A40K,-2.764567772,3427,-0.8740091043029448,3232,0,-0.1114579663642853,-1.5057346044063455,-0.5378664342274387,-1.3409774122137093,40
L137N,-2.765156307,3428,-1.057869309375264,3391,0,-1.0310621963599451,-0.8630760390831951,-1.4815904924816887,-0.8557485095762268,137
G52C,-2.765819379,3429,-1.148767927326504,3474,0,-1.1473483992844935,-1.3725389731066389,-0.6790748574958784,-1.396109479419005,52
I278E,-2.768557532,3430,-1.474258063611249,3699,0,-1.4141491532102046,-1.5256948804641044,-1.589341007244493,-1.367847213526194,278
L136D,-2.768838785,3431,-1.6708657687582615,3768,0,-2.036549038558056,-1.1985223052072065,-1.972429967435992,-1.475961763831792,136
L136S,-2.769350458,3432,-0.9693416524179452,3312,0,-0.9226465368989027,-0.6693791222965074,-1.0622253406305773,-1.223115609845793,136
R59F,-2.769432224,3433,-0.7400714794761701,3099,0,-0.9741358838219626,-1.1535749115562128,-1.2644751427236876,0.4319000201971823,59
A132D,-2.770201187,3434,-1.421329917094765,3666,0,-1.1343486619414955,-1.087662631736675,-2.1744822024729897,-1.2888261722278993,132
E35H,-2.7722213730000003,3435,-0.6514456876739358,2995,0,-0.6262145364754718,-1.2112746616776466,-0.7264802992362452,-0.0418132533063796,35
D155I,-2.772950829,3436,-1.0487460047148756,3381,0,-0.9309009909252688,-1.172570761907617,-0.2848534007213693,-1.8066588653052464,155
G43R,-2.774415405,3437,-1.286543527794055,3594,0,-0.8971876730159789,-1.2607494982279115,-0.8272355479986555,-2.1610013919336737,43
R162I,-2.775293039,3438,-1.0884850902665133,3429,0,-1.3955032820676243,-1.1725561034456236,-0.7248842457441009,-1.0609967298087044,162
T178L,-2.776831022,3439,-0.77797692527286,3137,0,-0.5904159193143528,-0.990206858099,-0.4540604222392925,-1.077224501438795,178
I256K,-2.778477635,3440,-1.6533673821193473,3763,0,-1.9208529492385715,-1.517137624177041,-1.780311904142008,-1.395167050919769,256
I278F,-2.779089453,3441,-0.5565643508790203,2868,0,-0.0516522492198799,-0.1339111921336186,-0.6806985546159816,-1.359995407546601,278
L120P,-2.779291773,3442,-1.6837689773270546,3772,0,-0.8349503882890598,-1.6855206407608734,-2.046307609268726,-2.1682972709895587,120
W227D,-2.779304338,3443,-0.5632336200182059,2883,0,-0.966780822835645,-0.8053603668392516,-0.0634752255673502,-0.4173180648305764,227
M209N,-2.781298845,3444,-1.284603360194125,3592,0,-1.5570407250144715,-0.989241674196336,-0.931797437122144,-1.6603336044435486,209
D161W,-2.7815416,3445,-1.3151537548927246,3611,0,-1.9312778372848631,-1.569221666962212,-1.4909599174742458,-0.2691555978495771,161
L282W,-2.781623897,3446,-0.3621713132612005,2596,0,-0.9051958191920284,0.5069395172712989,-1.164719977994501,0.1142910268704283,282
I256T,-2.782825476,3447,0.0101322974583812,2063,0,-0.2212229666686596,0.3226723511754364,0.3846971978450539,-0.4456173925183058,256
L192K,-2.784299155,3448,-0.7646457319553238,3130,0,-0.7671004658209617,-0.9851244155007886,-0.5735593942786915,-0.7327986522208537,192
L192G,-2.784570413,3449,-0.6151283915004142,2948,0,-0.4466494545877748,-0.752891918524898,-0.2358724587253452,-1.0250997341636392,192
I256N,-2.785153544,3450,-1.1756826072490305,3498,0,-1.6421003594158878,-0.9655204917087422,-1.2723513603106575,-0.8227582175608333,256
L205E,-2.7855108960000003,3451,-1.1361783194232142,3466,0,-1.5365115863601702,-0.5518081478217245,-1.440241585547941,-1.0161519579630218,205
G142Y,-2.786132369,3452,-1.329965882399358,3618,0,-1.301363426594634,-0.1373358384999569,-2.320717491894033,-1.560446772608808,142
L247Y,-2.78760903,3453,0.3831858510160609,1507,0,0.1031423844008186,1.095513728394351,0.2042197214506049,0.129867569818469,247
V78D,-2.787729305,3454,-1.3102080626509656,3605,0,-1.4946457349143014,-0.9391789827736968,-1.7562080912505795,-1.0507994416652848,78
A185E,-2.788667675,3455,-0.2705649330386831,2471,0,0.1558135416185408,-1.0048706274670165,0.534370558627961,-0.7675732049342179,185
T107Y,-2.788696299,3456,-1.2590312012910951,3567,0,-1.236325891487826,-1.9089191397965413,-0.7285825694877255,-1.162297204392288,107
A40H,-2.788829598,3457,-0.9703108690227064,3313,0,-0.296275195030025,-1.5787291959578411,-0.9139092549657428,-1.0923298301372173,40
I283D,-2.788857489,3458,-0.2567444416386786,2455,0,0.8650086999649582,-0.3541434633786158,-0.1704564147802171,-1.3673865883608396,283
T27Y,-2.7891347680000003,3459,0.4227774165237295,1443,0,0.5596463940621789,0.8632786409144011,0.2820850583125169,-0.0139004271941789,27
V31K,-2.791626345,3460,-0.9422385471849624,3288,0,-1.32002653576877,-1.0807820002231845,-0.2396488053169653,-1.1284968474309298,31
L136W,-2.792516077,3461,-1.5244449611628683,3715,0,-0.9939323810067824,-1.5084052245423625,-1.5377585423039837,-2.0576836967983456,136
V257K,-2.792613017,3462,-1.172859830591157,3495,0,-1.5219274578135185,-0.8379026579297976,-2.2361887142432346,-0.0954204923780774,257
W286P,-2.793520382,3463,1.1026088611573646,503,0,2.251256998094372,0.0497445518212329,1.858093644794428,0.2513402499194263,286
I206P,-2.7935813310000004,3464,-0.8186280679855196,3187,0,-0.5733576055444874,-0.9558517196311804,-0.5956173417290563,-1.149685605037354,206
M184G,-2.794416557,3465,-0.6398413821628522,2978,0,-0.2246475805617935,-1.0635118046733996,-1.3856718901769496,0.1144657467607336,184
L188Q,-2.796089769,3466,-0.4218364836278801,2674,0,-0.4735625198179446,-0.4510451218797134,-0.5385492412789533,-0.224189051534909,188
E62P,-2.796100017,3467,-1.4099917828197983,3660,0,-1.3497439472959478,-1.4988188431304903,-2.024731208080729,-0.7666731327720263,62
R255S,-2.797274372,3468,0.5729923485116849,1244,0,0.5210309606723326,1.0283701377673302,0.2863292652358059,0.4562390303712712,255
G279P,-2.7982254760000003,3469,-1.4350443766801897,3677,0,-0.9957342829992896,-1.5042867021862982,-0.9868077257606364,-2.2533487957745355,279
A230H,-2.800238208,3470,-0.878804683680394,3236,0,-0.6803349196319157,-0.9977506586516608,-0.7463281544343807,-1.0908050020036193,230
I278H,-2.801357298,3471,-1.711031429643776,3781,0,-1.332596277199238,-1.6714970418106223,-1.847037418517815,-1.9929949810474277,278
L47W,-2.8026120480000003,3472,-0.1655982983032984,2332,0,0.3668407072637205,-0.3737327287086683,0.0879342155928646,-0.7434353873611105,47
L120G,-2.8045577510000004,3473,-1.505886957572166,3711,0,-1.3702601699907435,-1.4837216382052414,-1.995541406881247,-1.174024615211432,120
W286T,-2.806421744,3474,0.9055555388308426,763,0,2.1134119856699263,-0.3765269348432195,1.858093644794428,0.0272434597022357,286
A132I,-2.806477679,3475,-1.9364651249677864,3818,0,-1.1911995392451729,-1.9589257246922387,-1.5057375981493395,-3.0899976377843936,132
A245Q,-2.807218762,3476,-1.333149070167217,3620,0,-1.6317968411836166,-0.7438691297034787,-1.876513199438269,-1.0804171103435043,245
T107Q,-2.808790532,3477,-0.9292657000492196,3275,0,-1.3334870763518345,-1.360741438522626,-0.7464410483803913,-0.2763932369420275,107
F64I,-2.809557375,3478,-0.6111265323574293,2945,0,-0.4302995585812378,-0.7389034493370116,-0.0969793380900271,-1.178323783421441,64
E119F,-2.810730425,3479,-0.8751072441068719,3234,0,-1.067430623438814,-1.3663063467061174,-0.5022650883549606,-0.5644269179275958,119
G248H,-2.811644134,3480,-0.292235792792063,2505,0,0.7525570167495297,-0.8553002304596666,0.5405899424192863,-1.6067898998774013,248
W286V,-2.813837323,3481,0.9137554985175736,754,0,2.015172242802315,0.040237907387965,1.858093644794428,-0.2584818009144132,286
G43E,-2.814362219,3482,-1.284389065676053,3591,0,-1.0071845072549617,-1.219893331865821,-1.1585333566551694,-1.75194506692826,43
L47G,-2.8146950630000003,3483,-0.4099261125099668,2661,0,-0.5238178900418076,-0.5055280977898076,-0.221429732281621,-0.3889287299266312,47
L247G,-2.816725355,3484,-0.4272584264339594,2683,0,-0.8016273635374046,-0.0929888099604526,-0.0227859278625848,-0.7916316043753954,247
L79R,-2.817926043,3485,-1.3760611180271705,3642,0,-1.2984263273519805,-1.6094141588209254,-2.327957856731695,-0.2684461292040813,79
L191G,-2.8190959,3486,-1.0426475324333646,3374,0,-0.8187795064761217,-1.1861685072637371,-1.3482949204901684,-0.8173471955034314,191
M209S,-2.819777634,3487,-0.935145018095502,3282,0,-1.1141932317497454,-0.6606591065348921,-1.154993421714983,-0.8107343123823876,209
A132K,-2.8224254930000003,3488,-2.394295661960202,3835,0,-1.9732831509393896,-2.2199674068602078,-2.981436042449394,-2.402496047591816,132
L146D,-2.822895624,3489,-1.241485108300162,3555,0,-1.5912249477508302,-1.2168848089076356,-0.6003435529843547,-1.5574871235578278,146
E61P,-2.8231702000000003,3490,-0.5860061609619831,2914,0,-0.0660259531655769,-0.7339938754974863,-0.9021452185981385,-0.6418595965867308,61
R59T,-2.823482028,3491,-0.4967841528152124,2783,0,-0.7641662060791325,-0.7311210696787958,-0.6025877246037549,0.1107383891008334,59
M115P,-2.825104778,3492,-1.0914903438421657,3433,0,-0.8644869763831737,-1.811235907265858,-0.2232721549676277,-1.4669663367520034,115
L136F,-2.825669304,3493,-0.7524548612496202,3114,0,0.0208263360044214,-0.8570233579402536,-0.771646590963003,-1.4019758320996456,136
T107K,-2.826024012,3494,-0.953610674185541,3299,0,-0.887565886264948,-1.4770704874415852,-0.4433804389663998,-1.0064258840692315,107
R255E,-2.826118507,3495,0.0409354366362682,2020,0,0.179559583424216,0.3818697917412756,-0.6609617765020748,0.2632741478816562,255
T158E,-2.826795965,3496,-1.1904368116344917,3514,0,-1.185014453112026,-0.9173267541903178,-1.4606506177324463,-1.1987554215031762,158
G248Q,-2.82691411,3497,-0.1640593432157462,2328,0,0.8167283658989449,-0.9056674640668334,0.7779253603073022,-1.3452236350023985,248
I93P,-2.827592355,3498,-1.4593886597190089,3693,0,-1.2803531307563023,-1.4459546163423025,-1.2788353735492513,-1.8324115182281788,93
W208R,-2.827959969,3499,-0.4360547074274455,2698,0,-0.4015222982386938,-0.9824272584939208,-0.6127054931176076,0.2524362201404398,208
L192E,-2.8290247560000004,3500,-0.3434755116043396,2575,0,-0.3173384865076469,-0.2576210293985831,-0.5032877492981939,-0.2956547812129345,192
T158R,-2.829050984,3501,-1.2050999590115972,3524,0,-1.0684342487746312,-1.0459138155855805,-1.406800646003233,-1.2992511256829438,158
G248V,-2.830067718,3502,-0.451749775800318,2720,0,0.6964222087844124,-0.965323107936032,0.669235726068372,-2.2073339301180246,248
L192P,-2.830189854,3503,-1.4031779292398932,3657,0,-0.6008676444126889,-1.815422414557721,-1.1330251502319648,-2.063396507757198,192
M209P,-2.830617872,3504,-1.5412320153569707,3720,0,-1.3780104492865686,-1.717142481531047,-1.0563273333125882,-2.013447797297679,209
Y44H,-2.831751718,3505,-0.2324228599561915,2422,0,0.5957385603262771,-0.0103770036804769,-1.337418853889485,-0.1776341425810813,44
T178M,-2.831918119,3506,-0.2305445017911236,2417,0,-0.2437372179394892,-0.1176629188436981,-0.3357840484425486,-0.2249938219387582,178
L192D,-2.832883323,3507,-0.7454545102199303,3107,0,-0.7961247376069476,-0.9214953175028442,-0.2962793066160997,-0.9679186791538296,192
T158M,-2.833436831,3508,-0.5115874471791853,2804,0,-0.1954144421310575,-0.4411150248072957,-0.5621618725776206,-0.8476584492007672,158
M209I,-2.834504952,3509,0.116703824141767,1911,0,0.185307512071955,0.1799828384136809,1.4426982563539743,-1.3411733102725425,209
L205Y,-2.834558335,3510,-0.7283278007459925,3083,0,-0.7817682465644813,-0.2299153989357482,-0.5453436239706494,-1.3562839335130912,205
L160D,-2.836727602,3511,-1.007408274873084,3351,0,-1.5648115090242174,-0.0189008993298987,-1.6009783420504282,-0.8449423490877913,160
T107W,-2.837835535,3512,-1.2618122593127248,3568,0,-1.4942476519756436,-2.141847913717139,-0.2237548429249457,-1.1873986286331706,107
L100D,-2.838073156,3513,-1.181331187685036,3507,0,-1.3437996407814232,-1.639588602835258,-0.9543181656830048,-0.7876183414404573,100
L47P,-2.838862454,3514,-1.0560015387252093,3389,0,-0.6157149167880003,-1.0616658493905884,-0.694433461094373,-1.852191927627875,47
C75F,-2.8395513880000003,3515,-0.5442316201575406,2849,0,-0.5111326085689248,-1.0423523147852822,-0.7096979835651752,0.08625642628922,75
G248Y,-2.840416149,3516,0.0266825374807797,2034,0,0.7826369043775868,0.2566599894429754,0.5250229587413802,-1.4575897026388236,248
V258H,-2.84051266,3517,-1.4650892680978176,3696,0,-1.7490694314124255,-1.551386867893561,-1.302497708402124,-1.2574030646831595,258
T27W,-2.841700815,3518,0.6342930678829017,1143,0,0.7740969297483609,1.0670203319653984,0.4375035935166364,0.2585514163012112,27
D174M,-2.842131669,3519,-1.0943300787531811,3439,0,-1.4886155397819048,-1.3664279108478246,-0.958596476895804,-0.5636803874871926,174
A185F,-2.844278657,3520,-1.159232735581519,3480,0,-0.4076977602230274,-1.660458461732946,-1.3319409518640877,-1.2368337685060151,185
I259H,-2.845062192,3521,-1.3049911638756162,3601,0,-1.9797843514121607,-1.1583341097942494,-1.261565822452308,-0.8202803718437461,259
L191R,-2.845487107,3522,-1.2336565403336208,3549,0,-0.9352017541570083,-1.2556799449669709,-1.6184508127685475,-1.1252936494419563,191
L247D,-2.845870413,3523,-0.9877643045941928,3336,0,-1.3574453268696016,-0.8395047267328837,-0.799890760654288,-0.9542164041199976,247
T158N,-2.847588712,3524,-0.7368412309601197,3092,0,-0.2820651267424864,-0.3863353414078779,-1.4315283772588343,-0.8474360784312798,158
V117R,-2.851083992,3525,-0.371354845146752,2610,0,-0.9327157586206288,-1.31257398514295,-0.0826319883281507,0.8425023515047214,117
E35F,-2.851699887,3526,-0.8386684943735855,3200,0,-1.047307633915781,-1.8228254433288205,-0.3794525739412966,-0.1050883263084436,35
L135P,-2.853055352,3527,-1.4446525182674352,3681,0,-0.7205541370109159,-1.0080709740916391,-1.969682981187183,-2.0803019807800034,135
L192N,-2.853349806,3528,-0.6694107212218607,3018,0,-0.5107579452299907,-0.8910261878560136,-0.4737386594654375,-0.8021200923360012,192
L188P,-2.85520948,3529,-1.3375999649673402,3622,0,-0.7311283375696119,-1.774796487141776,-1.2008986565575683,-1.643576378600405,188
T158W,-2.855389113,3530,-1.4337863373093185,3674,0,-1.3622773029105342,-1.3972255922290004,-1.0175755674854758,-1.958066886612264,158
T158D,-2.857708937,3531,-1.076340846953086,3415,0,-1.0411998676413794,-0.7644159969730948,-1.3202907077605075,-1.1794568154373617,158
A132Y,-2.858818277,3532,-2.1029474174821674,3829,0,-1.8359630818068289,-2.4357217706981884,-1.9459542972106705,-2.194150520212982,132
V31N,-2.859011209,3533,-1.241548685803382,3556,0,-1.3160185175335828,-0.8789190564454069,-0.9997858309288606,-1.7714713383056773,31
W286D,-2.859106006,3534,1.2594537140719368,347,0,2.0051920256108704,0.2066256040159104,1.858093644794428,0.9679035818665384,286
W227K,-2.859977118,3535,-1.1176835096915785,3454,0,-0.6164588911324549,-1.0865369629483892,-1.6950458113104234,-1.0726923733750455,227
R162Y,-2.86213516,3536,-0.9556785476970268,3300,0,-1.3117375554226398,-1.3702949647610636,-1.1217567229283516,-0.0189249476760521,162
A132W,-2.862191169,3537,-2.4952080250076185,3836,0,-2.1720155921167423,-2.9924195766399757,-1.991354065327908,-2.8250428659458486,132
D155M,-2.863143693,3538,-1.1612105027255724,3482,0,-1.1716779459455269,-1.8123691580172443,-0.194903362240012,-1.4658915446995069,155
T178D,-2.863717584,3539,-1.017611411565422,3359,0,-1.185860172047986,-1.3412959777593751,-1.2766805733695354,-0.266608923084791,178
I229E,-2.863877939,3540,-0.275215388153737,2478,0,-1.0643239079964422,-0.2590008203167798,0.0367752481975299,0.1856879275007438,229
T178P,-2.863903087,3541,-1.8603702658187904,3810,0,-1.0958767427028562,-1.8500732495864505,-2.3903870985293736,-2.10514397245648,178
I256P,-2.864080437,3542,-1.6992960416643286,3775,0,-1.656733890251227,-1.359870018230302,-1.388826836566833,-2.3917534216089527,256
A185W,-2.8666353310000003,3543,-1.5522228933816553,3727,0,-1.2051947603464015,-2.093690569621597,-1.3885537737412357,-1.5214524698173868,185
T178F,-2.86912198,3544,-1.0750417956457414,3412,0,-0.8492990141655241,-1.5380987193640356,-1.0531823964325353,-0.8595870526208707,178
L146H,-2.870012064,3545,-0.8098992921093278,3175,0,-0.8865372582448766,-0.6292609336761762,-0.6159614324786881,-1.1078375440375698,146
T179G,-2.870286433,3546,-0.568962476873056,2888,0,-0.8105856117151367,-0.8060265686636616,-0.6691468558802824,0.0099091287668568,179
L74P,-2.872337698,3547,-1.362168798338742,3636,0,-0.3898741381600313,-0.9612558901969462,-1.6759252312306772,-2.421619933767313,74
L74N,-2.872405012,3548,-0.5514597894798903,2861,0,-0.70654675379996,-0.3587209472343494,-0.628126353595287,-0.5124451032899647,74
A132F,-2.873267744,3549,-1.768601664152941,3795,0,-1.5725278650800982,-2.359689591996623,-0.9545774388532792,-2.1876117606817638,132
I259S,-2.874239878,3550,-0.5758782175201824,2895,0,-1.116095747559093,-0.4575057126374496,0.2656447791910469,-0.9955561890752344,259
W227E,-2.874335284,3551,-0.9891675736668756,3340,0,-0.8170930942693783,-0.9309795951449664,-1.4630867573768902,-0.7455108478762675,227
M209H,-2.875308652,3552,-1.2539649405892714,3564,0,-1.8013443400592792,-0.8431632766608651,-0.5197690903540828,-1.851583055282859,209
L205C,-2.875775708,3553,-1.175958920468184,3499,0,-0.9317527406594416,-1.1828016101830128,-1.2380007398305466,-1.3512805911997348,205
R255F,-2.876353994,3554,0.076156347472993,1968,0,-0.5278465888891987,0.4958048989943524,0.7308321118805462,-0.3941650320937279,255
L160Y,-2.876429349,3555,-0.5583482402322049,2871,0,-0.7637140721114977,-0.6824994567094135,-0.0438075792523703,-0.743371852855538,160
D155P,-2.876538378,3556,-1.8887388063872224,3814,0,-1.5239790348520117,-1.9451472758822297,-1.8474954405223205,-2.238333474292329,155
I259D,-2.877019385,3557,-1.4773616652286758,3701,0,-2.176968686688437,-1.20546662521074,-1.3737995789192423,-1.1532117700962836,259
L150E,-2.8788484210000003,3558,-0.4819037891823541,2759,0,-0.8202783106018136,0.2326549888033283,-1.173110907416966,-0.1668809275139654,150
V117D,-2.88154837,3559,-0.7534810516158658,3118,0,-1.1641801058115349,-0.9319804142742012,-0.9067329010183012,-0.0110307853594256,117
I278Q,-2.882117157,3560,-1.3399414811880406,3624,0,-1.3117626837485237,-1.2176164683468111,-1.648822729451506,-1.1815640432053216,278
V42D,-2.884112643,3561,-1.435221633909174,3678,0,-1.3839273659258788,-1.0124273173569474,-1.1680333356041073,-2.176498516749762,42
L137E,-2.8850004460000003,3562,-0.5112888299302327,2803,0,-1.0431171840346731,-0.4724018691744894,-0.2749877140998613,-0.2546485524119068,137
E35L,-2.885752479,3563,-0.5485411560501698,2857,0,-0.4499920244968966,-1.7054119209544196,0.0355557686963903,-0.0743164474457536,35
I256W,-2.8866541430000003,3564,-1.1957865491200943,3517,0,-1.4996359691516523,-1.4618438836794256,-0.51280032945732,-1.3088660141919792,256
E35T,-2.8871426660000004,3565,-0.1661000439947882,2334,0,0.0496859921275399,-0.8952104205589473,-0.169298058898074,0.3504223113503285,35
L137W,-2.888567291,3566,-0.5162810356449767,2814,0,-0.609940729039712,-0.5384330594486496,-0.2223159541485685,-0.6944343999429765,137
D155F,-2.888915262,3567,-1.1802753967238593,3506,0,-1.0943050161754484,-1.67333212961299,-0.7897694775922468,-1.163694963514752,155
D83Y,-2.889481787,3568,-1.0668467894978486,3401,0,-0.5586291901506085,-1.1659628283336332,-1.6221990779160926,-0.92059606159106,83
I229D,-2.8901132960000004,3569,-0.715872927994009,3067,0,-1.2282544721872002,-0.2840643893712756,-0.9945302384029644,-0.356642612014596,229
V31W,-2.890630995,3570,-0.5220217520823467,2827,0,-0.6651381625002066,-0.5712244180270393,0.2484254410618776,-1.1001498688640183,31
I229R,-2.89429032,3571,-0.9587416941272864,3305,0,-0.917792774599428,-0.892478891986025,-1.4918554303468885,-0.5328396795768037,229
D33P,-2.895012627,3572,0.3856188708049866,1501,0,0.6425452437208091,0.1172074694608262,0.651753935456691,0.13096883458162,33
E119P,-2.895133679,3573,-1.367218590729531,3637,0,-1.1975093121313578,-1.5808660458915993,-1.3997826811266565,-1.2907163237685093,119
I45P,-2.896751736,3574,-1.0730734125108636,3409,0,-0.1873458120746053,-1.3210470816396,-0.8565898649532956,-1.927310891375953,45
V257P,-2.898690575,3575,-1.494168795850235,3707,0,-1.5737856383039082,-0.8193523742765848,-2.384427014994523,-1.199110155825924,257
I259Q,-2.899387584,3576,-1.0961527843083838,3440,0,-1.9973278931548508,-0.8488815932310853,-1.1211153532698035,-0.4172862975777957,259
V31F,-2.8994654160000004,3577,0.1032522380860669,1929,0,0.5017764626305917,0.4405117271439689,0.3144347778832244,-0.8437140153135172,31
D174F,-2.899982662,3578,-1.2797049794191306,3587,0,-1.755741605014513,-1.4231518623182535,-1.2663419573108463,-0.6735844930329099,174
L120Y,-2.901109553,3579,-1.0824523718098322,3423,0,-1.3177418181227232,-0.8178195540698144,-1.489484063407146,-0.7047640516396454,120
R176P,-2.9011935230000003,3580,-0.9806630220718724,3326,0,-1.058386084589996,-1.382108926931794,-0.7416813384555583,-0.7404757383101414,176
L74W,-2.903445524,3581,-0.9228120864964606,3271,0,-0.8042521679459693,-0.6611744272936069,-1.196830528116685,-1.0289912226295808,74
I278S,-2.904324884,3582,-0.8448849277070465,3207,0,-0.6122205969188634,-1.1239524344555791,0.1319696746072323,-1.7753363540609757,278
V257Q,-2.905370818,3583,-0.7201116502565564,3073,0,-1.4282559440783584,-0.1507741098988674,-1.4399406932509002,0.1385241462019,257
M115W,-2.906943098,3584,-0.8330613519335204,3196,0,-0.9522139825772022,-0.9923325878202108,-0.8734271170116661,-0.514271720325002,115
I229Q,-2.9084872710000003,3585,-0.5582352308540502,2870,0,-0.9706816687609368,-0.4277223715530385,-0.9914542686656328,0.1569173855634074,229
G85P,-2.908875342,3586,-1.4320814147498333,3673,0,-1.277742247440278,-1.5970409005054989,-0.9975385130917036,-1.8560039979618532,85
C75R,-2.91011735,3587,-0.6852213225978001,3035,0,-0.7147143392037444,-1.198463165895024,0.0534757046788972,-0.8811834899713293,75
I45W,-2.9109908860000004,3588,-0.142139380846931,2288,0,0.5755736567556687,-0.3378738342259629,0.2881055883979108,-1.0943629343153407,45
A230T,-2.911652176,3589,-0.462933935384786,2735,0,0.0552542783735322,-0.3848336072498186,-0.2368617000360253,-1.2852947126268324,230
P181W,-2.912637008,3590,-2.587664143739965,3837,0,-2.3260342379058097,-2.615551529706594,-2.7878995806801403,-2.621171226667318,181
M209F,-2.914586017,3591,-0.4500882970199435,2716,0,-0.5760054777562136,0.2364195598486618,-0.0610680911887042,-1.399699178983518,209
L135D,-2.91674579,3592,-1.117386755764633,3453,0,-1.02540490558367,-1.2249396337732548,-1.091039192424898,-1.12816329127671,135
C121N,-2.918155585,3593,-0.9091975367493436,3255,0,-1.068185629118333,-0.9489710881176896,-0.5726354693458036,-1.0469979604155484,121
L191P,-2.918265711,3594,-1.027656096962203,3368,0,-0.5974563736605996,-1.4521245651811947,0.0269409124044003,-2.0879843614114177,191
E87K,-2.921329819,3595,-0.0527982067354189,2161,0,-0.5586745719071554,-0.7939229755025011,0.853521540763588,0.2878831797043926,87
M209E,-2.921396059,3596,-0.9346393681619688,3281,0,-1.3491586583294517,-0.2705185804623931,-1.2268323434328408,-0.892047890423189,209
G43V,-2.921696588,3597,-0.9804449444356598,3325,0,-1.186476519625275,-1.31981829815315,0.9584946837125112,-2.373979643676725,43
M209Y,-2.924973973,3598,-1.286439676905152,3593,0,-1.5862606962024437,-0.5020769145526184,-1.2344762199667627,-1.822944876898783,209
L120N,-2.926474207,3599,-1.3127484118177044,3608,0,-1.6325307893260432,-1.0366974339730008,-1.6337224559759829,-0.9480429679957912,120
G43W,-2.926816531,3600,-2.071690008313463,3825,0,-1.6215638832904284,-2.154417039412656,-1.8909315194160767,-2.6198475911346906,43
A185M,-2.9285139730000003,3601,-0.4078161523254364,2660,0,0.0787583846575942,-1.138944250093734,0.0752388571950155,-0.6463176010606215,185
F228P,-2.9293356910000004,3602,-0.0428353983019957,2145,0,1.0536913059240045,-0.6328441694373617,0.4844057212306361,-1.0765944509252618,228
A245D,-2.9315232960000004,3603,-0.8503345624165396,3212,0,-1.2837017817202878,-0.5043633818915552,-0.9727635977108774,-0.6405094883434379,245
C121H,-2.933258216,3604,-1.5210505346888512,3714,0,-1.240241889793626,-1.6893267862372066,-1.564648439569486,-1.5899850231550865,121
D155A,-2.933485535,3605,-0.6409001629711193,2980,0,-0.2691978408052241,-0.8874682253051629,-0.3155736568467633,-1.0913609289273267,155
G43N,-2.934463313,3606,-1.4211401740206069,3665,0,-1.0523861942186157,-1.3698478816702515,-1.5345987889703914,-1.727727831223168,43
L74Y,-2.935389443,3607,-0.8703492477344583,3229,0,-0.6679837695083155,-0.6295493010060896,-1.2319029912510524,-0.9519609291723758,74
G43H,-2.9373245860000003,3608,-1.7315129834536,3786,0,-1.537770012920453,-1.8959638394471177,-1.488644008922112,-2.003674072524718,43
M209K,-2.939565689,3609,-1.1299882969190964,3464,0,-1.126267744133686,-0.5916442874147259,-1.3048271001841856,-1.4972140559437888,209
A132C,-2.939642149,3610,-0.6853332444423987,3037,0,-0.663182852078176,-1.0147029172154414,-0.1537790818423498,-0.9096681266336278,132
P181Q,-2.940623847,3611,-1.4522584718807512,3688,0,-1.0323829411684202,-0.9512037235186144,-2.141759393054624,-1.6836878297813456,181
E35K,-2.940703589,3612,-0.2727910617638225,2473,0,-0.2685122646901244,-0.8473937593387099,-0.2855796722800854,0.3103214492536298,35
C121Y,-2.941027778,3613,-0.8095165991781688,3174,0,-0.4505497476898971,-0.9372033759218708,-0.4129063650636989,-1.437406908037208,121
D155G,-2.942122497,3614,-0.8491479402074902,3211,0,-0.4013608990015394,-0.627474117705547,-0.6559866628811494,-1.711770081241725,155
L73K,-2.943766498,3615,-0.9736728967189971,3315,0,-0.9000716509777138,-0.4872634014133714,-2.164850349958839,-0.3425061845260641,73
D83P,-2.9442891560000004,3616,-1.4793928998157169,3702,0,-1.1726727261106324,-2.801889898572372,-0.3776541614160519,-1.565354813163811,83
T178Y,-2.946532519,3617,-1.1267616488739791,3462,0,-0.8659445951827411,-1.9084561345832185,-1.0825426670459888,-0.6501031986839677,178
I256E,-2.9466816110000003,3618,-1.0457973842882706,3376,0,-1.9826720986227773,-0.3795291394988213,-0.5469286048056496,-1.2740596942258344,256
W227T,-2.9471059960000003,3619,-0.4146267939459354,2666,0,-0.3524302689899678,-0.2330578699087048,-0.6163413458560704,-0.4566776910289985,227
I45K,-2.9473290110000003,3620,-0.3986672356392253,2654,0,0.2913066558176876,-0.2974460487790374,-0.7632458354384488,-0.8252837141571026,45
L73E,-2.947544269,3621,-0.3150474255686548,2529,0,-0.7422552607844577,0.3666706094123287,-1.4387719325202042,0.5541668816177139,73
L205G,-2.949099702,3622,-1.468931570737233,3698,0,-1.4691823479327195,-1.4153376384150174,-1.5210049946074276,-1.4702013019937683,205
D155V,-2.95260037,3623,-0.7313654982506304,3087,0,-0.5521719893764608,-0.8801804423731883,0.1084599200838224,-1.601569481336695,155
F58P,-2.953853896,3624,-0.3877242220739541,2636,0,0.2705812398099051,-0.8275578274757954,-0.3956665530303178,-0.5982537475996083,58
L282E,-2.95431837,3625,-0.6510580901254724,2993,0,-0.9507641786869852,0.2904064226398953,-1.8293143422748228,-0.1145602621799768,282
L188R,-2.954465915,3626,-1.4904012571492105,3704,0,-1.1088674338485356,-1.4210006066546057,-2.5116174352943856,-0.9201195527993156,188
L79G,-2.957194765,3627,-1.4519356845872675,3687,0,-1.6491078453985737,-1.5551315994687815,-1.835612416019645,-0.7678908774620696,79
L137R,-2.957709252,3628,-0.7119674035278736,3063,0,-0.5247154738423927,-0.541868699661483,-0.731941998028244,-1.0493434425793748,137
W227G,-2.958552135,3629,-0.1018868636074878,2227,0,-0.0382111579610509,-0.7730349198933731,1.0893864397677802,-0.6856878163433076,227
I278W,-2.958656634,3630,-1.3906914888785151,3649,0,-1.3318022723579472,-1.1239903442710804,-1.4008737122651158,-1.706099626619917,278
A185Q,-2.960545912,3631,-0.6343754301540975,2974,0,-0.2035408422087178,-1.369539548504174,-0.2708340567014158,-0.6935872732020826,185
V82P,-2.960805997,3632,-1.354651070941587,3632,0,-1.252250264423839,-1.5537120032443086,-0.7320660481085068,-1.8805759679896936,82
G248F,-2.962285869,3633,-0.0945111449577326,2222,0,0.542701195451281,0.1693845176600265,0.5558339241590269,-1.6459642171012652,248
D174K,-2.962412655,3634,-0.8573363287326853,3218,0,-0.9596451823909492,-1.14739813895053,-0.5046847764371722,-0.8176172171520899,174
V117W,-2.962481988,3635,-0.6238762455446729,2957,0,-0.8097412748371003,-1.8992230726518184,0.2546531571873271,-0.0411937918770995,117
C75P,-2.963701034,3636,-1.738134474555998,3789,0,-0.8695824731776545,-1.551342892507579,-3.368388783273625,-1.1632237492651338,75
W286S,-2.967712254,3637,1.2343231972073572,365,0,2.225607498167128,-0.0233781749066571,1.858093644794428,0.8769698207745308,286
L205P,-2.968101119,3638,-1.7140770038898938,3782,0,-0.9991293208528578,-1.3088295062998316,-1.8892743346270229,-2.659074853779863,205
G248N,-2.968898199,3639,-0.3178628790585147,2532,0,0.7532850722995368,-0.94098348999156,0.5346159649748585,-1.618369063516894,248
Y44E,-2.970126549,3640,-0.8646027764662645,3226,0,-0.4401781819511321,0.1205375940205147,-1.4568510652246862,-1.6819194527097543,44
P181N,-2.972155468,3641,-1.6952516132637123,3774,0,-1.588929726464564,-1.485525387226795,-2.3837924466209617,-1.3227588927425291,181
A185N,-2.973630882,3642,-0.6247624062087894,2960,0,-0.3688891716741908,-1.1418784698135367,-0.1574284108690001,-0.8308535724784304,185
G43F,-2.973649581,3643,-1.9986229343976425,3824,0,-1.8106057866171303,-2.1648313711950777,-1.740853203243074,-2.278201376535287,43
V258F,-2.973794655,3644,-0.3233161194619428,2543,0,-0.7656657640546004,-0.6738613261492811,1.100383714717743,-0.9541211023616332,258
V31E,-2.976464559,3645,-0.9946181858019602,3344,0,-1.2940237944004098,-0.5044400860849195,-1.0091821509579153,-1.170826711764596,31
K32P,-2.976554563,3646,-0.1611593209873842,2321,0,-0.4208761097064109,0.112291071854511,0.248742775406143,-0.5847950215037804,32
T147F,-2.976655135,3647,-1.2636177738366716,3570,0,-1.1727101170595484,-1.6540759651951424,-0.9736598662881264,-1.25402514680387,147
C121F,-2.977504548,3648,-0.9246886023859946,3273,0,-0.4625492520210734,-1.2477995052526585,-0.7457161201678549,-1.242689532102392,121
I256H,-2.978588299,3649,-1.280168654024609,3588,0,-1.6833792634257516,-1.5017042855543477,-0.926671453705629,-1.008919613412709,256
G43I,-2.97922017,3650,-2.103337454697125,3830,0,-1.8395682427214408,-2.108901251261246,-2.0102542153967167,-2.454626109409097,43
I229P,-2.979966506,3651,-1.1503660818032448,3476,0,-0.907294310814947,-1.3384633563451158,-0.7542324804745747,-1.6014741795783416,229
T179W,-2.981145452,3652,-1.6376323449221493,3759,0,-2.074685846442703,-2.0009750393142074,-1.6017591807094265,-0.8731093132222602,179
G43Q,-2.981492567,3653,-1.630822073771073,3758,0,-1.5972240340157828,-1.8245336596153103,-1.543122227564663,-1.558408373888536,43
C75Y,-2.982064465,3654,-0.8237661812593117,3191,0,-0.5203607098383278,-0.9659190502357128,-1.5349489918702284,-0.2738359730929774,75
Y44A,-2.982065641,3655,0.4416123409546644,1409,0,0.5585398054110516,0.9291786000439008,0.5205561297354327,-0.2418251713717273,44
I229H,-2.982101441,3656,-0.7854887121998392,3146,0,-1.00298016140964,-0.6135816867169306,-0.9299294767759791,-0.5954635238968069,229
M184H,-2.983621742,3657,-0.3977325248419335,2651,0,-0.9013142215643632,-0.7291014874409883,-0.7244775039026919,0.763963113540309,184
W286C,-2.983761815,3658,0.7735478957939862,949,0,1.7071548151657914,-0.5509598525168565,1.858093644794428,0.0799029757325819,286
C121R,-2.98414135,3659,-1.1226692651883474,3458,0,-0.6715180685439341,-0.8331639309921317,-1.3016824754645715,-1.684312585752752,121
V257D,-2.984401943,3660,-1.0503796768305178,3384,0,-1.595613861149772,-0.3194558558288497,-1.5608403263358634,-0.7256086640075856,257
T178K,-2.986548055,3661,-0.7437107097145139,3103,0,-0.8525307179008448,-1.1568303537793634,-1.04061965499294,0.0751378878150922,178
M184W,-2.987315471,3662,-0.5433977898416222,2846,0,-0.7032820063161015,-0.9661657167685752,-0.5319851792448002,0.0278417429629879,184
E35I,-2.9875407010000004,3663,-0.4606485438965075,2732,0,-0.1471578292046791,-1.5029684515352648,-0.0886079023119277,-0.1038599925341585,35
P143D,-2.988158154,3664,-1.2681979669237318,3577,0,-1.060255581779132,-1.1371291281275309,-1.125288707895041,-1.750118449893223,143
T107H,-2.992764396,3665,-1.161390636549889,3483,0,-1.4032469274854165,-1.5002725581889145,-0.9322882384369916,-0.8097548220882331,107
L73D,-2.994795129,3666,-0.4413901728169533,2704,0,-1.0493229005233713,0.1639409208861393,-1.3405686630321998,0.4603899514016183,73
D83W,-2.996894747,3667,-1.35423965006218,3631,0,-1.485049428285717,-1.9235442411527464,-1.071842886490524,-0.9365220443197332,83
R59E,-2.998283498,3668,-0.3804559732039305,2626,0,-0.8757705495815815,-0.7706137463433551,-0.2314317665624528,0.3559921696716674,59
M209D,-3.002742861,3669,-1.544699209248842,3722,0,-2.0974362788485186,-0.9295678336156968,-1.1205182038799373,-2.0312745206512157,209
Q203P,-3.0028038610000003,3670,-0.3300350947884077,2553,0,-0.3689300052037527,-1.061828103400934,0.9376380534269908,-0.8270203239759351,203
G142L,-3.003561539,3671,-1.1292304960393664,3463,0,-1.2592237769099297,-0.3840971459006795,-1.5373304970872017,-1.3362705642596546,142
L136G,-3.003875111,3672,-1.355687941442658,3634,0,-1.403058364527981,-0.9694638707171904,-1.3462636043841474,-1.7039659261413145,136
I256R,-3.003933659,3673,-1.395283636202411,3651,0,-1.890427421487977,-1.4243753384305338,-0.948766837978668,-1.317564946912466,256
L247H,-3.004103497,3674,-0.5815327526275161,2903,0,-0.458825183868377,-0.5254632270032839,-0.9894991558338057,-0.3523434438045981,247
D174R,-3.00426622,3675,-0.8640733556277298,3225,0,-1.0859668848238877,-1.2783447072625944,-0.5585915184660635,-0.5333903119583736,174
L137K,-3.0060790230000003,3676,-1.0774589006699802,3417,0,-0.9409156339231748,-0.8030236058117498,-1.599200723023336,-0.96669563992166,137
A185L,-3.00665791,3677,-0.2583628740736803,2460,0,0.2710106954634299,-0.8411626493308084,0.497270312249293,-0.9605698546766356,185
V31Q,-3.006913909,3678,-0.5770335266695353,2897,0,-1.2705180045185134,-0.5741707688878025,0.4577913679170315,-0.9212367011888568,31
V257H,-3.009053329,3679,-0.7822698552999001,3143,0,-1.2906780583222262,-0.4537162474799369,-1.4950793592597864,0.1103942438623494,257
A245P,-3.009359524,3680,-1.767662032204302,3794,0,-1.2672630822100754,-1.2353329887910989,-2.593063814554574,-1.97498824326146,245
L282H,-3.0112685480000003,3681,-0.8387631391371597,3201,0,-0.987405398871654,-0.230495292746867,-1.8293143422748228,-0.3078375226552951,282
T178R,-3.014521567,3682,-0.6189435740631852,2950,0,-0.5391671258549825,-1.2559506210496505,-0.7355904643930679,0.05493391504496,178
V78W,-3.018125613,3683,-1.0865038711602195,3428,0,-1.250138530173179,-1.614842086204406,-1.1085086298570797,-0.3725262384062135,78
V31G,-3.019922186,3684,-1.0649577939302204,3400,0,-1.2768019454856891,-0.3680130221118797,-1.113502983969537,-1.5015132241537756,31
P143W,-3.021949433,3685,-1.5516612753685863,3726,0,-1.4911595817510774,-1.5352163097254177,-1.3967157265502803,-1.7835534834475693,143
F64E,-3.02234433,3686,-1.4492309709761328,3684,0,-2.026678230097511,-1.5894607065299569,-0.7799421471933503,-1.400842800083714,64
L79Y,-3.023729688,3687,-0.6027354433760844,2930,0,-0.7950704284378222,-1.1038582103830488,-0.9061683640320516,0.3941552293485851,79
V78Y,-3.024101379,3688,-0.8598172585025717,3221,0,-0.8704941790973858,-1.6651784864949648,-0.4228549834056339,-0.4807413850123024,78
L136E,-3.025057795,3689,-1.1902017469787547,3513,0,-1.591491659801766,-0.5816492381917493,-1.8822296314312692,-0.7054364584902341,136
Y44G,-3.025105581,3690,-0.4815130491764819,2758,0,-0.2357858617799387,-0.2029277803785083,-0.2545921725662398,-1.232746381981241,44
Y44R,-3.025154107,3691,-0.8534258002422781,3213,0,0.0007744345153143,-0.3367681312738408,-1.9780732059332191,-1.0996362982773666,44
G43M,-3.0261765260000004,3692,-2.0761410657903108,3827,0,-1.9728949183044788,-2.2657490691843343,-1.931100394574263,-2.134819881098168,43
Y44P,-3.027775819,3693,-1.4339393006783303,3675,0,-0.8335262404195704,-0.921478131719817,-2.339008363550714,-1.641744467023219,44
G52I,-3.029309641,3694,-1.501778973978497,3708,0,-1.5917329922435584,-1.4809716601887757,-0.939462576388078,-1.9949486670935768,52
M184P,-3.030596748,3695,-1.593810400042914,3745,0,-0.9382396431147833,-1.8181728980383944,-2.843229328214352,-0.7755997308041269,184
I229K,-3.030689638,3696,-1.0615289140090558,3396,0,-0.8944586111833218,-1.065484378739986,-1.5985576364340803,-0.6876150296788357,229
P181H,-3.0345645880000003,3697,-1.719605432309092,3784,0,-1.1358261069901854,-1.4640194016249946,-2.422281022842148,-1.85629519777904,181
V258R,-3.037054817,3698,-1.6724057660857847,3769,0,-1.9749056869417352,-1.6332212702236557,-1.9442420870629071,-1.137254020114841,258
L188E,-3.037699413,3699,-0.6583826934960487,3003,0,-0.8797318040022991,-0.0730462251499277,-1.58924491908836,-0.0915078257436081,188
E35W,-3.040675803,3700,-1.1792345207475523,3505,0,-1.6004348309839675,-1.9575445437474737,-0.9560166542936966,-0.2029420539650718,35
L205S,-3.040917185,3701,-1.0195142506880823,3361,0,-0.8727854049798373,-1.1655670498598,-0.4659367073034431,-1.573767840609249,205
Y44N,-3.041988665,3702,-0.947549925636963,3292,0,-0.2033769552673007,-0.5223701651565306,-1.5779123231154073,-1.4865402590086136,44
R162W,-3.042912059,3703,-0.9859108303725062,3334,0,-1.2202971354860894,-1.421291248573449,-1.2578326674547184,-0.0442222699757677,162
T107F,-3.0477865860000004,3704,-0.7864469831703365,3149,0,-0.8248375689219241,-1.453258068664685,0.040281578057125,-0.907973873151862,107
E35Y,-3.049756216,3705,-0.9790167152365516,3321,0,-1.0326588501866292,-1.5727313576813244,-1.0137882435489178,-0.2968884095293351,35
P181Y,-3.051126408,3706,-2.302860801959759,3834,0,-1.8033139484987373,-2.396426983270546,-2.7906607763757694,-2.221041499693984,181
G76E,-3.0537558010000003,3707,-0.6773923570125285,3023,0,-0.1389509179708858,-0.7855962108936863,-0.5444029330561916,-1.2406193661293503,76
L79D,-3.060879132,3708,-1.625043711998268,3754,0,-2.258908388148066,-1.9711182795537752,-1.3846867002784102,-0.8854614800128215,79
L192R,-3.061556477,3709,-0.5328161085990559,2836,0,-0.5040842890566761,-0.7304265618588114,-0.2315026997612902,-0.665250883719446,192
R81P,-3.0626889810000004,3710,-1.5731904429728147,3734,0,-1.0235769203888956,-1.5832113998106148,-2.332389734665232,-1.3535837170265168,81
D155K,-3.063463586,3711,-1.7376891413498077,3788,0,-1.255599970777512,-1.6219769662138586,-1.8922601689790912,-2.180919459428768,155
G248T,-3.06367362,3712,-0.168124004625911,2338,0,1.2082542061233985,-0.692653979889599,0.7595986338410956,-1.947694878578539,248
A34R,-3.064020687,3713,-0.1245398259539576,2254,0,0.6173414323456113,-0.6221111424726259,0.3826687795001601,-0.8760583731889763,34
C75Q,-3.067957219,3714,-1.1710144329126744,3493,0,-1.4033005513328525,-1.3900730209723122,-1.353810038665263,-0.5368741206802695,75
L136P,-3.068219645,3715,-1.54947002666907,3725,0,-0.8232208375628582,-0.5596142842976545,-1.878234334494246,-2.936810650321521,136
A185H,-3.069942666,3716,-1.048974989109944,3382,0,-0.6936859258424495,-1.92734053007705,-0.6884378247554493,-0.8864356757648275,185
L136N,-3.07188862,3717,-1.5040109082541675,3710,0,-1.7013675262799417,-0.9509178835097344,-1.8025437420092647,-1.561214481217728,136
F64D,-3.075736094,3718,-1.8256043559179664,3801,0,-2.0367939392221226,-1.8332185456145609,-1.827949932037344,-1.6044550067978387,64
W208P,-3.079917716,3719,-1.7977351568352593,3800,0,-1.8539303373805796,-1.9404467114921684,-1.766678885817486,-1.6298846926508035,208
F64G,-3.080549082,3720,-1.8390324637231628,3804,0,-1.762031426009946,-1.7312633823410848,-2.328093275976584,-1.534741770565036,64
Y44C,-3.081494016,3721,-0.190026757025733,2365,0,0.590542248688349,-0.168872255819201,-0.5868906021674976,-0.5948864188045826,44
P181K,-3.084530684,3722,-2.250173048182579,3833,0,-1.8075495791097855,-1.7996494039881357,-3.078643012469524,-2.3148501971628708,181
G142P,-3.086825287,3723,-0.9430873076451683,3290,0,-0.6257990898636274,-0.244363587819614,-0.9786824373133308,-1.923504115584101,142
M184K,-3.088453138,3724,-0.6955890111858458,3045,0,-0.6079447358580752,-0.5619265303111322,-1.5094401455281194,-0.1030446330460564,184
G43P,-3.0906879760000003,3725,-1.969040802439224,3822,0,-2.086576771277733,-1.657343538559253,-2.191070897246188,-1.9411720026737225,43
L191E,-3.091910494,3726,-0.890305727513454,3244,0,-1.0748087019716424,-0.501495757080983,-1.7759088517545298,-0.209009599246661,191
G248K,-3.0922343660000005,3727,-0.0923312385803679,2220,0,1.009726183877114,-0.783663821231532,0.674606168902523,-1.2699934858695767,248
G43Y,-3.092822255,3728,-1.9308060860788772,3817,0,-1.820695714079385,-2.1898296090008595,-1.3672410760157456,-2.3454579452195192,43
I229S,-3.095345961,3729,-0.0561091740000875,2166,0,-0.2767961188577753,0.4499742698252035,-0.1890394001758171,-0.2085754467919612,229
D155S,-3.095545636,3730,-0.5474354685764616,2854,0,-0.4659032553184726,-0.7834674483872351,-0.3518487914364582,-0.5885223791636804,155
V257W,-3.09805193,3731,-0.0918576902112506,2219,0,-0.9859798438159152,0.5600156599281387,-0.3068936207054973,0.3654270437482713,257
D155T,-3.098885595,3732,-0.9404834172508172,3286,0,-0.7930642582842021,-1.1820017130759348,-0.3421225542129936,-1.4447451434301382,155
M153D,-3.100132561,3733,0.2979456594213696,1646,0,0.6161632907865288,0.7264563671147599,-0.2822982472155762,0.131461226999766,153
D174W,-3.101784767,3734,-1.4022991039516262,3656,0,-2.052889385800756,-1.8049605691398711,-1.34957317173056,-0.4017732891353165,174
V78R,-3.102488852,3735,-1.5183812631667148,3713,0,-1.668809458024855,-1.5601109273688292,-2.180285622968712,-0.6643190443044626,78
E35R,-3.10440097,3736,-0.3898168568463726,2640,0,-0.539029171345878,-0.995902934244126,-0.5508223371547623,0.5264870153592756,35
L74K,-3.106143099,3737,-1.6261469846967154,3755,0,-1.297049898173345,-1.2192109551867976,-2.8400974794752747,-1.148229605951444,74
M115G,-3.110310358,3738,-1.3072195853343496,3604,0,-1.4303086267631906,-1.7171725566513447,-1.1987364906971074,-0.8826606672257562,115
L74F,-3.1124248860000003,3739,-0.4641473707189134,2737,0,0.2033599526704529,-0.2100467382654509,-1.1757040373606034,-0.6741986599200525,74
D161G,-3.112543508,3740,-0.3376209008312594,2567,0,-0.480064750552077,-0.2819693666006206,-0.4898628576002076,-0.0985866285721325,161
T107R,-3.115506105,3741,-0.8186466139447546,3188,0,-0.8152768188744652,-1.4847987824296864,-0.3232905074013569,-0.6512203470735092,107
G248M,-3.118625003,3742,-0.2444968742580179,2439,0,0.8329637646885905,-0.5488861856089339,0.3956318463508071,-1.6576969224625355,248
A132R,-3.12458746,3743,-2.2392061858301795,3832,0,-1.6718242540511423,-2.07104678409055,-2.8258270449294933,-2.388126660249532,132
L74R,-3.126264978,3744,-1.416903806763138,3663,0,-0.9615175442092354,-0.7037347662285336,-2.8400974794752747,-1.1622654371395074,74
L79E,-3.129028942,3745,-1.3761615183679925,3643,0,-1.707041150468041,-1.6385412809990083,-1.8775505828226653,-0.281513059182254,79
A185P,-3.129075266,3746,-1.4909889033521515,3706,0,-0.4808027694832971,-1.7663198523956782,-2.3616662064060807,-1.3551667851235498,185
A185Y,-3.131419231,3747,-1.2102699195608386,3529,0,-0.6485950799242715,-1.6460883670690123,-1.3545395981429875,-1.1918566331070832,185
T179E,-3.131540263,3748,-1.277646688809952,3585,0,-1.4601804267246008,-1.3059493712501442,-2.029138246579313,-0.3153187106857497,179
D155R,-3.133164207,3749,-1.7190498908445129,3783,0,-1.50615068866375,-1.732676407530871,-1.7948695516544375,-1.842502915528992,155
V31P,-3.1373510610000004,3750,-0.9889513894529603,3339,0,-0.782438770812376,-1.2102359327329095,-0.3095266128709212,-1.6536042413956349,31
W227V,-3.138425058,3751,-0.384651792172038,2631,0,-0.3169762491258627,-0.5057513866031104,-0.041458502269639,-0.6744210306895398,227
L79P,-3.139544463,3752,-1.8486569309684304,3808,0,-1.0462296538636728,-1.5558202944503885,-2.813300953172455,-1.9792768223872048,79
L137D,-3.145786752,3753,-1.2660782569084266,3571,0,-1.5515032963526638,-1.0100407681050871,-1.5284968334654878,-0.9742721297104678,137
C121K,-3.147311669,3754,-1.8526021828582373,3809,0,-1.836353224194508,-1.7576372409853582,-2.2183378881804106,-1.598080378072673,121
C75K,-3.147459253,3755,-1.874718869298266,3812,0,-1.7859176587457295,-1.7298068872295234,-2.8342648020421795,-1.1488861291756314,75
V31D,-3.1479118710000003,3756,-1.4211021430255362,3664,0,-1.5267581774381576,-0.8756626032938425,-1.0870007335005318,-2.194987057869612,31
V31R,-3.1480649510000003,3757,-1.036831953673554,3371,0,-1.202661523557359,-0.8362523172949732,-1.0017835854100825,-1.1066303884318016,31
L150P,-3.152874322,3758,-1.3292900783499555,3617,0,-0.7346388652089442,-0.7638010997656632,-1.6526997305517948,-2.1660206178734205,150
T158H,-3.153699718,3759,-1.2243770028568397,3543,0,-1.1139423002874655,-0.9201608919971972,-1.3941724183588171,-1.469232400783878,158
L160W,-3.154767154,3760,-0.7863639487501564,3147,0,-0.8659184617238211,-1.056544233316359,-0.7307784421512667,-0.4922146578091781,160
L247S,-3.157485965,3761,-0.0467060887882992,2150,0,-0.187889865458325,-0.0334130294359101,0.387632048491612,-0.3531535087505738,247
V78P,-3.162109295,3762,-1.96676419676391,3821,0,-1.3277056013890398,-1.5213122530600476,-2.791983501514949,-2.226055431091604,78
M184E,-3.163032745,3763,-0.2112390231833569,2390,0,-0.4289089318984782,-0.0118470199595667,-1.440922181354648,1.036722040479265,184
V257G,-3.164053131,3764,-0.1374987758926114,2273,0,-0.6943013436716808,0.0370958155131634,0.6104271409445077,-0.5032167163564358,257
Y44K,-3.16469248,3765,-1.097281125473787,3441,0,-0.4872183074931286,-0.5662388981904598,-2.0145338279031195,-1.3211334683084404,44
G43K,-3.171122562,3766,-1.9602749710011211,3820,0,-1.6006197252058236,-1.8252428258972884,-1.92909810873132,-2.4861392241700533,43
A185K,-3.172889151,3767,-1.2319068609218733,3548,0,-0.5914906075557702,-1.8037211709050816,-1.7488052921790065,-0.7836103730476347,185
P181F,-3.1775116910000003,3768,-2.0906565944777653,3828,0,-1.4464633761909116,-2.155390310742627,-2.8267589092642997,-1.934013781713224,181
W286A,-3.178798104,3769,1.1184235200959232,488,0,2.170677392401553,-0.1546286535729907,1.858093644794428,0.5995516967607025,286
P181D,-3.181340254,3770,-1.864853789818893,3811,0,-1.7929339898991272,-1.4806605469695615,-2.4161282502570613,-1.769692372149822,181
L136Y,-3.181832892,3771,-1.5806781023019243,3738,0,-1.1065331128871931,-1.649058222015387,-1.6931050440151587,-1.874016030289959,136
V78G,-3.18578003,3772,-0.9880103628150958,3338,0,-0.931535933463712,-1.319387895381158,-0.6358429025653497,-1.0652747198501635,78
R162V,-3.188958023,3773,-1.163038170991109,3485,0,-1.5230814510514268,-1.3351550931123668,-0.6951481464326871,-1.098767993367956,162
Y44S,-3.19008419,3774,-0.2350053774689972,2425,0,0.287540547975787,0.1376527384248989,-0.4253201286198004,-0.9398946676568743,44
M184R,-3.190159524,3775,-0.9374236954982044,3284,0,-0.7464340259940293,-0.6708022567704273,-2.09280938467226,-0.2396491145561015,184
F64N,-3.191343685,3776,-1.5768946010616047,3735,0,-1.4846131000350629,-1.6589956483188013,-1.569558395516347,-1.5944112603762075,64
V257R,-3.1921185160000003,3777,-1.023515530257671,3363,0,-1.4626928070031588,-0.5850355956444312,-2.37539784677883,0.3290641283957366,257
Y44T,-3.195373822,3778,0.0567637402089794,1996,0,0.2766549572027336,0.57059673171574,0.2949141878612659,-0.9151109159438215,44
Y44Q,-3.196583271,3779,-0.826651501266558,3193,0,-0.1382606931154972,-0.1397841807510845,-1.6398745998476534,-1.3886865313519965,44
F149P,-3.1968574810000003,3780,-1.503603013882988,3709,0,-1.0415170876273416,-1.784234262076882,-1.5567640871673185,-1.63189661866041,149
L150R,-3.202388142,3781,-1.0590285762026783,3392,0,-0.9194237788475969,-0.8981509585813335,-1.4117430653634135,-1.0067965020183698,150
D48P,-3.204843771,3782,-1.0616938675045395,3397,0,-1.086437613752677,-0.7553108174859859,-0.8870160213469599,-1.5180110174325356,48
G248L,-3.208285772,3783,-0.1267849276965435,2255,0,0.9451621543791058,-0.5196105833201373,0.5620766956343287,-1.494767977479471,248
T178W,-3.213571609,3784,-1.3277949987482358,3616,0,-1.2525791942096638,-2.0162936375619838,-1.027785924234479,-1.0145212389868177,178
W227L,-3.214010768,3785,-0.4533763083384861,2722,0,-0.0404977099748875,-0.6278309754354662,-0.3246155653669222,-0.8205609825766687,227
L205R,-3.216264069,3786,-1.257997537688626,3566,0,-0.8647579099928574,-1.731878026816413,-0.8528556733627399,-1.5824985405824945,205
F64K,-3.226927432,3787,-1.7895774596010954,3797,0,-2.0440211472863417,-1.5509236099481345,-1.488855329480706,-2.0745097516891997,64
W286G,-3.228429174,3788,1.244257955795203,356,0,2.2283846053588765,-0.2206838533969683,1.858093644794428,1.1112374264244755,286
W227S,-3.230124757,3789,-0.2506020941537344,2447,0,-0.085939925273905,-0.0962729372773326,-0.3821863785869831,-0.4380091354767171,227
C75N,-3.233573633,3790,-0.7268345595752153,3081,0,-0.8574705698447984,-0.7643073221686576,-1.389691146809332,0.1041308005219271,75
D155C,-3.234446418,3791,-1.050014724315626,3383,0,-0.7665909387570067,-1.4712174646602838,-1.0916243208821783,-0.8706261729630355,155
G76P,-3.236796638,3792,-1.603567139418063,3746,0,-1.042234149534775,-1.6219772189459618,-1.8471117807002944,-1.902945408491221,76
R59D,-3.24264753,3793,-0.2874163021052649,2496,0,-0.7312676992649659,-1.0469012399133382,0.3708206193654327,0.2576831113918115,59
L74Q,-3.24294313,3794,-0.2853675259144796,2492,0,-0.2352536940943623,-0.2619550058727465,-0.4575418268137237,-0.1867195768770858,74
A245H,-3.24953721,3795,-1.6785291021141266,3771,0,-1.9266737249030488,-1.368344883851676,-1.8149339927211177,-1.6041638069806632,245
G76R,-3.250447668,3796,-1.1006144754143348,3445,0,-0.4566237414943104,-1.2874089441489618,-0.871493814687197,-1.7869314013268698,76
M184D,-3.260115432,3797,-0.7535079123816575,3119,0,-1.0341018443005323,-1.0146235593349913,-1.3600015185369978,0.3946952726458911,184
M209R,-3.260522815,3798,-1.2387827264277054,3552,0,-1.2801847709728773,-0.9698272994817964,-1.343349756095818,-1.3617690791603296,209
I140D,-3.26519342,3799,-1.3211898678146368,3614,0,-1.124544091747982,-1.2325279151761035,-0.9328923389626508,-1.9947951253718104,140
R59V,-3.269411588,3800,-0.7805756828771468,3140,0,-1.032205434674374,-0.9041912558512122,-0.5708580057453313,-0.6150480352376702,59
I278G,-3.270264765,3801,-1.423133183411516,3669,0,-1.1431574468368684,-1.69609191917947,-0.8816412749947636,-1.9716420926349616,278
G43T,-3.294010353,3802,-1.2124334137568198,3532,0,-1.246037888928781,-0.8850960817831932,-0.8279058463141544,-1.8906938380011504,43
C75H,-3.295050369,3803,-1.266496566248991,3573,0,-1.2767256056316527,-1.6708126432747716,-1.6305748828274065,-0.4878731332621355,75
C121E,-3.29997929,3804,-1.2419234312157172,3557,0,-1.5216772802010154,-1.1762275427108764,-1.50508533885149,-0.7647035630994866,121
F64R,-3.301163574,3805,-1.3185262182479944,3613,0,-1.4776302398117425,-1.2566888515235128,-0.6045224880006964,-1.935263293656026,64
D155Q,-3.309732767,3806,-1.1623474881606264,3484,0,-0.9070013647917888,-1.3711964601736857,-0.9767504290291376,-1.3944416986478936,155
D174P,-3.314416907,3807,-1.450470345622995,3685,0,-1.5416890266253591,-2.029377073087802,-0.669632568813872,-1.5611827139649472,174
A132L,-3.316870495,3808,-1.8361557302918703,3802,0,-1.3926077953326348,-2.094776054005452,-1.3837590978934462,-2.473479973935948,132
C121P,-3.318329849,3809,-1.757655348146448,3792,0,-1.2619476371791305,-1.844869242846532,-2.149505888756732,-1.7742986238033969,121
G248P,-3.3193927000000003,3810,-0.6753218437508014,3021,0,0.1343465635855885,-1.672691200998914,0.6984563988030074,-1.8613991363928872,248
I256Q,-3.321413976,3811,-1.159358333607593,3481,0,-1.757364945123287,-0.8555787412375497,-0.8805645048702155,-1.1439251431993196,256
V258P,-3.324957823,3812,-1.611973739005618,3750,0,-1.2651825573401638,-1.4948438726091242,-2.208317062676889,-1.479551463396294,258
V42P,-3.330474001,3813,-1.0167821406374644,3357,0,-0.8056415130841085,-1.206058523796767,-0.624893933317212,-1.4305345923517696,42
A230P,-3.336932346,3814,-1.2273473121521117,3545,0,-0.632278252794598,-1.231546303686723,-1.3631475524571095,-1.6824171396700156,230
D161L,-3.35120605,3815,-0.8226131584908374,3190,0,-1.4846942142710169,-1.2586882151930523,-0.2213000676478538,-0.3257701368514263,161
G76K,-3.35351752,3816,-1.3216691278317043,3615,0,-0.8038291577080334,-1.596608981340887,-0.9753723287593952,-1.9108660435185016,76
G76Q,-3.35474197,3817,-0.9529328676932896,3298,0,-0.4938823395176294,-1.318649159443089,-0.6631835455750426,-1.3360164262373977,76
R255P,-3.355304615,3818,-0.7795533952634981,3138,0,0.2374003220232069,-1.2239410892329496,-1.27507717752714,-0.8565956363171097,255
G76N,-3.363726542,3819,-0.9102606722625216,3257,0,-0.2370392124183931,-1.3216197725857728,-0.660516277161846,-1.4218674268840747,76
D155W,-3.378654397,3820,-1.5253812212076356,3716,0,-1.746399747813832,-2.0550116903297995,-0.8891792493024058,-1.410934197384505,155
L146P,-3.379138187,3821,-1.4358033845834508,3679,0,-0.7773514407238081,-1.2687626222964794,-1.326698942117029,-2.370400533196487,146
F64A,-3.3888094310000003,3822,-0.980027975823085,3324,0,-0.9562906011420544,-1.2522516339851346,-0.8099704237384439,-0.9015992444267072,64
E35P,-3.388924727,3823,-1.489598450445594,3703,0,-1.2074846041709288,-1.9778947854406892,-1.4658479460026592,-1.3071664661680982,35
L160R,-3.392857024,3824,-0.5975688281560267,2921,0,-0.8153892932611235,-0.8919110029498151,-0.8233734305292881,0.1403984141161195,160
V31H,-3.3994654160000004,3825,-1.2251661310280175,3544,0,-1.314390151759632,-1.0286001501140207,-1.0553615222229185,-1.5023127000154983,31
M209T,-3.405201876,3826,-0.5203021132782415,2822,0,-0.4202850412249617,-0.2686874100076273,-0.1574723993474031,-1.2347636025329738,209
L146R,-3.4083901780000003,3827,-1.1849205730227408,3511,0,-1.0268210877738544,-1.1174807234852957,-1.6115093462386776,-0.9838711345931352,146
L136R,-3.417355034,3828,-1.7589824842265158,3793,0,-1.3113845024439656,-1.2867940469415302,-2.297261051800592,-2.140490335719976,136
F64C,-3.4444231860000003,3829,-1.3403035321455714,3625,0,-0.9003077064710704,-1.4158094892519577,-1.5041181916644422,-1.540978741194815,64
D161P,-3.45690128,3830,-1.6087910416348246,3749,0,-1.561100658370936,-2.197330697828056,-1.2583438976359915,-1.4183889127043163,161
G76H,-3.483680472,3831,-0.984130181709528,3331,0,-0.5889141249178811,-1.5609772930190862,-0.55099740145876,-1.2356319074423845,76
L74H,-3.487305171,3832,-0.7633087529957414,3129,0,-0.7443540288189612,-0.5495549147543773,-1.2788705886723732,-0.4804554797372535,74
F64S,-3.494443125,3833,-0.9385919265553762,3285,0,-0.8010566992565734,-0.9765188873819872,-0.8082526500187615,-1.1685394695641824,64
D155L,-3.537996133,3834,-1.105981112574995,3449,0,-0.9817994201368354,-1.633571051454681,-0.0049500642125397,-1.803603914495924,155
P181R,-3.55518077,3835,-1.884568843801382,3813,0,-1.1784604328982462,-1.2921807789921655,-2.857049384328947,-2.210584778986169,181
G43L,-3.5752540880000003,3836,-1.9390017015051824,3819,0,-1.8432472306575012,-2.1462598580451835,-1.884383037568363,-1.8821166797496824,43
W227P,-3.576892624,3837,-1.652729353931498,3762,0,-1.2108936636303402,-1.841583725503084,-1.66636960763747,-1.8920704189550972,227
