mutant,DMS_score,DMS_rank,avg_score,avg_rank,DMS_score_bin,MSA_Transformer_ensemble,SaProt_650M_AF2,GEMME,ESM-IF1,Residue
K278D,1.255,1,0.807134709611623,559,1,0.3019074269282614,1.013939804669541,0.9019629985021832,1.010728608346507,278
Y391E,0.901,2,1.6812197186891065,18,1,1.5084639650683411,2.347793223182914,1.1108807512794123,1.7577409352257578,391
E365Q,0.8220000000000001,3,0.8442593138773109,529,1,0.5471405981962678,0.8374475601144693,0.7344677027841525,1.2579813944143543,365
L296V,0.769,4,1.0857339202150362,318,1,1.526058996516762,0.8531422692522302,1.06621097841496,0.8975234366761927,296
G86A,0.74,5,0.8343400171826499,535,1,0.9604601057336472,0.633726362579358,0.8950425702336982,0.8481310301838961,86
T8R,0.7240000000000001,6,1.1457038335225198,265,1,1.029584849254693,1.0807092683779045,1.104002442234375,1.3685187742231066,8
D246H,0.659,7,0.8165101058886506,552,1,0.8953198303373219,0.69190483543869,0.626810339214618,1.0520054185639722,246
R261G,0.617,8,0.521582900132732,877,1,0.2617702054942887,1.4317103324231444,0.5255186625573535,-0.1326675999438585,261
A4G,0.591,9,1.060341345590358,344,1,1.2266589540805124,1.024149551143147,1.1622225968864062,0.8283342802513671,4
G321A,0.59,10,0.6953826936059297,694,1,1.2246050995149964,1.0467004324281146,1.1251153499279587,-0.6148901074473503,321
A150D,0.55,11,1.1386890741048834,273,1,1.394605181990831,1.1949593511780126,1.0831496808762788,0.8820420823744118,150
A491G,0.541,12,1.0486134554331803,358,1,1.3783433349805112,1.0231028318218005,1.1622225968864062,0.6307850580440041,491
S245C,0.532,13,0.2255247579159443,1194,1,0.1752668369541906,0.0870216211274126,0.8115258727616579,-0.1717152991794838,245
A9G,0.526,14,0.994514997176625,411,1,1.1168679457758532,1.178985148928647,0.9328759796240944,0.7493309143779049,9
Q107E,0.484,15,1.1768024277176117,241,1,1.1777061614608129,1.2016782324296351,0.9083277437809444,1.4194975731990536,107
Q7P,0.471,16,1.358382494533824,110,1,1.4864406057527624,1.591115188870921,1.1262622011369536,1.2297119823746592,7
A247G,0.452,17,0.8098101679605945,557,1,0.6192716297774796,0.7645581389881678,0.8353169680422251,1.0200939350345053,247
D40A,0.449,18,0.143897212171895,1268,1,-0.3333782776215442,-0.2665449296162476,0.3141338833619976,0.8613781725633741,40
H389D,0.418,19,1.9677053958016983,6,1,2.5339600570538687,2.1519346286972785,1.0862952121034732,2.0986316853521725,389
R330P,0.404,20,1.0958011506881886,311,1,0.7685756347503355,1.838242262233289,0.8245637578763129,0.951822947892817,330
T17P,0.382,21,0.4390210003831253,971,1,0.6179379776795421,0.1103239188477629,0.7232370885574196,0.3045850164477766,17
A491P,0.379,22,0.9943887906898145,412,1,1.4598076435059246,1.2286515706702903,1.1622225968864062,0.126873351696636,491
V407L,0.37,23,1.440270127844116,71,1,2.0232134308474112,1.7907752701068207,1.0367446094248944,0.9103472009973376,407
P199A,0.365,24,0.73003488484703,649,1,0.7721688295852885,1.1955583919478978,0.7630677483217602,0.1893445695331737,199
E20Q,0.361,25,1.0678523709359926,338,1,1.179315050331576,0.7818376922522478,1.0669762571569057,1.2432804840032414,20
L268V,0.348,26,0.1008275675871796,1309,1,0.4599679325937419,-0.0992110347654,0.2979189943340912,-0.2553656218137146,268
V2F,0.341,27,1.094370345111357,313,1,1.1305191196685789,0.963040095795914,1.1622225968864062,1.1216995680945274,2
A38G,0.34,28,1.0347023868911005,375,1,0.925565603853326,1.2587753494649183,0.9441174554938268,1.01035113875233,38
L85V,0.337,29,0.6373510028780669,750,1,1.2288942132645435,0.4020369569937158,1.0177751896367648,-0.0993023483827567,85
L220V,0.322,30,0.2011487387721661,1224,1,0.7888755474944483,0.0759916997323036,0.9375454157819596,-0.9978177079200468,220
D291H,0.318,31,0.3664199171919911,1053,1,-0.0447719190022446,-0.0068681072601427,0.8404680436751817,0.67685165135517,291
T17R,0.31,32,1.426014146985246,77,1,1.6895802523352343,1.4979409385263438,0.9403573366535006,1.5761780604259057,17
G167A,0.304,33,0.0225402627621247,1376,1,0.1583299419294025,0.1767762359878372,-0.0508775065853394,-0.1940676202834011,167
E20A,0.303,34,1.3433769041909678,125,1,1.6878701783071943,1.1757275246529448,0.8141964145943266,1.695713499209405,20
S26T,0.297,35,1.467030662130635,58,1,1.3897896128200615,2.102640999564051,1.0386562664459906,1.3370357696924358,26
R408G,0.295,36,-0.1072057247704963,1484,1,0.238017130437547,-0.231379126894918,0.1762156123317505,-0.6116765149563651,408
Q218E,0.295,36,0.9719563759080176,429,1,0.8642259367490657,0.8674286923355128,1.0138686079274624,1.1423022666200295,218
I459M,0.295,36,0.2711200688638129,1141,1,0.310336123354573,-0.1025851586801688,0.4475895301350886,0.4291397806457586,459
R154G,0.287,39,0.0660044927416123,1339,1,-0.5220023000631341,0.6535011160893803,-0.7706918303509759,0.9032109852911792,154
L276V,0.273,40,0.8761482542760903,509,1,1.0375157723431188,1.0687837715989634,0.919603156869903,0.4786903162923759,276
A4P,0.266,41,1.1806924897449007,236,1,1.3142613485147476,1.2191527807065614,1.1622225968864062,1.027133232871888,4
S372C,0.263,42,0.5950072368609544,799,1,0.7686001426536468,0.4864756209789959,0.3484699633547352,0.7764832204564392,372
E316A,0.256,43,2.083848625022749,3,1,2.8279186687441467,2.37034220230568,1.1213769233730213,2.015756705668147,316
V2L,0.249,44,1.352122218051979,116,1,1.6001516967981977,1.2781671096319345,1.1622225968864062,1.3679474688913784,2
G109A,0.248,45,-0.5683639007799641,1830,1,-0.2509676910160825,-0.0253673518739165,-0.6248326111228917,-1.372287949106966,109
E39A,0.247,46,0.7626618503547299,618,1,0.848760400684813,0.4172172715795376,0.7177236559777669,1.066946073176802,39
D13A,0.244,47,1.7004350682727816,16,1,2.420143255926255,1.3468797450669836,1.1167966044884383,1.9179206676094491,13
L294V,0.238,48,0.5287855231532003,866,1,1.009706632968615,0.1567878166515606,0.8610005234477869,0.0876471195448387,294
M10A,0.238,48,2.2536261642168403,1,1,2.9019881756255934,2.823143494855833,1.1552642601214391,2.1341087262644964,10
W94S,0.232,50,-1.684856691589672,2379,1,-1.3417818576119014,-1.6540768353320787,-2.605076629437162,-1.138491443977546,94
Q7E,0.231,51,1.5396233831541892,39,1,1.497569468958038,1.927234577795902,1.1546548987782703,1.5790345870845464,7
T8S,0.23,52,1.3102303879500872,141,1,1.4532318216706297,1.3056731117569802,1.1574424462286503,1.324574172144089,8
V2D,0.227,53,1.3861986913571638,96,1,1.599048487244444,1.4912486641582956,1.1622225968864062,1.2922750171395097,2
L16V,0.225,54,0.8557249180440807,522,1,1.3239006835428755,0.1955440284848129,0.9476940862192552,0.9557608739293788,16
S287C,0.224,55,-0.3869589079070037,1726,1,-1.0100537483203054,-0.7509369578053634,0.1114038545757352,0.1017512199219183,287
P12A,0.222,56,1.4866566025725347,53,1,1.99249055582223,1.402122612560606,1.1521287847841428,1.3998844571231597,12
V200L,0.218,57,0.9148369446188144,483,1,0.9224874288926528,1.0679137038984174,0.7161035096989941,0.9528431359851928,200
H497D,0.21,58,0.8053922503219338,561,1,1.1338225233982344,1.0105895045567654,1.1622225968864062,-0.0850656235536707,497
A392P,0.209,59,1.101132762223432,303,1,1.744497635384228,1.5155298582034806,0.873217478193338,0.2712860771126827,392
A376G,0.208,60,1.3489238962537526,121,1,2.259212203627949,1.2622609525578623,1.0852061976579332,0.7890162311712663,376
Q6L,0.207,61,1.276991571173216,161,1,1.2304813211944188,1.023160333249648,1.1622225968864062,1.6921020333623915,6
S486C,0.206,62,0.7458374930523253,635,1,0.603273391241354,0.4543781618028719,1.1622225968864062,0.7634758222786688,486
L377V,0.202,63,0.7796288749843441,596,1,0.9916015363122874,1.0473002059981922,0.9258431468748132,0.1537706107520833,377
V414L,0.202,63,0.5201957833316329,883,1,0.39315104612658,0.74976754937265,0.7117319856831104,0.2261325521441912,414
E139A,0.192,65,1.1889256317034844,228,1,0.5032265938429697,1.3870484604536928,0.9000068473268763,1.9654206251903987,139
Q6P,0.192,65,1.4102131476099542,84,1,1.6748497258601327,1.5136629483691375,1.1622225968864062,1.2901173193241404,6
A206G,0.191,67,0.3284545080641328,1087,1,0.1493650292627186,0.6961321258751038,0.1812932977406955,0.2870275793780134,206
A226P,0.19,68,0.8900719410158119,496,1,1.3771616154518127,0.4411770313957345,1.0761256991391033,0.665823418076597,226
H499T,0.185,69,0.6018000774673915,791,1,1.4216222003986112,0.7779427500902378,1.1622225968864062,-0.9545872375056892,499
S485I,0.184,70,1.2134762025081596,209,1,1.4594159657535963,0.9786857229122912,1.1137598032427511,1.3020433181239992,485
D318H,0.184,70,0.71703556657579,666,1,0.5687513235430715,0.5349376622175145,0.8364619264876235,0.9279913540549506,318
W146S,0.183,72,-1.540604321763404,2336,1,-1.755087840932395,-1.6157581831710386,-1.8632895754063703,-0.9282816875438122,146
A297G,0.181,73,-0.2251252705180833,1579,1,0.1961597044523248,0.7274107821811491,-1.0076739092526807,-0.8163976594531265,297
V262F,0.171,74,0.4132920501209268,1011,1,-0.2222140430852352,0.3674892010727884,0.376032401001581,1.131860641494573,262
G21A,0.1689999999999999,75,0.4231360373841622,989,1,0.2690849361906128,0.0146919346160061,0.5581367877198183,0.8506304910102116,21
A492P,0.163,76,0.9315531192452584,458,1,1.365982782161059,1.136990755412026,1.0548184276493715,0.1684205117585769,492
D481A,0.162,77,1.455517100501456,62,1,1.8691053270092295,1.6022035160004977,1.126123012381002,1.2246365466150946,481
T8P,0.159,78,1.264722669726062,167,1,1.38153715463502,1.489950344907128,1.05866431343019,1.1287388659319102,8
V470L,0.159,78,0.6927050460321111,698,1,0.8081805455355413,0.9582303071641668,0.8862126794577438,0.1181966519709929,470
D420A,0.152,80,0.7744187428720227,603,1,0.8532509115108754,0.6527025821607881,0.4779436702591892,1.1137778075572382,420
P482A,0.15,81,1.3978485321763432,90,1,1.7624148023033792,1.4803781501922308,1.1387165494104003,1.2098846267993626,482
D64A,0.148,82,0.3692507295355046,1052,1,0.2272224038655565,0.1957477157552583,0.1292805416595336,0.9247522568616698,64
P3R,0.147,83,1.2496101297776434,178,1,1.4296460424407211,1.1494066358429915,1.1622225968864062,1.2571652439404557,3
G282V,0.144,84,0.0941308037120265,1314,1,-0.8607889130186005,0.3742038960084192,0.7500533278728672,0.1130549039854205,282
A468G,0.143,85,0.7308598285609316,648,1,0.9289472015715508,1.0379516088908776,0.7315505623005633,0.2249899414807347,468
T49N,0.142,86,0.1221503539184853,1288,1,-0.2142363224145454,-0.328567142173096,0.0654370244679925,0.9659678557935902,49
S26W,0.139,87,-0.4943352809137885,1796,1,-1.5301922985423233,-0.1757201146453385,-0.4585390680783631,0.1871103576108708,26
Q126E,0.138,88,1.432844319847134,73,1,1.553827746512704,1.5766377076268885,1.0342317159630423,1.5666801092859006,126
T100N,0.132,89,0.7518337850288365,627,1,0.2442333913757555,0.796373579230748,0.6433425164923758,1.3233856530164665,100
A281G,0.13,90,0.2242593560047736,1198,1,0.0106070948629645,0.3704588192814614,0.5814393201738244,-0.0654678102991559,281
D481N,0.123,91,1.2501815739987223,176,1,1.4343933711937604,1.1725883801359778,1.1120488780435571,1.2816956666215935,481
I97L,0.122,92,0.5787314313744139,813,1,0.6880162100897331,0.6867737996758757,0.3060809548519845,0.6340547608800621,97
A152G,0.122,92,-0.0748141565233962,1462,1,-0.0684452138188101,-0.3507741686614923,-0.2159420344969558,0.3359047908836733,152
G282R,0.119,94,0.5504349275285326,845,1,-0.0659622687140646,0.7037220025211326,0.996043605693773,0.5679363706132895,282
A271G,0.118,95,0.5272433064347104,869,1,1.0147815637566868,0.2757492278022726,0.4074313959356148,0.4110110382442672,271
G349R,0.116,96,-0.4428138752180808,1770,1,-0.3966127633483522,-0.4687326725874549,0.3416955964609242,-1.2476056613974404,349
E139Q,0.115,97,0.5408425039955042,856,1,-0.0588653663858006,0.5511745187655579,0.4423129589748938,1.2287479046273655,139
Y50F,0.106,98,1.7603776679283305,10,1,1.9821422042442287,2.298423382829698,0.7823232255336751,1.9786218591057203,50
K108Q,0.105,99,1.1466663789421014,264,1,0.9947327527460116,1.1652815046875802,0.9027119291789396,1.5239393291558747,108
S486A,0.104,100,1.4985543583568086,51,1,1.6952764439368766,1.4962123720133924,1.1622225968864062,1.6405060205905595,486
P348R,0.091,101,0.6787467225881587,710,1,0.8833722401124761,0.8190228740223788,0.5211389068897948,0.491452869327985,348
D164E,0.087,102,1.1686184755820943,249,1,1.261239182231135,1.1807753486152104,1.0375102983550275,1.1949490731270047,164
E316K,0.086,103,0.9919045437809164,415,1,1.0598731482171595,0.893845484421684,0.8302796581236331,1.1836198843611885,316
S484A,0.079,104,1.5467235271587492,37,1,1.7062774527347533,1.4724170556786245,1.1622225968864062,1.845977003335212,484
S45C,0.076,105,-0.0910149380626869,1470,1,-0.2043337391366916,0.0034434828486863,0.1514588521369968,-0.3146283480997393,45
K108T,0.076,105,1.0557350706876447,348,1,0.8408616007713569,1.1585471176957205,0.617507901215186,1.6060236630683158,108
A105S,0.076,105,0.3767867151451418,1039,1,0.189680467012674,-0.1665665359381105,0.8854552095382565,0.5985777199677473,105
E157A,0.075,108,0.5917362897549263,803,1,0.1833615105023123,0.408054587440134,0.8385906574521803,0.9369384036250784,157
A37G,0.071,109,0.0451878948877879,1359,1,-0.143660285067831,0.1082720783095962,0.0413788055566985,0.1747609807526879,37
A66S,0.071,109,0.1579829260252222,1251,1,0.3925693025691742,0.0826779557838797,-0.1010331297362654,0.2577175754841005,66
V277L,0.07,111,1.490031990037734,52,1,1.608355101258251,1.677116369963898,1.0653070126793305,1.6093494762494558,277
L220M,0.066,112,0.4257580966417904,984,1,0.6128659918844932,0.3988258577344716,0.666873665964093,0.0244668709841036,220
G84A,0.066,112,-0.1265547171902691,1498,1,-0.0791647861911671,-0.5501941097152578,-0.3224859930731782,0.4456260202185268,84
M10R,0.056,114,1.9303576392088089,7,1,2.750190102827562,2.086328867285625,1.1337916722158017,1.7511199145062455,10
P44A,0.055,115,0.7663164713176258,611,1,0.8260652543341643,0.6881714835148075,0.662901643076105,0.8881275043454265,44
L494R,0.054,116,1.0998649088357524,306,1,1.5047865282655848,1.4072789845002782,1.079617080585707,0.40777704199144,494
A376T,0.051,117,1.1644171346536618,256,1,1.1266708985493998,1.1544563307844713,0.9666131003881978,1.4099282088925782,376
D246A,0.048,118,1.7559851152424335,11,1,2.2778972490390674,1.7951032504079416,1.0444300977264798,1.9065098637962457,246
A122G,0.048,118,0.8163161733460924,553,1,1.1044297740630362,0.5455615811231567,0.5820903899385048,1.033182948259672,122
Q126H,0.047,120,0.65405156748786,736,1,0.8096207608788725,0.6642526357774263,0.4348041660022733,0.7075287072928678,126
S485T,0.047,120,1.326981643214336,135,1,1.538841150998336,1.2794948344397508,1.1079062858640596,1.3816843015551976,485
T53R,0.046,122,0.5112467849539282,893,1,0.2914479366221439,0.2284569227684303,0.5280905047424508,0.9969917756826876,53
A405S,0.045,123,0.9311095130472368,460,1,0.9196228228036932,0.6532301359332001,1.0517532571175645,1.0998318363344886,405
L110V,0.044,124,0.7920856481393912,580,1,0.972930255267701,1.1548252255195246,0.4556850131808659,0.5849020985894731,110
R341G,0.043,125,1.447279113403182,70,1,1.9095555708668528,0.9468646073660946,1.0833781560420397,1.8493181193377408,341
E153Q,0.042,126,0.7517804904612165,628,1,0.8552201228058909,0.4170404016778282,0.9380356663427556,0.7968257710183914,153
A14P,0.04,127,1.0542972212644026,352,1,1.2520192938380452,0.9477139695633374,0.8527296207658106,1.1647260008904174,14
P360A,0.04,127,0.7339689131211844,643,1,1.2719329637954944,0.7950654529301996,0.6405002698116242,0.2283769659474198,360
G60A,0.039,129,0.0743434280845151,1332,1,0.429948165173205,0.2357649675788367,0.1570393838084428,-0.525378804222424,60
D452H,0.037,130,0.1154277839005753,1296,1,0.0876550134864999,0.0833730869279041,-0.1252555115425399,0.415938546730437,452
A117T,0.037,130,1.209538350031687,212,1,2.20850140816672,1.2884387709005034,0.9966521342120588,0.3445610868474649,117
D423N,0.036,132,0.6176897490355562,778,1,0.5430920669937064,0.4607219662922876,0.6235986148255721,0.8433463480306584,423
V262I,0.033,133,1.1958620525885513,226,1,1.2674814899263052,0.8939735841318783,0.7515010131010506,1.870492123194971,262
E82A,0.032,134,0.5656862188582429,825,1,0.5897614346261032,0.0818812928345015,0.751846754192128,0.8392553937802388,82
S485R,0.027,135,1.345608614353096,124,1,1.5967133605663235,1.2227157176070231,1.09549775441285,1.4675076248261862,485
P54R,0.023,136,-0.0278675945112258,1416,1,-0.028403799453997,-0.1128250279191229,0.098939744283615,-0.0691812949553986,54
R56H,0.022,137,0.7291952302099338,651,1,0.5660557701651949,1.0017208759838498,0.3200040976097507,1.0290001770809396,56
Q6R,0.018,138,1.3624735037587117,107,1,1.455344582416333,1.2572760831482792,1.1622225968864062,1.5750507525838282,6
A9P,0.018,138,1.060171148976664,345,1,1.2269383997918644,1.3098921484465484,0.949845570886801,0.7540084767814412,9
V487I,0.016,140,1.2349075576092463,188,1,1.2808018734814657,1.0985984490359229,1.1622225968864062,1.3980073110331914,487
V414I,0.015,141,0.6046898179866378,786,1,0.5001260091285209,0.4268883007714212,0.6455369864168469,0.8462079756297622,414
G124R,0.014,142,-0.1983260935501443,1558,1,0.1232243611500094,-0.2492472278537905,-0.3010418438038368,-0.3662396636929595,124
E20D,0.014,142,1.3511439040813578,118,1,1.5691718995705353,1.3313493215467802,1.0218305571494282,1.4822238380586876,20
G456A,0.014,142,0.8798427965419773,503,1,0.7760351630435317,0.9686265278994484,0.2963776747386465,1.478331820486282,456
S372A,0.014,142,1.6760556208056083,19,1,2.186042613305484,1.8417657526553195,1.0671972654641908,1.60921685179744,372
Q269E,0.013,146,1.3579693321452515,111,1,1.7475198744366471,1.5110554114128798,1.0425176996743546,1.1307843430571247,269
D244A,0.012,147,1.1808300398655731,234,1,1.348751665901984,0.8866918889454043,1.0748980333261242,1.41297857128878,244
V475G,0.01,148,0.4898558309443146,910,1,2.0650788070498503,-0.5413168122719836,1.074546260379383,-0.6388849313799908,475
D68A,0.0069999999999999,149,-0.3648173589670883,1702,1,-0.6384949243793165,-0.5628945660846929,-0.6922022815593684,0.4343223361550247,68
A392V,0.006,150,1.439985326171674,72,1,1.999804370158064,1.5252409107590532,1.1708013763109646,1.0640946474586146,392
L79V,0.005,151,0.4438627619088515,965,1,0.6127572293739234,0.2398518098422429,0.3035697729976778,0.6192722354215621,79
A201P,0.004,152,-0.3965059472175357,1735,1,0.1143351082611604,0.1627950319803537,-0.3979268447893862,-1.4652270843222708,201
E75A,0.002,153,0.3960419946180707,1025,1,0.6207969339321012,0.1875865044232068,0.3395748559910657,0.4362096841259092,75
T197P,-0.004,154,-0.4894089869486249,1794,1,-0.5972780154174089,0.1431075908336574,-0.1338912744295005,-1.3695742487812477,197
V277I,-0.004,154,1.1729560402126933,246,1,1.4829475912384105,1.2397153567891752,0.8707066304134087,1.098454582409778,277
A247P,-0.005,156,-0.0546562185358718,1445,1,-0.1359667499041308,-0.0260633561415742,0.5662273017677738,-0.622822069865556,247
H496Q,-0.008,157,0.8592091205201906,521,1,1.340379360404308,1.0344601433963956,1.1622225968864062,-0.1002256186063475,496
T8A,-0.012,158,1.4088011026046856,87,1,1.5232621505462411,1.424520931082154,1.1562437651190751,1.5311775636712717,8
A219T,-0.014,159,0.4078134036357304,1015,1,0.7829837160880587,0.3287476452433801,1.011041014648001,-0.4915187614365182,219
A448T,-0.015,160,0.988431430767164,418,1,0.7528207815603492,1.012359014331519,1.0237281093580577,1.1648178178187305,448
E141Q,-0.015,160,0.5900667667576636,806,1,-0.2633357769507349,0.8566239744718118,0.6203306016160322,1.1466482678935452,141
A412E,-0.019,162,0.7506006990048114,631,1,0.9235637669650034,0.6467466940284362,0.9183687596412908,0.5137235753845152,412
R223L,-0.019,162,0.4431020008255311,966,1,0.8697724329650097,0.1715054380777272,0.8600740456660776,-0.1289439134066901,223
V342L,-0.02,164,0.1176895298282848,1294,1,-0.1060552520554174,1.1839016067628405,0.6391707777212235,-1.2462590131155071,342
I125L,-0.022,165,-0.1988840241270714,1559,1,0.1105438278869107,-0.3408810542368911,0.2444145384805253,-0.8096134086388308,125
A219G,-0.023,166,-0.2520693645700987,1602,1,0.0391174080054925,-0.3265249059948952,-0.2065754996922141,-0.5142944605987781,219
H323P,-0.025,167,0.9926573665650796,414,1,1.349370108117082,1.9060860889808884,0.8450455537331011,-0.1298722845707531,323
T478I,-0.032,168,1.112767290909115,296,1,1.2039651095937325,1.2288940963509225,1.1146623103301434,0.9035476473616624,478
A479P,-0.035,169,1.0076822331066035,391,1,1.451611765841344,1.12579133889161,1.1622225968864062,0.2911032308070537,479
D373E,-0.035,169,1.4012746270739531,88,1,1.817984956327344,1.4421743761549386,1.0476601360809163,1.297279039732613,373
G84R,-0.036,171,0.3271813571192512,1088,1,0.3458697771970656,0.1417774493443559,0.1553006923231428,0.6657775096124405,84
G282A,-0.039,172,1.1253462798555292,282,1,0.655142984579577,1.4344762789528656,1.0574889074361076,1.354276948453567,282
A93S,-0.039,172,1.2487501670914258,180,1,1.4678196486983948,1.164367843171345,0.8949586877183686,1.4678544887775953,93
A226E,-0.04,174,0.8598461852234418,520,1,0.6582632362860591,0.8411851529245705,0.8036838004508919,1.1362525512322454,226
A493E,-0.041,175,1.0961029664078337,310,1,1.1965491495020393,1.1181534404457518,1.0541653795410215,1.0155438961425218,493
L211M,-0.041,175,-0.3001881603820846,1642,1,-0.3036674437609543,-0.3187037139520257,-0.1602142462205468,-0.4181672375948117,211
E469K,-0.041,175,0.7528508862008856,626,1,0.8848195019519889,0.2970914253319226,0.905755447809874,0.9237371697097568,469
T174I,-0.042,178,1.5685075565635436,33,1,0.796295191987284,2.3947548638236453,1.113422682538271,1.9695574879049744,174
R58L,-0.042,178,1.4204391259714102,81,1,2.034437823053836,1.699976368198027,0.8609973628804849,1.086344949753293,58
A38S,-0.043,180,1.0681318454768811,336,1,1.0957643280044784,0.7591363530554773,1.0796676609315323,1.337959039916036,38
D481Y,-0.043,180,0.786978300447521,588,1,0.8799206766909091,0.6654387742332134,1.0783324400109175,0.5242213108550443,481
D481H,-0.043,180,1.1740276703534496,244,1,1.367951345684004,1.2390501106402232,1.111903997458477,0.977205227631094,481
R74S,-0.045,183,0.6577837266676453,731,1,0.7346861970554266,0.4017334841651833,0.8053152605586043,0.6893999648913671,74
H333D,-0.045,183,1.0834341859862635,322,1,0.9487597622084536,1.374092202246952,1.076772296880454,0.934112482609196,333
Q7L,-0.051,185,1.2948003014481968,152,1,1.1020307233410802,1.4037902787001373,1.1262622011369536,1.5471180026146163,7
A202P,-0.051,185,-0.4074065301604317,1746,1,-0.7288080774558342,0.3351801965135199,0.4351844167113796,-1.671182656410792,202
A219S,-0.053,187,0.41372318432661,1009,1,0.4594869760507789,0.1795497755748691,0.6774976424349598,0.3383583432458324,219
H207D,-0.053,187,-1.1289574965997056,2158,1,-1.2486064746639711,-1.4719983769543816,-0.7236325249603742,-1.071592609820096,207
A117G,-0.056,189,-0.3598760847788818,1697,1,0.3379738338004473,-0.4805223362754497,-1.731543421699562,0.4345875850590374,117
P147A,-0.057,190,0.5461539527261057,848,1,0.5727612664894136,1.442062242134038,0.6569803652653616,-0.4871880629843909,147
L494V,-0.057,190,1.163441329407238,257,1,1.357183667545787,1.2755011903284488,1.0845348285452026,0.9365456312095132,494
T43A,-0.058,192,0.9618171622830852,439,1,0.6491418977238714,1.2353014673591385,0.8173196268192513,1.1455056572300797,43
T478S,-0.06,193,0.9797319848253798,426,1,1.5356154735974137,0.8402328556875633,1.1337416802437663,0.4093379297727761,478
G292A,-0.06,193,0.3767792097606514,1040,1,1.353421603271849,-0.2303881315711651,0.7460076354041333,-0.3619242680622115,292
A150G,-0.061,195,0.9253897098869854,469,1,1.350438780359954,0.8816046029132139,0.6877017530356738,0.7818137032391002,150
D164N,-0.063,196,0.4138879402314007,1008,1,-0.0434514498559076,0.0188776893138661,0.8117335557692018,0.8683919656984426,164
K419T,-0.064,197,1.710306532257336,15,1,2.2972845931297083,1.809752238079936,1.0892148533845352,1.6449744444351655,419
Q107P,-0.065,198,1.0116845484732018,390,1,0.9888251599391944,1.392394580868665,0.6691030836744508,0.9964153694104968,107
A297T,-0.065,198,0.4516619527770603,955,1,0.9948107318638452,1.0737888280946926,0.5839599521152201,-0.8459117009655165,297
K278T,-0.065,198,1.2645064665134635,168,1,1.4958214765648954,1.2462081379985164,0.864316844917437,1.4516794065730054,278
A160V,-0.066,201,0.3324556164490025,1082,1,0.8334282487895366,0.0818560969810845,0.5454407945694346,-0.1309026745440453,160
D409E,-0.066,201,1.038493059675592,370,1,1.340197402809635,0.9507618570691352,1.0752770837082672,0.7877358951153314,409
G349A,-0.068,203,-0.1048781699681996,1480,1,0.1413611701990179,0.4030408620740461,0.3602509646438065,-1.3241656767896692,349
R56L,-0.068,203,0.3659290492291485,1054,1,0.5077803240632498,0.4511194773056151,0.4168989261584056,0.0879174693893235,56
D40N,-0.069,205,0.2913757578256093,1117,1,-0.2894103659925249,-0.5799455480547795,0.9124197408882394,1.122439204461502,40
A11P,-0.069,205,1.055762751236402,347,1,1.1928637372031563,1.282243507543665,1.0497395720702245,0.698204188128563,11
L494P,-0.07,207,0.7900075157142601,582,1,1.6811425692563935,1.5613282019263306,1.079617080585707,-1.1620577889113903,494
S486P,-0.07,207,1.3428471729212144,126,1,1.5780650580509898,1.4742355851087887,1.1622225968864062,1.1568654516386732,486
L490F,-0.071,209,0.9348652127979687,455,1,0.9043717403730064,0.8036481958791953,1.1622225968864062,0.869218318053267,490
G321R,-0.072,210,0.2856250552050772,1124,1,0.7607937371564911,0.657592635800822,0.9081158826413588,-1.1840020347783629,321
V342I,-0.072,210,0.6893811389506028,702,1,0.5761030625637357,1.219129752070734,0.7445757407858347,0.2177160003821072,342
T100P,-0.073,212,-0.3421244929107384,1677,1,-0.7217111245697503,-0.379952837897594,0.0165561795356298,-0.283390188711239,100
A492S,-0.073,212,1.157091873270696,260,1,1.234354157652277,1.1189320640372071,1.10815676516382,1.1669245062294804,492
K123T,-0.074,214,0.5569763896201845,836,1,0.7397967458277849,0.5359884041441723,0.5087592058553249,0.4433612026534561,123
S287A,-0.074,214,0.8265803355062828,544,1,0.6512774094886361,0.6612967380829902,0.9728728155283324,1.0208743789251733,287
L490R,-0.075,216,1.270338713126352,166,1,1.462242691395818,1.3691112502000982,1.1622225968864062,1.087778314023086,490
V487G,-0.075,216,1.3532668397584346,114,1,1.7188618503028614,1.5021818871110209,1.1622225968864062,1.02980102473345,487
L494H,-0.077,218,1.095175717396582,312,1,1.3408794151638272,1.602051280658441,1.079617080585707,0.3581550931783521,494
E274Q,-0.077,218,0.9328811931928048,456,1,0.8262050403871155,0.8350850746607826,0.942755724085494,1.1274789336378268,274
A201D,-0.078,220,1.0997367713315458,307,1,1.0916861351608151,1.1480340075340358,1.013762092924947,1.1454648497063862,201
D318A,-0.08,221,1.2914245118268342,155,1,1.47240021880144,1.3178539923263086,0.9593230855662936,1.4161207506132945,318
G282S,-0.081,222,0.9060468368938408,486,1,0.3867272706156193,1.0440974949624249,1.0340843855201798,1.1592781964771388,282
N59H,-0.0819999999999999,223,0.7395595034721885,640,1,0.6908845195390177,0.5501387446726135,0.6392812507454504,1.0779334989316722,59
A281D,-0.0819999999999999,223,0.3483441066529604,1069,1,0.1165896331345273,0.0387388820635816,0.7973647025027549,0.4406832089109778,281
R102C,-0.085,225,0.4196225334829064,998,1,0.2306735817837451,0.3317045407933971,0.3229487155877155,0.7931632957667679,102
L379V,-0.087,226,0.4895888810355704,911,1,0.9370786938521872,0.6037189742833428,0.7043554729465179,-0.2867976169397661,379
D291A,-0.089,227,0.6436325677931417,748,1,0.2272109272403856,0.5823964220354412,0.7833920967539817,0.9815308251427582,291
G270A,-0.089,227,-0.1766868932452874,1532,1,0.0038995888653954,0.6904065552840116,-0.4996641877017291,-0.9013895294288278,270
T17A,-0.09,229,1.1391006894121094,272,1,1.2785937417278022,0.9260699519034608,1.083112006858896,1.2686270571582785,17
P375R,-0.093,230,-0.4034841435714047,1743,1,-0.6127854386356452,-0.5946407177303765,0.3274509427292164,-0.7339613606488136,375
A448V,-0.093,230,1.4626703740922782,60,1,1.2822659047179452,2.0249381102135477,1.0613097537240146,1.4821677277136054,448
T172I,-0.094,232,1.130429788668942,278,1,1.0220292295045992,1.3375003820452165,0.9554215909487904,1.2067679521771624,172
A4S,-0.096,233,1.2499355505069962,177,1,1.261177331057925,1.304675056410099,1.1622225968864062,1.2716672176735542,4
L140V,-0.101,234,0.4462933024298109,960,1,-0.1734611118482646,0.2619141472714129,0.805180140781679,0.8915400335144165,140
G103V,-0.101,234,-1.4995747495207263,2325,1,-1.8025669931699253,-1.762074245921993,-0.1762240152972904,-2.257433743693697,103
D488H,-0.102,236,1.2366847823007605,187,1,1.3667896407323523,1.122248483834713,1.1622225968864062,1.2954784077495691,488
D340A,-0.102,236,0.7128579385120072,672,1,0.4763117843883237,0.7159881422489935,0.8863773944318943,0.7727544329788173,340
H500P,-0.103,238,0.4890479661812539,914,1,1.0458361675989694,0.8842066984382573,1.1622225968864062,-1.1360735981986174,500
A493P,-0.103,238,0.8108682220796423,554,1,1.3141397379981357,1.1325941725397202,1.0541653795410215,-0.2574264017603083,493
R154S,-0.105,240,0.5543755556342664,841,1,-0.4078319733782125,1.06082838357196,0.149537874274406,1.4149679380689122,154
A247V,-0.106,241,0.226798996759735,1192,1,0.3449126923829629,-0.0441200518052315,0.6423877208907518,-0.0359843744295431,247
T478A,-0.109,242,1.2019266848660604,221,1,1.8846402473618928,1.3316149304334666,1.1418927163542478,0.449558845314635,478
H497Y,-0.109,242,0.5632230136429531,831,1,0.71081319884932,0.4381725506077047,1.1622225968864062,-0.0583162917716183,497
D164A,-0.112,244,0.6706190323851953,719,1,0.4791461821797513,0.5864184036860907,0.7375117484597751,0.8793997952151642,164
E148A,-0.112,244,0.9632542682751531,438,1,1.0945821787343086,0.6271415759671618,0.8301273620345868,1.3011659563645557,148
G103A,-0.112,244,-0.6246422465797868,1870,1,-0.6843274084149863,-0.9341177971360286,0.1056046982572814,-0.9857284790254138,103
G338A,-0.113,247,0.599592679034741,796,1,1.0648870177979612,1.640617182722629,1.0009999365363855,-1.3081334209180115,338
A93G,-0.113,247,0.0983672585316426,1310,1,0.1443349559005633,-0.1818857395475948,-0.3271816320674973,0.7582014498410994,93
A492V,-0.113,247,1.0056095138648673,393,1,1.217177378410394,0.7678495656216718,1.096713314681926,0.9406977967454776,492
D244E,-0.116,250,1.0462601959301805,363,1,1.2128250958244495,0.8763068629024203,0.9172572566425268,1.178651568351325,244
G480R,-0.116,250,1.3682802612546747,104,1,1.5980847477572662,1.060708968323618,1.1256582285062555,1.6886691004315593,480
E495G,-0.117,252,1.3835205419444585,97,1,1.7401928897886676,1.5557786592963017,1.1622225968864062,1.075888021806458,495
S361T,-0.118,253,1.3506446579178577,119,1,1.6296625112828709,1.2838816745775865,1.0567233101717013,1.4323111356392726,361
V487F,-0.118,253,1.1664962286555394,251,1,1.077227612917914,0.9875005296498132,1.1622225968864062,1.4390341751680231,487
E75D,-0.119,255,1.0395092867992497,368,1,1.4388785797684362,1.0411309015034813,0.7475266491628899,0.930501016762192,75
F388Y,-0.119,255,1.164442277437052,255,1,1.4684290189446418,1.0632281482864885,0.7895046518234384,1.3366072906936397,388
Q7R,-0.119,255,1.4146350438241777,82,1,1.466518865503274,1.6074807376059097,1.140844137437356,1.4436964347501713,7
K300Q,-0.122,258,1.140508980909952,271,1,1.386663780794182,1.4247523790066892,0.3619012653868196,1.3887184984521177,300
E119A,-0.123,259,1.0209641944822316,384,1,0.6842076894988167,1.3570650012022516,0.9302396439404036,1.112344443287455,119
A201G,-0.123,259,0.4179440902618044,1000,1,0.4734113454443419,0.7121356713151444,0.1838275303576383,0.302401813930093,201
T49I,-0.124,261,0.2752790075034423,1138,1,0.2291586925400715,-0.3104729021932084,0.3853086141017343,0.7971216255651719,49
H333Q,-0.125,262,0.9249040535477696,470,1,0.8509894570562857,1.2661672336334848,0.8313177752594433,0.7511417482418652,333
D246E,-0.125,262,1.4092601353865084,86,1,1.641182970084017,1.4324524875114173,1.088057313634511,1.4753477703160884,246
A412T,-0.125,262,0.8026592950943203,567,1,1.346979889214331,0.7955104653362812,0.8992570275456023,0.1688897982810666,412
A297V,-0.126,265,0.520497183545208,881,1,1.6546761191901769,0.8606252194361713,1.0809651233581052,-1.5142777278036212,297
A219V,-0.128,266,0.4546980649446425,951,1,1.010703942848364,0.574426798974917,0.7912272564921277,-0.5575657385368387,219
E82Q,-0.129,267,0.7328083882114972,644,1,0.6323522017924119,0.4174596881197157,0.8034830630617261,1.0779385998721351,82
D420E,-0.13,268,1.005022925890834,394,1,1.0570798792124134,1.2536668940824949,0.647137630780707,1.0622072994877207,420
S26A,-0.131,269,1.7164488687851618,14,1,1.834109589413812,2.1099697498777608,0.8409479439943708,2.080768191854703,26
D164G,-0.131,269,0.6308436761362219,759,1,0.6154555255135425,0.6612953660315665,0.6583550937054721,0.5882687192943067,164
D244N,-0.132,271,0.7820889100807766,593,1,0.7097891502024462,0.3736397957753578,0.7896232936734356,1.2553034006718666,244
T457K,-0.133,272,1.525009471575454,44,1,1.857424195455688,1.703484766054397,1.0841033012757433,1.4550256235159875,457
L120M,-0.135,273,0.0900013329848945,1316,1,0.0284055204217965,-0.425979051297232,0.0541105041297976,0.7034683586852161,120
P482Q,-0.136,274,1.0833117342998526,323,1,1.1910081261701249,1.2745031301092258,1.1270559615654925,0.7406797193545668,482
G167S,-0.136,274,-0.1875201939190366,1541,1,-0.1581868865754102,-0.1746438026694211,-0.2333996498930417,-0.1838504365382733,167
A38E,-0.1369999999999999,276,0.9598526060930256,443,1,0.7471948463695147,0.8705645470473617,0.931411289059995,1.2902397418952305,38
H497P,-0.1369999999999999,276,0.670576031043656,720,1,1.2648557031803538,1.0495772188847798,1.1622225968864062,-0.7943513947769154,497
H499D,-0.14,278,0.7578922617410069,625,1,1.5513001398935946,0.8846203095765285,1.1622225968864062,-0.5665739993925022,499
D409A,-0.141,279,0.8429342814378775,531,1,1.59977880127605,0.9643489704881484,0.8491027441156788,-0.0414933901283668,409
H498D,-0.141,279,0.7604261900189285,621,1,1.3432566817850318,0.9310406135646369,1.1622225968864062,-0.3948151321603607,498
V65I,-0.143,281,1.0216563609710558,382,1,1.064760800199989,0.7554315023816233,1.0695814173833331,1.196851723919278,65
K278R,-0.144,282,1.7392702867736265,12,1,2.163340420458654,2.0275052807932603,0.9715330960301056,1.7947023498124846,278
D488A,-0.145,283,1.515289812567371,45,1,1.7928952336218211,1.412148956296747,1.1622225968864062,1.6938924634645096,488
D488N,-0.145,283,1.1613711250282155,258,1,1.331423067845957,1.0039459380142586,1.1622225968864062,1.1478928973662403,488
V487L,-0.146,285,1.425189199829908,78,1,1.5766082597426536,1.385176576932939,1.1622225968864062,1.5767493657576337,487
E495Q,-0.146,285,1.1974997832003291,225,1,1.4773014645181588,1.3113216964257524,1.1622225968864062,0.8391533749710003,495
V380M,-0.146,285,1.295919058024602,150,1,1.6071398903335756,1.4782316225143357,0.8007043202687897,1.2976003989817078,380
F388C,-0.146,285,0.2839167508009318,1127,1,0.3626343206130069,-0.3667508343668234,1.038669914593361,0.1011136023641823,388
G103C,-0.146,285,-1.46011624001479,2317,1,-1.8920672270564611,-1.554488104258272,-0.5509579032205678,-1.8429517255238597,103
K123N,-0.147,290,1.354752063648856,113,1,1.4627753369901435,1.4314789624560764,0.9240097654589297,1.600744189690274,123
A493G,-0.147,290,1.075289676255044,329,1,1.3891784130126985,1.1025312005695516,1.0541653795410215,0.755283711896904,493
G212A,-0.148,292,1.0205712209061897,385,1,1.4907943387161715,1.6386795966484722,1.3666780930455664,-0.4138671447854523,212
A14G,-0.15,293,1.047623322482726,359,1,1.019594289050073,1.6293276005955852,0.9528027888256816,0.5887686114595643,14
A271E,-0.15,293,1.0970599830554548,309,1,1.143544526782014,0.8444909237320496,1.06572938412718,1.3344750975805753,271
N483K,-0.151,295,1.341055896879793,127,1,1.6138937294134366,1.3821625073764368,1.1112265481691714,1.256940802560127,483
A479D,-0.152,296,1.2770399366282854,160,1,1.2681686054604675,1.247599803520976,1.1622225968864062,1.430168740645292,479
D340N,-0.152,296,0.4694539202821728,935,1,0.3014272287526008,0.3578554043672659,0.5595448901511332,0.6589881578576913,340
R295P,-0.153,298,0.6456555570452707,746,1,1.2335414849316682,0.7390541352945987,0.6000004994182755,0.0100261085365406,295
D488V,-0.153,298,1.2517676209970154,175,1,1.3822022048405564,1.0283043723180003,1.1622225968864062,1.4343413099430986,488
D40Y,-0.155,300,-0.1868724538686762,1538,1,-0.5468415340487878,-0.9440132814676344,0.2835379615773353,0.4598270384643821,40
D488E,-0.156,301,1.4485461877994124,68,1,1.6334548786502534,1.3863573830979656,1.1622225968864062,1.612149892563024,488
A150T,-0.157,302,0.8964163138699366,492,1,0.9783970849985644,0.8382039970107436,0.7798513319920987,0.9892128414783398,150
G84C,-0.157,302,-0.56407948316326,1827,1,-0.7298493915982851,-1.0102292315669898,-0.8136422017652267,0.2974028922774619,84
A51S,-0.159,304,1.448045745518844,69,1,1.93630274322938,1.4445195082764142,1.0550842134549654,1.3562765171146158,51
V470I,-0.159,304,0.7291608162978727,652,1,0.6943428640282108,0.5416007181268354,1.023767204184884,0.6569324788515605,470
D246N,-0.16,306,0.6346343344091399,756,1,0.488234316893564,0.4474027147307646,0.5668200235702149,1.036080282442016,246
S486T,-0.16,306,1.3882061286076477,94,1,1.5466308218570266,1.340410023676457,1.1622225968864062,1.503561072010701,486
V128I,-0.16,306,0.7082426976312887,677,1,0.7643512128915175,1.0476273778967704,0.5404655448782162,0.4805266548586505,128
N483Y,-0.161,309,1.22763222281878,192,1,1.0825431357325628,1.2496170036585676,1.070864652896263,1.507504098987726,483
D227H,-0.162,310,0.4549760506345102,949,1,0.4841908541124712,-0.1169572726114587,0.9283370894918196,0.5243335315452086,227
D481E,-0.162,310,1.2487873882718352,179,1,1.471408331247901,1.360457203453677,1.1204143841889982,1.0428696341967651,481
V2A,-0.162,310,1.551643719355805,36,1,1.9571308714388287,1.7013390335426677,1.1622225968864062,1.3858823755553185,2
T43M,-0.163,313,0.3796318799126397,1037,1,0.1267229117456662,0.2645405655262401,0.0781559579970243,1.0491080843816285,43
A332E,-0.165,314,1.3490451814914552,120,1,1.5265049733679177,1.3426789601694369,1.1102690299002131,1.4167277625282533,332
L140M,-0.166,315,0.049405892537408,1355,1,-0.330140226194143,-0.1581816802239962,-0.1799521292448184,0.8658976058125899,140
A160G,-0.166,315,1.238035162825038,186,1,1.5216170907150337,1.3613465110571417,0.8784158485201666,1.1907612010078097,160
H500Q,-0.1669999999999999,317,0.7067429088970286,679,1,0.9530623970150236,0.9184096952559936,1.1622225968864062,-0.2067230535693088,500
Y364S,-0.1669999999999999,317,0.1371480555778847,1275,1,0.226266368126222,0.1248979738022316,0.4001415947493617,-0.2027137143662764,364
E495V,-0.1669999999999999,317,1.0819545136370428,326,1,1.525995129350474,1.072577026040685,1.1622225968864062,0.5670233022706058,495
D248H,-0.1689999999999999,320,-0.2496547154862745,1600,1,-0.3218333741143617,-0.8999771662920967,0.0551180306541922,0.1680736478071678,248
A376E,-0.1689999999999999,320,1.632091225129328,23,1,1.6840166675760837,1.840714075239055,1.3417194899931384,1.6619146677090348,376
V487A,-0.171,322,1.5983889743696118,29,1,1.8159155109940432,1.7221527418102986,1.1622225968864062,1.6932650477876992,487
G270R,-0.171,322,-0.8730069123624149,2035,1,-0.7989500253588533,-0.8905793624314505,-0.3597357191311661,-1.4427625425281894,270
E119D,-0.171,322,0.9288994470573928,462,1,0.8661564902708587,0.5199628435153786,1.05624524804799,1.273233206395344,119
T243S,-0.172,325,1.0254934700726666,381,1,1.161513705058631,0.9473499393742408,0.9405947232476296,1.0525155126101648,243
A122T,-0.172,325,0.5213567099911507,879,1,0.7496184618723298,0.3285048545073593,0.8789508991543378,0.1283526244305758,122
D246V,-0.174,327,1.1056071040272657,297,1,1.4857557684803695,0.9544391419825674,0.705501054093932,1.2767324515521932,246
R295G,-0.174,327,1.183855459285646,232,1,1.333345655351215,1.2281560963956544,0.8098697350172044,1.3640503503785102,295
A38T,-0.175,329,1.2252945464725844,193,1,1.1456207942611696,1.1393035351845906,1.0818933059250972,1.5343605505194795,38
F303C,-0.175,329,0.0223892061067573,1377,1,0.7137794387962098,-0.3037170457148666,-0.5559371352604956,0.2354315666061817,303
A66T,-0.176,331,-0.2049885104090028,1563,1,0.2577893332945255,-0.065427012559682,0.0910398037053222,-1.1033561660761773,66
A462T,-0.176,331,0.942492492857804,452,1,0.9804120163623024,0.8062633882587377,0.77235914627567,1.2109354205345062,462
I161M,-0.176,331,0.6200467904213693,774,1,0.5598655465043568,0.5639530573341962,0.8889972284394394,0.4673713294074852,161
R223H,-0.177,334,0.8183587128293223,551,1,0.858381010360308,0.7572083089753123,0.7227332650419392,0.9351122669397296,223
D222E,-0.177,334,1.5002392419063346,50,1,1.6041947930350944,1.6828548191285808,1.0723403392550346,1.6415670162066291,222
I381M,-0.177,334,-0.0359691360623753,1429,1,-0.3594803448385787,-0.3285622776271392,0.3018329391651211,0.2423331390510952,381
E316D,-0.179,337,1.410192910302048,85,1,1.8884824394610205,1.6036235268580514,1.0340921206198244,1.114573554269295,316
T17K,-0.18,338,0.9106802411999566,485,1,0.8527323367898669,0.6297114282837484,0.8101728205704599,1.350104379155751,17
E119Q,-0.18,338,0.4205616059832932,995,1,0.0368458451467391,-0.0004097364768482,0.6835202375427034,0.9622900777205784,119
E139D,-0.18,338,0.9819447149655832,424,1,0.5975893777546372,0.8329458282103289,1.006006454042553,1.491237199854814,139
G60R,-0.18,338,-0.2576540738756125,1607,1,-0.1141745346224907,-0.1444111484760242,0.0301252212796426,-0.8021558336835777,60
E316Q,-0.18,338,1.2188220679566697,201,1,1.4225752026687375,1.037796224067144,1.0314778200167116,1.383439025074085,316
H389P,-0.18,338,1.1329077541566497,277,1,1.3717837674843902,1.708541180929554,0.7415125433547151,0.7097935248579385,389
G86D,-0.181,344,0.9243453287575466,471,1,0.8560002552495141,0.6796280934952823,1.2884742996244714,0.8732786666609188,86
T100S,-0.182,345,0.9976692290652652,408,1,0.7937105435076052,1.0703816190308204,0.6806592079906241,1.4459255457320113,100
A129V,-0.182,345,1.012513971113712,387,1,1.4446364076725529,1.2784544550094283,1.1046989824987767,0.2222660392740908,129
R58C,-0.183,347,0.4779770664276567,928,1,0.4764702957939079,0.1610132361087603,0.4874335760000552,0.7869911578079033,58
L494F,-0.183,347,0.9457266176068868,451,1,0.972459877948602,0.8391443199807803,1.114616965159715,0.8566853073384493,494
R290G,-0.184,349,0.4523130118920501,953,1,0.1935860333393432,0.3858292253554393,0.6810697525158469,0.548767036357571,290
D340E,-0.184,349,1.27562602633164,164,1,1.492276918352914,1.1672431016616518,1.0782349060902117,1.3647491792217818,340
S485G,-0.184,349,1.3402928195921464,128,1,1.7069945648555755,1.348171862801631,1.0596433986691682,1.2463614520422108,485
R290L,-0.185,352,0.535912769627527,860,1,0.1412462017160265,0.1909431658653104,0.8062523201620042,1.0052093907667667,290
V398I,-0.185,352,0.5445834377689017,853,1,0.7737915712987693,0.6648825944788251,0.8098814721076382,-0.0702218868096258,398
S484L,-0.185,352,1.2748927052411678,165,1,1.3227853274728345,1.2009212030566097,1.1622225968864062,1.413641693548821,484
A479S,-0.185,352,1.2620073779250411,169,1,1.3370331847588162,1.1708488216201434,1.1622225968864062,1.3779249084347984,479
E395D,-0.186,356,1.4515455594094648,66,1,1.6270020608314877,1.6385051278367542,1.0785744210330168,1.4621006279366011,395
N399K,-0.187,357,0.6640557321200945,726,1,0.5844845253465841,0.6211989094212564,0.7527025732972258,0.6978369204153118,399
G292V,-0.187,357,-0.3701094858272439,1712,1,1.1637077311804769,-1.1517376261293064,-0.4886069372783228,-1.003801111081823,292
D318N,-0.187,357,0.797411001018853,573,1,0.6520859301482661,0.5667091968145367,0.7988489351235639,1.171999941989045,318
A271V,-0.188,360,0.7950068191168319,578,1,0.9215230511129956,0.8056121315772846,0.2977915675381872,1.15510052623886,271
L83M,-0.189,361,0.5267624725346457,870,1,0.3665712580670712,0.2540193633794541,0.6428935802215426,0.8435656884705147,83
R465H,-0.189,361,1.130207571730193,279,1,1.1018915755806082,0.8314092865307215,1.1269692808923255,1.4605601439171163,465
T174S,-0.189,361,0.6593778500648264,728,1,0.4904820543795777,0.6602456843264637,0.6282977222317709,0.8584859393214931,174
Q7H,-0.189,361,1.2081118587117992,214,1,1.224581665965363,1.3230206108005833,1.144756699621672,1.140088458459578,7
A492T,-0.189,361,1.1577142148916948,259,1,1.4094508286223844,1.059911790854956,1.1093970045971444,1.0520972354922944,492
E402Q,-0.189,361,1.039483470577335,369,1,0.992110501887606,1.2031584966136306,0.8025399312142986,1.160124952593805,402
Q269K,-0.19,367,1.215519010666776,207,1,1.3131068543721929,0.7540273324814161,1.11580641310518,1.6791354427083145,269
R72G,-0.19,367,-0.6213234652038304,1867,1,-0.5840892496673837,-0.3814648385665092,-1.5291282635602332,0.0093884909788045,72
T17S,-0.19,367,1.1130719523497752,295,1,1.2606216753357098,0.9559237016230088,1.059998400152327,1.1757440322880557,17
N483D,-0.19,367,1.600080373386703,28,1,1.8674825410576563,1.789086305987235,1.1115152504000507,1.6322373961018706,483
H496D,-0.192,371,0.8203267124396568,549,1,1.3217572215608946,1.0789829002655296,1.1622225968864062,-0.2816558689542029,496
E350A,-0.192,371,1.2476751972582003,181,1,1.3025743206554323,1.2292236537479988,0.9486034002685392,1.5102994143608313,350
R416H,-0.192,371,0.3596117654227266,1061,1,0.2834986926436463,0.298955170093095,0.5783513500259924,0.2776418489281729,416
L304V,-0.193,374,0.2173042522808136,1201,1,0.3610619724067477,0.4487146453557152,0.6798089088641884,-0.6203685175033968,304
H500L,-0.194,375,0.4990749888602128,902,1,0.8704759071138504,0.8144049543090408,1.1622225968864062,-0.8508035028684462,500
I418L,-0.194,375,0.8269518421662829,542,1,1.1270308891879577,1.001522209174296,1.0014072205707578,0.1778470497321203,418
A493T,-0.194,375,1.07057260117518,332,1,1.2479341587737045,1.0418614565206268,1.0845348285452026,0.907959960861186,493
S485C,-0.194,375,0.940964736783104,453,1,1.2536450816601892,0.5407521043212783,1.1086395910979223,0.8608221700530252,485
L296M,-0.194,375,0.7267756603871857,653,1,0.7838592890566455,0.3452956456347337,0.7684280214003113,1.009519685457052,296
R114S,-0.194,375,0.8475915104153433,524,1,1.3092052062765842,1.144807644202703,0.6065593269717414,0.3297938642103443,114
K489Q,-0.195,381,1.4843426220864788,54,1,1.6819190741764218,1.6363327026882366,1.1042845610498215,1.5148341504314355,489
A117V,-0.195,381,1.292427124324118,153,1,2.492779031504804,1.4929168292256172,1.4718661481814233,-0.2878535116153726,117
A143G,-0.195,381,0.554501436255518,839,1,0.3448681509434224,0.656938790931456,0.6369332437680871,0.579265559379106,143
G86R,-0.195,381,1.1329129683046544,276,1,1.1139728596410787,1.529181645137329,1.271495051524181,0.6170023169160286,86
R341H,-0.195,381,1.427146073313991,76,1,1.842478077796068,0.786998351852619,0.9919532942943156,2.087154569312961,341
A122S,-0.196,386,0.8850563458134153,498,1,0.8852583943885977,0.9231431479358044,0.8282659916866706,0.9035578492425882,122
R169S,-0.196,386,-0.1607976013504023,1522,1,0.0569655066226091,0.331780752013386,-0.3042239554545798,-0.7277127085830247,169
L23M,-0.197,388,0.6253333670678278,767,1,0.4230634919344209,0.1795283216798803,0.9912050718541572,0.9075365828028528,23
E469D,-0.197,388,1.1985043435883158,224,1,1.317784950510282,1.0760099142942712,1.0780457794217075,1.3221767301270022,469
L367V,-0.197,388,0.0559846802967899,1349,1,0.5909001863274128,0.0037267491017062,0.4269073786687091,-0.7975955929106684,367
S287Y,-0.197,388,-0.5536120115183317,1823,1,-1.427759374264756,-0.759112139115547,-0.0582257435169084,0.0306492108238847,287
L215R,-0.197,388,0.3651456319977598,1056,1,0.2737208102291602,-0.1003672999197347,0.8737389223728732,0.4134900953087407,215
K489T,-0.197,388,1.5779284584138682,32,1,1.84985771841372,1.7832067226238328,1.1021142663596897,1.5765351262582308,489
H496L,-0.198,394,0.7641733307173476,615,1,1.2688006414094548,0.8266596810636953,1.1622225968864062,-0.200989596490166,496
A81S,-0.198,394,0.9034377552678026,490,1,1.169697499404199,0.5571815469964295,1.018714652233384,0.8681573224371977,81
T43S,-0.198,394,0.7998859722053593,569,1,0.7689465648372252,0.941622404254974,0.5799233576092148,0.9090515621200232,43
H501R,-0.199,397,0.869961128674005,512,1,1.247490020963257,1.1606504257537693,1.1622225968864062,-0.0905185289074123,501
E402K,-0.2,398,0.6005883409679105,792,1,0.4002038241173192,0.6621388034612979,0.4862788734820015,0.8537318628110232,402
E469Q,-0.2,398,1.1516306614001588,262,1,1.3399632948234907,0.8710133014118717,1.0750526295906868,1.3204934197745857,469
V252A,-0.201,400,1.358834357453597,109,1,1.9626986272181404,1.9453970461511316,1.3421921787808384,0.1850495776642771,252
K419Q,-0.201,400,1.5826569094371554,30,1,1.9150687494793268,1.6897555517640703,1.1630254466726644,1.5627778898325602,419
H323D,-0.201,400,1.4276958481741198,75,1,1.6328811801059768,1.84412649186174,0.9486216164740232,1.28515410425474,323
Q107H,-0.202,403,0.5658941766855997,823,1,0.4980888196844675,0.3102923686411385,0.5716945670702837,0.8835009513465094,107
D64E,-0.202,403,0.8080498827215395,558,1,0.7498373519546128,0.8149294521487362,0.8014484049823697,0.8659843218004398,64
D222A,-0.203,405,1.5426748162322483,38,1,1.6607761476998906,1.5924857746942347,0.9773887952018212,1.9400485473330475,222
Q98H,-0.204,406,0.1317253329930253,1282,1,-0.1778067081624958,0.4879246943803425,0.2633878782254166,-0.0466045324711621,98
A247T,-0.204,406,0.5874594912922884,807,1,0.5281677271151097,0.5075012488256144,0.7044253105896493,0.6097436786387802,247
Q6E,-0.205,408,1.423240464326487,80,1,1.5289704697049886,1.4142768443442215,1.1622225968864062,1.5874919463703332,6
A492G,-0.206,409,1.067411201344841,341,1,1.310368585956028,1.0659114287179317,1.0548184276493715,0.8385463630560321,492
E495K,-0.206,409,0.9869344334122612,419,1,1.2605980585139782,1.0245018565291688,1.1622225968864062,0.5004152217194922,495
G338V,-0.206,409,-0.287570532680562,1631,1,-0.5935563784403981,1.1651933815665945,0.6195526039545864,-2.341471737803031,338
P482T,-0.208,412,1.2922246746422414,154,1,1.6177988280802698,1.3948609212602296,1.1347575583883345,1.0214813908401323,482
T53M,-0.208,412,0.3227031234138027,1092,1,0.108548588794116,-0.0358765173877582,0.3074412563596436,0.9106991658892094,53
R330C,-0.209,414,0.3354769570547572,1080,1,0.2074799037279087,0.0556939451659569,0.6362909459548443,0.4424430333703188,330
A317S,-0.209,414,1.0637527407921386,343,1,1.0826991887641426,1.3451576802068013,1.0686975973334245,0.7584564968641863,317
M10L,-0.21,416,1.6003925490029327,27,1,1.6438624334356349,1.9891707876748737,1.0601935471082238,1.7083434277929983,10
A281V,-0.21,416,0.4701017905788733,934,1,0.6754163481483905,0.2057447318922177,0.7402634735562381,0.2589826087186468,281
R56C,-0.21,416,0.2315110595661235,1187,1,0.0546099925035186,0.1184492073789027,0.1311929383723437,0.6217921000097291,56
R154H,-0.211,419,0.8477427240069149,523,1,0.1397926896659992,1.0394025532714384,0.8200067922419028,1.391768860848319,154
V128F,-0.212,420,0.7907764512508386,581,1,0.1124815069014795,1.758127462394859,0.5138202108519675,0.7786766248550485,128
A392S,-0.213,421,0.5171393484095081,885,1,0.5409261447001293,0.1661443342375483,0.755023140778558,0.6064637739217966,392
N142Y,-0.213,421,0.0911271593319713,1315,1,0.4219370257834047,0.0487164400167141,-0.5778468563318461,0.4717020278596124,142
P54S,-0.214,423,0.0954204322968935,1313,1,0.0598371402485676,-0.0189069853794602,0.3617850922542638,-0.0210335179357969,54
A317T,-0.214,423,0.6343814697532255,757,1,0.8436805973868253,1.0814106205278158,1.0749749797708867,-0.4625403186726258,317
K489N,-0.215,425,1.399960079022605,89,1,1.6213106627431673,1.4577935600984224,1.1205506806384182,1.4001854126104123,489
S334C,-0.215,425,0.0181777433409104,1382,1,-0.5925690347709434,0.3512152367703315,0.4057004062328174,-0.0916356348685637,334
A343T,-0.216,427,1.0049577080909269,395,1,1.044384734739295,0.623905842148265,0.9131692025681656,1.4383710529079825,343
L411V,-0.216,427,0.069986945310003,1336,1,0.3642769694681666,0.0744844388773975,0.5175224091455066,-0.6763360362510586,411
G282C,-0.216,427,-0.1050337968034822,1481,1,-0.826842319708027,-0.1269480521510377,0.5751587766544191,-0.0415035920092832,282
N142I,-0.216,427,0.2169343220243577,1202,1,0.2625362575850039,-0.051377704908804,-0.1701232438823385,0.8267019793035696,142
D164H,-0.216,427,0.2716594035330776,1140,1,-0.1898299644849041,0.0205814029862563,0.9232714913451942,0.3326146842857639,164
V407I,-0.216,427,1.1055417270543555,298,1,1.3558842999696297,1.3546269125968204,0.6875728251752855,1.0240828704756864,407
A343V,-0.218,433,0.3652431735824278,1055,1,0.7737140029632241,0.2725572748969865,0.8433714904753044,-0.4286700740058036,343
A468S,-0.219,434,0.999374987785919,405,1,0.9378186075498915,0.7991921782338535,1.0755481374191245,1.1849410279408077,468
N142T,-0.219,434,0.9514057933866846,446,1,1.185401971726419,0.906928711955344,0.4489757273969822,1.2643167624679932,142
G292D,-0.22,436,0.8039411243412053,564,1,1.5865032783066697,0.8787183680115174,0.5862132935384767,0.1643295575081574,292
P273A,-0.221,437,0.1787915479133755,1239,1,0.263984941363208,-0.0415735243628479,-0.2211195025742904,0.7138742772274324,273
L106V,-0.222,438,1.6309136242863778,24,1,2.5233247392887703,2.0039564503784613,1.007803184498139,0.9885701229801408,106
A479G,-0.222,438,1.276121406883525,163,1,1.5469424223419856,1.3077310290797195,1.1622225968864062,1.0875895792259884,479
A105V,-0.223,440,0.8241612454053628,545,1,0.8745544949404833,1.179976331350321,0.9966082313122696,0.2455059240183775,105
P360T,-0.223,440,-0.3518066744782132,1685,1,0.0314015768431121,-0.1069933104406156,-0.2801910693196451,-1.0514438949957043,360
V200G,-0.225,442,0.5743919392528571,815,1,0.7768042486034549,1.045386038347199,0.6011996079048021,-0.1258221378440271,200
P44T,-0.226,443,0.1039760590410575,1305,1,0.141150773830518,0.2663047118272468,0.2014706779951858,-0.1930219274887203,44
S287F,-0.226,443,-0.6092372209368819,1851,1,-1.6707015305527106,-0.8537143363878446,0.153965183465485,-0.0664982002724574,287
R341S,-0.226,443,1.256180218052915,174,1,1.6766218469729353,0.6262493683459153,0.9278665396854472,1.7939831172073613,341
E350K,-0.226,443,0.9358269711744562,454,1,0.8973913359017932,1.0085941987738525,0.7407857212260628,1.0965366287961162,350
A15P,-0.227,447,0.4806356245550824,925,1,1.4318324659303636,-0.2917400346415632,0.857619865989167,-0.0751697990576377,15
T322P,-0.228,448,0.9262435954646964,467,1,1.5684362959269975,1.109128818980858,1.041928883916916,-0.014519616965986,322
S320R,-0.229,449,1.1136810904591743,294,1,0.8746471863839769,0.9777301514616592,0.9473390296673936,1.6550079943236675,320
A11G,-0.229,449,0.8381747819160721,534,1,0.8900470288806891,0.8768221929439666,0.9771880303406152,0.6086418754990174,11
P12T,-0.229,449,1.3965149895238351,91,1,2.012490698611296,1.2384571934293909,1.1787414056407852,1.1563706604138693,12
H501D,-0.23,452,0.6915696447317266,699,1,1.0074033071593609,0.931572564138202,1.1622225968864062,-0.3349198892570629,501
S486Y,-0.231,453,1.1192604236885662,291,1,1.1492809244901203,0.7592010265703124,1.1622225968864062,1.4063371468074255,486
P482R,-0.231,453,1.245124941230824,182,1,1.5646134801124374,1.4371824944711755,1.1261910522990404,0.8525127380406426,482
T351I,-0.235,455,0.538963438634628,858,1,0.9404269234091218,-0.0546708777895746,0.4653909848869873,0.8047067240319778,351
D409H,-0.235,455,0.4155774223683727,1005,1,0.5805327744512198,0.1141646649785366,0.5986788696694427,0.3689333803742917,409
H333Y,-0.235,455,0.8633153757854752,518,1,0.5420070076973824,0.7915764820746698,0.8413336646317094,1.2783443487381392,333
D393N,-0.236,458,0.5246764248730513,875,1,0.4165340379399192,0.2294420556906452,0.9708869083638249,0.481842697497816,393
S320N,-0.237,459,1.0458771124910329,365,1,0.996527403687413,0.8800486965987403,1.0487724223474617,1.258159927330517,320
E39V,-0.237,459,0.4297560572657486,980,1,0.7629563479128492,0.0006415043775996,0.6770703961797125,0.2783559805928332,39
A9S,-0.237,459,1.223820869385624,194,1,1.4801374232822833,1.1550868819626212,1.1083201658231026,1.1517390064744892,9
H496P,-0.237,459,0.694052386447646,696,1,1.486066370448381,1.0853643426201365,1.1622225968864062,-0.9574437641643396,496
G101V,-0.237,459,-1.411265661428761,2298,1,-1.136066182658085,-1.8053684554731528,-0.5549667182990575,-2.148661289284749,101
E82D,-0.238,464,1.2145177420252649,208,1,1.5908461571380683,0.9841846243715908,1.0546238430940549,1.2284163434973452,82
V487D,-0.239,465,1.3949956247510222,93,1,1.5960055384449514,1.4299957047053384,1.1622225968864062,1.3917586589673934,487
G319V,-0.239,465,-0.0063660065212618,1405,1,-0.2887384272839949,0.2422853301400928,0.9383802507165724,-0.9173911796577175,319
A37V,-0.24,467,1.1348217260869595,275,1,1.5080474507868704,1.3576093314216169,0.9144952001937354,0.7591349219456158,37
V451I,-0.241,468,0.5572485492363434,834,1,0.5027715987406471,0.2897195801303142,0.5212844189359872,0.9152185991384252,451
V2G,-0.241,468,1.330481394794952,133,1,1.5765221850538704,1.2711906452148791,1.1622225968864062,1.3119901520246515,2
A150V,-0.243,470,0.7479930600912839,634,1,0.4665404618510003,0.6504200498855188,0.8689249761024059,1.0060867525262105,150
G396C,-0.245,471,-0.7360475822681434,1951,1,-1.3156765294154682,-0.5802087324642343,-0.3226633404373653,-0.7256417267555053,396
A405V,-0.245,471,0.3134591748509825,1096,1,0.2490837316873239,0.3118464039763979,0.4230997593614745,0.2698068043787336,405
D250H,-0.245,471,0.4580525370287365,945,1,0.0368429380720815,0.7526452401359354,0.5135425449229472,0.5291794249839818,250
S422A,-0.245,471,1.9773764559963096,5,1,2.5896079374065666,2.457824700008461,1.03706104853329,1.8250121380369215,422
E495D,-0.246,475,1.3072484938016478,143,1,1.611603194732677,1.534522183797646,1.1622225968864062,0.9206459997898616,495
N399H,-0.246,475,1.5050498196062845,48,1,1.8398432759588128,1.700901941615259,0.907800534614848,1.5716535262362177,399
I404S,-0.247,477,-0.3844657533878986,1725,1,-0.382203582378041,-0.1183304466226852,0.0280404779057438,-1.065369462456612,404
R72H,-0.247,477,0.3716796580258744,1048,1,0.2602271302658891,0.0051899795791064,0.535308985595662,0.68599253666284,72
A163G,-0.248,479,0.3808884834676282,1035,1,1.0976163810309176,0.0853048106005234,0.3912466139132571,-0.0506138716741853,163
R341L,-0.248,479,0.8954192007688881,493,1,1.3224253431540045,-0.0098949774327683,1.2196914890212789,1.0494549483330375,341
A492D,-0.248,479,1.06812172138948,337,1,1.2486830022463906,1.0765421143317315,1.0597361756088677,0.8875255933709305,492
A11V,-0.249,482,0.8711424231101541,510,1,0.4833773535075576,0.8732945551846781,0.995516846326698,1.1323809374216822,11
A412S,-0.249,482,0.770690112228152,608,1,0.901760441602388,0.7709585094158241,0.8864118961329311,0.5236296017614647,412
A122V,-0.249,482,0.0849940834996182,1324,1,0.3104051853368799,-0.0219600492610837,0.508506390551406,-0.4569751926287293,122
G167C,-0.249,482,-0.8894833384669935,2044,1,-0.9625080619914748,-0.9541791846616564,-0.695692635267131,-0.9455534719477112,167
E316G,-0.25,486,1.3518376609683522,117,1,1.9419531484051609,1.3729579678728636,0.7982975662468234,1.2941419613485614,316
G480V,-0.251,487,1.3723267219519175,101,1,1.328860506813951,1.1408206342718643,1.0699670275586382,1.9496587191632169,480
E274D,-0.251,487,1.296194304286132,149,1,1.3682216277904562,1.3585349633069497,0.9868301222074622,1.4711905038396609,274
Y453F,-0.251,487,1.051455723505133,355,1,1.026879797326358,0.8774515279856274,0.6309767153807933,1.6705148533277536,453
P225T,-0.252,490,0.1375786697262751,1273,1,0.565106161588745,-0.3928321598799003,0.4556487257946736,-0.0776080485984176,225
R74G,-0.252,490,0.2026321381039764,1222,1,0.4374652914629923,-0.157660300682991,0.2500619559543071,0.2806616056815975,74
T43K,-0.252,490,0.510010802599282,894,1,-0.1305309500353765,0.6766771850787504,0.0882484555086839,1.4056485198450703,43
G319S,-0.252,490,0.4913379244566979,907,1,0.5491477057373397,0.6967603383292359,1.0756089600409793,-0.3561653062807637,319
Q269R,-0.254,494,1.465475918784419,59,1,1.7855573853622395,1.202574719915834,1.1444734786492397,1.7292980912103628,269
I418M,-0.254,494,0.6275403636958115,764,1,0.8854561765809735,0.5390555003699017,0.881553288483465,0.2040964893489058,418
T322S,-0.254,494,1.5321514513953682,42,1,1.5504092858238714,1.6589437359549384,1.117944716092054,1.801308067710608,322
N142D,-0.254,494,2.02180243100241,4,1,2.8608125218449185,2.255979096769545,1.048069821464823,1.9223482839303525,142
K278E,-0.255,498,1.1247910195581778,284,1,0.8725513435488372,1.3272892070010225,0.926708698268863,1.372614829413989,278
N142S,-0.255,498,0.9972044761860916,409,1,1.1899465636207094,0.7943818594913289,0.6552420604741692,1.3492474211581589,142
H499Y,-0.255,498,0.2523546713367336,1163,1,0.87228290680282,0.3112803080321748,1.1622225968864062,-1.3363671263744663,499
G396S,-0.255,498,-0.1912426991018864,1548,1,-0.4533443252967752,-0.1080968139811116,0.0319524987636768,-0.2354821558933357,396
A343G,-0.256,502,0.8778116660754611,507,1,0.8075366664171871,0.9248481401106576,0.7488210888388422,1.0300407689351576,343
F374Y,-0.256,502,1.3052467728678807,145,1,1.651830807229327,1.6769264343906765,0.5320766179858776,1.360153231865642,374
L215M,-0.256,502,0.5909818002085654,804,1,0.4837163057732107,0.5368937709858915,1.0379159571534842,0.3054011669216754,215
R169H,-0.257,505,-0.1479552682219328,1513,1,0.3101853978532898,-0.2424226440723165,-0.2452422944202997,-0.4143415322484048,169
A143T,-0.257,505,0.7639907749280721,616,1,0.6537269737926363,1.2587288400399537,0.9577180718484468,0.1857892140312517,143
S484T,-0.257,505,1.3523564021263903,115,1,1.5235069831099817,1.335048943223518,1.1622225968864062,1.388647085285656,484
T53S,-0.257,505,0.4449413793414977,961,1,0.3730798190424014,0.0760087880091261,0.3961053430636939,0.9345715672507692,53
N483T,-0.258,509,1.5679988599595016,34,1,1.8280032664554908,1.835916073776357,1.1061473285432648,1.5019287710628944,483
A392T,-0.258,509,0.7342669330973804,642,1,1.193763274578488,0.54892659960575,0.7390702529901271,0.4553076052151571,392
P99S,-0.258,509,-0.2841997744213184,1627,1,-0.1954603866822757,-0.2006598933738986,-0.4828596434532255,-0.2578191741758737,99
C230F,-0.258,509,1.0868522336213602,316,1,1.9700196144447064,1.857454661757517,0.3460561402304357,0.1738785180527813,230
H498R,-0.258,509,0.8823207330278532,501,1,1.49375583570756,1.0160311540521128,1.1622225968864062,-0.1427266545346657,498
L268M,-0.258,509,0.212214092793095,1207,1,0.2436160803918833,-0.2039540641102501,0.3488266167374139,0.4603677381533332,268
A491E,-0.259,515,1.128300167790122,281,1,1.3641335603725475,0.9637155192922164,1.1622225968864062,1.0231289946093185,491
E157D,-0.259,515,1.1218548716655747,287,1,1.438473459955679,0.9973091693628964,0.8893797116368531,1.1622571457068698,157
R223C,-0.259,515,0.2467120373684689,1169,1,0.3573082691323149,-0.2265198196799697,0.3735844859064415,0.4824752141150892,223
H415Y,-0.259,515,0.1053584573127878,1304,1,0.2038462879157559,0.1857888675942671,-0.1820100062471851,0.2138086799883133,415
A160S,-0.259,515,0.8786157390430586,505,1,0.9679507713243204,0.495127465426967,1.0366926803355638,1.014692039085383,160
D246Y,-0.26,520,0.3190017892644032,1093,1,0.3367736164293061,0.0717316047936687,0.1821062092058311,0.6853957266288068,246
T49A,-0.26,520,0.7494323623488599,632,1,0.4148892024590387,0.5524520233729684,0.5150388781453505,1.5153493454180818,49
A412V,-0.261,522,0.5907792078431797,805,1,1.054729989650813,0.4878993737949779,0.546314258512827,0.2741732094141008,412
D198N,-0.261,522,0.3037418972521898,1106,1,0.0684890747296939,-0.1238097963491974,0.7530144806822885,0.5172738299459744,198
A332G,-0.262,524,0.982705852828589,423,1,0.8626636811476512,0.9058435128281596,1.0467275759173376,1.1155886414212075,332
A81G,-0.263,525,0.6783112218873782,711,1,1.0476706201842734,0.4927467067429557,0.6577369331939933,0.5150906274282908,81
L116V,-0.263,525,0.1195605023991353,1291,1,0.4626521483804527,-0.2341080124447058,0.1442433709635591,0.1054545026972353,116
G124D,-0.263,525,0.4835659697048949,922,1,1.056657677176177,0.439429412077786,0.5691100697524389,-0.1309332801868225,124
A228S,-0.264,528,0.985865426538098,420,1,0.6973789622430747,1.2153688109991898,0.9131257228278707,1.1175882100822565,228
D40H,-0.264,528,0.1818076635126459,1236,1,-0.2769219271670367,-0.4680914256447974,0.6042805201627716,0.8679634866996464,40
D285A,-0.264,528,0.0214026917388785,1380,1,0.4436522288655213,-0.767198261815138,0.3375725418747269,0.0715842580304038,285
M10V,-0.264,528,1.7792405323842009,9,1,1.9683845619020224,2.1704807101573795,1.0941433524035498,1.883953505073852,10
L476V,-0.265,532,0.5278150979197209,868,1,0.9897917369840274,0.7747660144825601,0.9125931135829062,-0.5658904733706098,476
D481V,-0.266,533,1.1799232835083766,237,1,1.446888546848782,1.2588925702105571,1.0999839557725932,0.9139280612015738,481
A493S,-0.266,533,1.1411488303253874,270,1,1.272775389793254,1.117884689873135,1.0845348285452026,1.089400413089958,493
T172N,-0.266,533,0.652022555335517,739,1,0.2614216346033547,0.2751671038027818,0.8540317576697631,1.2174697252661684,172
R154C,-0.266,533,0.4999569725663542,900,1,-0.1706762607205711,0.8553283837319979,0.291715211514651,1.0234605557393388,154
Q218H,-0.266,533,0.6505946033279245,740,1,0.6706235363164103,0.502401832611519,0.4541167797709561,0.9752362646128128,218
R169C,-0.267,538,-0.5170007873447248,1805,1,0.2351706746060168,-0.1147308073466395,-0.8087638048020558,-1.3796792118362209,169
L370V,-0.267,538,0.7167964077994727,667,1,1.3569484220086898,0.8056672630981278,0.9922347229093575,-0.2876647768182842,370
E153A,-0.267,538,0.4607349851415567,942,1,0.5499840458375,0.2773947540211032,0.5718326703409163,0.4437284703667073,153
Q218L,-0.267,538,0.6214432365174355,772,1,0.5253187307531174,0.4279772730400208,0.5583679855058679,0.9741089567707356,218
E350D,-0.267,538,1.1013703038367226,302,1,1.101779286662084,0.9201236993140616,1.070261832826011,1.3133163965447336,350
H496R,-0.268,543,0.9613900478473176,442,1,1.5084441716817576,1.085848645589715,1.1622225968864062,0.0890447772313914,496
A376S,-0.268,543,1.242547396156069,184,1,1.4306827558215394,1.3202232493604948,0.8347376502879301,1.3845459291543107,376
R408H,-0.269,545,0.8052243005432295,562,1,1.3516828218815626,0.8672456482023968,0.9867702699240776,0.0151984621648809,408
L79M,-0.269,545,0.528090678286217,867,1,0.6520090569827477,0.0056841675555327,0.9315805865340744,0.5230889020725136,79
G124S,-0.269,545,-0.2244320126467894,1578,1,0.2181794804824014,-0.3061553058267258,-0.414631036654757,-0.3951211885880762,124
S26L,-0.271,548,0.1885328223763822,1235,1,-0.6565677019491216,0.6244595896296748,0.2130643653573471,0.5731750364676284,26
L121M,-0.271,548,0.1886343496724816,1234,1,0.0191508356089977,-0.2146901170367924,0.2795654977566622,0.670511182361059,121
Q218R,-0.272,550,1.3723245382108742,102,1,1.5015600198204937,1.405960255984183,1.0639800801990422,1.517797796839778,218
T197A,-0.274,551,0.4891725905477025,913,1,0.5298409887303621,0.7725151641219834,0.5902432328465446,0.06409097649192,197
G282D,-0.274,551,0.9292465694516792,461,1,0.1629568925126958,1.3827939160867264,0.8969922766005007,1.274243192606794,282
A471V,-0.274,551,0.78143548308456,594,1,0.992070099869589,1.480457620034351,1.2285006181356757,-0.575286405701376,471
Q229K,-0.276,554,0.9463287587215709,450,1,0.7859333857093986,0.7746432782461129,1.0530495863099048,1.1716887846208666,229
V65F,-0.276,554,-0.0306455555049723,1421,1,-0.2327467790332762,-0.5618686458156096,0.132886540182511,0.5391466626464856,65
E469G,-0.276,554,0.9475109481690888,449,1,0.994399146969838,0.7511861258128061,0.8611548938411643,1.1833036260525471,469
A143E,-0.276,554,0.8770505666260326,508,1,0.5379834141396032,1.290828914689104,0.5665507031631646,1.1128392345122589,143
E39K,-0.277,558,0.233590051974567,1185,1,0.0217519596183136,-0.3766140131239985,0.6627832046334646,0.6264390567704883,39
N483H,-0.277,558,1.4531658361593087,65,1,1.5320100943278072,1.6655946304993672,1.118108366637946,1.4969502531721146,483
D481G,-0.278,560,1.2582222936214331,173,1,1.7284030968401969,1.4195870107752957,1.0877468356622906,0.797152231207949,481
S361G,-0.278,560,0.9635324271496596,436,1,1.1338389610095063,1.3953443043316949,0.5330430797847522,0.7919033634726844,361
S361R,-0.278,560,1.0397306156926116,367,1,0.7565371605240659,1.169584756880088,0.8153841558756836,1.4174163894906084,361
R52H,-0.278,560,1.4768324082603193,56,1,1.953760772464821,1.827529471814976,0.9630681113899506,1.16297127737153,52
I161V,-0.278,560,1.0537373593470771,353,1,0.9375008010925108,1.2019403176388015,0.6460843153191416,1.4294240033378545,161
S486F,-0.278,560,1.1817385152961866,233,1,1.0401929353139203,0.949594896150293,1.1622225968864062,1.5749436328341269,486
A51T,-0.278,560,0.6567594615676904,732,1,0.7661417939283977,1.084213503305523,0.4856048229321015,0.2910777261047395,51
A143P,-0.278,560,-0.6133274809721254,1856,1,-0.7666222428912445,-0.2724171849777278,-0.2425821315161277,-1.1716883645034013,143
D285H,-0.28,568,-0.3908207420617553,1731,1,-0.2936210487637208,-1.1874675914496715,0.2048430331078448,-0.2870373611414738,285
P54A,-0.281,569,0.4136526411855345,1010,1,0.5220944942500686,0.3558670523904323,0.567961682337045,0.2086873357645922,54
D248A,-0.281,569,-0.3727023127814198,1715,1,-0.7889834106017956,-0.9495985286176666,-0.1347138910877024,0.3824865791814852,248
S315A,-0.282,571,0.7297096550093418,650,1,0.8110800112414852,1.0588945082732446,0.8098567746526825,0.2390073258699552,315
K278N,-0.282,571,0.8104509048701214,556,1,0.5688065074037509,0.9548460799616416,0.7320089567948066,0.9861420753202867,278
L490H,-0.283,573,1.1419777420189992,268,1,1.2734046450621332,1.2895443900117671,1.1622225968864062,0.8427393361156902,490
D373A,-0.283,573,0.5962281600580008,798,1,0.6789861157534376,0.7440881296021732,0.5622738670285689,0.3995645278478237,373
G321C,-0.283,573,-0.4419024164348156,1769,1,-0.4738481250900453,-0.2455512955141907,0.6615610258698269,-1.7097712710048536,321
G292R,-0.283,573,0.0562605255548402,1348,1,1.138022778619027,-0.4958652389549798,0.121138140503502,-0.538253577948188,292
G321S,-0.284,577,0.4818118370353428,924,1,1.1676593493615637,0.7901253194132009,1.089606040502796,-1.1201433611361888,321
L294M,-0.285,578,0.7659912955834247,612,1,0.829768797931294,1.1225613895167836,0.5718660175027885,0.539768977382833,294
E395A,-0.285,578,1.3006042987929545,147,1,1.3783993720044054,1.4154000165537062,0.944752253277292,1.4638655533364142,395
L203V,-0.286,580,0.0886145511249963,1319,1,0.1904037724664632,0.6059220523079852,0.2236646240783511,-0.665532244352814,203
A4V,-0.286,580,1.1734447977234648,245,1,1.077850137676988,1.0669161133729346,1.1622225968864062,1.38679034295753,4
K123R,-0.286,580,1.6577542031518702,21,1,1.6720733242081296,1.9218573211685075,1.0191360571640868,2.017950110066756,123
G321D,-0.287,583,0.2534964251048635,1160,1,1.0346941909590956,0.7483696784357968,1.0021390308331233,-1.7712171998085615,321
H323Q,-0.287,583,1.121083483598662,290,1,1.485421663445722,1.3483537297769916,0.8607108567053896,0.7898476844665443,323
T322A,-0.287,583,1.3961667309600467,92,1,1.9264452448876328,1.470885097898092,1.127521622643364,1.0598149584110974,322
M10I,-0.287,583,1.4541668484363317,64,1,1.3738702255241668,1.7636755706074905,1.0597181677138678,1.6194034298998,10
L215V,-0.287,583,-0.3906272003795595,1730,1,-0.0198241120978466,-0.564109704718299,0.2857158529461303,-1.264290837648223,215
T53K,-0.288,588,0.2703231267246198,1146,1,0.0256346232524608,-0.1092545759188176,0.3129047146299231,0.8520077449349129,53
M10K,-0.288,588,1.7827773177641506,8,1,2.3301745027205096,1.919559883425499,1.112779148381972,1.7685957365286216,10
V217I,-0.289,590,0.6040720963629518,788,1,0.4868960640339939,0.5745424254903506,0.60480995082536,0.7500399451021024,217
P477S,-0.289,590,0.7774175033156343,600,1,1.0883154610916037,0.5229115067568534,0.7459954564139751,0.7524475890001051,477
A38V,-0.289,590,0.6252222095919949,768,1,0.66985739574951,0.2589164020085539,0.5563977124916941,1.0157173281182217,38
D40E,-0.289,590,0.5794808054140954,811,1,0.2079505717544735,0.2468875648110191,0.7630900186616266,1.0999950664292626,40
K300T,-0.289,590,1.0320047664528196,376,1,1.405490072115308,1.121866772892043,0.3720265368667257,1.2286356839372017,300
T8M,-0.291,595,0.7435328094340969,637,1,0.4634416592997113,0.3459507378235757,1.0744355610613945,1.0903032795517067,8
A14V,-0.291,595,0.7839609448343363,592,1,0.8675863760195632,0.2899990420589319,0.9233556085125336,1.0549027527463162,14
K123Q,-0.292,597,1.2218603725270525,196,1,1.3817195862092566,1.2513599026518738,0.783202103050186,1.4711598981968932,123
N397Y,-0.293,598,0.8217528276001638,547,1,1.3483833205836486,0.3775037420483869,0.5936210088960077,0.967503238872612,397
I161F,-0.293,598,0.3071832220469308,1103,1,0.3700756228120438,0.2978402535793926,0.8635397648580188,-0.3027227530617318,161
Q229L,-0.293,598,0.8272585241183252,541,1,0.2738188165634957,1.1851988034264795,0.7293217936597852,1.1206946828235402,229
H333L,-0.294,601,0.5526530777533252,843,1,0.2650161818599965,1.1475821036878486,0.6967933033515719,0.1012207221138837,333
F288C,-0.294,601,-0.3769934780292368,1719,1,-0.5605294571570255,-0.7976445818347889,0.5858601006974862,-0.7356599738226189,288
V2I,-0.294,601,1.346944031675075,122,1,1.469772962718841,1.3612980059210154,1.1622225968864062,1.3944825611740372,2
L490I,-0.294,601,1.1384702925097825,274,1,1.090978796498598,1.0458405615642856,1.1622225968864062,1.2548392150898398,490
S231G,-0.294,601,0.9506551102572642,448,1,0.9571368296208138,2.0966455090383334,0.8780625675020013,-0.1292244651320914,231
I161L,-0.295,606,1.3258888084212654,136,1,1.7332004019984415,1.7279886689920376,1.060404532182087,0.781961630512495,161
R465L,-0.295,606,0.7588588143844195,624,1,0.6196238155525535,0.1933642129683995,0.9714133155114408,1.2510339135052844,465
E20V,-0.296,608,0.421528144700798,992,1,0.5979959890230887,0.0026886051017572,0.3863158291475718,0.6991121555307745,20
P375A,-0.296,608,0.0146335188324205,1385,1,-0.0197477697894398,-0.1621596314971398,0.5016680790206629,-0.2612266024044009,375
D373N,-0.296,608,0.0898580166610192,1317,1,-0.095825787191468,-0.0011724723364768,0.5481679798498242,-0.0917376536778022,373
A36G,-0.296,608,0.6939287835778871,697,1,0.7601858299271643,0.6154972249981312,0.4041574096647073,0.9958746697215456,36
G188C,-0.296,608,-0.3989878564496384,1736,1,-0.2385477074790596,-0.1522021553875724,0.6041145611863604,-1.809316124118282,188
T457A,-0.297,613,1.414336638066668,83,1,1.7107866541549477,1.3262483968556935,1.0296416689779522,1.5906698322780783,457
A343S,-0.299,614,1.1696861272041812,247,1,0.9953187242011264,0.6811110316204048,1.0519010946436234,1.9504136583515703,343
A412G,-0.299,614,0.5850083621943852,810,1,0.9227065907232188,0.6065370431756711,0.5408605879288274,0.2699292269498235,412
S315W,-0.299,614,-0.853899389849861,2025,1,-1.321482538922176,-1.1962300107691977,-0.0729279721599279,-0.8249570375481425,315
A122D,-0.3,617,1.0855190675895985,319,1,1.3814525018849282,0.8832008911957259,1.0632052256553093,1.0142176516224304,122
R114C,-0.301,618,0.0651173222225797,1340,1,0.1268689480091318,0.3776797388264631,-0.2968819931950731,0.0528025952497971,114
G480E,-0.301,618,1.3459733951199455,123,1,1.2431813697760905,1.2470430663706968,1.112892361981427,1.7807767823515674,480
L16R,-0.301,618,1.003875777395612,397,1,1.677831714567995,0.3176116393268298,1.1153796995434204,0.9046800561442024,16
Q126L,-0.301,618,0.7485065070930221,633,1,0.8171520812766631,0.804854197897639,0.3815826820086032,0.9904370671891832,126
L490P,-0.302,622,1.2215312989213016,198,1,1.6089361686048127,1.691254050199657,1.1622225968864062,0.4237123799943313,490
E139G,-0.303,623,0.2969371964856362,1112,1,-0.2818297769990109,0.4008082225778203,0.3208319827319296,0.7479383576318058,139
A405T,-0.305,624,0.9056448126932484,487,1,0.8692694079335572,0.846832142388669,0.7267957421261412,1.1796819583246263,405
N483I,-0.305,624,1.230649741662081,190,1,1.2299260572953097,1.4653801469393328,1.090132243779225,1.137160518634457,483
Y158F,-0.305,624,0.7728257070954407,606,1,0.4614724574842871,0.9647571557866984,0.3499408837616207,1.3151323313491567,158
A9D,-0.306,627,1.169082413700147,248,1,1.438484908142076,1.1500453881466968,1.0842222686928464,1.003577089818969,9
E469A,-0.306,627,0.9056133447430896,488,1,1.03596111305418,0.3668251281837186,0.8532295472197982,1.3664375905146615,469
R114L,-0.306,627,0.0805308787147528,1327,1,0.1276842939744802,-0.0913042766064707,0.0153755896614563,0.2703679078295454,114
I97V,-0.306,627,1.0687981044648105,334,1,1.4877907934177483,0.5167878541549674,1.0106838166157412,1.2599299536707838,97
K300E,-0.309,631,1.055030477538783,350,1,1.2541686963638925,1.4178929248501115,0.3068201811226392,1.2412401078184898,300
A5P,-0.309,631,1.2117288644575872,210,1,1.375803506008384,1.272054133305189,1.1622225968864062,1.0368352216303698,5
E82K,-0.309,631,0.3702758602648724,1051,1,0.0122395057595465,0.1284216513221835,0.5000901879982209,0.8403520959795389,82
K108I,-0.31,634,0.3112676092327712,1101,1,-0.0141340569516236,0.0876446572057191,0.474753306234979,0.6968065304420102,108
E153G,-0.31,634,0.2446845681892305,1172,1,0.3234300426340215,0.1466759223908531,0.685973944240973,-0.1773416365089253,153
H501Q,-0.31,634,0.7595257291870449,623,1,1.111716173420901,0.8800088447414792,1.1622225968864062,-0.115844698300607,501
H498N,-0.312,637,0.5264461874010675,872,1,1.0137995665767117,0.6620151317352436,1.1622225968864062,-0.7322525455940918,498
A249G,-0.312,637,0.5458025490840342,849,1,0.6300762151243969,0.4189476778887162,0.6102557460743067,0.5239305572487173,249
S371T,-0.313,639,1.0062082877551315,392,1,1.3750279743263931,0.8849228780984408,1.0255186218802923,0.7393636767154013,371
L211V,-0.313,639,0.4590903617806403,944,1,0.3761385924395971,0.7636623765064143,0.504440997032113,0.192119481144437,211
Q229R,-0.313,639,1.2304962677416909,191,1,1.2557035117084276,1.2840740073429262,1.079909186768314,1.3022983651470956,229
K489R,-0.313,639,1.6728277175586403,20,1,1.9407256677295104,1.8183696565103675,1.0845348285452026,1.8476807174494805,489
A228T,-0.313,639,0.5292227459738358,865,1,0.3574574273411739,0.7784700232157676,0.9347360503439602,0.0462274829944413,228
Q126R,-0.313,639,1.201832995716074,222,1,1.282858578244092,1.2623992023302937,0.8780944775268649,1.3839797247630454,126
D420H,-0.314,645,0.2887450189161243,1120,1,-0.1047742685666074,0.4166740639477009,0.2614172788872211,0.581663001396183,420
R102L,-0.314,645,0.5166489682984139,886,1,0.1819708291832604,0.5851889832444834,0.3515204332668889,0.947915627499023,102
R74H,-0.314,645,0.6093232634951056,782,1,0.6047241731690938,0.3736044342682107,0.7582914032310072,0.7006730433121107,74
A249V,-0.315,648,0.9977432490355218,407,1,1.374974288241135,0.5998488537789071,1.238207764693508,0.7779420894285368,249
R115H,-0.316,649,0.6336935181273095,758,1,0.6180554740535402,0.5595986026771952,0.5212567274054111,0.835863268373091,115
E75Q,-0.317,650,0.7400044811813427,639,1,0.7754466447382274,0.3798936685305475,1.001761317526736,0.8029162939298596,75
H500N,-0.317,650,0.3290448721897139,1086,1,0.6589178589411923,0.6224818398683877,1.1622225968864062,-1.1274428069371307,500
R295C,-0.318,652,0.1920166701175022,1231,1,-0.0409937836612306,-0.0057547498957856,0.3368696350420773,0.4779455789849478,295
S361N,-0.318,652,0.9258667417524684,468,1,0.6297368204778174,1.1880296729349311,0.7840169958749824,1.1016834777221425,361
K419E,-0.318,652,1.534526328130122,40,1,2.095323152307436,1.4131647420950872,1.1171909115845329,1.5124265065334328,419
R102H,-0.318,652,0.919357427139694,476,1,0.7923939293950539,1.0999979882625752,0.7060177916511005,1.0790199992500469,102
E148V,-0.319,656,0.5742427290113115,816,1,1.0467780724275757,0.5673553706691247,0.1695627803246779,0.5132746926238676,148
G319D,-0.319,656,0.4476967167872061,958,1,0.6335533734424081,0.486838216750695,1.120239354818755,-0.4498440778630338,319
R58H,-0.32,658,1.332231445864987,132,1,1.5484189761185403,1.216080484717766,0.9123258643632448,1.6521004582603982,58
G338C,-0.32,658,-0.3305935859083221,1668,1,-0.3726212828907545,0.2796142342968563,0.7269783369518718,-1.956345631991262,338
D340G,-0.32,658,0.7089242712525914,676,1,0.5091380416835724,0.6816191895749635,0.9528057847728928,0.6921340689789368,340
E20K,-0.321,661,1.0465953925885303,361,1,1.1279771230299132,0.6671853333296072,1.0483886759374772,1.3428304380571234,20
T43R,-0.322,662,0.6482543781954849,743,1,0.0314284483245149,0.8993984571802722,0.1921223103391058,1.4700682969380467,43
A479T,-0.322,662,1.294921297697133,151,1,1.358264119760751,1.1684713683327437,1.1622225968864062,1.4907271058086309,479
A152S,-0.322,662,0.3648073288424321,1058,1,0.5300504245002794,-0.075040228493849,0.8425930602999334,0.1616260590633648,152
E274A,-0.322,662,1.1158462035590315,293,1,1.2454806320005511,0.7602683578460019,0.9322937366066842,1.5253420877828905,274
E39D,-0.3229999999999999,666,0.6499972985988554,741,1,0.598370470796843,0.3177915027952818,0.5943451926659512,1.089482028137345,39
D40G,-0.3229999999999999,666,0.5158341297658277,887,1,0.5685726774856175,0.0298743072789635,0.6610601720261954,0.8038293622725341,40
E20G,-0.3229999999999999,666,0.6543532043936974,735,1,0.922233881424666,0.481566795180847,0.4442702371594492,0.7693419038098273,20
I161S,-0.3229999999999999,666,-0.0422992957907805,1436,1,-0.5355449705541182,-0.035507310822836,0.4744030138740643,-0.0725479156602322,161
A405E,-0.324,670,0.726607705251413,654,1,0.5467265422888014,0.5418919672245023,0.8523341459830995,0.965478165509249,405
A143V,-0.324,670,0.4729905139853454,929,1,0.7069290943172989,1.046724708383418,0.7341208433606091,-0.5958125901199445,143
G86S,-0.324,670,1.0469211994760337,360,1,1.2310841220839115,1.0625711539354452,1.0543609519271315,0.8396685699576464,86
A226S,-0.325,673,0.928790357676618,463,1,0.7973032580432671,0.6849435454426362,0.9255714319566858,1.307343195263883,226
D302A,-0.326,674,-0.4101313267382764,1749,1,-0.3959391815106675,-0.4211393269980584,-0.7500419247865461,-0.0734048736578338,302
G167R,-0.326,674,-0.3125531582294725,1652,1,-0.4868275309068836,-0.0996114243172246,0.1909830540326148,-0.8547567317263965,167
A448S,-0.327,676,0.6118702654546242,779,1,0.3901617138953424,0.3431493830122271,0.5715922475059597,1.1425777174049678,448
D291E,-0.327,676,1.1847433631781277,230,1,1.132273384391282,1.1356632644766114,1.0490805773429408,1.4219562265016756,291
G167D,-0.327,676,-0.6111833022077688,1854,1,-0.4464217210534333,-1.228864877541595,0.1579373117864789,-0.9273839220225264,167
D250N,-0.327,676,0.6211722144598287,773,1,0.265895369712723,0.5852915752713918,0.9150469910930072,0.718454921762193,250
V380L,-0.328,680,1.054525681413387,351,1,1.4247722180216988,1.359648453199001,0.721837951509242,0.7118441029236064,380
A228G,-0.328,680,0.5259318322765657,873,1,0.3997430275051362,0.5491325944172262,1.0245760281992002,0.1302756789847003,228
K171T,-0.33,682,1.0757099718043204,328,1,1.4503212332442554,0.97735386635871,0.6890964518314312,1.1860683357828847,171
P44L,-0.331,683,0.2655830253976988,1148,1,0.0844229026029649,0.4060754656274235,0.3578924289200873,0.2139413044403196,44
H500R,-0.332,684,0.6588511388965639,729,1,1.1181568542029696,1.0042547431335511,1.1622225968864062,-0.6492296386366715,500
L296R,-0.333,685,1.0018921011759985,400,1,0.7980410862308908,1.0095054280171094,0.9292830439465016,1.270738846509491,296
A162S,-0.333,685,0.2399151710452879,1179,1,0.2794919095610629,0.1243718544472172,0.109150711861969,0.4466462083109026,162
A226T,-0.333,685,0.6957914621787799,692,1,0.4360255311400423,0.4032847130316216,0.9195023842232845,1.024353220320171,226
N142H,-0.334,688,0.6854545985554017,703,1,0.8277954124562534,0.616485725682932,0.2995507970096629,0.9979864590727584,142
R330G,-0.334,688,1.12384221139449,285,1,1.2973551231275997,1.326354229964303,1.030118877378907,0.8415406151071516,330
A165P,-0.334,688,-1.2790025030581882,2237,1,-1.1813982453900396,-1.676860871810114,-0.703308362032201,-1.554442533000398,165
D285N,-0.335,691,0.2501453717303585,1167,1,0.2944401127307643,-0.3437037382112809,0.4649787203957177,0.5848663920062331,285
G124A,-0.335,691,-0.6201635738480867,1864,1,-0.3786331132832392,-0.8309891733890807,-0.50849007866334,-0.762541930056687,124
T49S,-0.335,691,0.6081829337409814,783,1,0.3167346831527402,0.3846748935462926,0.5122048292295387,1.2191173290353543,49
A471T,-0.335,691,0.4832247229126905,923,1,0.5108655012820117,1.0592152876595078,0.7103220120857421,-0.3475039093764999,471
A297S,-0.335,691,0.649731904401505,742,1,0.6213919109989279,0.6893006194705372,0.8290711709322228,0.4591639162043318,297
Q229E,-0.336,696,1.2063332923734866,216,1,1.1018171291904564,1.4051641621243158,1.041731647317146,1.276620230862029,229
Q269H,-0.336,696,1.2589139891783452,171,1,1.650014113078346,1.457447927871598,0.8646450689342459,1.0635488468291914,269
H501L,-0.336,696,0.8036785558427879,565,1,1.0757813685545314,0.8851813226938865,1.1622225968864062,0.0915289352363276,501
D198A,-0.337,699,-0.3141925632554889,1658,1,-0.231866643221422,-0.3377583899285019,0.2316181127699338,-0.9187633326419654,198
N483S,-0.337,699,1.6468078236522343,22,1,1.977996083809348,1.9438389570275747,1.1043169771132502,1.5610792766587642,483
S372F,-0.337,699,0.5632477213803175,830,1,0.6703500311489246,0.5695807757123893,0.2523387642306992,0.7607213144292571,372
H498Y,-0.338,702,0.3708573965272326,1049,1,0.941616422522394,0.3747608865204668,1.1622225968864062,-0.9951703198203364,498
Q138L,-0.339,703,0.0727016221998526,1333,1,-0.1201775679542716,-0.0584663462233663,0.1634524260213305,0.3059979769557179,138
D198E,-0.339,703,0.7158909811681943,670,1,1.4651643519848023,0.4847136574870724,0.9977823600668164,-0.0840964448659142,198
A493V,-0.34,705,1.0202178367796857,386,1,1.1807071851879571,0.9678436166472942,1.0541653795410215,0.8781551657424692,493
D409N,-0.34,705,0.722792088375591,658,1,1.0122885197273688,0.4123085705133363,0.5589326616495763,0.907638601612082,409
R52G,-0.34,705,0.4561707830833812,946,1,0.4924890734444643,0.3971565700796216,0.3243909437089007,0.6106465451005383,52
A51V,-0.34,705,0.0223529258483496,1378,1,0.1848676658825573,0.5796327986382442,0.3069415360631568,-0.9820302971905598,51
G292C,-0.341,709,-0.311693004020775,1650,1,0.8759457134363744,-1.0602642050308304,-0.10190328758303,-0.960550236905614,292
R290H,-0.341,709,0.9698386521700278,432,1,1.0765200751842798,0.3349080937698107,1.1701832144113806,1.29774322531464,290
H499R,-0.341,709,0.8290886010832763,538,1,1.5469902626792902,0.9096041498655816,1.1622225968864062,-0.3024626050981727,499
I459T,-0.341,709,1.3354551105193269,131,1,1.37089452178532,1.3446685048955194,1.0955644410690748,1.5306929743273934,459
V170I,-0.342,713,0.777886990372043,599,1,1.1343010910841955,0.8581870528732729,0.4845459720090683,0.6345138455216354,170
H298Q,-0.343,714,1.0859025724587803,317,1,1.2143936458744709,0.9886914079196094,1.0364647200636643,1.1040605159773773,298
A271T,-0.344,715,1.0828898072634163,324,1,1.2037917594679377,0.978338406804174,0.9599379959487536,1.1894910668328005,271
D409G,-0.345,716,0.6679973748414386,722,1,1.8329881506060357,0.8146675774247313,0.9533346914839236,-0.9290009201489354,409
D246G,-0.346,717,1.0276250816187391,379,1,1.1911699617523832,1.0397267627862607,0.5617983777851322,1.3178052241511815,246
Q98E,-0.346,717,-0.1302199025715971,1501,1,-0.5233504243370859,-0.7870298930932701,-0.1153680837973231,0.9048687909412908,98
A317G,-0.347,719,0.7123196939980502,673,1,1.2044044380915395,1.0738739888319226,0.8369147157576013,-0.2659143666888629,317
K171Q,-0.348,720,0.8694634044110899,513,1,1.3901457231459236,0.4493045651019315,0.495233902897957,1.1431694264985477,171
P482S,-0.348,720,1.2976413751117073,148,1,1.6032162969841637,1.456334710830682,1.1308040235178471,1.0002104691141358,482
R204C,-0.348,720,0.1372405675409056,1274,1,-0.0160977732435629,0.0030894935813722,0.1589832909280736,0.4029872588977394,204
Q299E,-0.349,723,0.4014384943544083,1017,1,0.5575544221513465,0.3418400717581762,0.4280953198435899,0.2782641636645204,299
K419I,-0.35,724,0.675145728113111,714,1,0.8580127345589754,0.699878948849328,0.3240283319084779,0.8186628971356625,419
D291G,-0.35,724,0.5412796865677296,855,1,1.0487371595191086,0.0444736828187968,0.575517324237942,0.4963905796950711,291
T53A,-0.35,724,0.4957908098411273,905,1,0.3321038180934467,0.2359175147507624,0.574856122766769,0.840285783753531,53
P266A,-0.35,724,-0.2903443296358244,1633,1,0.1668269925285392,0.2096320030394496,-0.3570070643002059,-1.1808292498110806,266
G84S,-0.351,728,0.1304685301428184,1283,1,0.1847944581589988,-0.228875756706407,-0.0862025794605668,0.6521579985792485,84
T174A,-0.351,728,0.7019027701733954,684,1,0.4649047773355647,1.063100220082722,0.5945623215383604,0.6850437617369348,174
L296Q,-0.351,728,1.053191375623563,354,1,0.8834682810115537,1.0013814491714192,0.9520822494658414,1.375833522845437,296
P348Q,-0.352,731,0.8106312089972664,555,1,0.7785863043279148,1.0241574716218205,0.863596468699203,0.5761845913401272,348
A5S,-0.352,731,1.2088914483427784,213,1,1.1615068671134576,1.196550969808236,1.1622225968864062,1.3152853595630143,5
H500Y,-0.353,733,0.1443256204371653,1267,1,0.4896669359244197,0.3066224429126151,1.1622225968864062,-1.3812094939747797,500
R330H,-0.353,733,1.1932082156257449,227,1,1.2416664678929616,1.1631418528582969,1.0234801876994126,1.344544354052308,330
I97M,-0.354,735,-0.0055628530096692,1403,1,0.0652169473315203,-0.405139835346315,0.0816022918121999,0.2360691841639177,97
A281T,-0.355,736,0.4940104913204799,906,1,0.2966953201347032,0.2184035277911515,1.0531354697218571,0.4078076476342078,281
K171R,-0.355,736,1.619443109648397,26,1,1.9617088820522293,1.6905168843892882,1.0048397278649703,1.8207069442870996,171
A163S,-0.355,736,0.1477726987548768,1259,1,0.2717276945648113,-0.1723115647130296,0.4523181489754206,0.0393565161923049,163
A11E,-0.355,736,1.2060500441007154,217,1,1.4665737333775777,1.0146001667831694,1.1301780030344006,1.2128482732077142,11
R52S,-0.355,736,0.5868919669803102,808,1,0.6050791017059103,0.3434966991203441,0.5298808687914207,0.8691111983035656,52
Q269L,-0.356,741,1.2218542170294078,197,1,1.3062890059321748,1.447999389291262,0.8328602820509239,1.3002681908432696,269
R240S,-0.356,741,0.4983120000935963,904,1,0.0977267253121671,0.5656971217916379,0.2053853801480296,1.1244387731225507,240
D111A,-0.356,741,0.3747107031093522,1044,1,0.1297880554281989,0.2038748752656125,0.4391194577527562,0.726060423990841,111
Y450F,-0.356,741,0.7619060553720318,620,1,0.7537866760746106,0.8649681675710056,0.3612907880484454,1.067578589794066,450
V252G,-0.356,741,0.1061974372661649,1303,1,0.575736960748669,0.4025535967207119,0.299735843064042,-0.8532366514687633,252
D488G,-0.357,746,1.3014444396222111,146,1,1.6528589700188148,1.3324472218943173,1.1622225968864062,1.0582489696893076,488
A281S,-0.359,747,0.8867312539672985,497,1,0.4616364544133564,0.8186308103280571,1.0332169812754903,1.2334407698522905,281
A226V,-0.359,747,0.3265769575580907,1090,1,0.0253324391615022,0.1823530013654319,0.3075555804684944,0.7910668092369343,226
E350V,-0.359,747,0.4704383672382815,932,1,0.5996946053851396,0.7879025961068099,0.3573003752806576,0.136855892180519,350
P337A,-0.359,747,0.5202809386499401,882,1,0.5071804428878698,0.7490931860979024,0.7799233824373236,0.0449267431766642,337
D244G,-0.359,747,1.1653077098783895,253,1,1.6386271648407265,0.9326182544209812,0.8349268647221545,1.255058555529696,244
G144A,-0.36,752,-0.823845440208915,2003,1,-0.2284804068231995,-1.2324095100287449,-0.3417553877505757,-1.49273645623314,144
G480W,-0.36,752,0.9164944813720912,481,1,0.7447218611553361,0.3148976592447811,1.0619643046802654,1.544394100407982,480
T197N,-0.361,754,0.4703176981184967,933,1,0.1794952402413444,0.75455033353774,0.3836348493551286,0.5635903693397737,197
S45A,-0.361,754,-0.1177906077286287,1488,1,-0.3050821021262061,-0.1553477703743216,-0.3073703096221695,0.2966377512081823,45
V200D,-0.362,756,0.7080702206666663,678,1,0.4455617724531837,1.224078913062441,0.8817439482081981,0.2808962489428423,200
N210S,-0.362,756,0.6671401815809841,723,1,0.1268320155215216,0.8905714890778582,0.4505154990421025,1.2006417226824542,210
A122P,-0.362,756,-0.8483421169470695,2020,1,-0.6201051998350727,-1.2678206604910207,-0.7027460740896468,-0.802696533372538,122
H323Y,-0.362,756,0.6981071498352505,689,1,0.2891266375078312,1.1799292060613653,0.7132975160029955,0.6100752397688101,323
R102G,-0.363,760,0.64656603526905,745,1,0.4070831003088037,1.099411217998036,0.3097545948185661,0.770015227950794,102
G21D,-0.363,760,1.070529130893696,333,1,0.8439469928608545,0.7238942143822109,1.0694692029317991,1.6448061133999192,21
P477T,-0.363,760,0.8289510464852381,539,1,1.1859711263866106,0.560207793509317,0.8777768497319521,0.6918484163130727,477
A247D,-0.364,763,0.5454994158128245,850,1,0.3319142389073882,0.247247042284028,0.8581320206808938,0.7447043613789879,247
H333R,-0.364,763,0.9122152714491134,484,1,0.89981377593529,1.311816070525632,0.7454542361889291,0.691777003146602,333
T351P,-0.365,765,0.0720991118917799,1334,1,0.4556960874996353,0.0367314460987637,0.5823628416251159,-0.7863939276563955,351
L494I,-0.365,765,1.0018883001294532,401,1,1.0937590468646592,0.9536685168272526,1.0924478027921187,0.8676778340337823,494
S372T,-0.365,765,1.5046387382284256,49,1,1.84547014646932,1.6119810974586264,0.954008848420455,1.6070948605653017,372
Y70F,-0.366,768,0.4374333227579776,974,1,0.5226514391966973,-0.1947312591720992,0.4291724375385939,0.9926406734687184,70
G474C,-0.366,768,-0.2808400312444797,1622,1,-0.3740571249826439,-0.7080968972754476,-0.0812206402317106,0.040014537511883,474
P477A,-0.366,768,0.918895480376219,477,1,1.198641914629878,0.878612595319945,0.8215126299685839,0.776814781586469,477
E148K,-0.3670000000000001,771,0.0007198075491986,1394,1,-0.1225087890407863,-0.0750603103374138,-0.2727023653757896,0.4731506949507844,148
K300N,-0.3670000000000001,771,0.5935609089614624,800,1,0.8910517897191808,0.8366188722375425,-0.1872652211206017,0.833838195009728,300
P225S,-0.3670000000000001,771,0.5657393594396075,824,1,0.8708524427990477,0.1220419863978302,0.8429023928150001,0.427160615746552,225
R295L,-0.3670000000000001,771,0.7327461143581744,645,1,0.7475991319782399,0.7145807293181483,0.4137284114142839,1.0550761847220254,295
H501Y,-0.3670000000000001,771,0.4200053878419102,997,1,0.7317956674441919,0.4175836716756388,1.1622225968864062,-0.6315803846385954,501
A66G,-0.3670000000000001,771,0.1558342986585193,1254,1,0.2521730672867923,0.3341882033341858,-0.2021946319516396,0.2391705559647386,66
H298Y,-0.369,777,0.1758990658717809,1241,1,0.1223384364677495,0.2950824925837332,-0.1717592551173846,0.4579345895530254,298
R74L,-0.369,777,-0.0365139308761529,1430,1,-0.0892234414597838,-0.4089996654650729,0.1055698581430208,0.246597525277224,74
A249S,-0.369,777,0.7039752195823936,682,1,0.7168028975560398,0.4420807767221349,0.7274343565723449,0.9295828474790546,249
K300R,-0.37,780,1.4596268371910446,61,1,1.8941034705433013,1.527224663245319,0.8299015081046279,1.5872777068709305,300
E495A,-0.371,781,1.450810921813726,67,1,1.9654502808171863,1.5844615814066316,1.1622225968864062,1.0911092281446797,495
K489E,-0.371,781,1.5616949449137532,35,1,1.757575034895947,1.827450953053956,1.1185380085438243,1.5432157831612854,489
G55S,-0.371,781,-0.3960532637850129,1734,1,-0.468186382323099,-0.7014686415795097,-0.4516089223409835,0.0370508911035406,55
A78S,-0.3720000000000001,784,0.7658222573087881,613,1,0.7070244969238972,0.4613012838229573,0.8671668933563691,1.027796355131929,78
L121R,-0.3720000000000001,784,0.4607413247217736,941,1,-0.0221917853726801,0.5565216526276046,0.4001143673201816,0.9085210643119886,121
S189A,-0.374,786,0.7875290860340054,587,1,0.7038663900495877,1.3589423807244472,0.7123193766594574,0.3749881967025293,189
G212S,-0.374,786,0.1791369343801654,1238,1,0.2512437892737652,0.8814620966630707,0.4204392352659631,-0.8365973836821373,212
I404V,-0.375,788,0.9219321058739954,473,1,0.9993723743829768,1.1101807770440046,0.8584961245959547,0.7196791474730458,404
A9V,-0.375,788,1.0686351235509772,335,1,0.9075684102246256,0.8844144394969999,1.1258016389642524,1.3567560055180312,9
G60S,-0.376,790,-0.0584619977622005,1451,1,0.0324041636953378,-0.0135114555217413,0.2655069902343296,-0.5182476894567285,60
D227N,-0.376,790,0.5318190697119841,862,1,0.6844734340409115,0.0352990244124229,0.7609058469187966,0.6465979734758055,227
D13H,-0.376,790,1.1479978549548189,263,1,1.89682001805599,0.5994187156575776,1.1083251737890225,0.9874275123166844,13
N399T,-0.376,790,1.122090638116232,286,1,1.1099088451061,1.4210952227113025,0.636472292457375,1.320886192190151,399
P241Q,-0.377,794,-0.4080716273287262,1748,1,-0.677636055640951,-0.1414673497805061,-0.6940636018163201,-0.1191195020771277,241
V65L,-0.377,794,0.5095581450959666,895,1,0.4266343149339635,0.0967675518538353,0.7066094415858611,0.8082212720102063,65
E402D,-0.377,794,1.1653144763361376,252,1,1.261411050380827,1.1002305197959052,1.0032350609565,1.296381274211318,402
G41C,-0.377,794,-1.0773251528849543,2135,1,-0.98143342136116,-1.0898780640321404,-1.227760830082733,-1.010228296063784,41
Y467F,-0.377,794,0.7749574704095251,602,1,0.75408183262857,1.1698471928978569,0.2849015222862081,0.8909993338254655,467
N210T,-0.378,799,0.421963657864071,991,1,0.0235560395931703,0.942295956772062,0.1963224552639095,0.525680179827142,210
G86V,-0.378,799,-0.2410713612705539,1592,1,-0.093604832710672,-0.1938774689907161,-0.0179123235093771,-0.6588908198714504,86
P401S,-0.378,799,0.4440417329802664,964,1,0.6419836308414163,0.0549539105207932,0.6005084686237031,0.478720921935153,401
E148Q,-0.378,799,0.8610393402753342,519,1,0.7370862020562378,0.6886831339638992,0.9664846253264572,1.0519033997547431,148
D452Y,-0.378,799,-1.1984550735997594,2187,1,-1.0811299541816348,-0.8735664237053846,-2.033657572468689,-0.8054663440433292,452
N397D,-0.378,799,0.920302950989283,475,1,0.8377259162902779,0.7559503249177026,0.9400456396794028,1.147489923069749,397
L16P,-0.379,805,0.0074685026580295,1388,1,1.6138274038731444,-1.3292276950822624,0.6406039140013636,-0.8953296121601274,16
K171N,-0.379,805,0.4251508959797846,985,1,0.7576083922565826,0.0963626719518968,0.1191387314500345,0.7274937882606244,171
K489M,-0.379,805,1.1886779165242074,229,1,1.2014469509672614,1.1479481919540808,1.1082262182399631,1.2970903049355245,489
P348L,-0.38,808,0.392619271176705,1029,1,0.1778538553316884,0.3461875414261114,0.5112677588627993,0.5351679290862209,348
G292S,-0.38,808,0.2243576367140021,1197,1,1.1315219150718128,-0.1948191951951635,0.3756712702022694,-0.4149434432229101,292
E316V,-0.38,808,0.9838115810328792,421,1,1.1834415922506087,1.112390169623495,0.7322656509296626,0.9071489113277502,316
A226G,-0.381,811,0.8704382251471897,511,1,0.9893535839555382,0.8274090706049299,0.7010984730026829,0.963891773025608,226
A332V,-0.381,811,0.957496707270474,444,1,1.5403466680861015,0.6218631070422739,1.0070239706960162,0.6607530832575045,332
A163V,-0.381,811,-0.0017379620121335,1398,1,0.3878398965633732,-0.6493456553126954,0.7149722381412753,-0.4604183274404871,163
S484P,-0.381,811,1.2829886351145658,158,1,1.5562789918642237,1.4301418983436829,1.1622225968864062,0.9833110533639506,484
A160T,-0.382,815,0.6361204075416823,754,1,0.8993229606174004,0.3987237646353539,0.9220480375932156,0.3243868673207591,160
N399Y,-0.382,815,0.8466403148385664,525,1,0.9760993331889803,0.8637026372305655,0.3923269858963631,1.154432303038356,399
D318G,-0.382,815,0.9173057421760674,480,1,1.1663552672686783,0.9390930274553864,0.9665436022943912,0.5972310716858139,318
A462S,-0.383,818,1.1217532471106986,288,1,1.3752385318479448,0.7987597949374674,0.8660230193688393,1.4469916422885434,462
R72L,-0.383,818,0.3970743210162503,1021,1,0.3278507425900662,0.089503163225092,0.2924413485559645,0.8785020296938784,72
A491V,-0.383,818,1.1216040331636945,289,1,1.098272741611118,0.9644299527051334,1.1622225968864062,1.26149084145212,491
H415L,-0.384,821,-0.0683428834818277,1458,1,0.1284609632074241,-0.2357985045306495,0.5269005039098962,-0.6929344965139816,415
H323N,-0.385,822,1.0721571657018285,331,1,1.4744196624506254,1.2302393537931249,0.9306741382613214,0.653295508302242,323
T473S,-0.386,823,1.100620906990544,305,1,1.181748284459672,0.9568991366362974,1.0656684403077628,1.1981677665584436,473
S422T,-0.386,823,1.076685627153899,327,1,1.6380532893440791,1.341302788693594,0.9809737023427944,0.3464127282351281,422
D222N,-0.386,823,0.8936684361253348,495,1,0.6229431260363698,0.7047698132470213,0.8240966113140608,1.4228641939038873,222
T478P,-0.387,826,0.7146082354004957,671,1,1.6375516799315906,0.5832283841259926,1.1171895298359862,-0.4795366522915865,478
G456R,-0.387,826,1.0853453604850876,320,1,0.9646210901676484,1.5099032935958032,0.7550788192807089,1.1117782388961894,456
G319R,-0.387,826,0.3334852284417483,1081,1,0.1744105138756211,0.7027317555890654,0.84442655135189,-0.3876279070495831,319
A14E,-0.388,829,1.0124149338393291,389,1,0.9121007039291676,1.0141475769112704,0.9693770248345508,1.1540344296823275,14
H498Q,-0.388,829,0.79543210745543,577,1,1.2558406940336415,0.8838966459994885,1.1622225968864062,-0.1202315070978163,498
A405G,-0.389,831,0.788886079959551,585,1,1.0280803433233303,0.7890417729843221,0.5705391686928215,0.7678830348377297,405
A343E,-0.389,831,0.7107641014668141,674,1,1.0000897456126276,0.7199235599280024,0.6733159239767542,0.4497271763498721,343
R52C,-0.39,833,-0.0299060885155563,1417,1,-0.0219893013030317,-0.3038455196209038,-0.2305909263577786,0.4368013932194888,52
Y442F,-0.39,833,0.7392887309431904,641,1,0.6266422015861448,0.513820231657456,0.9354767605095732,0.8812157300195873,442
F388V,-0.39,833,0.2524847692783306,1162,1,0.020040678522318,-0.1025519799821048,0.4636291826069232,0.628821195966186,388
S245T,-0.391,836,1.0430322250366246,366,1,0.9256585670451029,0.9558200493745458,1.0715380556319587,1.2191122280948916,245
G167V,-0.391,836,-1.2206347373468094,2200,1,-1.186507315346159,-1.167710799340104,-1.202150488309785,-1.3261703463911902,167
H208N,-0.391,836,0.3433247467794509,1073,1,-0.1167278814917772,0.5245505469144083,0.2029492743424086,0.7625270473527638,208
G41R,-0.391,836,-0.60440953137541,1850,1,-0.4662341932141508,-0.9383926104444814,-0.49121337782482,-0.5217979440181877,41
D227G,-0.392,840,0.7098863290698204,675,1,1.1458184026610387,0.5175677406573921,0.95035818194668,0.2258009910141707,227
L476M,-0.393,841,0.0083714424524334,1387,1,0.5230440965067905,-0.5022587491255179,0.4162891721832406,-0.4035887497547795,476
P401Q,-0.393,841,0.3822893128123469,1034,1,0.5392771255596325,-0.100631981112561,0.8733725126924001,0.2171395941099161,401
P348A,-0.393,841,1.1178820281461463,292,1,1.2650404730537717,1.1524114284608904,0.9663795120942338,1.0876966989756898,348
D279H,-0.393,841,0.2301436656965674,1188,1,-1.192340474402279,0.8156659319333931,0.4687567958494677,0.8284924094056878,279
Q126K,-0.394,845,0.9223591000403972,472,1,0.8583962914614444,0.7668755962087677,0.914068008845611,1.150096503645766,126
A117S,-0.394,845,0.6748790391227658,715,1,0.9573234480145308,0.2304980363591026,0.4522214767172696,1.0594731954001604,117
R330L,-0.394,845,1.067708693676317,340,1,0.6842714555494644,0.9225546937899726,0.8695307169336742,1.794477908432156,330
H499P,-0.395,848,0.6103841770123012,781,1,1.5573446685562529,0.9187952417060528,1.1622225968864062,-1.1968257990995077,499
P348T,-0.395,848,0.6997125490850795,688,1,0.7699101020931228,0.9470760903832656,0.7863433586168991,0.2955206452470309,348
A332T,-0.396,850,1.0979896633230712,308,1,1.3393315622214246,0.8539729216573319,1.123194626605867,1.0754595428076617,332
F303V,-0.396,850,0.5042921857399429,898,1,1.7140315940853426,0.2735370443454546,0.304262584109951,-0.2746624795809766,303
G396R,-0.397,852,0.0004621578682135,1395,1,-0.2437021025209316,0.2272572508963277,0.0811190062373663,-0.0628255231399083,396
Y88S,-0.397,852,-0.9700946273826788,2089,1,-1.1419741672880084,-1.3344644411706752,-1.6409986676855584,0.2370587666135257,88
G362C,-0.398,854,-0.8412470298966263,2016,1,-0.908792855429152,-0.725889784869912,-0.4008501272388134,-1.3294553520486274,362
E153D,-0.399,855,0.831958725893525,536,1,0.6579341427953326,0.717604668290005,0.9308963166960176,1.021399775792745,153
D250E,-0.399,855,1.3823905716305316,98,1,1.1968483096033808,1.4696999572978855,1.0476834665805683,1.8153305530402917,250
A251S,-0.4,857,0.2408971378166475,1178,1,-0.0877280675346831,-0.1096201652572593,0.932830167955598,0.2281066161029349,251
T473K,-0.401,858,0.1787893976503569,1240,1,0.4525383850878867,-0.1056361021186829,0.5377057892466369,-0.1694504816144131,473
L304M,-0.401,858,0.2066424966015834,1217,1,0.0454875922271081,0.2701306772222289,0.5824080313583916,-0.071456314401395,304
G456S,-0.402,860,0.8036588062348148,566,1,0.6795891947109413,0.8153197695957914,0.2619614320885156,1.4577648285440108,456
H345L,-0.402,860,0.1234069820622566,1287,1,0.204956032067762,0.4240414187991953,0.5929144912968223,-0.728284013914753,345
D244V,-0.402,860,0.2812927111769725,1130,1,0.1443252993569171,-0.0059634264441353,0.2685733904727809,0.7182355813223275,244
S320C,-0.403,863,0.3648715591815107,1057,1,-0.2197024569753819,0.3494552066235959,0.5142484758499115,0.8154850112279174,320
H498L,-0.403,863,0.8315543566702932,537,1,1.361217688653969,0.8387972221535716,1.1622225968864062,-0.0360200810127738,498
R223S,-0.403,863,0.680160504262083,708,1,0.8817775390299889,0.4276916368799964,0.7881463135368485,0.6230265276014983,223
G55R,-0.404,866,-0.3497500334924762,1681,1,-0.4978346761601794,-0.5297038937537505,-0.3146704534824619,-0.0567911105735128,55
M80L,-0.404,866,0.9184532322075656,478,1,0.5845771599125301,0.590406333515043,0.9278645361288176,1.5709648992738716,80
A78V,-0.404,866,-0.0768483655979385,1464,1,0.0852302604327318,-0.340737238301298,0.2524226610221851,-0.3043091455453729,78
D291N,-0.404,866,0.5195424512418426,884,1,0.3107424565550136,0.0881772626220092,0.8818734132020793,0.7973766725882682,291
A152T,-0.404,866,-0.2647638308738949,1612,1,-0.1564906211519954,-0.5210650837943045,0.9960218954715716,-1.3775215140208512,152
A202S,-0.405,871,0.6267708401557598,765,1,0.9924407708476506,0.6292154316940815,0.7225360657833958,0.1628910922979111,202
G41D,-0.405,871,-0.3496151089947819,1680,1,-0.0992456950979018,-0.1726302548391704,-0.5672334183435612,-0.559351067698494,41
A491T,-0.406,873,1.22215380158945,195,1,1.3256517220446815,1.178940463708416,1.1622225968864062,1.2218004237182958,491
N59T,-0.406,873,0.026904016914157,1373,1,0.0281870853598949,-0.24171977954754,0.2070226603618576,0.1141261014824155,59
L379M,-0.407,875,0.6833048846634302,705,1,0.7630579438524143,1.1378834307780763,0.771293660272594,0.0609845037506362,379
D488Y,-0.407,875,0.8938059311077449,494,1,0.9157840180785148,0.4826066854280625,1.1622225968864062,1.0146104240379958,488
A162T,-0.407,875,0.5630868730034402,832,1,0.8577394442622251,0.4096017625182752,0.5594269610298868,0.4255793242033737,162
G474S,-0.408,878,0.4426905170768541,967,1,0.4705192359012279,0.2664904376972365,0.7512646523420058,0.2824877423669463,474
H333N,-0.408,878,0.9314432403143073,459,1,1.1374449596124092,0.9164814952608944,0.8114630172106218,0.8603834891733033,333
S361C,-0.408,878,0.0821015655783416,1325,1,-0.1455510969831327,0.1290399475864809,-0.0536983412119003,0.3986157529219186,361
P104L,-0.408,878,0.1019264906673419,1307,1,-0.3105015465401463,-0.0116326181949082,0.2922837949965798,0.4375563324078426,104
L16M,-0.408,878,0.5633322509352898,828,1,0.7857635114337385,-0.2049502981758025,0.7282371335335096,0.944278656949714,16
P482L,-0.408,878,1.207337589105938,215,1,1.64504378010041,1.152650976166273,1.12625121046728,0.9054043896897884,482
N397S,-0.409,884,1.1683727141038098,250,1,1.4414340658654874,1.0582251030934144,0.945690794743931,1.228140892712407,397
N397T,-0.409,884,1.3217721994588345,138,1,1.6356252879503674,1.4060960500963957,0.9959862509929386,1.2493812087956355,397
P401L,-0.409,884,0.2437587555509398,1174,1,0.3070169519047621,-0.0423963810212239,0.5154690491599111,0.1949454021603102,401
G362S,-0.409,884,-0.10187019790751,1478,1,0.0774125805416857,0.0581976895503107,-0.2422199500479679,-0.3008711116740686,362
K108N,-0.41,888,0.7166747961404689,668,1,0.4077467728137415,0.6046346938767135,0.555834856189806,1.2984828616816144,108
T264I,-0.411,889,0.3703722697622777,1050,1,0.3009339866593447,0.6716304057465461,0.3691408546375893,0.1397838320056307,264
H345Y,-0.412,890,0.1341085023697774,1279,1,0.2192224377540065,-0.1427921277960604,0.4205298616982408,0.0394738378229227,345
L116M,-0.412,890,0.2544224571077608,1157,1,0.0737129867742542,0.1047112306692568,0.162592492548534,0.676673118438998,116
Q229H,-0.412,890,0.7192302430079707,661,1,0.48541790504665,0.7152003352678956,0.9381581797723167,0.7381445519450206,229
L131M,-0.413,893,0.0282269801645841,1372,1,-0.0271491565894786,-0.3749725406934651,0.2951304150414986,0.2198992028997815,131
P44S,-0.413,893,0.2463279544976733,1170,1,0.1978171414698743,-0.062437561971339,0.3278329188692523,0.5220993196229057,44
R295S,-0.414,895,1.3216744470054558,139,1,1.4036660218014971,1.1825576590060878,1.106473360814557,1.5940007463996813,295
G103R,-0.414,895,-0.8573577224877098,2027,1,-1.099576379321162,-1.0761166377163434,-0.1736777019265252,-1.0800601709868085,103
H499Q,-0.414,895,0.8212395240020999,548,1,1.429512038938448,0.8283650162514046,1.1622225968864062,-0.1351415560678598,499
L23Q,-0.415,898,0.2704357128758691,1145,1,0.0311112991187959,0.1843927429046805,0.1658514188337534,0.7003873906462466,23
E469V,-0.416,899,-0.1883400213134326,1543,1,-0.3932050904343916,-0.8256935538213965,0.2244704531855086,0.2410681058165489,469
F288Y,-0.417,900,0.4201890746153022,996,1,0.0457489255993959,0.0827416938091078,0.997086760534562,0.5551789185181433,288
N397H,-0.417,900,1.3250204722606471,137,1,1.6647255855749836,1.189213059492124,1.060597530490646,1.385545713484835,397
A78T,-0.417,900,0.607037097166982,785,1,0.7009679481395015,0.2834463115572713,0.7014272096092536,0.7423069193619015,78
T8K,-0.417,900,0.9995095299668004,404,1,0.7823766304233093,0.799180297515844,1.1072455477528091,1.3092356441752395,8
A317V,-0.418,904,0.2053845282313103,1218,1,0.5977195135836697,0.5003623405361657,0.7839084146567739,-1.060452155851368,317
V475I,-0.419,905,0.7453857851648322,636,1,0.6797740972986371,0.918505271110849,0.3202862307523791,1.0629775414974632,475
E119V,-0.419,905,-0.0895119396861994,1469,1,-0.5362690343752095,-0.2416274779063094,-0.065289151499467,0.4851379050361883,119
L276M,-0.419,905,0.4274445883184384,983,1,0.3098321124456276,0.1343096229090624,0.2159266225629301,1.0497099953561335,276
H499L,-0.42,908,0.642043161908954,749,1,1.3182601624209318,0.7949580275403214,1.1622225968864062,-0.7072681392118433,499
R204G,-0.42,908,-0.0505006861526763,1441,1,0.0705880584694095,-0.0800623109004266,0.0553693527978474,-0.2478978449775357,204
A228V,-0.421,910,0.2219504426129527,1199,1,0.1883778953346657,0.8243999747348385,0.2410340217544749,-0.3660101213721682,228
K123E,-0.421,910,0.7400601617278855,638,1,0.6795113483073854,0.5385306907003372,0.9152772881603934,0.8269213197434259,123
T351S,-0.422,912,0.7514984370926183,630,1,0.8827539242919288,0.7485759227111682,0.8236881577898163,0.5509757435775595,351
T172S,-0.422,912,0.8195497100169213,550,1,0.634454648742807,0.6836272491995196,0.778506828306145,1.181610113819214,172
V475A,-0.423,914,0.9694910240396396,434,1,2.327416257645663,0.1233784892164597,1.0219784841191606,0.4051908651772745,475
P199Q,-0.423,914,0.4143916492320179,1007,1,0.5774965435220778,0.0888231246467282,0.9004729327113011,0.0907739960479645,199
V277F,-0.424,916,0.5472334310619467,847,1,0.869405301034358,0.6638758829296736,0.8554638195272247,-0.1998112792434696,277
A78E,-0.424,916,0.9160513808603028,482,1,1.0203036215863224,0.9512520536232382,0.8690135341456621,0.8236363140859887,78
R290C,-0.425,918,0.2285465381330696,1190,1,-0.2462152559232092,-0.0902501669172278,0.7242572638809135,0.5263943114918022,290
V217A,-0.426,919,0.3363997043151381,1079,1,0.9033952034376064,0.6409276992085849,0.819267842061114,-1.0179919274467528,217
L242M,-0.426,919,0.5594230216040982,833,1,0.5698728855855345,0.4480753317582457,0.6971191525821351,0.5226247164904775,242
A81V,-0.426,919,-0.1587720104321855,1520,1,0.0215394145424577,-0.2404549975987856,0.2183154620294412,-0.6344879207018558,81
L283V,-0.426,919,0.9286733711499374,464,1,1.84981717104197,1.5714994685941,0.7687664326597651,-0.4753895876960848,283
T473R,-0.4270000000000001,923,0.439958737033418,970,1,0.9509061755031852,0.120757372069406,0.638424268647948,0.0497471319131326,473
V217G,-0.4270000000000001,923,-0.662419086673522,1899,1,-0.2148310087739063,-0.3856996129197796,-0.2008125072892716,-1.8483332177111305,217
H497L,-0.428,925,0.8673122801797499,516,1,1.1542034487293893,1.0241643942449128,1.1622225968864062,0.1286586808582913,497
N399I,-0.428,925,0.7729323659451026,605,1,0.5462506036094871,0.8068439531088835,0.6749534357808421,1.0636814712811975,399
N142K,-0.428,925,0.6250127801688277,769,1,0.2953292731135127,0.5292332960575161,0.1830934381646231,1.492395113339659,142
T284S,-0.429,928,0.5665138424074887,822,1,0.6252373261590893,0.6450312555529707,0.7047804749796164,0.291006312938278,284
P460Q,-0.429,928,-0.6656469090422443,1901,1,-0.2551068597506946,-1.0678982991522863,-0.7578841894040479,-0.5816982878619484,460
D275A,-0.429,928,0.5008683770896417,899,1,-0.1322790119455215,0.6050594685242957,0.475601564236388,1.0550914875434043,275
M80I,-0.43,931,0.4724154202314589,930,1,0.5104806045973092,0.3814480156956761,0.524133482921418,0.473599577711432,80
K108R,-0.431,932,1.380213039201946,99,1,1.628207564654697,1.3741140771122635,1.0465136588463382,1.4720168561944855,108
H500D,-0.431,932,0.5383686938624805,859,1,0.8659078627107438,0.8367034093150345,1.1622225968864062,-0.7113590934622629,500
A11T,-0.4320000000000001,934,1.360138285955005,108,1,1.669094198336832,1.3262447932717696,1.1441145080728703,1.3010996441385478,11
F155V,-0.433,935,-0.9186619187017592,2061,1,-0.8966058423273204,-0.8341638509196229,-0.827983703828635,-1.115894277731458,155
T172A,-0.433,935,0.7962102620751883,576,1,0.7439467339359065,0.6886790178096281,0.6910638917431039,1.0611514048121145,172
V475F,-0.434,937,-0.3129234365443181,1655,1,0.2173772289924684,-0.4140296059843501,-0.2993653049903864,-0.7556760641950042,475
P104Q,-0.434,937,0.4877217421299192,917,1,0.0489964566180727,0.6443814021059283,0.6578550913904707,0.5996540184052053,104
S287T,-0.435,939,0.5401950224506462,857,1,0.692447299677816,0.3594139300526392,0.5962052708990646,0.5127135891730652,287
D373H,-0.436,940,0.2079007561841716,1216,1,0.0460350828613711,0.0192740874433673,0.7291307426382525,0.0371631117936956,373
R115S,-0.436,940,1.129725473223441,280,1,1.300660157346955,1.028589260086339,0.631694974364378,1.5579575010960918,115
G41S,-0.436,940,-0.5333412722851463,1813,1,-0.2782628975094391,-0.6866018407440029,-0.6141686086031314,-0.5543317422840114,41
E350G,-0.436,940,0.5715144421587623,817,1,0.4965172677638759,0.3735424424902491,0.5329510907355254,0.883046967645399,350
D111N,-0.4370000000000001,944,0.1150741599420029,1297,1,-0.1703507441956193,-0.1686952113560043,0.1450728073891741,0.6542697879304614,111
D227A,-0.438,945,0.618309733886639,776,1,0.5861251898073034,0.3293868964748758,0.9781399306361758,0.5795869186282008,227
E350Q,-0.438,945,0.970564659930392,431,1,1.1341144758503428,0.9029876189727188,0.7277009592682562,1.1174555856302502,350
R204L,-0.438,945,0.3268850497307381,1089,1,-0.089923844221051,0.6267962555702066,0.5594299815782698,0.211237805995527,204
A160E,-0.439,948,0.7888181947890291,586,1,0.9713884503045322,0.4334166461773243,0.9815338541013864,0.7689338285728733,160
M267I,-0.439,948,1.1807837754724808,235,1,0.5528428504165991,1.8910891927240256,0.7532998675156052,1.525903191233693,267
Y442D,-0.439,948,-1.1826490808300203,2182,1,-1.1656652584572615,-1.072822466979992,-1.3763775502461535,-1.1157310476366746,442
A462D,-0.439,948,1.3053552485893156,144,1,1.2428538088192869,1.5567959886524934,0.7581222094194024,1.66364898746608,462
M267L,-0.439,948,1.4251104504252132,79,1,0.8320571586257876,2.0013049610021647,0.828914544955754,2.0381651371171463,267
L106M,-0.44,953,0.3751762984221594,1043,1,1.3389366298094247,1.113276203013335,-1.6179839775898437,0.6664763384557215,106
R74C,-0.44,953,-0.0972968609972956,1474,1,-0.1040564739152131,-0.4822255510200495,0.0924970362464372,0.104597544699643,74
P44R,-0.44,953,0.1242445023722518,1286,1,-0.0666135292741586,0.106199033340336,0.2100961513023342,0.2472963541204957,44
L363M,-0.441,956,0.689799561346346,701,1,0.655665373256142,0.4097748280955826,0.9291345101510712,0.7646235338825881,363
A5V,-0.441,956,1.165131207413244,254,1,1.063293991443266,1.0005853163328184,1.1622225968864062,1.4344229249904856,5
A14S,-0.441,956,1.474897851732442,57,1,2.0318326038610888,1.4082553082286935,1.0895921638707895,1.3699113309691964,14
A143S,-0.441,956,0.7946117347421038,579,1,0.5946140374001228,1.107478755637433,0.5626658289309933,0.913688316999866,143
Q218K,-0.441,956,1.0381780477495268,371,1,1.0089673765225726,1.1247607099915045,0.7175273945131472,1.3014567099708825,218
T351A,-0.442,961,0.7255602519452983,656,1,0.8733739066430104,0.6920894387211511,0.7425867512464938,0.5941909111705379,351
P104S,-0.442,961,0.4360366606086973,975,1,0.10522016526322,0.3844289221456078,0.690356284116311,0.5641412709096505,104
A206V,-0.443,963,0.2708497512583401,1142,1,0.9561359080167888,0.5352590964465029,0.6047470602815568,-1.012743059711488,206
R204S,-0.443,963,0.4718352417769006,931,1,0.3598078351204308,0.5635881540214663,0.6654963928935625,0.2984485850721426,204
R369S,-0.444,965,0.7258347948465795,655,1,0.6329619923005387,0.8451546224252766,0.3981403411932339,1.0270822234672687,369
G319C,-0.444,965,-0.4273808630951197,1758,1,-0.9529041490360802,-0.5180745106184331,0.8709376028449108,-1.1094823955708764,319
E274G,-0.444,965,0.6952963382019592,695,1,0.4319064212205694,0.5427017893943532,0.6419276554094305,1.164649486783484,274
W24L,-0.444,965,-0.4191283065091585,1753,1,-0.2768546220689794,-0.7081975559571679,-0.1652456895523125,-0.5262153584581741,24
T322K,-0.445,969,0.8267212204723169,543,1,0.9718722317656951,0.6053247110108861,1.0123246186093309,0.7173633205033558,322
V217L,-0.445,969,0.5245563301003141,876,1,0.7160049940386385,0.7268083892401719,0.949233549078206,-0.2938216119557603,217
R115C,-0.445,969,0.2565903890538195,1156,1,0.2846301892977665,0.0509404106425811,0.1536795688727333,0.5371113874021969,115
L121Q,-0.447,972,0.2097294317282783,1211,1,-0.0512275459398914,0.1649153503577576,0.0647063815585338,0.6605235409367132,121
P104T,-0.447,972,0.5555671416432283,837,1,0.1936021107261469,0.7137902406001768,0.6090206164252222,0.7058555988213674,104
S320G,-0.447,972,1.3163919215001036,140,1,1.6228636157056766,1.7236622478402617,1.027338558845276,0.8917032636091999,320
A37T,-0.448,975,0.7976029645952212,572,1,0.9010295714347608,0.8531671844587652,0.9717615110240596,0.4644535914632992,37
G101C,-0.448,975,-1.4001067673235228,2292,1,-1.0027614400172122,-1.725341685206748,-1.1538555695777837,-1.718468374492348,101
L224V,-0.449,977,0.2995921320160044,1108,1,0.7898656971229204,0.6372248442458929,1.0348291879764524,-1.2635512012812482,224
L294P,-0.449,977,-0.0105748789245464,1407,1,0.1433375512249014,0.0447668028956778,0.3812930488994514,-0.6116969187182165,294
R330S,-0.449,977,1.362962881122587,106,1,1.762510944318097,1.258326022113024,1.0139297296986385,1.417084828360588,330
R56S,-0.45,980,0.4892714446223836,912,1,0.3720435101241442,0.5037940906107299,0.3191598112816184,0.7620883664730419,56
G55D,-0.45,980,0.2029195448444775,1221,1,0.1267855023269956,0.0261345940257529,0.3247508419933078,0.3340072410318537,55
A247S,-0.45,980,0.6753187213280181,713,1,0.5226151134029289,0.5233516857999653,0.6784191167867257,0.9768889693224526,247
A105T,-0.45,980,0.1652504434380722,1247,1,0.2126637613394655,-0.0109270095672845,0.4163684531072696,0.0428965688728384,105
H345D,-0.451,984,-0.0598354184568231,1453,1,-0.0938221049427105,0.1593649034211084,0.4400694150384562,-0.7449538873441467,345
G362A,-0.451,984,0.2461815538810532,1171,1,0.3074876831286021,0.3083738665549658,0.2057491321624146,0.1631155336782303,362
V200I,-0.451,984,0.636743742757309,751,1,0.640881154376055,0.5734096099421663,0.4682301670491345,0.8644540396618807,200
A156G,-0.451,984,0.4870745600780597,918,1,0.7396487883671542,0.3154843359603597,0.495712377488114,0.3974527384966108,156
S320I,-0.451,984,0.6713695530638215,717,1,0.0786065287431297,0.5048498218152917,0.6979903399782037,1.4040315217186612,320
S331C,-0.451,984,-0.3131930770956554,1656,1,-0.7745219528454629,0.4606069010706183,0.087505314136903,-1.0263625707446802,331
H213D,-0.452,990,-1.1823457233292642,2181,1,-1.6916532473534849,-1.414309851185257,-1.090328368577542,-0.5330914262007734,213
L92M,-0.453,991,0.512647703111637,892,1,0.6474983767463145,0.2967987418168581,0.4712646533750938,0.6350290405082815,92
L85M,-0.454,992,0.7225514844090286,659,1,0.4792584837377305,0.7547124227036579,0.6203077769665681,1.035927254228158,85
E153V,-0.455,993,0.3489844404851836,1068,1,0.0620028855897742,0.089388659297187,0.3400344919448169,0.9045117251089562,153
P44Q,-0.455,993,0.2019151460888894,1223,1,0.051980935298577,0.0171721046622618,0.2930345523900497,0.445472992004669,44
S371N,-0.455,993,1.0304257158202188,377,1,1.0764766460167825,1.2386621124278188,0.7655308092057835,1.0410332956304906,371
H501N,-0.456,996,0.526467142276595,871,1,0.7933779615272893,0.6391750906127321,1.1622225968864062,-0.4889070799200477,501
P54L,-0.457,997,-0.2311364903461154,1582,1,-0.3634355083868025,-0.4937555227931225,0.2102711957847826,-0.2776261259893191,54
R368H,-0.457,997,1.0511196004798171,356,1,1.3067523557142748,0.8623676623782941,1.1354834135975873,0.8998749702291133,368
S485N,-0.458,999,1.215710852194995,205,1,1.4420657858280983,0.9327770381902876,1.0978844286229243,1.39011615613867,485
I125V,-0.46,1000,0.6040780753910175,787,1,0.89490196995389,0.4717075454800216,0.5179116796296969,0.5317911065004617,125
R416G,-0.46,1000,0.1748009258428405,1243,1,0.2221388656086064,0.1629768911599675,0.2816074981530919,0.0324804484496964,416
A87S,-0.46,1000,0.7322171670274251,647,1,0.8841898738191858,0.7480982617177998,0.6412038405620281,0.6553766920106872,87
N397K,-0.46,1000,1.2207525558057717,200,1,1.4550019899876296,1.2395071284962622,1.0247697872388473,1.1637313175003468,397
P147S,-0.46,1000,0.2750153304890353,1139,1,0.0925357896057909,1.0480006070670032,0.5163867340364421,-0.5568618087530948,147
T322M,-0.462,1005,0.7003271068222297,686,1,0.6744726295579866,0.6776252102465521,0.9377008202603164,0.5115097672240637,322
Y427F,-0.463,1006,0.3755854644504439,1042,1,0.4599037241621679,0.0337155523375277,0.2659973848222988,0.7427251964797813,427
A332P,-0.463,1006,0.8454568895381674,527,1,0.5791437236218672,1.1090051004803234,1.0398476269997394,0.6538311070507395,332
K419R,-0.464,1008,1.6919557758648418,17,1,2.1344936450231144,1.886492196794899,1.042610292801089,1.7042269688402645,419
D423E,-0.464,1008,0.4094482082864113,1014,1,0.2329699685321855,0.0570862031651677,0.6826324759768182,0.6651041854714739,423
R472H,-0.464,1008,0.2855370863508237,1125,1,-0.1948500526775824,0.0124168238916194,0.6372678939467893,0.6873136802424684,472
G21R,-0.465,1011,0.5633019012071505,829,1,0.5374447332054988,0.1603723633619456,0.5904989509050251,0.9648915573561324,21
F374V,-0.465,1011,-0.0335252318510334,1425,1,0.805030325681173,-0.2504225769961094,-0.0286446399115136,-0.6600640361776838,374
L242R,-0.465,1011,0.9634440863455448,437,1,0.5964691934127729,1.3786714394650377,0.9616011785615108,0.9170345339428576,242
E365A,-0.465,1011,0.9888462589889462,417,1,0.8351830475292149,1.27078566007036,0.7890555693156893,1.0603607590405206,365
L120V,-0.466,1015,-0.4076061261727094,1747,1,-0.0801787738318338,-0.8854049823168422,-0.0556330887693348,-0.6092076597728268,120
W73S,-0.466,1015,-0.1965459128938711,1555,1,0.0337833557497638,-0.8911349185261006,0.4809338998549591,-0.409765988654107,73
G338S,-0.466,1015,0.127132199291706,1285,1,0.2324373418970428,0.8678767918572978,0.8136536245811578,-1.4054389611686744,338
L166M,-0.467,1018,-0.1759549472441972,1531,1,0.0685666557046939,-0.4382090187602863,-0.0477266729328392,-0.2864507529883571,166
A93P,-0.468,1019,-0.7818645525648219,1976,1,-0.8149472780174862,-0.4529277627739814,-0.9865140614833068,-0.8730691079845135,93
E148D,-0.468,1019,0.928342621472932,465,1,0.8822131388885613,1.2461482393785506,0.5288209178819023,1.056188189742714,148
V200F,-0.468,1019,-0.0377666418352463,1432,1,-0.0957557140527581,-0.0145759179626358,0.268889390181054,-0.3096243255066453,200
R204H,-0.47,1022,0.4517047605242636,954,1,0.3529361552414219,0.6139686973461579,0.8409775255370427,-0.001063336027568,204
L211R,-0.47,1022,-0.4953955572734567,1798,1,-1.1563977572370585,-0.3434566442230676,-0.2390482447486616,-0.242679582885039,211
G63A,-0.47,1022,0.3600359038663437,1060,1,0.1659195554938111,0.2728047430810427,0.2664475499127921,0.734971766977729,63
A165S,-0.47,1022,0.4678734014481208,937,1,0.3119055644861743,0.0949750290347476,0.558540399381269,0.9060726128902924,165
E365K,-0.47,1022,0.1488358264386247,1258,1,-0.3946697504837591,0.1416066913080793,0.3159521361696759,0.5324542287605026,365
E402A,-0.47,1022,1.0728249842626112,330,1,0.8996595113865972,1.1426895242258757,0.9575685488792856,1.2913823525586867,402
D64G,-0.471,1028,-0.3670468001062349,1706,1,-0.2173190096606658,-0.5701876430613864,-0.333569410741953,-0.3471111369609344,64
D256A,-0.471,1028,-0.4700998778768238,1782,1,-1.2156252829289118,-0.7237568685657992,-0.1828965153625781,0.2418791553499941,256
P199S,-0.472,1030,0.4905420427966232,908,1,0.5647316987741732,0.6132667059450149,0.6039150728371818,0.180254693630123,199
L106Q,-0.473,1031,1.2584648287116016,172,1,1.3928096020494845,2.2000984982150382,0.4287739391442056,1.0121772754376788,106
A462V,-0.474,1032,0.1607378336413555,1249,1,0.2815362150183004,-0.1554761195484112,0.2196260722105401,0.2972651668849927,462
A376V,-0.475,1033,0.3298430421063876,1085,1,0.1932594298212585,0.2854163279378065,0.3521816830445377,0.4885147276219476,376
S245A,-0.476,1034,0.6306935018340637,760,1,0.8237778226396157,0.4899444788079737,1.04145244554445,0.1675992603442153,245
R115L,-0.476,1034,0.4779838013852671,927,1,0.6263831053973979,0.3347186883073668,0.1546095517924176,0.796223860043886,115
H323R,-0.478,1036,1.0836979477003983,321,1,1.6255243537046613,1.4844153023660085,0.7885557346171554,0.4362964001137684,323
L224M,-0.478,1036,0.2117464278941683,1208,1,0.4648288647686289,0.0509682258668979,0.6924956752074735,-0.3613070542663269,224
S331G,-0.479,1038,0.5145467879115722,888,1,0.7078009639255606,1.1835267482815417,0.6887236956833819,-0.5218642562441955,331
R295H,-0.479,1038,0.9692511212320478,435,1,0.9528612021697884,0.923368819212016,0.8185522368717516,1.1822222266746356,295
A163T,-0.479,1038,-0.1634831851421487,1523,1,0.1081497128721456,-0.6857349537081209,0.4137685030768923,-0.4901160028095119,163
Y50S,-0.479,1038,-0.365220968862917,1703,1,-0.3207153890376732,0.0267360514771231,-0.6922800912643126,-0.4746244466268053,50
Q299H,-0.479,1038,0.4211376392802812,993,1,0.6656712651197182,0.7561552595076241,0.5323875904221189,-0.2696635579283362,299
R290S,-0.48,1043,0.5999135740148298,795,1,0.5101857640297256,0.1518647714113842,0.8979606953628675,0.8396430652553415,290
D222H,-0.48,1043,0.7324184334160538,646,1,0.3956781534872152,0.5893293978793877,0.6375831349972887,1.307083047300324,222
A15E,-0.482,1045,0.920945133531516,474,1,0.8651736936453528,0.7853552579067667,0.8213316805302932,1.2119199020436513,15
D279E,-0.482,1045,0.8384678775446281,533,1,0.2421121874740896,1.1506362901570006,0.6573147890236192,1.3038082435238032,279
R341C,-0.483,1047,0.6018926681969847,790,1,0.8593033872308865,-0.2321008259437831,0.6311693733763558,1.14919873812448,341
R368C,-0.483,1047,0.6367183332170665,752,1,0.8651577426530995,0.3795132360903402,0.7855712426770416,0.5166311114477848,368
T455S,-0.483,1047,1.0359038931566034,374,1,1.0285524522477694,1.0542102623467655,0.7816617531770634,1.2791911048548152,455
V200A,-0.483,1047,1.2157515345878167,204,1,1.6582904977517674,1.5354556465105642,1.0893364133902514,0.5799235806986841,200
Q6H,-0.483,1047,1.178258382778146,239,1,1.2098198441995964,1.1116820819484126,1.1622225968864062,1.229309008078168,6
R369C,-0.484,1052,-0.1016450090173367,1477,1,-0.2993914908439616,-0.1246548552942478,-0.3186272156118993,0.3360935256807617,369
D318Y,-0.484,1052,-0.0318864209226536,1423,1,-0.4909843695996336,-0.1768605388423268,0.219085142397869,0.3212140823534768,318
G188A,-0.484,1052,0.459144043742541,943,1,1.093545522231038,0.7553111984181545,1.007103938513814,-1.0193844841928426,188
I46V,-0.484,1052,0.7841730714143345,591,1,0.2649935445960302,0.9440949968354124,0.5184610801644387,1.4091426640614566,46
P225R,-0.484,1052,0.4236012463824172,988,1,0.6255303466451481,-0.4740689547700595,1.2827826676892466,0.2601609259653339,225
P19T,-0.484,1052,-0.7284761670779347,1946,1,-0.8001151303239092,-0.9465750262076263,-0.6360002316693977,-0.5312142801108053,19
K419N,-0.484,1052,1.0501153631467612,357,1,1.2210782997373384,1.0710168788399927,0.7617282079970938,1.1466380660126196,419
E157G,-0.485,1059,0.2105231158829774,1209,1,-0.0218956934990482,0.1708976192970289,0.0607547937895141,0.6323357439444146,157
R221H,-0.486,1060,0.2155150552901191,1203,1,0.3020480029471524,0.1378190809869869,0.3396265543815169,0.0825665828448204,221
A206S,-0.486,1060,0.4192617493487375,999,1,0.2872302642323144,0.4723763581831006,0.5333214948502525,0.3841188801292828,206
H499N,-0.486,1060,0.5656469725293717,826,1,1.1314847234753744,0.5908864891473635,1.1622225968864062,-0.6220059193916572,499
D168N,-0.486,1060,0.0486288115229197,1356,1,-0.18865452044563,-0.3581786312674005,0.2056703746722961,0.5356780231324135,168
D64N,-0.487,1064,0.107468859607845,1302,1,-0.0953113866504845,-0.1331972474581921,0.174281658417633,0.4841024141224239,64
H71N,-0.487,1064,0.5652623574744039,827,1,0.2398298810785573,0.2850317793433282,0.4916524541188677,1.244535315356862,71
R369H,-0.487,1064,0.5292943725553524,864,1,0.351560691826231,0.4308192904662902,0.6141287780062439,0.7206687299226444,369
D318E,-0.487,1064,1.2596893050519011,170,1,1.465142447809228,1.231585609090908,1.056064009519293,1.2859651537881758,318
R169L,-0.488,1068,0.2095454981247427,1213,1,0.5344550976273409,0.5844477012798435,0.0323619567315784,-0.3130827631397916,169
K278I,-0.489,1069,0.7967879392696045,575,1,1.7354299386692058,0.2710216375239994,0.3910667359180613,0.7896334449671509,278
Y50H,-0.489,1069,0.1816852453409014,1237,1,0.203313964627534,0.3528096228906425,-0.3022884559631849,0.4729058498086139,50
E39G,-0.489,1069,-0.0339019199386959,1426,1,-0.0510495318551894,-0.457813388429875,-0.2630184294506954,0.6362736699809763,39
H496Y,-0.489,1069,0.5140391658525807,890,1,0.7871846791183333,0.4921736881756403,1.1622225968864062,-0.3854243007700574,496
D13E,-0.49,1073,1.3723136274705876,103,1,1.4738368887776343,1.3722916264214966,1.004124751528905,1.639001243154315,13
K123I,-0.49,1073,-0.3068970216698955,1646,1,-0.0585438186497296,-0.7802310040930033,0.0993898861994547,-0.4882031501363039,123
P147R,-0.49,1073,-0.1429532961893026,1510,1,-0.5255369489423686,0.8250365754124475,0.5325805649814374,-1.403893376208727,147
K108E,-0.491,1076,1.0277007155159312,378,1,0.5764926484862559,0.9547903559640472,0.8550676598418316,1.7244521977715896,108
R254C,-0.491,1076,-0.1448287188718239,1511,1,-0.6728916339625692,-0.292610164708083,-0.2972653451294743,0.6834522683128308,254
D222G,-0.4920000000000001,1078,1.0003818955173611,403,1,1.082806371342833,1.0684832143797065,0.7636482014514423,1.086589794895464,222
A156E,-0.4920000000000001,1078,-0.3993939764761789,1738,1,-0.6079362358750295,-0.6397187188642915,0.6035797860219112,-0.9535007371873055,156
F155L,-0.493,1080,0.0044807699897324,1389,1,0.0128044388417567,0.1225834477824005,-0.3791458128882041,0.2616810062229766,155
Q107R,-0.493,1080,1.0028118352839002,399,1,0.9936986430929304,0.957885423329028,0.618410190444704,1.4412530842689375,107
L23R,-0.494,1082,0.5210996056477151,880,1,0.3445958970819849,0.5082417200325948,0.6272445274889276,0.604316277987353,23
S334T,-0.495,1083,0.8821470315777606,502,1,0.1772711132573349,1.0291665507228602,1.0324922276482713,1.2896582346825765,334
D222Y,-0.495,1083,-0.1472415097235046,1512,1,-0.6889947041387487,-0.3037513470004591,-0.0836788207011517,0.4874588329463411,222
A413S,-0.495,1083,0.5451541642058159,851,1,0.666200043040803,0.4623275782878834,0.4816328002931297,0.5704562352014473,413
P477Q,-0.495,1083,0.7173869898909806,665,1,0.6483338700029877,0.4620332108915263,0.9899358927283568,0.7692449859410516,477
E274V,-0.495,1083,0.5132027682592266,891,1,0.3064149852193016,0.2067142733209818,0.7715998429808792,0.7680819715157438,274
L366M,-0.495,1083,0.7602476266529344,622,1,0.6669306667390571,1.0273372943452015,0.5182352370622543,0.8284873084652249,366
H389N,-0.496,1089,1.3100723411867128,142,1,1.314075655961112,1.4557447131269985,0.7489447377122721,1.7215242579464685,389
I459V,-0.498,1090,1.0033010328557224,398,1,1.0546415829825762,0.984059549411126,0.8081753028337489,1.166327696195438,459
L16Q,-0.498,1090,0.5555309562780022,838,1,1.095127457463941,-0.429277837115645,0.792012837653913,0.7642613671097997,16
G421C,-0.499,1092,-1.3420985803598138,2267,1,-1.1899784636033008,-1.3044234999807531,-1.4628964537143172,-1.4110959041408837,421
A468T,-0.5,1093,0.3259024249756942,1091,1,0.4798525760427049,0.0054505446176614,0.7971502186180679,0.0211563606243428,468
G144R,-0.5,1093,-1.1440483237402952,2164,1,-0.5563010538698717,-1.3712551269735065,-1.1179088533246444,-1.5307282607931587,144
L106R,-0.5,1093,0.845511281586965,526,1,0.9599037927597702,1.675712387161612,-0.7297298734230465,1.4761588198495244,106
V232I,-0.5,1093,0.9787831614064676,427,1,0.8263784031523651,1.3442382225528755,0.8203350683906973,0.9241809515299324,232
A156S,-0.502,1097,0.2820571123110638,1128,1,0.1284646033704741,-0.064106600162294,0.3571680910980319,0.7067023549380433,156
V262A,-0.503,1098,0.9513305811399356,447,1,0.7899554372536635,1.222472685202854,0.2287543611673421,1.5641398409358822,262
G362R,-0.503,1098,-1.313248036123641,2255,1,-1.164264402376907,-1.3028009868062564,-1.060643524361998,-1.7252832309494022,362
R149L,-0.504,1100,-0.6356916675642587,1880,1,-0.7625032467268668,-0.8748366938598339,-0.49216659679985,-0.4132601328704841,149
R416S,-0.504,1100,0.4356466490490016,976,1,0.1373923560393574,0.4476600367386818,0.6620209854823306,0.4955132179356367,416
A183P,-0.506,1102,-1.0407040887709402,2118,1,-1.222538761485719,-0.8334187022646072,-0.531318868582731,-1.575540022750704,183
Q138H,-0.506,1102,-0.0056891309949888,1404,1,-0.4569669953408681,-0.4080393542004319,0.4257093678564117,0.416540457704933,138
H389Y,-0.506,1102,0.8647693187621248,517,1,1.1140197267403456,0.8296941287021383,0.6191713283903678,0.8961920912156478,389
E119G,-0.506,1102,0.4113459501452449,1012,1,0.359314327598619,0.3377325863574408,0.7835584463561147,0.1647784402688049,119
A81T,-0.507,1106,0.3088584603268276,1102,1,0.5864063418450849,-0.0136194733883706,0.7024621535669997,-0.0398151807164036,81
H497R,-0.507,1106,0.8832245721399722,499,1,1.3445418046953654,1.0155874825144675,1.1622225968864062,0.0105464044636495,497
R465C,-0.507,1106,-0.1388392277533731,1505,1,-0.4277283967992674,-0.6552519624958728,0.3581929503116207,0.169430497970027,465
D164V,-0.507,1106,-0.1902622134859779,1546,1,-0.5938489312666205,-0.4056168103139715,0.2285234035521461,0.0098934840845342,164
G319A,-0.508,1110,0.5057205905066773,897,1,0.5562769145126713,0.7428481069450191,1.030754681737796,-0.3069973411687769,319
G55C,-0.508,1110,-0.98469297404293,2099,1,-1.206153477557535,-1.3606394403764064,-0.7039472730586487,-0.6680317051791296,55
P460L,-0.508,1110,-0.1197392907086769,1490,1,0.4189810617134575,-0.883950358343827,0.6015959691458207,-0.6155838353501591,460
G212C,-0.509,1113,-0.7122003905142779,1934,1,-0.5266742723852595,-0.3347602081038263,0.1401049010381045,-2.12747198260613,212
D68N,-0.51,1114,0.2574830760900625,1155,1,-0.0959456345041026,-0.3111370998142259,0.6992734610300493,0.7377415776485294,68
A392G,-0.51,1114,-0.0050763914757246,1402,1,0.2288412399874317,-0.4045907653129405,0.5006422437103457,-0.3451982842877357,392
I161T,-0.51,1114,0.7011772378385044,685,1,0.1903104932883106,0.9300085502471338,0.5345484511959033,1.1498414566226698,161
G396A,-0.51,1114,-0.2131058871046326,1572,1,-0.4868436841304174,-0.2572736039504767,0.1202233137061759,-0.2285295740438122,396
N397C,-0.51,1114,0.717479615155298,664,1,0.8543422241775778,0.455547336713784,0.7496958383684106,0.8103330613614192,397
P147L,-0.511,1119,0.0342332596532512,1368,1,-0.101948465604603,1.120389759534432,0.6992092220026831,-1.5807174773195072,147
A271S,-0.511,1119,1.1042774177124282,300,1,1.3710542813370892,0.909064653009186,0.938603629505128,1.198387106998309,271
R196G,-0.511,1119,0.0577644297840528,1346,1,-0.6643666754467171,0.2929911743841485,-0.1773401068555684,0.7797733270543485,196
G101A,-0.512,1122,-0.5210194910966778,1809,1,-0.2023153951200944,-0.4067954024869281,-0.5692520398391964,-0.9057151269404924,101
H497Q,-0.512,1122,0.7981854086452357,571,1,1.1002690676970457,0.9304359442656156,1.1622225968864062,-0.0001859742681243,497
A105E,-0.513,1124,-0.3621758410001619,1699,1,-0.7424467319683485,-0.7231425637238256,0.1238447917075503,-0.106958860016024,105
D13N,-0.513,1124,0.9614276793045726,441,1,1.482130646382,0.2777670788847157,0.9902455418432148,1.0955674501083597,13
R102S,-0.514,1126,1.2795938112057743,159,1,1.257449513387402,1.640936496508508,0.7853520704372985,1.4346371644898883,102
A251T,-0.514,1126,-0.3309197125235573,1669,1,-0.0714613164158103,-0.1429617632448085,-0.0870300624035061,-1.0222257080301045,251
H208Y,-0.514,1126,0.2047317503724095,1219,1,-0.4188908392815084,-0.2352267332828102,0.1819376722802084,1.2911069017737484,208
W73L,-0.514,1126,0.0606842610701251,1344,1,0.6333035482939289,-0.5014825422155473,0.2771325235637047,-0.1662164853615859,73
R368S,-0.514,1126,0.9318947871934586,457,1,1.2526329899377775,0.6683533856529909,0.7730833647338365,1.0335094084492296,368
D409Y,-0.515,1131,-0.4277627844735694,1761,1,-0.5524750149942776,-0.7104136684703356,-0.0875950365303121,-0.3605674178993523,409
S334A,-0.515,1131,0.400456035846225,1018,1,0.0206159759576563,0.978956235323668,0.6770340596861109,-0.0747821275825351,334
P337T,-0.516,1133,0.2086724948612904,1214,1,0.5785440952355878,0.3502629707163111,0.8254266900258964,-0.9195437765326336,337
D13V,-0.517,1134,1.5344295643427994,41,1,2.802821514039064,0.7952127613603257,1.0415962190766992,1.4980877628951084,13
D452E,-0.517,1134,0.4505941616702323,956,1,0.0312439628388352,-0.099041025120809,0.8719015972242805,0.9982721117386226,452
E395K,-0.518,1136,0.6977594406954598,691,1,0.6331230442365849,0.743876708950976,0.5966656503954764,0.8173723591988019,395
D68H,-0.519,1137,-0.6173988809275562,1862,1,-0.8758655077725396,-0.9275823420091118,-0.5817655763967949,-0.0843820975317783,68
P348S,-0.519,1137,0.8051822731374434,563,1,0.8816584690438389,0.8781429483542105,0.8328461155525129,0.6280815595992115,348
T17M,-0.521,1139,0.2370960435080166,1180,1,-0.1266967460718306,-0.3301937715018639,0.8771766659996906,0.5280980256060704,17
A339V,-0.521,1139,0.1167105549567923,1295,1,0.1264671776519583,0.9018692411474704,0.7278830638674502,-1.2893772628397098,339
G55A,-0.521,1139,-0.265625195287494,1613,1,-0.3006452236677178,-0.7154890114185424,-0.0735624201949173,0.0271958741312011,55
T457S,-0.523,1142,0.8441840577939101,530,1,1.0093376240788905,0.6853226058314198,0.7333136176496314,0.948762383615699,457
Q138E,-0.523,1142,0.3379373744329069,1076,1,0.0319784415708747,0.1694270296347198,0.4188357981219134,0.7315082284041198,138
D111E,-0.523,1142,0.4607868678188995,939,1,0.3837179933243378,0.3788406190628592,0.4006868451370388,0.6799020137513624,111
Q299K,-0.523,1142,0.1126574091435747,1298,1,-0.0309592444728191,0.1583169055972983,-0.3095432568980104,0.63281523234783,299
P95T,-0.523,1142,0.592799679369078,802,1,0.1649093596896546,0.7505519262251886,1.1406750834050046,0.3150623481564636,95
P95S,-0.525,1147,0.789953820847439,583,1,0.6765778445490342,1.2025084326814266,0.9745626981683402,0.3061663079909549,95
D61N,-0.525,1147,-0.0605479449251742,1455,1,-0.2530069659702164,-0.313642964641689,0.3195788913006939,0.0048792596105145,61
T100A,-0.525,1147,1.0047838288918138,396,1,0.6636784970403827,1.116821833356066,0.7349820962317928,1.503652888939014,100
P360S,-0.526,1150,0.2993662067588193,1109,1,0.7016591872958688,0.3236381257415284,0.2771778147574653,-0.1050103007595852,360
D227Y,-0.527,1151,-0.3061383828877605,1645,1,-0.7486683014776712,-0.8132652625616441,0.5859614034877014,-0.2485813709994281,227
K278Q,-0.528,1152,1.2396923023810562,185,1,1.1686334848005069,1.3418271384141018,0.9667325676895808,1.481576018620035,278
L242Q,-0.528,1152,0.397036989711015,1022,1,0.2185393257672261,0.4659889598779954,0.3747463046425626,0.5288733685562756,242
D318V,-0.529,1154,0.6455179540662516,747,1,0.4963560388754589,0.4621911215371992,0.757060845648493,0.8664638102038552,318
H345R,-0.529,1154,0.3312810404753791,1083,1,0.7048381998288051,0.5903391653612555,0.6891436730106215,-0.6591968762991659,345
G321V,-0.529,1154,0.1758451685011816,1242,1,0.5965571134619911,0.5311716928893325,0.9585089653973684,-1.3828570977439658,321
R154L,-0.529,1154,0.6262010580004859,766,1,-0.1369794230414739,1.187211532703324,0.6825879313710184,0.7719841909690749,154
V475L,-0.531,1158,0.3940708227918846,1026,1,0.9985575845536496,0.3885449516847544,0.0583541743745478,0.1308265805545864,475
P360Q,-0.531,1158,-0.5488937405359949,1820,1,-0.4876587520277552,-0.5798921627812029,-0.4077791155881758,-0.7202449317468459,360
L209M,-0.532,1160,0.2878096874415305,1122,1,-0.197325944966419,0.6744159196005485,0.2121487360308524,0.46200003910114,209
L294R,-0.5329999999999999,1161,0.0980860013550798,1311,1,0.3297460920697252,-0.4185031172853439,0.1631107426543628,0.3179902879815753,294
A162V,-0.5329999999999999,1161,1.184355247520087,231,1,1.553710205900613,1.0129795869538605,0.7844509483145276,1.3862802489113468,162
G21S,-0.534,1163,0.6662055482332802,724,1,0.6108164916112365,0.328009980505221,0.7542536004202366,0.9717421203964266,21
D250G,-0.534,1163,0.3771226627918052,1038,1,0.2966534708990848,0.818657627696793,0.3966097249732201,-0.0034301724018773,250
M80V,-0.534,1163,0.2103098155832366,1210,1,0.2177092421973075,0.1780154478873318,0.3580969950242506,0.0874175772240567,80
P394A,-0.535,1166,1.5090893155043723,47,1,1.9668441030408144,1.8478928353857649,0.9721370959860356,1.249483227604874,394
D420N,-0.535,1166,0.4855046281119254,920,1,0.0850872323595644,0.6386265818731219,0.534515767831701,0.6837889303833142,420
H345P,-0.535,1166,-0.2470602491465276,1599,1,0.006365445426935,0.6835797886934543,0.5368280921062758,-2.215014322812776,345
T100I,-0.536,1169,-0.0948826327191693,1472,1,-0.4369073459975009,-0.65742741239412,0.4475478933671448,0.2672563341477988,100
W173S,-0.536,1169,-1.895471415956368,2425,1,-1.8368225453193556,-1.8587080771569449,-1.7225439588926603,-2.163811082456509,173
P477L,-0.536,1169,0.4247308049262621,986,1,0.4672778602971527,0.1490450810037371,0.5955495206947716,0.487050757709387,477
A129G,-0.537,1172,-0.1515221348439069,1516,1,0.0774338653839631,-0.1653437886557003,-0.7239635167456764,0.2057849006417855,129
G474R,-0.537,1172,0.5934014376738288,801,1,0.6504465043541403,0.3646466223527549,0.6597728371113594,0.6987397868770605,474
L283Q,-0.537,1172,0.6755717856360907,712,1,1.0067982438074168,0.9883815737617488,0.4580358435739719,0.2490714814012253,283
P199T,-0.537,1172,0.2786958445099468,1133,1,0.2475176779296719,0.6830508005036448,0.5650636567822303,-0.3808487571757595,199
A205S,-0.5379999999999999,1176,0.4353782139464414,977,1,0.3555931582814441,0.7505017839822499,0.5013879423574351,0.1340299711646365,205
R472C,-0.539,1177,-0.400531796256857,1739,1,-1.0952390744894334,-0.7219049733396499,0.3747704565980496,-0.1597535937963942,472
E39Q,-0.539,1177,0.6113782346807031,780,1,0.5821236647380141,0.1995418121376263,0.6708293187842764,0.9930181430628952,39
T62S,-0.54,1179,0.5536384577052064,842,1,0.6225669379361858,0.6688779458586601,0.6556587771406295,0.2674501698853501,62
P477R,-0.54,1179,0.9838031554653908,422,1,1.3460949472497,0.8271089967219697,0.818908338186876,0.9431003397030177,477
I404L,-0.541,1181,0.5543767130656803,840,1,0.6901333946446981,0.9397150344951252,0.7144803452974493,-0.1268219221745515,404
A249E,-0.542,1182,0.7515809367784565,629,1,0.688147205401708,0.4737480354109558,0.8624590002786819,0.98196950602248,249
T151P,-0.542,1182,-1.2747614435400711,2234,1,-1.1358689566017304,-1.6094018431208883,-1.2691392598565594,-1.0846357145811063,151
T197S,-0.542,1182,0.5761808751473302,814,1,0.6851822925975967,0.7505959566026947,0.556657814843829,0.3122874365452003,197
T174N,-0.5429999999999999,1185,0.3962063347688807,1024,1,-0.1717117859926162,0.6207846746232472,-0.0093094249650123,1.1450618754099042,174
D340Y,-0.5429999999999999,1185,-0.1141298031325911,1485,1,-0.8191101078119223,-0.1863430356953995,0.4920046748935097,0.0569292560834474,340
R196C,-0.5429999999999999,1185,-0.0179661029521893,1409,1,-0.3400952126525688,-0.2363197593397072,-0.3229420648916448,0.8274926250751634,196
R472G,-0.544,1188,0.2082139175740241,1215,1,-0.2479829342675675,0.0782409909435352,0.5326809149221717,0.4699166986979571,472
T151M,-0.544,1188,-0.2860518284662617,1630,1,-0.6782256356604778,-0.4230996142866801,0.2406917586499755,-0.2835738225678646,151
D118E,-0.544,1188,0.4417885816472358,968,1,0.1512314723087142,0.2496719560774929,0.3067879046835013,1.0594629935192348,118
R196H,-0.544,1188,0.799505992968376,570,1,0.2367029557398174,1.1648127620284658,0.6727326032427108,1.12377565086251,196
R368L,-0.544,1188,1.0124623230322636,388,1,1.50312538788771,0.7064420944686141,1.007417894391221,0.8328639153815086,368
R254S,-0.545,1193,-0.0524485494304167,1443,1,-0.765543692914263,-0.0064032312914043,-0.318858965917119,0.8810116924011195,254
L377M,-0.546,1194,0.7733361842578483,604,1,0.5829467713287538,0.7182196591576908,1.0155624616364942,0.7766158449084548,377
Q98L,-0.546,1194,0.5861018549852205,809,1,-0.0394507842695608,1.213176140296426,0.6735773525542855,0.4971047113597314,98
T243R,-0.547,1196,0.317490910481318,1094,1,0.0703045807719015,0.6150861708647861,0.1252304411680806,0.4593424491205038,243
P378A,-0.547,1196,0.0417501350866428,1361,1,-0.3409716324646428,-0.2545286279794473,0.3390332659385006,0.4234675348521608,378
A36S,-0.5489999999999999,1198,0.3113653598382737,1099,1,0.1529857149123712,-0.1548846406528497,0.4905412701176476,0.7568190949759259,36
M10T,-0.5489999999999999,1198,2.169425433375716,2,1,2.9207768266496283,2.6574936060296537,1.184963969906817,1.914467330916766,10
D168E,-0.5489999999999999,1198,0.1393946237769745,1272,1,0.0373735171155088,-0.223229889829837,0.2412139131792367,0.5022209546429897,168
I459F,-0.5489999999999999,1198,0.1092555806855593,1300,1,0.0505532835735497,-0.0992424672161974,0.3825983353596542,0.103113171025231,459
L136M,-0.5489999999999999,1198,-0.050307233597274,1439,1,-0.174025741583554,-0.52537157901745,0.0957473317054337,0.4024210545064741,136
K300I,-0.55,1203,-0.2051714700905991,1564,1,-0.2411122023476862,-0.4222687747836571,-0.3756432183495078,0.2183383151184547,300
A202T,-0.55,1203,-0.0516864685270281,1442,1,0.0683199335424255,0.3989610047997061,0.6740520732246783,-1.3480788856749228,202
Q299R,-0.55,1203,0.7791270003535279,597,1,0.7066595137006011,0.9988753972460346,0.4840376310881318,0.9269354593793442,299
P273S,-0.55,1203,-0.2068529565969505,1567,1,0.1953080074142977,-0.7503053152226719,-0.5212105491957151,0.2487960306162868,273
T322R,-0.551,1207,0.9986814301842452,406,1,1.1621868445153896,1.0314573776726454,1.0279699997378036,0.7731114988111427,322
Q107K,-0.551,1207,0.6899163414089098,700,1,0.421252005238914,0.5194939137583429,0.5463085549793861,1.2726108916589964,107
Y113S,-0.552,1209,-1.4793252845484732,2321,1,-1.0473960070625572,-0.9537840338516314,-2.513717195685843,-1.4024039015938612,113
G60D,-0.552,1209,0.2095503114514362,1212,1,0.388064322726961,0.4175297874742718,0.5507732100138535,-0.5181660744093414,60
E82G,-0.5529999999999999,1211,0.653131657901132,738,1,1.0218234844555516,0.3541538590900238,0.8191110648327243,0.4174382232262282,82
V77L,-0.5529999999999999,1211,0.0867608004879325,1321,1,-0.0224967501437461,-0.692630385235837,0.7214808642944118,0.3406894730369016,77
S245Y,-0.5539999999999999,1213,-0.6858136556332985,1916,1,-0.8472240982023965,-0.9520589910162,-0.064628268561981,-0.8793432647526167,245
P12L,-0.5539999999999999,1213,0.653609319636674,737,1,0.1005565097025073,0.5423584647085596,0.9730257510166872,0.9984965531189418,12
E274K,-0.5539999999999999,1213,0.487006151036328,919,1,0.1028487507096964,0.1618067807594482,0.8273213828954541,0.8560476897807132,274
D227E,-0.555,1216,0.8824187485930063,500,1,1.020673243489616,0.6345449783515152,0.9149212026597272,0.9595355698711664,227
D302E,-0.555,1216,0.0109416115660693,1386,1,-0.1217408663107263,-0.4258485816800331,0.2920401493043762,0.2993157449506606,302
H333P,-0.555,1216,0.054321016258885,1351,1,-0.3374899681809117,0.6510707140902208,0.6779876141261423,-0.774284294999911,333
G21V,-0.555,1216,-0.493842483383878,1795,1,-0.8900204334653821,-1.1164547001091725,0.205610713651169,-0.1745055136121263,21
E75K,-0.555,1216,-0.0374812336432095,1431,1,-0.1724335494328911,-0.3417407068198118,0.0655150839418486,0.298734237738016,75
A11S,-0.556,1221,1.2320120583480754,189,1,1.456613495225585,1.2087193586679053,1.1439029437057022,1.1188124357931093,11
T62N,-0.556,1221,0.4988002075547917,903,1,0.7465037968049728,1.0011829382767996,0.681739093306178,-0.4342249981687837,62
A162P,-0.556,1221,-1.8622929245127289,2419,1,-0.881788912537605,-1.8594988777047852,-3.038711021939706,-1.6691728858688175,162
T243A,-0.557,1224,0.2890414788845499,1119,1,0.1542505830960124,0.3496330743808863,0.5938278207797482,0.0584544372815528,243
I381L,-0.557,1224,0.4841777677169903,921,1,0.288665777698373,0.7269398567129516,0.3091887571810984,0.6119166792755382,381
E148G,-0.5579999999999999,1226,0.2706826089547215,1143,1,0.3319614030338484,-0.0036787113597827,0.2637192083624212,0.490728535782399,148
D285E,-0.5589999999999999,1227,0.141276042406215,1270,1,0.397203482920747,-0.4215029206253384,0.3497943704849911,0.2396092368444605,285
G60V,-0.5589999999999999,1227,-1.053598451169916,2125,1,-0.8860592282576525,-1.1169695935889012,-0.4114345891646778,-1.7999303936684323,60
A14T,-0.5589999999999999,1227,1.509454446809051,46,1,2.0306126436611844,1.603910098507683,1.0967118899322703,1.3065831551350664,14
A5G,-0.5589999999999999,1227,1.102923468226186,301,1,1.243252466710658,1.10053386789249,1.1622225968864062,0.9056849414151896,5
L106P,-0.56,1231,-0.3127280273824072,1653,1,0.8574412415996023,0.3443826077782363,-2.219646144090746,-0.2330898148167215,106
A81E,-0.56,1231,0.4443465477966825,963,1,0.6243670238432518,0.4320741562252095,0.3863052534691416,0.3346397576491269,81
R472S,-0.562,1233,0.4554271558215921,947,1,-0.0690592132654634,0.2040513709714791,0.770681715968029,0.916034749612324,472
R74P,-0.562,1233,0.8991230849837499,491,1,1.0607843960475805,1.3207991484562254,0.7132642470603955,0.5016445483707985,74
R196L,-0.562,1233,0.716222278357814,669,1,0.1055735138681571,1.15989816737774,0.4792787518721672,1.1201386803131914,196
A159V,-0.562,1233,-0.3077159834284489,1647,1,-0.0409383975692704,-0.044188779108364,-0.1104781461259723,-1.035258610910189,159
A165V,-0.562,1233,-0.1585893481504632,1519,1,0.1981069641738092,-0.0318032709066416,0.530013390949997,-1.3306744768190173,165
T175S,-0.562,1233,0.0016304146235811,1393,1,-0.1190161537100855,-0.252946777419871,0.0299651729784028,0.3485194166458781,175
A339S,-0.562,1233,0.8070513674132374,560,1,1.3858481409615038,0.7342851340097195,1.0597380232765252,0.0483341714052006,339
V277A,-0.562,1233,0.700222336259062,687,1,1.1208482239212298,0.4708970372844588,0.568432595647755,0.640711488182805,277
A417S,-0.564,1241,0.4538068409874805,952,1,0.6363591112695458,0.5261630815330964,0.3453095365050089,0.3073956346422706,417
D302N,-0.565,1242,0.0460478184963204,1358,1,-0.3405512947480242,-0.2286208046054944,0.3172353042602785,0.4361280690785221,302
G270S,-0.5660000000000001,1243,-0.6519601930477026,1893,1,-0.4987607690305379,-0.3776214730648357,-0.5232372300041047,-1.2082213000913318,270
P378R,-0.5660000000000001,1243,-0.0359225762138128,1428,1,-0.3894791560426687,-0.2588290113371599,0.3712408117390558,0.1333770507855212,378
H497N,-0.5660000000000001,1243,0.6000505585607697,794,1,1.0411254616668917,0.740443337361093,1.1622225968864062,-0.5435891616713118,497
V128A,-0.5660000000000001,1243,0.570710310811454,818,1,0.6064477524548375,0.3667500395512579,0.4162670791590292,0.8933763720806911,128
D164Y,-0.5660000000000001,1243,-0.4698032446720979,1781,1,-1.0916830396522803,-0.6939219845533273,-0.0549710910130674,-0.0386368634697165,164
G124C,-0.5670000000000001,1248,-1.2169017935091042,2197,1,-1.2146779810530062,-1.2257755166632174,-1.2580871952141888,-1.1690664811060052,124
T478N,-0.5670000000000001,1248,0.6836938270857463,704,1,0.9895621602425132,0.4150035289733745,1.1329789956398657,0.1972306234872323,478
N397I,-0.5670000000000001,1248,0.7852208430692882,590,1,1.0344582628914265,0.8584884988076568,0.7912976599023583,0.4566389506757113,397
R254H,-0.568,1251,0.1916124987823217,1232,1,-0.1667561337417023,0.2985623891900745,0.0538632009846383,0.5807805386962764,254
A129T,-0.568,1251,0.2508914412465617,1166,1,0.3329522288731649,0.2819794638533908,0.4651199139564944,-0.0764858416968033,129
R408C,-0.569,1253,-0.3211020205786763,1663,1,-0.3730974364408044,-0.5750504427708676,0.2724577663854521,-0.6087179694884856,408
D420Y,-0.569,1253,-0.7034109811094595,1927,1,-1.008430589504809,-0.3287981457400677,-1.162184714449251,-0.3142304747437109,420
E139V,-0.569,1253,0.3899059710266503,1030,1,-0.1380015504911827,0.7770270304968669,0.3599206717648757,0.5606777323360412,139
D13Y,-0.569,1253,0.8283355863645436,540,1,1.9582742239017707,0.0862731047098115,0.8875836727805789,0.3812113440660132,13
D256E,-0.57,1257,0.3733133148192811,1045,1,0.2094590654338998,0.1810285975457204,0.4506739099442634,0.6520916863532407,256
F288V,-0.574,1258,-0.2838079910756768,1626,1,-0.1999218109624407,-0.6220449502797937,0.453908380935594,-0.7671735839960669,288
A150P,-0.575,1259,-0.0987353847456537,1475,1,0.27660389520138,0.0736224163874723,-0.2027672080277774,-0.5424006425436897,150
A105G,-0.5760000000000001,1260,0.0220867273852614,1379,1,-0.1423035912433659,-0.0945399480593937,0.2880528417524147,0.0371376070913906,105
S331I,-0.5760000000000001,1260,-0.6766511662837108,1908,1,-1.2331369445319276,0.9965975736017876,0.3612854627350962,-2.8313507569397998,331
E119K,-0.5760000000000001,1260,-0.1878234668764063,1542,1,-0.9216654831298616,-0.4487683265170668,0.2705950207931202,0.3485449213481831,119
R114H,-0.5760000000000001,1260,0.4673015100322132,938,1,0.6442958927453797,0.1457106218483079,0.6789922791891424,0.4002072463460226,114
P147T,-0.5760000000000001,1260,0.5491636459477507,846,1,0.6469726133352554,1.667386841488586,0.7500082494667187,-0.867713120499557,147
R72C,-0.5760000000000001,1260,-0.4019844844009644,1741,1,-0.3780436091004424,-0.5747579463537247,-0.5004582241128611,-0.1546781580368296,72
G84D,-0.5770000000000001,1266,0.2893735620970736,1118,1,0.1909482801893382,0.0224289325942396,0.2265649803042722,0.7175520553004443,84
A257T,-0.578,1267,0.4994532844691127,901,1,0.1001066967767488,0.9284926205218688,0.6507440441928426,0.3184697763849907,257
A156P,-0.578,1267,-1.4113203379470958,2299,1,-1.2114969335678096,-1.961926258442276,-0.8702829369102015,-1.6015752228680962,156
A257G,-0.578,1267,1.2028922707090337,219,1,1.1272111151772906,1.1929629929692918,0.830750441155517,1.660644533534035,257
P225Q,-0.579,1270,-0.0411116321725733,1434,1,0.0166338650912998,-0.787982595709107,0.6115157925165411,-0.0046135905890272,225
E82V,-0.579,1270,-0.3646121801192734,1701,1,-0.7635655170857645,-0.9067209237715204,0.0541189817106204,0.1577187386695708,82
F374C,-0.579,1270,0.0760777682810863,1329,1,1.1901786429743204,0.0783805659929096,-0.5949326050514187,-0.3693155307914662,374
P104R,-0.581,1273,0.6022167418765739,789,1,0.2545856611848175,0.8185930789139053,0.5351438707924854,0.8005443566150876,104
P337L,-0.584,1274,-0.1278352669131663,1500,1,-0.2700704577766276,0.2787039405432064,0.4064044863322952,-0.9263790367515392,337
L131V,-0.586,1275,0.043687791692914,1360,1,-0.0845468936549361,0.2044003709608888,0.2967713237577693,-0.2418736342920659,131
D279N,-0.586,1275,0.2123175598164889,1206,1,-0.7759903036157002,0.4208208399119331,0.4885454533193906,0.7158942496503324,279
A201V,-0.5870000000000001,1277,-0.0503373024820166,1440,1,-0.0463158789924969,0.2991224980008125,0.2901553399095748,-0.744311168845957,201
V449M,-0.5870000000000001,1277,-0.2929741155084665,1635,1,-0.2064206395573945,-1.049711133871431,0.1462956934655883,-0.0620603820706288,449
D227V,-0.588,1279,-0.3128243832834942,1654,1,-0.8969386138994615,-0.6877058432122893,0.3075334047117368,0.025813519266037,227
P54Q,-0.589,1280,-0.0806803055281882,1466,1,-0.0822019966780741,-0.1887191792973494,0.1370391101726585,-0.188839156309988,54
H496N,-0.589,1280,0.6810727420926501,707,1,1.0702884889068427,0.9667307893937144,1.1622225968864062,-0.474950906816363,496
W173C,-0.589,1280,-1.5951715142458105,2349,1,-1.2279490043763943,-1.4510251988917322,-1.702293880463807,-1.9994179732513084,173
P241T,-0.59,1283,-0.058178988013339,1450,1,-0.0921287213150436,-0.0787387802043484,0.069344977616408,-0.1311934281503723,241
G124V,-0.59,1283,-1.7584009538285912,2398,1,-1.5257891674287762,-1.57559175193812,-2.1850311257143247,-1.747191770233144,124
L370M,-0.591,1285,0.65544898700401,733,1,0.9041146601773375,0.7775442938836011,0.7632030125656556,0.1769339813894458,370
G101S,-0.5920000000000001,1286,-0.9602339766347804,2084,1,-0.5785035205830131,-0.9825162874472408,-0.8968651650273509,-1.383050933481517,101
A15S,-0.593,1287,1.2109524852853055,211,1,1.228578779864845,1.153569767283854,1.0563801418607042,1.405281252131819,15
V252L,-0.593,1287,0.1466572587804022,1261,1,0.5030035959378008,-0.1354948099331483,0.5034388089922583,-0.2843185598753019,252
T151S,-0.593,1287,0.3938165173931905,1028,1,0.0019896155362618,0.0620753563375768,0.5844645749975934,0.92673652270133,151
G103S,-0.593,1287,-0.7200621259416564,1940,1,-0.8279558556965433,-1.1106808582543553,0.1308275761210451,-1.072439365936772,103
L79Q,-0.593,1287,-0.1179708463318432,1489,1,-0.2403122512385693,-0.2966235398543475,-0.1103614953662592,0.1754139011318032,79
D420G,-0.594,1292,0.0891558866048647,1318,1,0.2900127897002816,0.3650825605096481,-0.1893093374949209,-0.1091624662955497,420
R472L,-0.594,1292,-0.2354877219665668,1585,1,-1.210583353757935,-0.6138616613930155,0.2443994215588111,0.6380947057258717,472
A150S,-0.597,1294,1.1251278255220214,283,1,1.2388344968769007,1.1262157549348428,0.8523473222063531,1.2831137280699885,150
P104A,-0.597,1294,0.8678969049494434,515,1,0.6600862501645571,1.0248813846627558,0.8889792266636409,0.8976407583068198,104
R169G,-0.597,1294,-0.8720538457585416,2034,1,-0.3490552717685195,-0.8146168579459343,-0.6617771486710047,-1.662766104648708,169
S361I,-0.597,1294,0.4678803097209735,936,1,0.0129509806834237,0.6574587984210376,0.4437618669954718,0.7573495927839605,361
G349V,-0.598,1298,-0.6383199815232299,1884,1,-0.4884238687987978,-0.4745461792016113,0.5770820645682261,-2.1673919426607364,349
A165G,-0.598,1298,0.3113019217508387,1100,1,0.4481730522646195,0.1384845259274805,0.1251369032439212,0.5334132055673335,165
V77A,-0.599,1300,0.1569221757540507,1252,1,0.2855832674046231,-0.1486612648588504,-0.1895841960415798,0.68035089651201,77
R223G,-0.601,1301,0.3626320428181622,1059,1,0.4922536130366314,0.0145729403379872,0.7825805519403952,0.1611210659576351,223
H345N,-0.602,1302,0.0684502422837191,1337,1,0.300468222741333,0.3438515615112915,0.303491192282695,-0.6740100074004429,345
Q107L,-0.602,1302,0.4208095851904846,994,1,0.2190956892989233,0.2452287546397681,0.2623521752413488,0.9565617215818984,107
P375T,-0.602,1302,-0.1399955451567563,1508,1,0.0016582343041741,-0.655576265559656,0.8801359425473008,-0.7862000919188442,375
W466C,-0.603,1305,-1.044107734741208,2121,1,-1.0096727445877531,-1.1575144615508657,-0.5843446837955028,-1.4248990490307107,466
G270C,-0.603,1305,-1.3288735587403653,2261,1,-1.1527604254251251,-1.1080777025077566,-1.0416390265059208,-2.0130170805226584,270
V289A,-0.603,1305,0.1980512320854919,1225,1,0.5005529951984876,0.0973537920075972,0.3910641589236138,-0.1967660177877308,289
G186A,-0.603,1305,-0.4378722349337928,1766,1,-0.3759557733600671,0.1000099588319291,-0.1331874947303277,-1.3423556304767057,186
I404M,-0.604,1309,0.1444340214521012,1266,1,0.1605102984806287,0.1929459867480668,0.3161296749476666,-0.0918498743679571,404
Q98R,-0.604,1309,0.429589696517139,981,1,-0.3929551325716343,0.5274521238456608,0.7096139494458544,0.8742478453486753,98
P401T,-0.604,1309,0.6182962851592303,777,1,0.9296075688589972,0.1708641911350697,1.0631600481852148,0.3095533324576399,401
S315T,-0.605,1312,0.4228006045006327,990,1,0.5056072604775785,0.6748652664418096,0.565485726412367,-0.0547558353292241,315
T457M,-0.605,1312,0.43840351073709,972,1,0.6594921957779479,0.2515370728900891,0.186080774427559,0.6565039998527643,457
N399S,-0.605,1312,1.1417794212353438,269,1,1.1511310626391218,1.2948661686948233,0.6752510182205015,1.445869435386929,399
A152P,-0.606,1315,-0.5867382040872913,1839,1,-0.079391765524672,-0.9340364719061875,0.2636893398548862,-1.5972139187731915,152
Y158S,-0.606,1315,-1.2718999802186424,2231,1,-1.3637409895367243,-1.127316857034747,-2.3795049191198863,-0.2170371551832123,158
D64H,-0.606,1315,-0.0238173207585357,1412,1,-0.4971781575867911,0.2180395599680287,-0.0596013341894787,0.2434706487740981,64
A462G,-0.607,1318,0.4151974990071,1006,1,0.6747028193130702,0.24423750985212,0.2735193606488937,0.468330306214316,462
R465G,-0.608,1319,0.3538183204870279,1066,1,0.287329028933952,-0.2616987192557983,0.7460749574285025,0.6435680148414553,465
A201T,-0.609,1320,0.2418616396614135,1175,1,0.324430733567992,0.6132186841451854,0.4004236134226455,-0.3706264724901689,201
R341P,-0.609,1320,0.2813719807548381,1129,1,0.4478014586063406,0.1411900866030655,0.496578758166839,0.0399176196431074,341
A152V,-0.61,1322,-0.0348079887243786,1427,1,0.1470654952899746,0.288702515829511,1.1295836485381336,-1.704583614555134,152
D61E,-0.61,1322,0.5296915292254831,863,1,0.4760922117754688,0.8493470814653207,0.7284911098617952,0.0648357137993481,61
P241S,-0.61,1322,0.4002184408919841,1019,1,0.3843129451122544,0.4461658103723009,0.3613274281550899,0.4090675799282913,241
L23V,-0.611,1325,1.0274031059226925,380,1,0.9925193724586449,0.9804534864397784,1.032410717779732,1.1042288470126145,23
A479V,-0.611,1325,1.0828583369335991,325,1,1.1891826918359878,0.8624755555129758,1.1622225968864062,1.117552503499026,479
C230Y,-0.611,1325,0.7632346967437743,617,1,1.409073585127705,1.3319181148193704,0.3651012270522256,-0.0531541400242037,230
L140R,-0.611,1325,-0.8251743706218044,2004,1,-1.408891903599128,-0.9714662842085668,-1.0367200118460835,0.1163807171665605,140
D168A,-0.612,1329,-0.2779770494907119,1621,1,-0.4904046483550333,-0.6128169065998431,-0.2484285043044382,0.2397418612964669,168
A156V,-0.612,1329,-0.4529797931688716,1773,1,-0.147887298014931,-0.8573385478575692,0.5201860503124013,-1.3268793771153875,156
P225A,-0.612,1329,0.6688049183939935,721,1,0.7059437034436472,0.3186613833979061,1.069568799134122,0.5810457876002985,225
Q299P,-0.612,1329,-0.3814158496690725,1722,1,-0.4409584935672547,0.5110040337443419,-0.558833329816779,-1.036875609036598,299
L140Q,-0.613,1333,-0.5710930105893968,1834,1,-1.1055000874331475,-0.5837834253507583,-1.3059073434644493,0.7108188138907678,140
H501P,-0.613,1333,0.6708828319134199,718,1,1.1016926052794591,0.9345737083466332,1.1622225968864062,-0.5149575828588191,501
R56P,-0.614,1335,-0.5873384918187989,1840,1,-0.4056717135604908,-0.828856007621073,0.0613254413139123,-1.1761516874075442,56
R52L,-0.614,1335,0.4242502687562001,987,1,0.4680860396914968,0.2624716990772248,0.0081115883339136,0.958331747922165,52
D168G,-0.614,1335,0.0670935791872177,1338,1,-0.0893822182939237,-0.1401561675472412,0.3174794760437504,0.1804332265462858,168
T473A,-0.615,1338,0.3985649475786881,1020,1,0.7805639872176666,0.0485510454541847,0.9174203727221908,-0.1522756150792897,473
H298D,-0.615,1338,0.3500996496638487,1067,1,0.3244575924099398,0.194465346601891,0.4852471468577971,0.3962285127857673,298
V414A,-0.616,1340,0.4295743877145722,982,1,0.5327430328851332,0.3155286158017609,0.556381615463335,0.3136442867080595,414
H298N,-0.617,1341,1.0463543782751543,362,1,1.191212853743042,0.7850419936203468,1.060596444230022,1.148566221507207,298
D168Y,-0.617,1341,-0.9136263812970492,2057,1,-1.2304273487195072,-1.1169516321884458,-1.2848739015740571,-0.0222526427061868,168
T197I,-0.618,1343,0.2978349320834973,1111,1,0.1221852715516447,0.5910262512946595,0.2414979178729646,0.2366302876147203,197
R465S,-0.619,1344,0.3542940330530205,1065,1,0.2320527991170811,-0.3773293508435356,0.755159783092384,0.8072929008461526,465
P378T,-0.62,1345,-0.2295771352428922,1581,1,-0.6926117369858964,-0.3240826544607126,0.2880105516161498,-0.1896247011411096,378
H298R,-0.621,1346,1.1772334438319865,240,1,1.1715717725925887,1.158759208781136,1.2064141171680884,1.1721886767861334,298
G41A,-0.621,1346,-0.4867247416307041,1793,1,-0.2416678327909913,-0.577257699315755,-0.4936589456899145,-0.6343144887261558,41
V65G,-0.622,1348,-0.1991467749762829,1560,1,-0.2807330514856901,-0.51872361567379,0.040419930405681,-0.0375503631513329,65
H389Q,-0.623,1349,0.994808254987936,410,1,1.1143661994817442,0.9047849127888028,0.746284859547578,1.213797048133619,389
D423Y,-0.623,1349,-0.8527001960131402,2023,1,-1.0809729215922896,-0.8492035302345157,-0.9653249863559904,-0.5152993458697653,423
D250A,-0.623,1349,1.1053400159426838,299,1,0.8062347014330205,1.8573536288799533,0.6841689329782253,1.0736028004795355,250
A129S,-0.623,1349,-0.1418290042581867,1509,1,-0.1002815742746877,-0.5033204674635647,-0.0820432517174938,0.1183292764229993,129
D291V,-0.623,1349,-0.2422552345527485,1594,1,-1.118584097379849,-0.4443437101395357,0.2185616067735268,0.375345262534864,291
K171E,-0.624,1354,0.3766340840481045,1041,1,0.7671269383326763,-0.2750852013370825,0.500082396849954,0.5144122023468705,171
P95A,-0.625,1355,0.3376717415279957,1078,1,0.1989777973467584,0.6756399142024347,0.5966272218501636,-0.120557967287374,95
R416L,-0.625,1355,0.2320809712506558,1186,1,0.2063326709522709,0.1759441491653381,0.1169378898820231,0.4291091750029908,416
W466L,-0.626,1357,-0.4051187797648043,1744,1,-0.5001197632358192,0.0151903634786513,-0.1145799435660287,-1.0209657757360209,466
D291Y,-0.626,1357,-0.3886427370976711,1728,1,-1.130554874684956,-0.5037237258501844,0.0075928963060172,0.0721147558384385,291
L377Q,-0.628,1359,0.599187970439596,797,1,0.5542805631478335,0.7968684220498995,0.1902897422064405,0.8553131543542108,377
G474D,-0.628,1359,0.0236966351750874,1375,1,-0.1217633013434118,-0.459633601741332,0.6730129992293103,0.0031704445557835,474
E395V,-0.629,1361,0.2930056003386081,1116,1,0.0960381825957781,0.3637771159459732,0.4825651036307242,0.2296419991819568,395
N210I,-0.63,1362,0.0627022724402839,1343,1,-0.3718435266646779,0.5748604295907794,0.2669921407740787,-0.2191999539390445,210
H345Q,-0.63,1362,0.2343523717410576,1184,1,0.5914471713834744,0.3668210743954212,0.6612719458010722,-0.6821307046157371,345
L203M,-0.63,1362,0.1366521672112163,1276,1,0.1104311092269153,0.5573588534599556,0.1170400670793625,-0.2382213609213682,203
P99R,-0.63,1362,-0.6844470701938455,1913,1,-0.53381422469737,-0.7071637775753852,-0.9484772422017804,-0.5483330363008466,99
T473M,-0.63,1362,-0.6268587295421045,1874,1,-0.6522069888466694,-1.1587223657315104,0.1163163365991149,-0.8128219001893531,473
E153K,-0.631,1367,0.1013008196249494,1308,1,-0.0714577773684007,-0.3964799456877231,0.5031619283869492,0.3699790731689725,153
E139K,-0.631,1367,-0.0249151923962057,1414,1,-0.8372397882082914,-0.0549472837854759,0.1474229044884673,0.6451033979204772,139
R115G,-0.631,1367,0.8791644108485466,504,1,1.2212672659098276,0.7501105622285745,0.3064575532162226,1.2388222620395617,115
R425G,-0.633,1370,-0.2859946194635327,1629,1,-0.5083955728140365,-0.6877997663688389,-0.0444385190717577,0.0966553804005023,425
L283M,-0.634,1371,0.4447255758638395,962,1,0.7920225695666929,0.6080610181115568,0.2982210959505781,0.0805976198265303,283
H323L,-0.634,1371,0.9695449097407444,433,1,0.9173924772078068,1.6363061347833958,0.8243769626204611,0.5001040643513138,323
G214R,-0.636,1373,-1.5222445963458282,2331,1,-1.5141691602797804,-2.133333150310345,-0.9424909664942492,-1.498985108298938,214
A249T,-0.637,1374,0.9616479318174942,440,1,1.083250837779112,0.7821851954582861,1.0804135639249473,0.9007421301076314,249
D13G,-0.638,1375,1.064518340159406,342,1,1.5743639096305893,0.7482524304050445,0.9709225290781932,0.9645344915237976,13
F18Y,-0.638,1375,-0.2423127692380883,1595,1,-0.3000785716196227,-0.4140914730303641,-0.1694083968337369,-0.0856726354686296,18
Y70S,-0.64,1377,-1.0337021522850014,2116,1,-1.0852706396508516,-1.272498856918041,-2.0185969086720035,0.24155779610089,70
V128L,-0.64,1377,0.6979178621554126,690,1,0.3528979714477635,1.000927611980044,0.6577307751285482,0.7801150900652948,128
H298L,-0.64,1377,0.1457576274463194,1262,1,-0.2223792660414429,0.2824031782794183,0.3193640918994976,0.2036425056478047,298
G60C,-0.6409999999999999,1380,-0.7487219178581036,1955,1,-0.7085750653472177,-0.629258323541965,-0.4593001122796612,-1.1977541702635706,60
Q98K,-0.644,1381,-0.2393875267677227,1589,1,-1.000066809319553,-0.171035681620938,-0.0183238272346597,0.2318762111042597,98
L366V,-0.645,1382,0.8416938213353816,532,1,0.9593676460364003,1.7727329498001252,0.9562964269779664,-0.3216217374729656,366
P12S,-0.6459999999999999,1383,1.3669002542119222,105,1,2.054312683564602,1.1658200660543685,1.177782989023893,1.0696852782048254,12
P375Q,-0.648,1384,-0.6417332619657502,1888,1,-0.77225054166017,-0.9920919590651772,0.2354429753837895,-1.038033522521443,375
E365D,-0.648,1384,1.4285173798834427,74,1,1.6777765180678608,1.4740921589605318,1.0501007961615023,1.5121000463438752,365
A216G,-0.648,1384,0.3458098476208284,1071,1,1.072870198713226,0.8169025868279616,0.3349302858248886,-0.8414636808827621,216
L301M,-0.648,1384,0.2887361342602821,1121,1,0.2612868980126897,-0.044694317692023,0.668932823816831,0.269419132903631,301
E157Q,-0.65,1388,0.5667033015506866,820,1,0.1527542232934192,0.2047896593693763,0.8541931388179252,1.0550761847220254,157
A339T,-0.652,1389,0.2509199121870532,1165,1,0.6781395187355169,0.7847624069597815,0.7286054631776839,-1.1878277401247697,339
T53P,-0.653,1390,-0.91540220028117,2058,1,-1.0132083035077504,-1.2880065305003627,-0.3487017011402222,-1.0116922659763443,53
G349D,-0.653,1390,-0.6272874596584767,1875,1,-0.5823880548565055,-0.8224582565643165,0.5040253408265304,-1.6083288680396148,349
P99Q,-0.654,1392,-0.9215863269864212,2064,1,-0.7449107431694527,-0.99019403775036,-1.1993238559512664,-0.7519166710746051,99
A471S,-0.654,1392,0.6290822536296848,762,1,0.4863330015911292,0.6470935112087628,0.7114374434914206,0.671465058227427,471
G188S,-0.654,1392,-0.0225110106013916,1411,1,0.3027705753125495,0.2979543209454811,0.8767269009787372,-1.5674958396423342,188
G349C,-0.655,1395,-0.8479249924251263,2018,1,-0.7532315492075919,-0.6360068208353978,0.0728277620236755,-2.075289361681191,349
S463T,-0.655,1395,-0.1271536882065805,1499,1,-0.3896576251477521,-0.4110776997122375,0.4688500956871709,-0.1767295236535035,463
A216V,-0.6559999999999999,1397,-0.6236102043058452,1868,1,-0.3028633721894961,-0.6442154303075406,0.1270342341754329,-1.6743962489017772,216
A193G,-0.6559999999999999,1397,-0.3274068305427525,1666,1,-0.4876078403028772,-0.2016178347315351,-1.1077737640950798,0.4873721169584818,193
H69D,-0.6559999999999999,1397,-0.4269887427960431,1757,1,-0.8536601087058302,-0.4796634320842147,-0.1857718703222972,-0.1888595600718301,69
H213N,-0.659,1400,-0.1927523846450413,1551,1,-0.7966484817127585,0.0789772836302707,-0.3376318157881308,0.284293475290453,213
A413E,-0.66,1401,0.3445195647457926,1072,1,0.6361678004781476,1.0292194994346202,0.5970229435947338,-0.8843319845243315,413
G21C,-0.66,1401,-0.414533000863293,1751,1,-0.6425791620423497,-0.8476271678806342,-0.1322065480046672,-0.0357191255255212,21
S371G,-0.6609999999999999,1403,1.0370175805303383,372,1,1.184954313827744,1.357222089396645,0.727172548763231,0.8787213701337346,371
F112Y,-0.6609999999999999,1403,0.276130738697884,1137,1,0.1980466739732961,0.3293707436876603,-0.0311180612505673,0.6082235983811469,112
L215Q,-0.662,1405,0.0339685563720476,1369,1,-0.1011864075816788,-0.542734390856559,0.7376635961228697,0.0421314278035588,215
D279Y,-0.662,1405,-0.1930453773198043,1552,1,-2.358156383525052,0.6024232588115814,0.3538734614704745,0.6296781539637784,279
T264A,-0.662,1405,0.5666623065717129,821,1,0.6183393941319744,0.7397884946361462,0.5579768475094903,0.3505444900092411,264
A216T,-0.662,1405,-0.2456915640495735,1598,1,-0.2420902939360557,-0.3757171904206903,0.2488652390492698,-0.6138240108908181,216
A37S,-0.6629999999999999,1409,0.7175473125819467,663,1,0.5108660826969433,0.4161886072076069,0.6903459233990742,1.2527886370241623,37
L490V,-0.665,1410,1.2872460124172844,157,1,1.3936417964083938,1.323457108302304,1.1622225968864062,1.2696625480720334,490
S331R,-0.665,1410,-0.1310978067151585,1502,1,-0.3600292258128955,0.8403703726598021,0.7031974577905752,-1.7079298314981162,331
L121V,-0.6659999999999999,1412,0.705021644896644,681,1,0.5867505142056672,0.90713823044434,0.4597238228517876,0.8664740120847809,121
E75V,-0.6679999999999999,1413,-0.3914882124778212,1732,1,-0.568177389166962,-1.138552461411463,-0.0592540391336601,0.2000310398008005,75
A201S,-0.669,1414,0.7717669647630186,607,1,0.7078170413123642,0.7243209847409549,0.9685292210989616,0.686400611899794,201
G480A,-0.6709999999999999,1415,1.6303082667208906,25,1,1.7378757553747883,1.5783272330402385,1.1144425762247334,2.0905875022438023,480
E75G,-0.672,1416,0.1450676302483364,1264,1,0.4547311535839566,-0.042003101190413,0.2411513798761035,-0.0736089112763015,75
G86C,-0.6729999999999999,1417,0.0876031104973166,1320,1,0.0440656535357564,-0.0971484672797389,0.5355558437621395,-0.1320605880288903,86
P194T,-0.674,1418,-1.082893047778537,2136,1,-1.1319185707675092,-1.1719703953509488,-1.2060315968668365,-0.821651628128854,194
F155Y,-0.674,1418,0.4476891654397277,959,1,0.2808593974801273,0.4296713823524452,0.4191259347174343,0.6610999472089042,155
A228P,-0.675,1420,-0.773839506934706,1970,1,-0.7277150932212038,-0.771897163745461,-0.112660293892882,-1.4830854768792774,228
G195A,-0.675,1420,-0.2810981813150087,1623,1,0.0363518952440014,0.1982786517041908,6.344298341711434e-05,-1.3590867151916444,195
A156T,-0.675,1420,-0.2977943102777296,1638,1,-0.2214437441376288,-0.6021377314414105,0.6097773730169864,-0.9773731385488656,156
S320T,-0.6759999999999999,1423,1.3752810891808191,100,1,1.454861186458548,1.252852012473019,1.0894137312722272,1.7039974265194824,320
L85Q,-0.6759999999999999,1423,0.2631232140581925,1152,1,-0.0678097272985989,0.3328899308574986,-0.2376853049537291,1.0250979576275994,85
A491S,-0.677,1425,1.2027031066703031,220,1,1.30150740529681,1.170144772141865,1.1622225968864062,1.1769376523561312,491
Q229P,-0.677,1425,-0.1897682453958172,1544,1,-0.0261053145560209,-0.1394547998058362,0.4918675846671225,-1.0853804518885344,229
E402G,-0.677,1425,0.7652814106821912,614,1,0.6662418417186013,0.8974028395674903,0.84256335407355,0.6549176073691232,402
E365G,-0.6779999999999999,1428,0.7757934039980106,601,1,0.8686684966425919,1.077078165468074,0.3307861858633514,0.8266407680180247,365
L224R,-0.68,1429,-0.780415245964044,1973,1,-1.328791581863734,-0.99882898101943,0.1002537002733512,-0.894294121246363,224
A317E,-0.6809999999999999,1430,0.2694133786300419,1147,1,0.6105607827964389,0.2297414123649069,0.8067410378862715,-0.5693897185274497,317
H415Q,-0.6809999999999999,1430,0.3801588898414093,1036,1,0.4638368571402667,0.1104822036892786,0.947680790050913,-0.0013642915148207,415
E395G,-0.6809999999999999,1430,0.8444158537503033,528,1,0.8435650727678125,1.058355182923277,0.776824839516901,0.6989183197932232,395
A165D,-0.684,1433,-0.4579019959281079,1775,1,-0.627703939086016,-1.0592888012005293,0.4796401907094622,-0.6242554341353487,165
R196S,-0.684,1433,0.0857430517298546,1323,1,-0.546321344637399,0.1286142374492916,-0.0342183014162782,0.794897615523804,196
E141D,-0.685,1435,0.2367180597264466,1181,1,-0.3346282186087899,-0.0804668166065224,0.1628762373390552,1.1990910367820435,141
G109S,-0.6859999999999999,1436,-0.948667147589597,2076,1,-0.5493250100106452,-0.9142050900919508,-0.7134698002304934,-1.6176686900252988,109
D340V,-0.6859999999999999,1436,-0.0970956740485303,1473,1,-0.5199051869627634,-0.069307548181743,0.5897280801749775,-0.3888980412245924,340
H71Y,-0.6859999999999999,1436,-0.0692572471264468,1459,1,-0.1798756605570501,-0.5117923860771101,-0.1123622652783883,0.5270013234067611,71
R369G,-0.688,1439,0.6632622031255695,727,1,0.5066123057038084,0.8767975895673007,0.5532039678918759,0.7164349493392929,369
P337S,-0.6890000000000001,1440,0.1208622957462386,1289,1,0.124897344697251,0.3774294641735858,0.6889822224195404,-0.7078598483054229,337
D198Y,-0.6890000000000001,1440,-1.1103052051449829,2149,1,-1.375028275671399,-1.2335128888372933,-0.3646470544949373,-1.468032601576302,198
A216S,-0.69,1442,0.4607670709591337,940,1,0.2280457885243069,0.173002595644877,0.5294486886286361,0.9125712110387146,216
H208P,-0.691,1443,-1.544145633854026,2339,1,-1.688754565293753,-1.473087785784797,-1.7458789040354954,-1.2688612803020578,208
F303Y,-0.693,1444,0.7968034399424393,574,1,0.7507686017226253,0.9207456439878264,0.5285270487657171,0.9871724652935884,303
D68G,-0.6970000000000001,1445,-0.0792701823930173,1465,1,-0.0807768475651439,-0.2709780277662161,-0.1750231762167517,0.2096973219760423,68
V262L,-0.698,1446,0.9717949534932636,430,1,0.4542068437102262,1.2402682467384452,0.3954825091237414,1.7972222144006422,262
G456C,-0.6990000000000001,1447,0.6185286604427788,775,1,0.3846660282886358,0.9959594449578204,0.3115581436549411,0.7819310248697179,456
A159G,-0.7,1448,-0.2934080091511097,1636,1,0.093879616465031,-0.5122389264495499,-0.5742329082761406,-0.1810398183437793,159
D244Y,-0.7,1448,0.0253182465088784,1374,1,-0.2776687167282796,-0.3568686963536117,-0.0038644349661745,0.7396748340835796,244
A183S,-0.7,1448,0.9182029332288236,479,1,0.7886262152847154,1.06679370455785,1.0317830101299987,0.7856088029427298,183
R408S,-0.7,1448,0.1591542402466202,1250,1,0.346556579904716,-0.0394111713190997,0.5573431051250894,-0.2278715527242248,408
S334P,-0.701,1452,-0.0002918727049472,1396,1,-0.9498791735416462,1.1274189660759588,0.6595938144423041,-0.8383010977964056,334
R408L,-0.701,1452,-0.519120902584957,1806,1,-0.2973738040790261,-0.9868120557228918,0.3006014875914223,-1.0928992381293323,408
D373G,-0.701,1452,0.0548385848385001,1350,1,0.5576402187721193,0.3988966431147399,-0.0274149224947,-0.7097676000381589,373
V65A,-0.703,1455,0.4033722088903394,1016,1,0.569034662206574,0.0103936717014028,0.2978747108457248,0.7361857908076561,65
A257S,-0.703,1455,0.7247696323470353,657,1,0.4136772051158057,0.9604316077585556,0.376454504411192,1.1485152121025877,257
Q126P,-0.703,1455,-0.514709209608269,1803,1,-0.0903618013379874,-0.604509758889089,-0.8188254306342869,-0.5451398475717129,126
R102P,-0.703,1455,-0.2992127848746047,1640,1,-0.3908096356373927,-0.3245510229239841,0.0393994956789343,-0.5208899766159761,102
R416C,-0.7040000000000001,1459,-0.2078001884452313,1568,1,-0.3407097429563334,-0.1057887740225562,-0.1288571265849055,-0.2558451102171299,416
D64V,-0.7040000000000001,1459,-0.3565960115272263,1693,1,-0.7119043736399662,-0.4983469057846068,-0.346979751000761,0.1308469843164285,64
L294Q,-0.705,1461,0.3731338184780113,1046,1,0.6232336059919666,-0.0225486593218502,0.441653864369567,0.4501964628723617,294
D373V,-0.705,1461,-0.0419616797469657,1435,1,-0.0739904713681612,-0.2107317486794235,0.0630833233603257,0.0537921776993958,373
D198G,-0.706,1463,-0.2219481275032701,1576,1,-0.4947583086415764,0.1033833343550123,0.2860180621314659,-0.7824355978579822,198
I381V,-0.7070000000000001,1464,1.0893085406383372,314,1,1.482232520389576,1.0416031210656351,0.9532437866946192,0.880154734403518,381
G265V,-0.708,1465,-0.3357249635326541,1672,1,-0.3665120528577762,0.5473979472218289,-0.0504328660166411,-1.473352882478028,265
Q138R,-0.708,1465,-0.3122027665898492,1651,1,-0.5787909417904917,-0.7409238512471623,-0.2950456035258407,0.3659493302040978,138
A81P,-0.7090000000000001,1467,-0.9656521721387284,2087,1,-0.6100620152594181,-1.3080367350390882,-0.7747803348903609,-1.169729603366046,81
P273Q,-0.7090000000000001,1467,-0.7080271606037671,1929,1,-0.5841177895568509,-1.3350731330750067,-1.5148875651581062,0.6019698453748952,273
S45T,-0.71,1469,-0.2520998281754737,1603,1,-0.3621339225862867,-0.0484700784780925,-0.2838555905001316,-0.313939721137384,45
C230G,-0.71,1469,0.1528655462270421,1255,1,0.3241987995681137,0.4764771704246388,-0.3446371005463163,0.1554233154617323,230
A464G,-0.71,1469,0.2937279384644858,1115,1,0.548147760531216,0.5596515513889552,0.4476653445667418,-0.3805529026289697,464
L301V,-0.711,1472,0.417379083374346,1001,1,0.7556966051656516,0.6205345870682911,0.7068972390257973,-0.413612097762356,301
R58S,-0.713,1473,1.0011539399876856,402,1,1.069350653982757,0.932264982362366,0.8650846657827996,1.13791545782282,58
V449L,-0.7140000000000001,1474,0.0502200776095433,1353,1,0.2803537939998475,-0.7264999735576148,0.3944608643783288,0.2525656256176116,449
P460T,-0.7140000000000001,1474,-0.2980085373270522,1639,1,-0.0190507038443016,-0.6696363001580283,0.0769075764053601,-0.5802547217112393,460
H71R,-0.7140000000000001,1474,0.7191931317846545,662,1,0.788441255819472,0.5557137014369679,0.1384257623144676,1.3941918075677104,71
L110M,-0.715,1477,0.1425517501611422,1269,1,0.1135332359548784,-0.2236256642996001,0.4238111801564962,0.2564882488327942,110
A339G,-0.716,1478,0.7699914569284649,609,1,0.9865274270887928,0.8117891694527473,0.8723980173874032,0.4092512137849169,339
S372Y,-0.716,1478,0.6644364893569527,725,1,0.803972264260802,0.6489999142960174,0.49118005336896,0.713593725502031,372
P147Q,-0.7170000000000001,1480,0.002304675948841,1392,1,-0.357105568190016,1.2741985132548614,0.2944401697669986,-1.2023144110364798,147
Q218P,-0.7170000000000001,1480,-0.1483688913561273,1514,1,0.1851022794469027,0.0312982471928669,0.1323923742259859,-0.9422684662902648,218
D409V,-0.718,1482,-0.2033860884972653,1562,1,0.0123249611150329,-0.6044078528878928,0.5989761420827252,-0.8204376042989269,409
G426A,-0.72,1483,-0.2326982533265491,1584,1,0.2417601533724761,0.0605245640329551,-0.4367573729164313,-0.7963203577951964,426
Q138P,-0.722,1484,-1.0922432342503816,2139,1,-1.048050073581669,-1.1554434122927673,-0.9249896016739564,-1.2404898494531336,138
T151A,-0.7240000000000001,1485,0.165335293162455,1246,1,-0.337395930635457,-0.3074738472448996,0.3286282533049063,0.9775826972252708,151
S287P,-0.725,1486,-0.2598212236736704,1609,1,-0.7804196742378984,-0.153657901948116,0.4647945128742136,-0.5700018313828807,287
L363V,-0.726,1487,-0.0299137370912553,1418,1,0.2135354413559017,0.0434906703396909,-0.1286607925119978,-0.2480202675486163,363
S371C,-0.727,1488,0.1564978644938628,1253,1,0.1958546006472533,0.0019570522290309,0.5434378952466572,-0.1152580901474902,371
P378S,-0.7290000000000001,1489,0.0348746727197672,1367,1,-0.3322096336090785,-0.2113207329360328,0.3132948293973785,0.3697342280268019,378
W73C,-0.7290000000000001,1489,-0.3671996419614813,1707,1,0.1344718835591465,-0.6504662471300139,-0.4593470854630267,-0.4934571188120313,73
A37P,-0.7290000000000001,1489,0.0600098683602442,1345,1,-0.0079514928005364,0.3006907527780992,0.3377591424693332,-0.3904589290059192,37
P54T,-0.731,1492,-0.1582016471583245,1518,1,0.0227881926998403,-0.2959368904827604,-0.0980742226136423,-0.2615836682367356,54
I418V,-0.732,1493,1.101025774660702,304,1,1.0488134228309214,1.286611777238332,1.0339034568897782,1.034774441683776,418
D423V,-0.732,1493,-0.3132049830222692,1657,1,-0.5668340678859233,-0.3616577794820561,-0.3567881294089519,0.0324600446878542,423
A417G,-0.735,1495,-0.2776569118278951,1620,1,0.1069731565608284,-0.2128922307439575,-0.7731031319861323,-0.2316054411423188,417
T264S,-0.735,1495,0.6351552927822446,755,1,0.5967097727998946,0.7073681044476626,0.6165671286761243,0.6199761652052966,264
S443G,-0.736,1497,0.6955237296724472,693,1,0.9652161620303878,0.6189285385108788,0.8351940766735583,0.3627561414749641,443
T457R,-0.736,1497,1.7196067042874428,13,1,2.139444690192668,1.981750733575515,1.0824419519467896,1.6747894414347988,457
R204P,-0.7390000000000001,1499,-0.6754281885339946,1907,1,-0.6647853700341815,-1.226574798983495,0.2931260035289562,-1.103478588647258,204
G338D,-0.7390000000000001,1499,-0.11436114845311,1486,1,-0.148065312099633,1.1201896583074806,0.6256635237648243,-2.0552324637851123,338
T243K,-0.7390000000000001,1499,-0.1704086466140408,1526,1,-0.4781543115834799,-0.0882250190158494,0.0215288030397491,-0.136784058896583,243
R425L,-0.74,1502,-0.3571056005851035,1694,1,-0.3277131980384688,-1.0425455329451938,0.2587498980699099,-0.3169135694266614,425
D64Y,-0.741,1503,-0.7127359481588877,1935,1,-1.0400356984913797,-0.7624599445893704,-1.0246856284719066,-0.0237625210828944,64
A193P,-0.741,1503,-0.2826377069059494,1624,1,-0.5015033790995072,-0.172902419948853,-0.3759559041033172,-0.0801891244721202,193
L79R,-0.742,1505,-0.2173146404854747,1574,1,-0.2365804521397107,-0.6988331802584808,-0.0481750686445998,0.1143301391008925,79
A219D,-0.743,1506,-0.800552759212541,1992,1,-0.6852108810429695,-1.4223964728126388,0.0594864369153887,-1.1540901199099447,219
H71P,-0.743,1506,-1.3586835510560926,2271,1,-1.076791385404403,-1.591440692129099,-1.710492889981792,-1.0560092367090763,71
I418S,-0.7440000000000001,1508,-0.4667978241236541,1779,1,-0.6994394694797516,-0.4201956050824493,-0.018507066948383,-0.7290491549840324,418
W24S,-0.7440000000000001,1508,-1.6488545922267253,2371,1,-1.512213887143804,-1.8552537505998636,-2.548044036588874,-0.6799066945743599,24
H415N,-0.746,1510,0.0704990958518663,1335,1,0.0844316996636687,-0.2898610725827825,0.491095672930164,-0.003669916603585,415
P378Q,-0.746,1510,-0.1906277554476578,1547,1,-0.5833699635602952,-0.4983476541762924,0.3249627971984495,-0.0057562012524929,378
S484W,-0.747,1512,0.9055713477470562,489,1,0.6011202221579064,0.602042576907479,1.1622225968864062,1.2568999950364337,484
D420V,-0.747,1512,-0.4189936810204622,1752,1,-0.7016878010201517,-0.3526591178537583,-0.094677911323253,-0.5269498938846858,420
A159T,-0.7490000000000001,1514,0.260120253438489,1154,1,0.2489326143629346,0.2278277748246909,0.943809341613264,-0.3800887170469336,159
L166V,-0.7490000000000001,1514,-0.1015789475188007,1476,1,0.2913026208076156,-0.386100376667447,0.5848674726203623,-0.8963855068357338,166
D452N,-0.75,1516,0.2953495908859221,1114,1,0.4235181457714576,-0.0913421951185438,0.3197471333600032,0.5294752795307717,452
G103D,-0.7509999999999999,1517,-0.6813045165038476,1911,1,-1.1261247456954553,-0.6394309622611578,0.1635823748782326,-1.12324473293701,103
K171I,-0.7509999999999999,1517,-0.197070795157511,1557,1,0.1748318374697324,-0.3655122461270668,-0.7321326353026133,0.1345298633299033,171
A464S,-0.753,1519,0.4155859152807502,1004,1,0.2906496160027267,0.1794574739336385,0.7675448106236312,0.4246917605630043,464
P401A,-0.753,1519,0.624908212499101,770,1,0.9218173165853752,0.2461903132238852,0.7505896344677713,0.5810355857193726,401
A78G,-0.753,1519,0.7862953769450778,589,1,1.0788265166192,0.5370185029335004,0.5272284692616644,1.002108018965946,78
P199L,-0.753,1519,0.1177141894320459,1293,1,-0.3945679017550931,0.7622330107527898,0.4508842929040755,-0.3476926441735883,199
R425H,-0.755,1523,0.1961217964757588,1228,1,-0.1153154223917011,0.0295381546801575,0.3127135977816636,0.5575508558329154,425
C230S,-0.755,1523,0.6823508535350153,706,1,0.6488774803245551,0.9826620214871288,0.1385323800756884,0.9593315322526894,230
V252M,-0.7559999999999999,1525,0.2267281791265956,1193,1,0.4158903357739354,0.0424464144743091,0.373926043010144,0.074649923247994,252
T455I,-0.757,1526,-0.7644309436553521,1966,1,-0.5262037307532448,-0.6433058849455764,-0.5760254903373868,-1.3121886685852004,455
E141A,-0.757,1526,-0.169734833289187,1525,1,-1.110740203259062,-0.2398947016901263,-0.1242324337046559,0.7959280054970962,141
L92V,-0.758,1528,0.9935510244896768,413,1,1.3799628157145931,0.865026355024565,0.7461079114740755,0.9831070157454735,92
I418F,-0.758,1528,-0.5191271942767424,1807,1,-0.5215330223766229,-0.5255253735088519,-0.3864336880673815,-0.6430166931541133,418
G109C,-0.76,1530,-1.9326869136837976,2428,1,-1.3981401764531638,-1.829748561952792,-1.8661090380098448,-2.63674987831939,109
S463I,-0.7609999999999999,1531,-1.7934379079960028,2408,1,-2.0463811201817825,-1.3739216465494897,-2.383231897973292,-1.3702169672794466,463
F388S,-0.763,1532,0.1207512663023913,1290,1,-0.19756624628553,-0.5475429321688302,1.041014087933971,0.1871001557299544,388
D373Y,-0.767,1533,-0.33653916989193,1673,1,-0.6734884943081959,-0.6148030134016199,0.0229309645291749,-0.0807961363870791,373
G474A,-0.767,1533,0.2542720060248533,1158,1,0.2916435953860741,0.2206427157146268,0.4228931514734791,0.081908561525233,474
D423A,-0.767,1533,0.3131639398022127,1097,1,0.1605358554587078,0.2594262438444054,-0.1760863891843398,1.0087800490900771,423
D168H,-0.768,1536,-0.0745645154372131,1461,1,-0.5536838271948423,-0.5856006450954726,0.1433731239827854,0.6976532865586769,168
R425S,-0.769,1537,-0.1068732730432813,1483,1,-0.3609487967244564,-0.4272323579068064,0.1610906025966051,0.1995974598615322,425
H498P,-0.77,1538,0.6287254120954053,763,1,1.3767237341716063,1.006704696865499,1.1622225968864062,-1.0307493795418896,498
A165T,-0.773,1539,0.2349466528815944,1182,1,0.2666857401149238,0.3562127469832304,0.6685799059239187,-0.3516917814956951,165
D244H,-0.775,1540,0.6551613902477413,734,1,0.6735327470421858,0.2289920228236725,0.6881310315945686,1.0299897595305385,244
G338R,-0.775,1540,-0.3595561777998052,1696,1,-0.7124744130620103,0.3734701603266097,0.3437563235637624,-1.4429767820275827,338
E365V,-0.775,1540,0.1968361031137315,1227,1,-0.0821565704766813,0.1992665287292534,0.2481186685725892,0.4221157856297645,365
G265S,-0.779,1543,0.2764565037184662,1136,1,0.5328907628355729,1.067701269800146,0.4968744512588652,-0.9916404690207192,265
G101R,-0.78,1544,-1.4059679820495596,2296,1,-0.8133737164235436,-1.838754707497947,-1.1486344371495647,-1.8231090671271832,101
D248N,-0.7809999999999999,1545,0.0355428031415913,1365,1,-0.0816989716466219,-0.210876063542807,0.3311382855057593,0.103607962250035,248
T62I,-0.7809999999999999,1545,-0.3274376699541841,1667,1,-0.4818428079093912,0.0022202366384857,-0.0117155776102671,-0.8184125309355639,62
P199R,-0.7809999999999999,1545,0.0858277232283311,1322,1,0.0990663179539707,-0.0206221743910304,0.6712100069545757,-0.4063432576041913,199
A413V,-0.782,1548,-0.3933784338685868,1733,1,0.1765824019919743,0.1033810891799553,0.217246793321533,-2.07072401996781,413
G265D,-0.782,1548,0.5325218127952889,861,1,0.5594382318085593,1.8419476742009075,1.026801216201198,-1.2980998710295093,265
I404T,-0.7829999999999999,1550,0.4885516699324161,915,1,0.7939323406645461,0.8615842210153625,0.4320106383727302,-0.1333205203229738,404
V252E,-0.784,1551,0.1891322966490033,1233,1,0.2040741520111132,0.0942349943895839,0.3075916087677472,0.1506284314275689,252
Y272S,-0.784,1551,-1.3922947781474226,2287,1,-1.4128357169167312,-1.4961918844403972,-1.099353206416664,-1.5607983048158975,272
V380A,-0.785,1553,0.3460933207956606,1070,1,0.7615074492639093,0.2576578566571801,-0.0517660603826392,0.416974037644192,380
F388L,-0.7859999999999999,1554,0.2846625968006849,1126,1,0.1648413847004804,0.4026453370681783,0.4492025194022263,0.1219611460318548,388
S331N,-0.7859999999999999,1554,0.2036737965830008,1220,1,0.5523535139149485,0.7056178657588144,0.5871926344747289,-1.0304688278164884,331
P19Q,-0.789,1556,-0.8972775662014039,2052,1,-1.2344976577030933,-1.0266200073383824,-0.9008068994327388,-0.427185700331401,19
H415D,-0.79,1557,-0.159144278234598,1521,1,-0.258307018091903,-0.4690220507059076,0.1964559845218218,-0.1057040286624034,415
M80T,-0.7909999999999999,1558,-0.0568207431068434,1447,1,-0.2004811321266157,0.1069607713443836,-0.3207709504467834,0.1870083388016416,80
V289M,-0.792,1559,0.1361653273508567,1278,1,-0.0368590892937004,0.5109056202376785,0.2023489062987815,-0.1317341278393327,289
F155I,-0.7929999999999999,1560,-0.9455125148858904,2074,1,-0.888201868675056,-0.8388208429155495,-0.8652408466908312,-1.189786501262125,155
V289L,-0.7929999999999999,1560,0.6004956576562499,793,1,0.3025985776084438,1.1051997626311771,0.770729731983666,0.2234545584017129,289
T67S,-0.7929999999999999,1560,1.021538915413663,383,1,1.3509845204296949,0.993055903498393,0.4012231570449532,1.3408920806816105,67
A15G,-0.795,1563,0.674551446646081,716,1,1.1543154722193576,0.0569321592098704,0.7015737935926853,0.7853843615624108,15
V170F,-0.7959999999999999,1564,-1.2220111588025846,2201,1,-0.5950068317423067,-1.468967889555275,-1.9213235343210704,-0.902746379591687,170
Y364D,-0.7959999999999999,1564,0.3049852699177204,1104,1,0.6731528176633116,0.2386376690642177,0.1925707234293021,0.1155798695140503,364
A251V,-0.7959999999999999,1564,-0.3655255234035732,1704,1,0.0800628214732646,-0.228296875737554,-0.1032186915988267,-1.2106493477511766,251
E34A,-0.797,1567,-1.301358414568402,2248,1,-1.6305934557020476,-1.496786107438806,-2.0452884141346503,-0.0327656809981045,34
D118A,-0.7979999999999999,1568,-0.3508294506396067,1683,1,-0.7940296877453049,-0.8231617447488307,-0.0700015682368737,0.2838751981725826,118
P3A,-0.799,1569,1.3564349319320426,112,1,1.6311366509235137,1.352893520516646,1.1622225968864062,1.279486959401605,3
P401R,-0.8,1570,0.2639632175622179,1151,1,0.4878443770663029,-0.1110482213254338,0.5200576397825061,0.1589990747254965,401
V217F,-0.8,1570,-0.3989907722947581,1737,1,-0.2155195051685314,0.1174348871809472,-0.2745226807497449,-1.2233557904417036,217
V475D,-0.8009999999999999,1572,0.0641602868366232,1341,1,0.6535410347696277,-0.8120224334356688,0.6297724610595858,-0.2146499150470517,475
E157V,-0.8009999999999999,1572,-0.1172720943166131,1487,1,-0.6268965306984289,-0.5242114471727395,0.2788232031480365,0.4031963974566793,157
A257V,-0.802,1574,0.1470788005592784,1260,1,-0.0876657550213643,0.7092338449199966,0.2563298427704273,-0.2895827304319458,257
P241R,-0.8029999999999999,1575,-0.3703348654832514,1713,1,-0.3538071507253715,-0.0067857841747209,-1.3647986830196652,0.244052155986752,241
R261S,-0.8029999999999999,1575,0.133224678188336,1280,1,-0.1804359423198079,0.5569106915721967,-0.3084121984969839,0.464836161997939,261
A332S,-0.805,1577,1.088499996869575,315,1,1.2240676256488483,0.8255331021128917,1.1209732110929236,1.183426048623637,332
R240H,-0.8059999999999999,1578,0.525288214667188,874,1,0.3960427764860429,0.3523095725126786,0.4821335245255915,0.870666985144439,240
D61A,-0.8059999999999999,1578,0.1716400760570899,1244,1,-0.3037867854953875,-0.0942500710131505,0.6116096958808874,0.4729874648560102,61
F112V,-0.807,1580,-1.0106376175587082,2111,1,-0.903626503462818,-0.8711513637357807,-1.578112910298773,-0.6896596927374609,112
D48Y,-0.8079999999999999,1581,-1.2459051767092355,2215,1,-1.8551222516648456,-1.288428623411071,-0.9753152567293588,-0.8647545750316681,48
I97F,-0.809,1582,-0.350469740035459,1682,1,-0.3456642829352042,-0.877729726652675,-0.2252684360587472,0.0467834855047902,97
A87V,-0.809,1582,-0.3089427524906158,1649,1,-0.0617329553861482,0.1958824262586759,0.0042395134214801,-1.3741599942564713,87
P127S,-0.809,1582,-1.0702608965882274,2133,1,-0.6190891898816008,-1.248812260067108,-1.0012453846107978,-1.4118967517934031,127
T264P,-0.8109999999999999,1585,-0.4797493541262139,1789,1,-0.3247242955487025,0.0934792435190214,-0.3909889398466822,-1.2967634246284925,264
I125M,-0.8109999999999999,1585,-0.4356024063176481,1765,1,-0.2357159134153689,-0.6434656665704634,-0.0581697764783755,-0.8050582688063844,125
G144C,-0.812,1587,-1.5607343206253166,2344,1,-0.9305774617588628,-1.853964022261588,-1.5580686946418256,-1.9003271038389904,144
P225L,-0.813,1588,-0.4132691356812802,1750,1,-0.6324320053095831,-0.8846236613970199,0.1115658115908391,-0.2475866876093573,225
L411M,-0.813,1588,0.1513549396708227,1257,1,0.0351097401610567,-0.0357810974478374,0.2398765368619611,0.3662145791081105,411
Y364H,-0.813,1588,1.0591033271849075,346,1,1.3590418159494164,0.8965794216153501,0.8365922547030239,1.1441998164718397,364
I459L,-0.815,1591,0.6361763308627746,753,1,0.7937140572761048,0.4524452531767503,0.6052744342963127,0.6932715787019303,459
D198V,-0.815,1591,-0.8159307372901169,1999,1,-0.7744880538270611,-0.9894443987452304,0.04620487900737,-1.5459953755955462,198
T62P,-0.815,1591,-0.896825193865518,2051,1,-0.9466802285881212,-0.9806091359683003,-0.0038969326192221,-1.656114478286428,62
E157K,-0.816,1594,-0.1395690949386119,1507,1,-0.9954989608279996,-0.6691029463500526,0.4703936204535745,0.6359319069700301,157
P394T,-0.816,1594,1.0677739523697962,339,1,1.3756318116511987,1.2733657540492072,0.9178443402624414,0.7042539035163377,394
A129P,-0.8170000000000001,1596,0.0148022801064655,1384,1,0.568090760344072,0.2115885483696431,0.168850516008184,-0.8893207042960368,129
V470F,-0.818,1597,-0.2967057178092401,1637,1,-0.2372305245910315,-0.4023836335000008,0.1816619089219416,-0.7288706220678697,470
Y364F,-0.818,1597,0.4793284900685439,926,1,0.5658001371871274,0.4204914852042717,0.4288472917039433,0.5021750461788332,364
T280I,-0.818,1597,0.0035102481148348,1391,1,-0.3425505531875197,0.0345969082793323,0.5435308220381126,-0.2215361846705859,280
S371R,-0.8190000000000001,1600,1.0553889189032124,349,1,1.2894408714803645,1.5701108901873435,0.9532729960873338,0.4087309178578079,371
R72S,-0.821,1601,-0.4265297867625598,1755,1,-0.7078035277330178,-0.618858298482281,-0.3880449641612348,0.0085876433262943,72
H500T,-0.823,1602,0.4879825625317588,916,1,0.8738459966082667,0.7742298542057632,1.1622225968864062,-0.8583681975734008,500
P99A,-0.8240000000000001,1603,-0.0209637938320147,1410,1,0.2027269377779239,0.1065848292542904,-0.4504532642760553,0.0572863219157821,99
R368G,-0.8240000000000001,1603,0.7026240325443608,683,1,1.037356767998788,1.0407104301080916,0.3328286976394998,0.3996002344310637,368
F155C,-0.8240000000000001,1603,-1.004602342353619,2107,1,-0.9102687898724104,-1.017718886093115,-1.7256000912043947,-0.3648216022445554,155
F303L,-0.8240000000000001,1603,0.7780080418107668,598,1,1.455355174279651,0.7467297651546088,0.6807235057447205,0.2292237220640864,303
D285G,-0.826,1607,-0.0759677389097534,1463,1,-0.1633815003632013,-0.5869960213933734,0.2724597170295426,0.1740468490880184,285
R223P,-0.8270000000000001,1608,-0.9028574785348856,2056,1,-0.791762675090364,-1.3818910201461183,-0.1713429862608559,-1.2664332326422036,223
Q6K,-0.8270000000000001,1608,1.1454688702150082,266,1,1.0964096164220687,0.9506335390780324,1.1622225968864062,1.372609728473526,6
S463C,-0.8290000000000001,1610,-0.5945126679741992,1845,1,-0.8010561124722978,-0.9348726748829578,-0.4417392999663433,-0.2003825845751978,463
A228E,-0.831,1611,-0.6165475648695108,1860,1,-1.011903203938735,-0.3647098455080986,-0.0897599334501045,-0.999817276581105,228
F90C,-0.8340000000000001,1612,-0.6384518689375392,1885,1,-0.8139496711105438,-1.1547354337581397,-0.4481903847114957,-0.1369319861699779,90
D222V,-0.835,1613,0.2992843137789103,1110,1,-0.0797230961989396,0.159101594279706,0.4951709103130983,0.6225878467217765,222
I46T,-0.8370000000000001,1614,0.2541484242178484,1159,1,-0.3665151368848044,0.26999446993544,0.0292280673700865,1.0838862964506717,46
P99L,-0.841,1615,-1.259530647023367,2222,1,-0.9720518111409072,-1.3214656259825597,-1.6193302437291657,-1.1252749072408357,99
L136V,-0.8420000000000001,1616,-0.2190530270627939,1575,1,-0.3839150404264069,-0.7760832926391639,-0.2877004003603535,0.5714866251747487,136
Q98P,-0.8440000000000001,1617,-1.4247208912733875,2304,1,-1.1857244780591578,-1.5594394636505555,-1.4783467684829097,-1.475372854900928,98
D250V,-0.846,1618,0.5447996705622731,852,1,-0.1561108560860367,0.8285921531280004,0.7374979039683912,0.7692194812387374,250
S189T,-0.847,1619,0.4550590359696612,948,1,0.3155032842460296,1.4179490620222823,0.6722312767117546,-0.5854474791014217,189
A297P,-0.851,1620,-0.7943656652321353,1987,1,-0.1800401504248657,-0.8291912870962458,-0.4661776753213881,-1.7020535480860413,297
V232L,-0.853,1621,0.5141501796239094,889,1,0.1682005473860197,0.7340773305850029,0.8095424132372846,0.3447804272873305,232
A205T,-0.856,1622,-0.0676076076462459,1457,1,-0.3036099089616383,0.9223434602366968,0.1941556900818984,-1.083319671941941,205
G349S,-0.856,1622,-0.2998701759644299,1641,1,-0.3110849079477966,-0.0772770465103195,0.5101699969695731,-1.3212887463691767,349
T455N,-0.857,1624,0.1947558762211024,1229,1,0.4270305112914664,0.1255200120249572,0.5043541545804017,-0.2778811730124153,455
L83V,-0.86,1625,-0.2063529777243297,1566,1,0.3285460137325894,-0.6627895140898797,0.313945968611438,-0.8051143791514666,83
G25A,-0.861,1626,-0.7791224660999861,1971,1,-0.407557545530509,-0.9253279367880284,-0.9248995224375232,-0.8587048596438841,25
I161N,-0.861,1626,-0.3885087703330188,1727,1,-0.7852280010009334,-0.3859025517985393,0.0550339542924238,-0.4379384828250263,161
R240C,-0.863,1628,-0.0557118775130295,1446,1,-0.3695405168417995,-0.190348427997017,0.1386426959337047,0.1983987388529937,240
R253S,-0.866,1629,0.2785415950469294,1134,1,-0.350875049946529,0.2880564043408968,0.2591343413765936,0.9178506844167564,253
Q7K,-0.866,1629,1.206018226720443,218,1,1.1533449011067336,1.2094807068846165,1.1417893700295905,1.3194579288608304,7
A15V,-0.867,1631,0.8023474827234824,568,1,0.698053176053511,0.7038469839326367,0.847194160907799,0.9602956099999832,15
T280S,-0.8690000000000001,1632,0.2791601346958421,1132,1,0.0485632266573192,0.595584642686001,0.1298648390276336,0.3426278304124147,280
F90L,-0.87,1633,0.2347500450019667,1183,1,0.1706618284648368,-0.0275635072754667,0.1663359255448827,0.6295659332736142,90
G190A,-0.8740000000000001,1634,-0.3697052038028212,1711,1,-0.1349135041161278,0.0023715364909353,-0.305740763297871,-1.0405380842882213,190
D452V,-0.875,1635,-1.103692627693566,2143,1,-1.253462603845945,-1.0904223942515048,-1.5153856550270328,-0.555499857649782,452
T67A,-0.877,1636,1.480137234804899,55,1,1.901430979728665,1.5535722446920606,0.6405743842856411,1.824971330513228,67
A162G,-0.879,1637,-0.6173702501820236,1861,1,-0.0058373669936896,-0.3616445578956095,-2.072472492033981,-0.0295265838048144,162
L83Q,-0.88,1638,-0.3537822651953213,1688,1,-0.597768224041457,-0.3222439808210095,-0.7352361868094626,0.2401193308906438,83
L367M,-0.88,1638,0.1193078369790714,1292,1,0.3080380681980679,0.0869563863188131,-0.0381837686129654,0.1204206620123701,367
S331T,-0.883,1640,0.557193723604942,835,1,0.414021794578404,1.4229152255375976,0.7515279304436753,-0.3596900561399087,331
A413G,-0.883,1640,-0.136516092482114,1504,1,0.3437807027900968,-0.0344532011335928,-0.4249364684175012,-0.4304554031674589,413
F90Y,-0.8859999999999999,1642,0.0500503311488216,1354,1,-0.1724637830093331,-0.3928604740320075,-0.0309278207280405,0.796453402364668,90
R425C,-0.8859999999999999,1642,-0.2053028411845197,1565,1,-0.456594434764279,-0.5463844218394387,0.3936935047060559,-0.211926012840417,425
A249P,-0.888,1644,-0.3836513017125453,1724,1,-0.1674982719834926,-1.0542982759766963,0.4830067057994835,-0.795815364689476,249
V342F,-0.89,1645,-0.1797108372585296,1535,1,-0.6758560159095693,0.7246444146811047,0.3387084684407172,-1.1063402162463711,342
T43P,-0.8909999999999999,1646,-0.4830306971709224,1792,1,-0.8234047418434555,0.3464669409887552,-0.9309947027341784,-0.5241902850948111,43
V277G,-0.895,1647,-0.0572344915388781,1449,1,0.7323055304208179,-0.2343038416024518,-0.0975118672101989,-0.6294277877636797,277
S245F,-0.895,1647,-0.6041188322947697,1849,1,-0.7071271146574054,-0.9596299707721662,0.0066719521101569,-0.7563901958596644,245
P127T,-0.8959999999999999,1649,-1.05626155943684,2126,1,-0.4791708018362432,-1.2664740543846351,-0.610230822028604,-1.8691705594978767,127
I381S,-0.899,1650,-1.142687345513165,2162,1,-1.233383161115994,-1.3777706249888055,-1.1450138712991655,-0.814581724648694,381
D256H,-0.899,1650,-0.2242259648893471,1577,1,-1.009308273262386,-0.1418495284679798,0.1540789128537837,0.1001750293191936,256
L283R,-0.899,1650,0.4898666060384888,909,1,0.8215354190036266,0.7902941441042896,0.4320138576373547,-0.0843769965913154,283
A9T,-0.901,1653,1.3386252909922152,130,1,1.760531953244749,1.1995081148221485,1.1106434380482308,1.283817657853732,9
D250Y,-0.902,1654,0.0396136660049511,1363,1,-0.544939574134146,-0.0035068307359776,0.2411620404302404,0.4657390284596877,250
G421D,-0.906,1655,-0.6252056514906987,1872,1,-0.1249606410861477,-0.8032186031095362,-0.6472845131079478,-0.9253588486591634,421
A183G,-0.907,1656,0.0283816176269159,1371,1,-0.0296105135050258,0.121613407425846,0.1479731301076811,-0.1264495535208374,183
R254G,-0.911,1657,-0.2739840420447504,1616,1,-0.7209081399914252,-0.3665170866970042,-0.7358006921327289,0.7272897506421567,254
G396V,-0.912,1658,-0.8450913307589194,2017,1,-1.3441308750511054,-0.9220527253077132,-0.1805134420053039,-0.9336682806715552,396
Y272F,-0.912,1658,0.2203048913275032,1200,1,0.0433608269652271,-0.0323413645286262,0.1192113828454045,0.7509887200280074,272
R221G,-0.913,1660,-0.8022314226410235,1994,1,-0.9434273384405096,-0.7638773984419981,-0.7213328517580478,-0.7802881019235386,221
H298P,-0.913,1660,-0.498122949237018,1799,1,-0.2555109431281391,-0.531533836157121,-0.0787132414498788,-1.1267337762129332,298
F388I,-0.916,1662,0.0540806382207389,1352,1,-0.3043918109289665,-0.2509573028555088,0.4113537747332467,0.3603178919341843,388
H69N,-0.917,1663,-0.2644472610093825,1611,1,-0.5869629056061477,-0.3242559071359414,-0.2585335340220242,0.1119633027265833,69
P273T,-0.918,1664,-0.4607331801627012,1778,1,-0.3340169240055142,-1.2969650284415304,-0.4280140638762188,0.2160632956724583,273
H415R,-0.918,1664,0.1976515921361321,1226,1,0.3708589151194256,-0.1829109114249925,0.7901814785209179,-0.1875231136708224,415
P454L,-0.919,1666,0.2441595952730322,1173,1,0.6457876897047057,0.0247530629740366,0.8443716101234261,-0.5382739817100394,454
V77M,-0.919,1666,-0.3521217301331129,1686,1,-0.6298242582258297,-1.140235095384707,0.1398930019571019,0.2216794311209833,77
P460S,-0.92,1668,-0.4275644837813756,1759,1,-0.1475636774082343,-0.738792805922264,-0.4413744852072904,-0.3825269665877135,460
V407F,-0.921,1669,0.507327141951547,896,1,0.5237877514831851,0.5950530351252918,0.3243465578378575,0.5861212233598537,407
F303I,-0.923,1670,0.0745574958150949,1331,1,1.1473571362366342,-0.0423887723724197,0.1788676758504985,-0.9856060564543332,303
P375S,-0.924,1671,-0.0302465154493998,1419,1,-0.0874108677711439,-0.2111236564588107,0.2815691807423421,-0.1040207183099866,375
P241A,-0.925,1672,0.823617289092397,546,1,1.143209473788239,0.912492286929479,0.5236433880112793,0.7151240076405901,241
V449A,-0.928,1673,-0.2400208175822235,1591,1,-0.0705706392984575,-0.2505698854262355,-0.2893066431146368,-0.3496361024895643,449
F374L,-0.929,1674,0.3939335720464777,1027,1,0.7575116751466606,0.4822947931930664,-0.0318221423409487,0.3677499621871324,374
G188D,-0.929,1674,-0.3906201276214281,1729,1,-0.507588038031899,0.4362709497004331,0.3573024200088991,-1.848465842163146,188
V170L,-0.931,1676,-0.1656210172404175,1524,1,0.2211926760047434,-0.5415791235578051,0.2134328418839415,-0.55553046329255,170
G84V,-0.932,1677,-1.1669221809084298,2178,1,-1.5389627658327607,-1.4899937044998148,-1.275986733824571,-0.3627455194765731,84
A251G,-0.933,1678,-0.3823908910459365,1723,1,-0.2850562254066907,-0.3006579946997579,-0.8433227699836973,-0.1005265740936002,251
R240L,-0.934,1679,0.5787836206591475,812,1,0.0888105251051851,0.9332756853338412,0.2882469566677505,1.0048013155298128,240
P19S,-0.935,1680,-0.3604510134007394,1698,1,-0.5900806041427129,-0.5354576537650023,-0.1595217567713563,-0.1567440389238861,19
S231T,-0.936,1681,0.454700122898327,950,1,0.093092203695308,1.031244772067946,0.5211563031090011,0.1733072127210531,231
R254L,-0.938,1682,0.4170538579660958,1002,1,-0.4804927371593641,0.7118933795069141,0.001795054492305,1.4350197350245282,254
G214C,-0.938,1682,-1.223853745004659,2202,1,-0.571718913909735,-1.8296505226419717,-0.2908296959424593,-2.2032158475244694,214
H69Y,-0.939,1684,-0.282915906169834,1625,1,-0.5222793063596642,-0.7639743151652902,-0.2534420921689177,0.4080320890145363,69
Y427S,-0.939,1684,-1.161601281148111,2173,1,-0.991358325916604,-1.3219198997357506,-1.4633325947320963,-0.8697943042079928,427
A206E,-0.942,1686,-0.8535562516927191,2024,1,-1.046096620527217,-0.8912010264583333,-0.5138266526487772,-0.9631007071365488,206
A37E,-0.943,1687,-0.1232857719360678,1494,1,-0.4123666306608459,-0.5888934437804004,-0.028270067159636,0.5363870538566109,37
P99T,-0.946,1688,-0.6360368808900188,1881,1,-0.3921941615418429,-0.7546473590508859,-0.756666348068468,-0.6406396548988783,99
G214A,-0.947,1689,-0.0828822617054538,1468,1,0.9001535624049755,-0.2614911652949771,0.143162565449626,-1.1133540093814396,214
G101D,-0.947,1689,-1.2561507356837738,2220,1,-0.7265191227069543,-1.4637845287404392,-1.0026971582915103,-1.831602132996192,101
P12R,-0.95,1691,1.1750298393562302,243,1,1.5145704397001225,0.97427700985808,1.0715915246440937,1.139680383222624,12
C230W,-0.952,1692,0.2871573974110494,1123,1,0.8812904902696995,0.4183469064630578,0.0907281018110372,-0.2417359088995967,230
A339E,-0.954,1693,-0.0075075685892321,1406,1,-0.086104807603546,0.0728579342805772,0.847139720702421,-0.8639231217363808,339
T243M,-0.954,1693,-0.6736222297657137,1906,1,-0.904689784978118,-0.9742158752616576,-0.365147471866475,-0.4504357869566042,243
P454R,-0.955,1695,0.7797857354946347,595,1,1.3940519846426198,0.8927509615814158,0.9727865299027096,-0.1404465341482064,454
A464V,-0.956,1696,-0.613228850679322,1855,1,-0.3138043119773227,-0.77413772372036,-0.2239620584538922,-1.1410113085657128,464
P19A,-0.957,1697,-0.3211026048701316,1664,1,-0.450009531480542,-0.5249230429338484,-0.3455085480773011,0.0360307030111648,19
G265C,-0.957,1697,-0.440787535955282,1768,1,-0.5171329752901042,0.439009689074082,-0.169254554246156,-1.5157723033589496,265
A205G,-0.958,1699,-0.2764987805851153,1618,1,-0.2522092141262755,-0.0655420154153774,-0.4065279757445306,-0.3817159170542776,205
Y187S,-0.962,1700,-0.8939018593783972,2048,1,-1.2909978417876598,-0.4759615126111297,-1.0613273593963437,-0.7473207237184559,187
R221C,-0.964,1701,-0.7812581340575645,1975,1,-1.020125573901068,-1.003532373299867,-0.6549838478589817,-0.446390741170341,221
G188V,-0.966,1702,-0.5480661742206033,1818,1,-0.4909931919392473,0.1307414160838141,0.4616477018269322,-2.2936606228539125,188
A202V,-0.966,1702,-0.2536252122701712,1604,1,-0.164402945282338,0.5469840866196626,0.503530766086845,-1.9006127565048545,202
S334Y,-0.967,1704,-0.3774406389823336,1720,1,-1.6534990300198338,0.3755205040814051,-0.0342987795980517,-0.197485250392854,334
A317P,-0.968,1705,-0.0024861297672534,1401,1,0.5072070236618069,-0.3075554219386358,0.7828247921192025,-0.9924209129113876,317
R221S,-0.968,1705,-0.6256933717475391,1873,1,-1.0000602873607551,-0.7297084534459589,-0.2394950428647892,-0.5335097033186531,221
P337Q,-0.969,1707,-0.1513266629768537,1515,1,-0.2150867302281591,0.2922523246924869,0.5074315765210092,-1.189903822892752,337
Y364C,-0.969,1707,-0.2128755455713036,1571,1,0.0207218693119332,-0.3480097345066359,-0.2352028919902944,-0.2890114251002176,364
F263V,-0.969,1707,-0.6486125344656439,1890,1,-0.7866206414355157,-0.3249252187668108,-0.4309400867374356,-1.0519641909228137,263
Q138K,-0.974,1710,-0.5999920028172444,1847,1,-1.1147999456582398,-0.9914358690207544,-0.5551071463852443,0.2613749497952611,138
D111G,-0.974,1710,-0.0270255661186246,1415,1,-0.0571822459956213,-0.0535111201407069,-0.0419122634565012,0.0445033651183309,111
V398G,-0.976,1712,-1.35075909474725,2269,1,-1.3196690299138636,-1.5658846128474035,-0.9515018759025786,-1.5659808603251544,398
D393A,-0.976,1712,0.1019677178995767,1306,1,0.0620169912215924,-0.0367540066391869,0.8304523962178773,-0.4478445092019758,393
D293Y,-0.978,1714,-1.5378016779546544,2333,1,-2.02720913976547,-1.2805188716853997,-1.4650747236469994,-1.3784039767207483,293
P127L,-0.979,1715,-1.3005314584656331,2247,1,-1.1664444555812128,-1.0646215908886003,-1.201281052794404,-1.7697787345983156,127
D340H,-0.979,1715,0.4351866145873427,978,1,0.0148739726512426,0.312967806551376,0.7344207268437849,0.6784839523029675,340
I46M,-0.983,1717,-0.1198444947385834,1491,1,-0.5696318870944819,-0.3065584394813977,-0.0917584903454745,0.4885708379670204,46
V262G,-0.986,1718,-0.0019550483194607,1399,1,-0.5516623738723065,0.2133871830541637,-0.3019266548682712,0.6323816524085709,262
G109R,-0.989,1719,-2.0164931125278023,2439,1,-1.5850315571197506,-2.0433946805591443,-2.249551571246075,-2.1879946411862385,109
D68E,-0.99,1720,0.1519605256660264,1256,1,-0.0839314785893191,0.1463003544966029,0.4658090790348081,0.0796641477220137,68
A297E,-0.99,1720,-0.8747719340993694,2036,1,-0.6673690263166399,-0.739466108975457,-0.7290851335442424,-1.3631674675611385,297
Y187H,-0.991,1722,0.5417713470014524,854,1,-0.0307879545781954,1.1265860529043068,0.4408235908847889,0.6304636987949093,187
E395Q,-0.991,1722,1.2214157230430251,199,1,1.1720912225958582,1.2210083321379253,1.0746725604847556,1.4178907769535611,395
A448G,-0.991,1722,0.0154720577767074,1383,1,0.2079770387733153,0.3673798111547353,-0.7903912351442705,0.2769226163230498,448
S422L,-0.993,1725,0.3169853284377983,1095,1,1.2978447629761711,0.1675962141077161,0.2885202842859262,-0.4860199476186203,422
T280N,-0.993,1725,-0.2745487601217559,1617,1,-0.9799807940729842,-0.1739930760987454,0.0305774232741,0.025201406410606,280
D390Y,-0.993,1725,-1.297597639351711,2244,1,-1.52896536136324,-2.0995784401123148,-0.6249903874710631,-0.936856368460226,390
P12Q,-0.994,1728,1.27631484773153,162,1,1.5920656812767744,1.1473442398637583,1.1604944781163655,1.205354991669221,12
G265R,-0.994,1728,0.0366778099403709,1364,1,0.0156239726340643,0.5981399013647173,0.3879081351075756,-0.8549607693448736,265
A206T,-0.996,1730,0.1085687300254022,1301,1,0.3877281132230504,0.355673593139691,0.3790026243377694,-0.6881294105989019,206
W173L,-0.997,1731,-0.8695112845945348,2033,1,-0.8153995682764311,-1.1496917727246243,-0.7753554661789516,-0.737598331198132,173
A202G,-0.998,1732,0.3378786871405349,1077,1,0.3476413990513944,1.014453232548886,0.023700777277134,-0.0342806603152749,202
R169P,-1.001,1733,-1.4734161329880715,2319,0,-0.6877176136020894,-1.065308863919926,-1.1983316405638391,-2.942306413866431,169
F112L,-1.004,1734,-0.1755112914907689,1529,0,-0.3271554441667179,-0.2791873856300446,-0.8421002097786341,0.746397873612321,112
A413T,-1.005,1735,-0.0304112817999752,1420,0,0.4397244297374467,0.0174515042249058,0.5443879651915254,-1.123209026353779,413
A159S,-1.006,1736,0.2644829001431212,1150,0,0.3088189590089933,0.18513090657063,0.198226240526315,0.3657554944665466,159
N210H,-1.008,1737,-0.0332606105502132,1424,0,-0.1764035769802351,0.1081200300654607,0.2338422978824565,-0.2986011931685351,210
A87T,-1.009,1738,0.1276244275246067,1284,0,0.3185805112475751,0.416140398309856,0.5641396912156719,-0.7883628906746764,87
I459S,-1.009,1738,0.2130470217673465,1205,0,0.1292866482469907,-0.2294304396774238,0.6668039756175971,0.2855279028822222,459
A66P,-1.01,1740,-1.6522430452483623,2372,0,-0.8582119303684002,-1.5244262081011517,-2.122673249993782,-2.1036607925301154,66
D61Y,-1.013,1741,-0.5687027641091396,1831,0,-0.9631978223316032,-1.043558106895883,0.0257358791039202,-0.2937910063129924,61
T284A,-1.013,1741,0.1931043577492816,1230,0,0.4493150459861455,0.946947055183464,0.2217864790676322,-0.8456311492401152,284
P460R,-1.014,1743,-0.1044545601842224,1479,0,0.2908907262469598,-0.6696895606996573,0.2997567939620452,-0.3387762002462375,460
A216E,-1.014,1743,-1.645694632640878,2369,0,-1.601744405164602,-2.0214211522766723,-1.6123808435639813,-1.347232129558256,216
M267V,-1.015,1745,1.0459643578600786,364,0,0.3874582355791594,1.6783452914777148,0.8183927254551389,1.2996611789283017,267
R369L,-1.015,1745,0.3553658318071,1063,0,-0.0223840314837509,0.4177084036232477,0.1237441202716229,0.9023948348172804,369
D248Y,-1.016,1747,-1.3787769721074192,2279,0,-1.4867135338231292,-1.952314664023428,-1.0345877304285205,-1.0414919601545989,248
G109V,-1.017,1748,-2.1108235169840377,2451,0,-1.7730069985657144,-2.10244727490732,-1.4527033158675569,-3.1151364785955584,109
R42S,-1.018,1749,-0.7264447093893809,1944,0,-1.2839349648723477,-0.90919410882871,-0.8880738668691951,0.1754241030127289,42
A193S,-1.023,1750,-0.1949308034407366,1554,0,-0.2675457771913588,-0.0274844272206826,-0.3827024653447442,-0.1019905440061607,193
D293H,-1.025,1751,-0.7805450625109187,1974,0,-1.3364276327859386,-0.8216265439376602,-0.3592593138803023,-0.6048667594397737,293
V232A,-1.029,1752,0.6074274299476055,784,0,0.3493713359830205,0.8049665501994479,0.4926552639071047,0.7827165697008488,232
D279A,-1.03,1753,0.6306207115687659,761,0,-1.0266277645910606,1.6463264757945582,0.5707064795080676,1.332077655563498,279
H207P,-1.031,1754,-2.025978122244246,2441,0,-1.7805986091640178,-1.7431526589336157,-2.548546111432711,-2.0316151094466397,207
R56G,-1.035,1755,-0.1221701158152188,1493,0,0.1430494601263062,-0.482848587098356,0.0140144368320832,-0.1628957731209087,56
D76Y,-1.041,1756,-1.7903162510026125,2406,0,-1.866565003096441,-1.9844563406749796,-1.8784430387634048,-1.431800621475624,76
A202E,-1.047,1757,-0.6699546109776167,1902,0,-0.8719012185377819,-0.2177656326689855,-0.3386080052696966,-1.2515435874340024,202
H208Q,-1.058,1758,-0.2007290469918159,1561,0,-0.5971900448103706,-0.4179106405342015,0.0004927076806705,0.2116917896966375,208
Y391S,-1.058,1758,1.455183603673813,63,0,0.9917935296342576,2.025210400055178,0.98985369999716,1.8138767850086568,391
G265A,-1.064,1760,0.433287076951269,979,0,0.7519284739532971,1.4620821095126055,0.3555565751051477,-0.8364188507659746,265
W94L,-1.064,1760,-1.3993676176274437,2291,0,-1.0056725087428775,-1.451972163837979,-2.356339406335792,-0.7834863915931259,94
D76A,-1.065,1762,-1.8447600102458612,2416,0,-1.737863196074297,-2.011942023186185,-2.5277047923321447,-1.1015300293908192,76
L224Q,-1.069,1763,-0.5675112710862993,1829,0,-1.0415395408513528,-0.4838520556168698,0.1154082219297684,-0.8600617098067432,224
D118N,-1.069,1763,-0.2380462203950628,1587,0,-0.6163427374183009,-0.8213586197141962,0.1024075816344127,0.3831088939178327,118
T62A,-1.071,1765,-0.131686595422489,1503,0,-0.1135845754193127,-0.0648332884890635,0.4258435565281669,-0.7741720743097468,62
H71Q,-1.074,1766,0.1408851762778442,1271,0,-0.2166192135932402,-0.2635280379994307,0.2340231185431325,0.8096648381609154,71
G55V,-1.077,1767,-1.141522884529775,2161,0,-1.2691233436537468,-1.428383356833971,-0.9155941944902598,-0.9529906431411224,55
V314A,-1.081,1768,0.2150590299821381,1204,0,-0.1617361719435744,0.9400405536953976,0.3126598175596045,-0.2307280793828751,314
F303S,-1.083,1769,0.2412482438220589,1177,0,0.7349926532821867,-0.2897464439229298,-0.0020362953852946,0.5217830613142737,303
A87G,-1.085,1770,0.3897118209842712,1031,0,0.5168183306983969,0.2593755403077025,0.1740421430747361,0.6086112698562496,87
R149H,-1.085,1770,-0.4532984196620032,1774,0,-0.4971792951377442,-0.3877449673966706,-0.4744313018689202,-0.4538381142446777,149
P127A,-1.085,1770,-0.5531815143633981,1822,0,-0.0208006111148818,-0.4846989855411343,-0.9009184615780343,-0.8063079992195422,127
A38P,-1.087,1773,-0.1769054567416947,1533,0,-0.124969969003963,-0.551309712254672,0.376021299988423,-0.4073634456965671,38
F374I,-1.088,1774,-0.4702552542413998,1783,0,0.2710490569451131,-0.416531105193647,-1.0527349399603616,-0.6828040287567038,374
L379Q,-1.089,1775,-0.155301607097163,1517,0,-0.6152674989785383,0.5058098836160374,-0.5100784650836243,-0.0016703479425269,379
D61H,-1.091,1776,0.4157774299242184,1003,0,0.0889499256547576,0.1949637754645362,0.784214461635448,0.5949815569421317,61
V342A,-1.092,1777,0.3726033493895078,1047,0,0.4647075007213902,0.7431364872078909,0.6399946482035884,-0.3574252385748379,342
A15T,-1.093,1778,1.1434739491582508,267,0,1.2082862612019274,0.9378259067826143,1.0387233671853977,1.3890602614630636,15
P266T,-1.094,1779,-0.8318578431584016,2008,0,-0.4943200987355394,-0.3106704775982212,-0.7096509317270288,-1.812789864572817,266
A51G,-1.095,1780,0.0959007777324965,1312,0,0.3123092434010576,0.2844697995533763,-0.0081974000931006,-0.2049785319313471,51
P19R,-1.095,1780,-0.4277497840306002,1760,0,-0.6509251205960069,-0.706285789396166,-0.414844143047335,0.0610559169171069,19
A216P,-1.095,1780,-1.7215046831198226,2388,0,-1.3240779751767262,-2.266908094076944,-1.5906122787652694,-1.7044203844603505,216
G144S,-1.097,1783,-0.9557701812790176,2082,0,-0.4233192745840339,-1.2891632945824874,-0.6472074101935525,-1.4633907457559965,144
D198H,-1.101,1784,-0.3544961363570121,1689,0,-0.5574383773127626,-0.5107281731001108,0.2564566239920768,-0.6062746190072521,198
R114G,-1.101,1784,0.5521413321141873,844,0,0.8020368097903193,1.0692113059408863,0.0570687832213535,0.2802484295041899,114
A78P,-1.101,1784,-0.6582593149583781,1896,0,-0.3084809274216429,-1.2458251793857695,-0.3806549085265456,-0.6980762444995542,78
Y450S,-1.102,1787,-0.3679935502692957,1709,0,-0.2122593852526403,-0.6210185310829198,-0.026417858810752,-0.6122784259308705,450
I125T,-1.111,1788,-0.7546162179157345,1958,0,-0.7231069754259115,-0.7459829790421798,-1.2001213852399224,-0.3492535319549245,125
R115P,-1.114,1789,-0.6110317876388658,1853,0,-0.2747457416359719,-0.8486592000151504,-1.0459679123950516,-0.2747542965092894,115
A205V,-1.115,1790,-0.1741373974436523,1528,0,-0.3752474582999484,1.1398284539946093,0.2032066088416906,-1.6643371943109608,205
R154P,-1.116,1791,-0.5572833023693577,1825,0,-1.0241107435155423,-0.1851810328714748,-0.66240599263465,-0.3574354404557636,154
V342G,-1.116,1791,-0.7045030661389511,1928,0,-0.9423060923844224,-0.6034006424109507,0.4362568183549579,-1.708562348115389,342
Y391D,-1.117,1793,1.2002235846428264,223,0,0.9673009327029176,1.5755803860899946,0.905898870080668,1.3521141496977256,391
A257E,-1.117,1793,0.2254532731956541,1195,0,-0.5316466592746383,0.0921550891632052,0.6985987069906495,0.6427059559034002,257
A87P,-1.119,1795,-1.2573719209972396,2221,0,-0.6694946287486576,-0.9901648504746194,-2.109261053654627,-1.2605671511110546,87
D452A,-1.12,1796,-0.5692838283684969,1832,0,-0.3900591300763699,-0.9316965005690444,-1.162603048680605,0.2072233658520317,452
M267T,-1.12,1796,0.3550284440658892,1064,0,-0.1575923266105997,0.695860646791133,0.073338531406953,0.8085069246760704,267
V77G,-1.122,1798,-1.1490933106982286,2167,0,-1.1210293769085935,-1.4530630694517672,-1.396127812445395,-0.6261529839871589,77
L242V,-1.123,1799,0.5681543605827539,819,0,0.7094289984108368,0.683116409508087,0.6277512539366504,0.2523207804754411,242
A471P,-1.125,1800,-1.2270934381233218,2203,0,-0.9181000950959832,-0.7025677795018395,-1.819392724593761,-1.4683131533017033,471
G145R,-1.128,1801,-1.8447486902254808,2415,0,-1.3604011399384774,-1.71301018593834,-2.1062034947279686,-2.199379940297137,145
T351N,-1.131,1802,0.3878569333256019,1033,0,0.6818051692464538,0.0832336366104774,0.2860553207733712,0.5003336066721051,351
R42G,-1.132,1803,-0.8003058648549515,1991,0,-1.26515617262324,-0.4765166945099369,-0.7998844294649734,-0.6596661628216556,42
D111V,-1.135,1804,-0.6402550973620089,1887,0,-1.0678809235100062,-0.7862489463692907,-0.2907687590991416,-0.4161217604695972,111
D423G,-1.136,1805,-0.1056265404922783,1482,0,-0.0456718482006823,-0.2936269795449909,-0.0660760357409744,-0.0171312984824658,423
T67P,-1.137,1806,-0.4018805258520709,1740,0,0.4089960186309603,0.0029166151019863,-1.051712577946227,-0.967722159195003,67
T243P,-1.138,1807,-1.065789868962005,2131,0,-0.9555243586224976,-1.3116337549442345,-0.1145222334489114,-1.881479128832376,243
G270V,-1.143,1808,-1.7606054509411466,2399,0,-1.7189352076979654,-1.249271523098204,-1.6496745197438092,-2.424540553224608,270
A205P,-1.146,1809,-1.4614030311368778,2318,0,-1.3597582972554356,-1.266687844942837,-1.682556337203542,-1.5366096451456963,205
I418T,-1.148,1810,-0.0021162149343311,1400,0,-0.1081148006954262,0.1912231890876924,-0.0089917825808563,-0.0825814655487344,418
V407A,-1.151,1811,0.295508131870582,1113,0,0.43239764100102,0.3961751791158347,-0.2735149481535124,0.6269746555189858,407
T172P,-1.153,1812,-0.3537638145326984,1687,0,-0.4726721501936599,-0.3148574796155571,-0.1887862978440401,-0.4387393304775365,172
L476P,-1.154,1813,-1.3122774957387655,2253,0,-0.0757263488436531,-1.7025943199213105,-0.2314143297051908,-3.2393749844849085,476
R253G,-1.157,1814,0.0748347697672211,1330,0,-0.3662517559208009,0.2342343818497277,0.0518539241286754,0.3795025290112822,253
T284M,-1.157,1814,-0.4336618798972298,1763,0,-0.9112228159383948,0.0485758671117589,0.1299999083365051,-1.0020004790987886,284
G421R,-1.159,1816,-0.5711211972260639,1835,0,-0.2264102410409619,-0.6087490235924735,-0.8358432763909482,-0.6134822478798718,421
G362V,-1.16,1817,-1.406331571354989,2297,0,-1.2802004103722917,-0.990965879042164,-0.6572904334024862,-2.696869562603016,362
R240G,-1.16,1817,-0.2398329609973361,1590,0,-0.4211406369986927,-0.0579934874099809,-0.4458354442180088,-0.034362275362662,240
P454T,-1.162,1819,0.7055887809238032,680,0,1.3948342847527817,0.831900325025471,0.988915565819688,-0.3932950519027274,454
T280A,-1.162,1819,0.2808297232792552,1131,0,-0.0898634023470772,0.3613321826749171,0.3433396985566998,0.5085104142324813,280
V470A,-1.163,1821,0.1706027537215176,1245,0,0.4870458415761498,0.0413041192981066,0.4820844717644263,-0.3280234177526122,470
L120Q,-1.164,1822,-0.9192705604899304,2062,0,-1.2668241256673791,-1.1212868157595417,-1.4314790347450663,0.1425077342122654,120
S334F,-1.167,1823,-0.3744625656905481,1717,0,-1.620528607100464,0.3798165841869252,0.0711606286888967,-0.3282988685375506,334
A160P,-1.167,1823,-1.0516765075794443,2123,0,-0.9329759247461586,-1.2504672035479825,-0.970349936174909,-1.0529129658487275,160
S231N,-1.173,1825,-0.4399472539645892,1767,0,-0.4578140663383525,-0.2610996317114327,-0.7193913057280751,-0.3214840120804964,231
A105P,-1.178,1826,0.4109290130853962,1013,0,0.4937013614951631,0.4609947550617083,0.8121793827076417,-0.1231594469229281,105
P394Q,-1.182,1827,0.8783866792798508,506,0,0.9185533858737914,1.0879103087687558,0.8431775580139207,0.6639054644629353,394
Y364N,-1.186,1828,0.0201136542767049,1381,0,0.1274949549380673,-0.1614440443137074,-0.0905701446258895,0.2049738511083496,364
P3Q,-1.189,1829,1.2169824894712078,203,0,1.3016142023721218,1.2666163816832043,1.1622225968864062,1.1374767769430982,3
I46F,-1.192,1830,-0.950896471628392,2077,0,-1.084467073657594,-1.106532523140778,-0.933352919281803,-0.6792333704333932,46
D248G,-1.194,1831,-0.8029075892972647,1995,0,-0.794427628347603,-1.1546366460556328,-0.6091842786131869,-0.6533818041726359,248
F263Y,-1.197,1832,0.7198954336222437,660,0,0.2555354151150001,0.6547821755572979,0.9090105045258576,1.0602536392908193,263
G426V,-1.198,1833,-1.980088766336636,2434,0,-1.4311940197757596,-1.8250114920465008,-1.7409563635684902,-2.9231931899557946,426
D390A,-1.198,1833,-0.6203206429700501,1865,0,-0.8701864489521963,-0.8785971126163474,-0.4118668552882991,-0.3206321550233576,390
Q299L,-1.2,1835,-0.5241755397681425,1811,0,-0.2042588124472485,-0.5354121266041253,-0.5961113890313902,-0.7609198309898059,299
D111H,-1.2009999999999998,1836,-0.1780330427622104,1534,0,-0.6655145907529265,-0.5508469567290428,0.3712501990036347,0.1329791774294929,111
W73R,-1.2009999999999998,1836,-0.3212843178579783,1665,0,-0.3604585122636783,-0.972595856726113,0.2380008833405611,-0.1900837857826829,73
F18L,-1.204,1838,0.0322944774930757,1370,0,-0.1367253699952857,-0.3599487023359187,0.0947546037058546,0.5310973785976528,18
P375L,-1.205,1839,-0.8607777755544823,2030,0,-0.7087868773346815,-1.2307298696222435,-0.0967016260607037,-1.4068927292003,375
W146L,-1.206,1840,-0.5763765071637892,1837,0,-1.2243223402645107,-0.3358670794069078,-1.0928617460013967,0.3475451370176587,146
D256Y,-1.207,1841,-0.9001305522138497,2054,0,-1.6223860508544752,-0.6631593443145402,-0.4160510385006407,-0.8989257751857429,256
D256N,-1.212,1842,-0.0248609478302662,1413,0,-0.4821589965165276,-0.2971728593516172,0.2778750852775503,0.4020129792695294,256
F112C,-1.213,1843,-1.1625777349873463,2175,0,-0.9203265098213546,-1.0568058870514256,-1.4993120769959836,-1.1738664660806222,112
G421V,-1.214,1844,-1.633451638664955,2362,0,-1.67242140647813,-1.4538733281834342,-1.824075541412577,-1.583436278585679,421
A471G,-1.218,1845,-0.0616786132274735,1456,0,-0.1099054575690366,0.2380600354148408,-0.2412118483622411,-0.1336571823934571,471
A343P,-1.221,1846,-0.6236196156922432,1869,0,-0.4744059042407062,-1.4731992961459603,0.4050359813808954,-0.9519092437632016,343
P360R,-1.225,1847,-0.7851083698451101,1979,0,-0.1776740444424567,-0.4074098320608497,-1.748806960396347,-0.806542642480787,360
A117P,-1.232,1848,-1.0869022690465089,2137,0,0.1112626589736178,-1.248530116401617,-2.4282426829705366,-0.7820989357874989,117
R261C,-1.232,1848,-0.4066898049292416,1745,0,-0.5003487396032196,-0.5902920631089392,-0.4913196174571523,-0.0447987995476554,261
A339P,-1.232,1848,-0.6719741702744688,1903,0,-0.4755438343774386,-0.6709916375007469,0.2557024559091753,-1.7970636651288654,339
V128G,-1.233,1851,-0.5250701371941308,1812,0,-0.757785292067327,-0.5409922597443052,-0.9012444463448256,0.0997414493799346,128
P454Q,-1.233,1851,0.6799252780543016,709,0,1.1319087266339527,0.6640042944697367,1.146232243186314,-0.2224441520727975,454
R221L,-1.24,1853,-0.820228976716307,2001,0,-0.9008586650416004,-0.63090752935325,-1.485500163346586,-0.2636495491237922,221
D40V,-1.243,1854,-1.0016718824161417,2105,0,-1.4729094794020372,-1.6000554288226574,-1.0119125973683996,0.0781899759285275,40
T455A,-1.244,1855,0.3411415265229774,1074,0,0.5178149643673013,0.3029712893422069,0.3285276062433793,0.2152522461390223,455
H498T,-1.247,1856,0.6578810880743529,730,0,1.2385250324598425,0.8119649167669282,1.1622225968864062,-0.5811881938157651,498
G305C,-1.247,1856,-0.8589268623440003,2029,0,-1.0475843349425673,-1.0724505163122222,0.3743223267129645,-1.689994924834176,305
A162D,-1.249,1858,-1.7442939708017218,2393,0,-1.2929682822696769,-1.8944427822913188,-2.797496933948362,-0.9922678846975296,162
Y158D,-1.251,1859,-1.4149162425793929,2302,0,-1.8459995985993347,-1.4262374684073074,-1.90236693249914,-0.4850609708117894,158
V449G,-1.252,1860,-1.3296721766582609,2262,0,-1.26193690342602,-1.285561784327228,-1.3464644018247849,-1.4247256170550109,449
W286L,-1.253,1861,0.0349350637465607,1366,0,-0.5764654337376526,0.2625142950373332,0.2068643260885562,0.246827067598006,286
C230R,-1.254,1862,0.3566537982101889,1062,0,0.4617794698470687,0.6591587701349996,0.0623236257152164,0.243353327143471,230
P3S,-1.258,1863,1.3299514152330514,134,0,1.469345471070673,1.4430136506559186,1.1622225968864062,1.245223942319208,3
D111Y,-1.26,1864,-0.878351697093385,2038,0,-1.240740436217964,-1.0648850247619508,-0.7754640809575866,-0.4323172464360384,111
P266Q,-1.262,1865,-1.421367378771318,2303,0,-1.1015234115324564,-1.082900309419002,-1.3231867216453153,-2.1778590724884976,266
P137R,-1.268,1866,-2.2961162610918677,2458,0,-1.6362888446982946,-2.040387642766189,-4.107042460959237,-1.4007460959437494,137
V424L,-1.273,1867,0.2297930230386977,1189,0,0.4252709601166954,0.3797747366185025,0.6763441916576537,-0.5622177962380607,424
S45Y,-1.273,1867,-1.924648585750238,2427,0,-1.809129347665881,-2.070964681866935,-2.17433223774341,-1.644168075724727,45
G305A,-1.273,1867,-0.2280273382409361,1580,0,-0.0345787546531537,-0.1895280659775932,0.4507082520844045,-1.1387107844174025,305
Y158C,-1.274,1870,-0.9006917561122156,2055,0,-1.004132719772787,-0.676155540131756,-1.6612980706040754,-0.2611806939402444,158
G186S,-1.274,1870,-0.2771674374067469,1619,0,0.0510796915968157,0.375611433671212,-0.1216838948804196,-1.4136769800145956,186
P137Q,-1.277,1872,-1.7790301937854294,2403,0,-1.50678923527439,-1.4722223955322868,-2.825522386724345,-1.311586757610695,137
R261P,-1.281,1873,-0.7825203104078429,1977,0,-1.1922604919308224,0.3613560688428842,-1.069363237477001,-1.2298135810664326,261
A251D,-1.285,1874,-1.1224698678436786,2156,0,-1.442028206726367,-1.4617439140775568,-0.5455998719253369,-1.0405074786454536,251
G426R,-1.286,1875,-1.244438226620938,2212,0,-0.9185773103602564,-1.3492229746756574,-1.05300158892566,-1.6569510325221783,426
V380G,-1.2919999999999998,1876,-0.6945643339514932,1920,0,-0.3104456548699847,-0.5547939744791794,-1.4641632110433829,-0.4488544954134258,380
G212V,-1.293,1877,-1.3108886863951947,2252,0,-0.8088089014011983,-0.9021769389201276,-0.8741604337389549,-2.6584084715204983,212
F374S,-1.293,1877,0.1364468821248486,1277,0,1.0655719498662666,-0.0516219300622222,-0.2421476809085414,-0.2260148103961081,374
A5E,-1.295,1879,1.2446246461421389,183,0,1.263752866490524,1.2368704939153512,1.1622225968864062,1.315652627276275,5
I46L,-1.298,1880,-0.1917340008295375,1549,0,-0.4789418760266632,-0.0229058916198021,-0.3815862744688724,0.1164980387971876,46
V314L,-1.3,1881,-0.1934253480756721,1553,0,-0.0436625034760694,0.166022595856682,0.2904349099809143,-1.1864963946642155,314
G41V,-1.3,1881,-1.3199359424362818,2257,0,-1.1880189941682533,-1.6080639682508349,-1.2263786618724306,-1.257282145453608,41
R114P,-1.301,1883,-1.1775091827163735,2180,0,-0.455261730625469,-0.7323938075460313,-2.284941705637063,-1.237439487056932,114
D393V,-1.304,1884,-0.6400003558206462,1886,0,-1.1223255277434443,-0.8430956562240023,0.4888363504955784,-1.0834165898107164,393
R149S,-1.308,1885,-0.728356937011548,1945,0,-0.947760042510606,-1.1359685143847962,-0.4537371349375068,-0.3759620562132834,149
I46S,-1.3090000000000002,1886,-0.2658281413203478,1614,0,-0.9172874286951026,-0.4839350023620297,-0.3135289001983842,0.6514387659741253,46
A464T,-1.31,1887,-0.4492682724248354,1771,0,-0.1806121616018951,-0.4176240065185963,-0.2133940952193005,-0.9854428263595496,464
G421S,-1.31,1887,-0.7921340635051213,1983,0,-0.3995993148994819,-0.8442561622645556,-1.055513888325265,-0.8691668885311825,421
D256G,-1.311,1889,-0.5523287520653425,1821,0,-0.7830510571025663,-0.5377834056601182,-0.5183233595310156,-0.3701571859676699,256
G35V,-1.311,1889,-2.1849898074505893,2454,0,-1.9054689929027235,-2.653490068765156,-1.9151192670359196,-2.2658809010985586,35
L377R,-1.3119999999999998,1891,-0.0541363296852606,1444,0,0.0022662932069613,-0.5504904728227769,0.3629754710198541,-0.0312966101450811,377
A405P,-1.3130000000000002,1892,-0.8335121833027419,2010,0,-0.6372499380584442,-1.1164634313455042,-0.6246922316257234,-0.9556431321812956,405
W94C,-1.315,1893,-1.609178296029555,2355,0,-1.194886566224376,-1.701973653750008,-2.2533118242009347,-1.2865411399429016,94
D393Y,-1.3159999999999998,1894,-0.7294325862225852,1947,0,-0.9933120317601564,-0.8125989444975172,0.1987114943024216,-1.3105308629350887,393
D279V,-1.3159999999999998,1894,-0.0384058879950986,1433,0,-2.220054310447024,0.8082561370367247,0.4871749119699748,0.7709997094599298,279
Y453S,-1.318,1896,-0.683893881769243,1912,0,-0.732317624377371,-0.9854791701307428,-0.3223906836927177,-0.6953880488761408,453
G186R,-1.321,1897,-1.715614998960206,2384,0,-1.6684647009163918,-1.394155413626713,-1.2086516031837653,-2.591188278113954,186
Q269P,-1.325,1898,-0.7114934169079861,1933,0,0.0163518535705758,-0.8576491304071154,-0.915592656131544,-1.0890837346638609,269
S189Y,-1.327,1899,-0.2385840736500469,1588,0,-0.7540160801815671,0.8408913156389908,0.2634583522867814,-1.304669882344393,189
F112I,-1.329,1900,-1.1086245996086292,2146,0,-1.261467069603487,-1.2491587654175655,-1.5706504997792003,-0.3532220636342634,112
G190C,-1.33,1901,-1.3938954303105742,2288,0,-1.2601474093822729,-1.4105975789605203,-0.9345859372091762,-1.9702507956903277,190
Y50C,-1.331,1902,-0.3495416475409497,1679,0,-0.1474450182043728,-0.0763360686975579,-0.5041961002673694,-0.6701894029944989,50
D393G,-1.334,1903,0.6247930084868187,771,0,0.9678644880845292,0.9998757474658582,0.818290626622199,-0.2868588282253111,393
A417T,-1.334,1903,-0.3565511102839386,1692,0,-0.0676327496492093,-0.6835592543459785,0.3421582388918247,-1.017170676032391,417
I97T,-1.335,1905,-0.4993903755448768,1800,0,-0.4363035845094256,-0.8926312029696172,-0.8021873993426115,0.1335606846421468,97
K461T,-1.337,1906,-1.0446498329448335,2122,0,-1.108489621895666,-1.027554000162078,-1.6584882591143928,-0.3840674506071982,461
D76H,-1.339,1907,-1.2115022393637416,2192,0,-1.517079116733403,-1.6557213013293548,-0.9864359789561654,-0.6867725604360427,76
L379P,-1.34,1908,-1.2991578139006827,2246,0,-0.6243317324828814,-1.251983445103117,-1.5910133059833718,-1.7293027720333605,379
V314G,-1.344,1909,-1.1512236294495448,2168,0,-1.875052447709752,-0.3889238090335227,-0.610993174285197,-1.729925086769708,314
G144D,-1.347,1910,-0.7334639271450546,1949,0,-0.2973864940918805,-0.9795129916127132,-0.041042256369204,-1.6159139665064206,144
G474V,-1.354,1911,-0.9599262609072344,2083,0,-1.141834324357509,-1.4427035822750556,-0.1829777171422344,-1.0721894198541384,474
D302G,-1.362,1912,-0.3419492594554084,1676,0,-0.3065774760513067,-0.2404448943110293,-0.8564993140427467,0.0357246465834493,302
N59Y,-1.362,1912,0.163734456325668,1248,0,-0.0912164307295823,-0.0665206622763172,0.1941984295990662,0.6184764887095054,59
A251P,-1.366,1914,-1.2394246143187628,2208,0,-0.9935993012941742,-1.6229844038238137,-0.9646899403355212,-1.376424811821542,251
R261L,-1.367,1915,0.04743442005134,1357,0,-0.439221251030619,0.1851422571778625,-0.0335627005355657,0.4773793745936824,261
H208D,-1.369,1916,-0.8355039061149044,2013,0,-1.185015556305197,-1.118123863032074,-0.4929712164813453,-0.5459049886410017,208
P95R,-1.372,1917,-1.2919882436584778,2242,0,-1.4679373705806689,-1.3374253281430155,-1.4488360668018176,-0.9137542091084084,95
R149P,-1.3730000000000002,1918,-0.3391450902966521,1675,0,-0.4524438146834059,-0.444060069690673,-0.2486503561373791,-0.2114261206751501,149
L220Q,-1.374,1919,-1.3402853179346157,2266,0,-1.3642998051226976,-1.3517071361442368,-1.9544034402370725,-0.6907308902344559,220
R261H,-1.374,1919,0.3965856401492313,1023,0,6.697747318381942e-05,0.8016797698309919,0.2030603354081195,0.5815354778846302,261
I97S,-1.3769999999999998,1921,-1.14595803667093,2165,0,-1.2607726073860863,-1.6121102726312682,-1.2401709291478098,-0.4707783375185563,97
Y187D,-1.379,1922,-0.8907644689188272,2046,0,-1.5849424742406688,-0.386167357723313,-0.897590384808478,-0.6943576589028486,187
A376P,-1.38,1923,-0.0911666113506371,1471,0,0.3953057319446311,-0.5060850263503688,0.3706029263997826,-0.6244900773965935,376
Y467D,-1.384,1924,-1.8812369671281628,2422,0,-1.8082808863283424,-1.475597392570689,-2.9417352909923404,-1.2993342986212786,467
A468V,-1.385,1925,-0.5482265699663033,1819,0,-0.1929245075398465,-1.0582939391864004,0.022305538578415,-0.9639933717173812,468
Y427H,-1.3869999999999998,1926,-0.472615637375723,1785,0,-0.2308875404766498,-0.5840501022547462,-1.23627870501588,0.1607537982443839,427
A417V,-1.389,1927,-0.822009811662412,2002,0,-0.2940083469448799,-1.1153351061474344,-0.4614889627431213,-1.4172068308142127,417
I418N,-1.39,1928,-0.6993022326923326,1923,0,-1.2033116224876377,-0.7711941744887372,-0.3362649090564555,-0.4864382247365,418
E402V,-1.391,1929,0.1445493731534288,1265,0,0.1428782713473224,0.470339173648778,0.403234788751273,-0.4382547411336583,402
G145A,-1.394,1930,-0.7170671126392026,1939,0,-0.5148924549329152,-0.2016611167173554,-0.8248865111957716,-1.3268283677107684,145
S245P,-1.3969999999999998,1931,-1.0535391931893687,2124,0,-0.7676345115660266,-1.4160398832985932,-0.069270448700968,-1.9612119291918868,245
D279G,-1.399,1932,0.0576256572295982,1347,0,-1.1441439572548255,0.6288736661576331,0.3960598833016316,0.3497130367139538,279
A193E,-1.403,1933,-0.9707546689271224,2090,0,-1.3556090169567965,-0.9998151117972262,-0.6524748609042766,-0.8751196860501909,193
G25R,-1.405,1934,-2.0029311072181883,2438,0,-1.4061114762806963,-1.9708296248626005,-2.9430693859596224,-1.6917139417698328,25
P460A,-1.405,1934,0.2611263740036272,1153,0,0.5315411976637477,0.2722832388080898,0.1249022533506068,0.1157788061920645,460
L304R,-1.406,1936,-1.707632789633891,2382,0,-1.4257089007534616,-1.7076275034712252,-2.421100340433886,-1.276094413876992,304
Y450D,-1.4069999999999998,1937,-0.688932290296914,1919,0,-1.1346370141984536,-0.9526983669796434,0.0701023167098588,-0.7384960967194178,450
L476Q,-1.408,1938,-0.65519321367064,1894,0,-0.610508314416677,-1.2391168457794663,0.3777751727356596,-1.1489228672220764,476
D302H,-1.409,1939,-0.3089136693088193,1648,0,-0.8074445480669828,-0.4965435312860771,0.0416374201518484,0.0266959819659343,302
D118Y,-1.409,1939,-1.230413497014485,2204,0,-1.758090722659429,-1.4514353175354704,-1.296511180499165,-0.4156167673638768,118
P194Q,-1.409,1939,-1.1633824805888768,2176,0,-1.3611173925763578,-1.438202754677536,-0.9355076537451928,-0.9187021213564204,194
D275N,-1.413,1942,0.2487481674835467,1168,0,-0.3842419472914125,0.2900136356968022,0.6130199241818111,0.4762010573469861,275
P454A,-1.414,1943,1.1520778152661526,261,0,1.8934510281941617,1.3602048590300442,1.0871133870267418,0.2675419868136629,454
V451L,-1.415,1944,0.081124969453497,1326,0,-0.1149862657036994,0.1924833559543853,0.1189307148581279,0.1280720727051746,451
A5T,-1.416,1945,1.2902517482229123,156,0,1.3117332110385267,1.2871004156175585,1.1622225968864062,1.3999507693491582,5
D118H,-1.416,1945,-0.6201033454779452,1863,0,-1.2012757601863628,-1.2484522836663086,-0.1590940728347676,0.1284087347756579,118
Y427D,-1.416,1945,-1.565207708940927,2346,0,-1.5459752871592158,-1.368760238557433,-2.2530736493466383,-1.0930216607004224,427
F263C,-1.4169999999999998,1948,-0.8489326570343205,2021,0,-0.9692744678495034,-0.9367241959132646,-0.442353518926924,-1.0473784454475898,263
A462P,-1.42,1949,-0.235608743592615,1586,0,-0.1721333623758279,-0.2120994344849552,-0.1442789223791424,-0.4139232551305344,462
G214V,-1.421,1950,-1.4909201775300034,2323,0,-0.7796082717825207,-2.286284204282408,-0.7103597972601117,-2.187428436794973,214
D68Y,-1.422,1951,-1.1573784456288634,2171,0,-1.528532839211968,-1.5218776849476068,-1.104499215490925,-0.4746040428649539,68
D118G,-1.425,1952,-0.3509819514810723,1684,0,-0.3669307727241503,-0.4735486978165827,-0.4972051821341951,-0.0662431532493612,118
D285V,-1.425,1952,-0.4354685251544249,1764,0,0.1440025635120728,-1.6575785600292516,0.6610634077192191,-0.8893615118197398,285
L110R,-1.426,1954,-0.6734658835259759,1905,0,-0.8106910173714367,-0.5864155189092016,-0.9565678370690864,-0.3401891607541788,110
N399D,-1.431,1955,1.52591353082108,43,0,1.723195356978353,1.8737753381743527,0.8079093646450918,1.698774063486523,399
Y272D,-1.433,1956,-1.645072864155976,2367,0,-1.5851292348282555,-1.2830651496638878,-2.1771401316957024,-1.5349569404360568,272
L476R,-1.4340000000000002,1957,-0.7940758995516227,1986,0,-0.3120674233454278,-1.3830198442719792,0.2001222982813005,-1.6813386288703844,476
L370Q,-1.435,1958,-0.2143590613519727,1573,0,-0.2253675618373675,0.043728908359624,-0.5279801988145375,-0.1478173931156096,370
P95Q,-1.436,1959,-0.8585380091833739,2028,0,-0.9617165793172308,-0.5291667979873466,-1.05720235514755,-0.8860663042813675,95
H213P,-1.4409999999999998,1960,-1.9941948079935332,2436,0,-1.7511513079408918,-1.861173778297278,-2.763756284627312,-1.6006978611086524,213
E141G,-1.452,1961,-0.6721593513590348,1904,0,-1.0939448954095674,-1.0231686743480437,-0.426639483328493,-0.144884352350035,141
A417E,-1.453,1962,-1.365432962028393,2273,0,-0.739919295981882,-1.7417060178052477,-1.6156842354116834,-1.3644222989147587,417
L220R,-1.456,1963,-1.701121394382525,2380,0,-1.7908665990869117,-1.7942610755385786,-2.1043868953967517,-1.1149710075078578,220
A448P,-1.457,1964,-0.3629384548307058,1700,0,-0.065507678074303,0.1887256813007191,-0.7833953393835781,-0.7915764831656615,448
P127R,-1.461,1965,-2.0694444828306624,2445,0,-2.009941520760256,-1.5565144994791265,-2.033585976152738,-2.6777359349305283,127
V470G,-1.466,1966,-1.424870237111551,2305,0,-1.4483974809072198,-1.528361002120422,-0.9843859278272232,-1.7383365375913382,470
P127Q,-1.4680000000000002,1967,-2.0834086858517806,2448,0,-1.8531871005412837,-1.6622245756137886,-2.5064847114012663,-2.3117383558507845,127
G305V,-1.4680000000000002,1967,-1.9497239089310487,2432,0,-1.771607507546502,-2.17959373503954,-1.456320154796633,-2.39137423834152,305
A36E,-1.474,1969,-0.723639216897813,1942,0,-1.2785757853800113,-1.376738343390394,-0.7131381710790682,0.4738954322582218,36
P137T,-1.475,1970,-1.6791997391416276,2376,0,-1.2069711491826105,-1.5521877976804688,-2.382967146831246,-1.574672862872186,137
F90V,-1.476,1971,-0.6109144858491895,1852,0,-0.558389496304089,-0.6958838933572675,-1.0184139918633557,-0.1709705618720464,90
G145V,-1.476,1971,-2.210041568614293,2455,0,-1.7302780063191503,-2.1839930308317066,-2.205908212530101,-2.719987024776213,145
W466S,-1.477,1973,-0.9354412397552848,2070,0,-1.43923847676903,-0.7114783803751252,-0.4640541777005013,-1.126993924176483,466
Y442S,-1.4780000000000002,1974,-1.1111885887089548,2152,0,-0.8599654272442099,-0.988030936314926,-1.1628863879735398,-1.4338716033031436,442
R253L,-1.479,1975,0.2268251830975655,1191,0,-0.2516587153017143,0.1333499353041594,0.595582168101689,0.4300273442861281,253
A36P,-1.479,1975,-1.2983895085948334,2245,0,-1.2311836937087566,-1.6581785206972504,-1.5557018799486375,-0.7484939400246894,36
G305S,-1.48,1977,-0.8343490052637145,2011,0,-0.5763485946153158,-1.0347166075215726,-0.1982703499863632,-1.5280604689316062,305
H69P,-1.484,1978,-1.6438161463940406,2366,0,-1.0889378511344847,-1.3800507249910972,-2.424514002521862,-1.6817620069287176,69
S315L,-1.487,1979,-0.7141270061096577,1937,0,-0.9607063835130748,-0.7020498924553672,0.0466258802927801,-1.2403776287629693,315
A163E,-1.4880000000000002,1980,-1.0971751993992809,2142,0,-0.899545021200982,-2.0363583019306306,-0.477240270721068,-0.9755572037444424,163
N210D,-1.49,1981,-0.056863615687796,1448,0,-0.2888939936965562,-0.0541654639378633,-0.7047769191880747,0.82038191407131,210
P454S,-1.492,1982,0.6471952671857292,744,0,1.1438390071251294,0.6407989134726788,1.0158294167838176,-0.2116862686387093,454
P337R,-1.492,1982,-0.2897868113162447,1632,0,-0.4105432375986966,0.2519832390666862,0.4211798248541533,-1.4217670715871218,337
V398A,-1.495,1984,-0.4234886179241724,1754,0,-0.232581353845788,-0.680152201197041,-0.3918637907877044,-0.3893571258661563,398
S231R,-1.501,1985,-0.9519176230251744,2078,0,-1.249343152661187,-0.4641148464230775,-1.4288230749965514,-0.6653894180198819,231
H71D,-1.5019999999999998,1986,-0.1755563520823075,1530,0,-0.7701266329151272,-0.5866824452770848,0.2269027581893206,0.427680911673661,71
T49P,-1.503,1987,-0.6376449022027777,1883,0,-1.021760158783915,-0.6861910984405267,-0.3888106411038426,-0.4538177104828263,49
D400H,-1.505,1988,-1.245634577443275,2214,0,-1.533412376664666,-0.7877170413926476,-1.3152785652972945,-1.3461303264184932,400
R149G,-1.505,1988,-1.0970244117865604,2141,0,-1.1549167164539664,-1.251902119873276,-1.064402826147927,-0.9168759846710716,149
L209Q,-1.505,1988,0.3409076036319615,1075,0,-0.4054330806494444,1.0677947252118918,0.1618874640576682,0.5393813059077305,209
D248E,-1.505,1988,-0.3453596623574151,1678,0,-0.386307310080737,-0.7001194161022241,0.2085348557989161,-0.5035467790456156,248
D285Y,-1.506,1992,-0.7361621181625505,1952,0,-0.4632737042193016,-1.7052588437861314,0.4605839260451883,-1.2366998506899574,285
D302Y,-1.509,1993,-1.802922153685315,2410,0,-1.8393413864763992,-1.5342565823561056,-2.594739168856518,-1.2433514770522376,302
R253C,-1.52,1994,-0.2111234328622157,1569,0,-0.6714907273243947,-0.3627098934601372,0.1391334050677117,0.0505734842679571,253
G195C,-1.525,1995,-1.176907532284274,2179,0,-0.9094418661662512,-1.1548529312527869,-0.6997420508814697,-1.943593280836588,195
G195V,-1.528,1996,-1.6401107288504255,2365,0,-1.4129896149212278,-1.398628550731864,-1.2509326726822885,-2.4978920770663238,195
P3L,-1.53,1997,1.2156236678596768,206,0,1.2168960051821494,1.026835466536984,1.1622225968864062,1.456540602833167,3
E34Q,-1.53,1997,-0.7601649597024966,1962,0,-1.4838170257496637,-1.1301118505167675,-0.9703001405704816,0.5435691780269256,34
G145C,-1.531,1999,-1.558292975013707,2343,0,-1.3227684770773591,-1.6524987267309308,-1.1511272290942125,-2.106777467152325,145
R254P,-1.534,2000,-1.3331094520578337,2263,0,-1.568719228126024,-1.3431984216061463,-1.49453389416319,-0.9259862643359738,254
V289G,-1.543,2001,-0.8945475903811725,2049,0,-0.9824172259832042,-0.9518327272632376,-0.2850577307050808,-1.3588826775731673,289
A413P,-1.546,2002,-1.3395807783061402,2265,0,-1.124216187985286,-0.7648979552373343,-1.6063125672721663,-1.8628964027297736,413
V407G,-1.546,2002,-0.6808272963666316,1910,0,-0.5720615442568033,-0.4358394859515597,-0.9169709071712916,-0.7984372480868721,407
G25V,-1.546,2002,-2.3400789383136376,2459,0,-1.9926109067111504,-2.600318086818952,-2.371972576537119,-2.395414183187329,25
V65D,-1.5490000000000002,2005,0.2531594419187475,1161,0,-0.010716044963445,-0.1216359679662692,0.455620421356105,0.6893693592485992,65
L366Q,-1.554,2006,0.3887462794088215,1032,0,0.3487393253129435,0.9621520043289388,-0.0676019394582257,0.31169572745163,366
I404F,-1.557,2007,-0.5986726881339488,1846,0,-0.6264732859071527,-0.0537318956879747,-0.7138674467070529,-1.0006181242336152,404
H389L,-1.56,2008,0.7619074098091339,619,0,0.6443925466580265,0.8615583391362337,0.5008035869661053,1.04087516647617,389
D275E,-1.56,2008,0.927352707817468,466,0,0.4038879092734236,1.3161949628996812,0.6980935338114748,1.291234425285292,275
T174P,-1.56,2008,-1.2356945057542474,2206,0,-0.8255777927896715,-0.5917620291115103,-2.3155846000766784,-1.2098536010391294,174
D168V,-1.5619999999999998,2011,-1.1954666035986932,2186,0,-1.3261026136419305,-1.3099625963101695,-1.3813515226532498,-0.764449681789423,168
D400A,-1.564,2012,-1.2422398984702967,2211,0,-1.2403150427193317,-0.3840792201883922,-2.368630657634844,-0.9759346733386192,400
R416P,-1.568,2013,-1.1438244380058409,2163,0,-1.273725419789533,-1.2889627256107328,-0.8153247228820157,-1.1972848837410808,416
D48E,-1.569,2014,-0.3147068991661649,1659,0,-0.6154505941241645,-0.488763001858128,-0.1492964803095959,-0.0053175203727711,48
G421A,-1.5719999999999998,2015,-0.8898271699313591,2045,0,-0.7029181255731844,-0.9190584101734136,-1.0197420276431064,-0.9175901163357318,421
S443C,-1.5759999999999998,2016,-0.2503469551059836,1601,0,-0.4339344197788981,-0.4593586925288019,0.2430818783928147,-0.351176586509049,443
T264N,-1.578,2017,-0.3374150062365393,1674,0,-0.2275700374349035,-0.6959387754142159,-0.2391279905914823,-0.1870232215055556,264
G63C,-1.579,2018,-0.6374822665423623,1882,0,-1.1325449316011866,-1.0839400749342694,-0.5671362055426761,0.2336921459086828,63
Y158H,-1.579,2018,-0.1394736905435609,1506,0,-0.4903458243313039,0.105997466513,-0.7472162320483723,0.5736698276924324,158
S189F,-1.58,2020,-0.1898620146235336,1545,0,-0.6662318798261195,0.9678161132528464,0.267091714667221,-1.3281240065880824,189
S463G,-1.5830000000000002,2021,-0.8370616813525258,2015,0,-0.6611249080195359,-0.3137386340455051,-1.4702950407424291,-0.9030881426026331,463
P137A,-1.585,2022,-0.947330264463463,2075,0,-0.650767885775381,-0.4579408644803314,-2.3272117110477137,-0.3534005965504262,137
A163P,-1.592,2023,-1.7209284762953962,2387,0,-1.2094271469692228,-1.9344111391914345,-2.301091810053004,-1.4387838089679248,163
A87E,-1.597,2024,-0.753920354732712,1957,0,-1.042750653432734,-0.9014422677487112,-0.2650172684350776,-0.8064712293143257,87
P3T,-1.597,2024,1.3865563934979943,95,0,1.5748889525927114,1.5424253247300943,1.1622225968864062,1.266688699782765,3
G426C,-1.599,2026,-1.454138443232048,2312,0,-0.9091411482520758,-1.5206867443118364,-1.3547945126089984,-2.0319313677552806,426
L301P,-1.6,2027,-0.1704968997493926,1527,0,-0.1717864346140483,0.2503542398309137,0.4526240100058335,-1.2131794142202694,301
D48H,-1.601,2028,-0.793553266497143,1985,0,-1.534593862363447,-1.185417497158771,-0.2523245463358279,-0.2018771601305262,48
G35A,-1.6030000000000002,2029,-1.2076050957960454,2190,0,-0.8168205463692001,-1.3225814779858691,-1.596313387776273,-1.0947049710528391,35
T284P,-1.607,2030,-0.8848219487985198,2042,0,-0.9303949480281678,-0.6653576201591996,-0.1690177187193239,-1.7745175082873876,284
G35C,-1.611,2031,-1.7312781877142105,2390,0,-1.4689627842886863,-1.9695149501348024,-1.677288286672304,-1.80934672976105,35
A36V,-1.614,2032,-0.5702541662374435,1833,0,-0.8938819892096224,-0.7092819755096799,-0.590481451588037,-0.0873712486424349,36
L301R,-1.616,2033,-0.855578723618005,2026,0,-1.0058988055458105,-1.2283746809874916,-0.6568322287683753,-0.5312091791703424,301
G188R,-1.617,2034,-0.8510040928737942,2022,0,-0.9928372432712496,-0.2443280493039901,0.1081094962007558,-2.274960575120693,188
G25C,-1.621,2035,-1.6092189320498107,2356,0,-1.2830041954036266,-2.0893142481435767,-1.612204974055532,-1.4523523105965068,25
W286G,-1.621,2035,-0.357163838657394,1695,0,-0.2757308354824304,-1.128095683315617,0.2169070730680679,-0.2417359088995967,286
R403G,-1.624,2037,-1.4120374302726832,2300,0,-1.603873496086209,-1.2525454872590427,-2.140634154899767,-0.6510965828457138,403
P194A,-1.6269999999999998,2038,-0.7616787387492973,1964,0,-0.7231054586913074,-0.9414779799005356,-1.0265681210990871,-0.3555633953062584,194
A129D,-1.63,2039,-1.1535128955371847,2169,0,-1.3163383818388812,-1.5549910234710311,-1.290450051315948,-0.4522721255228787,129
V128D,-1.6369999999999998,2040,-0.6144539967485287,1858,0,-1.3231675299517007,-0.5677346645797093,-0.7337836183208714,0.1668698258581665,128
V170G,-1.64,2041,-1.824397874034404,2413,0,-1.6330950060846037,-1.8645315623269096,-2.0564764402682743,-1.7434884874578271,170
A183T,-1.645,2042,-0.0710462108824045,1460,0,-0.2294938636067546,0.7008547268754727,0.1843049137130002,-0.9398506205113364,183
T175P,-1.648,2043,-0.6329037060464967,1878,0,-0.681354305244013,0.135971426647056,-0.9811760031535862,-1.0050559424354435,175
D275G,-1.652,2044,0.2253278406481773,1196,0,-0.2152799874956326,0.2910500334494846,0.3137254929870873,0.51181582365177,275
D76E,-1.6569999999999998,2045,-0.508629250714835,1802,0,-0.8676687706250161,-0.8293097824464742,-0.4617287068015349,0.1241902570136856,76
Y88F,-1.664,2046,0.2418187817630943,1176,0,-0.171139572584306,0.1238641954204489,-0.1529402064045113,1.1674907106207455,88
E34D,-1.673,2047,-0.4805530545533437,1790,0,-0.8330300913145883,-0.7692840294430542,-0.6639133836737738,0.3440152862180417,34
W146G,-1.676,2048,-1.5981094471152264,2351,0,-1.5236780750911376,-1.6909091816054107,-2.274048257497064,-0.9038022742672934,146
P137S,-1.679,2049,-1.2907247907477712,2240,0,-0.9884652557749072,-1.0645235515777798,-2.052039275660733,-1.0578710799776654,137
Y50D,-1.68,2050,-0.710184793217673,1932,0,-1.1178725971770624,-0.4013235366772725,-0.7115702381742506,-0.6099728008421063,50
A219P,-1.685,2051,-0.9383782967548272,2071,0,-0.6540137231070832,-1.2251952636429404,-0.5994544158649874,-1.274849784404297,219
D393E,-1.6869999999999998,2052,0.0402016031879686,1362,0,-0.1605354489942319,0.204620398116471,0.8063199450815512,-0.6895984814519159,393
D248V,-1.6909999999999998,2053,-1.3975027053784297,2290,0,-1.5878484366265015,-1.6780842427522624,-0.9512851999222578,-1.3727929422126957,248
L136Q,-1.693,2054,-0.7305755531563978,1948,0,-1.0238406636403714,-0.8986886852732966,-1.00209655215104,0.0023236884391169,136
V380E,-1.694,2055,-0.1870145650927227,1539,0,-0.5370351370237448,-0.2589579841709876,-0.4334487520324107,0.4813836128562521,380
G190D,-1.6980000000000002,2056,-1.0369678706919547,2117,0,-0.6635922560367694,-1.0289704561591249,-0.3160587164393294,-2.1392500541325945,190
V170A,-1.702,2057,-0.5217615254081903,1810,0,-0.2397336422660119,-1.143212446974132,-0.3297192477225121,-0.3743807646701051,170
G195D,-1.704,2058,-0.864338023354601,2031,0,-0.4460008524797034,-0.4552965471910223,-0.4540313031058233,-2.102023390641855,195
D48A,-1.706,2059,-1.205999531070125,2189,0,-1.496347680354966,-1.3971242834437008,-1.7036339883262823,-0.2268921721555518,48
G190V,-1.71,2060,-1.7573071868738537,2397,0,-1.5136257142711278,-1.7139227248670472,-1.3727529463354138,-2.428927362021826,190
V57L,-1.712,2061,-0.2592683226077329,1608,0,-0.1140936673891815,-0.3151241565195449,0.1203265285833093,-0.7281819951055144,57
W173G,-1.713,2062,-2.376404597092566,2460,0,-1.8478929384056424,-2.2229892269321585,-2.872337652885313,-2.56239857014715,173
L379R,-1.713,2062,-0.662864518649681,1900,0,-1.093509390346908,0.4410681404054719,-1.854372216508961,-0.1446446081483273,379
R253H,-1.715,2064,0.5214627997017509,878,0,0.0905272790852102,0.5414370074455988,0.6770058184637272,0.7768810938124675,253
G63R,-1.715,2064,-1.3581958496864432,2270,0,-1.414181768320057,-2.406036104151092,-0.3842516217039829,-1.2283139045706413,63
S231I,-1.7180000000000002,2066,-1.3248679842756177,2259,0,-1.351216401869838,-0.7996330585435703,-1.3179181092141563,-1.8307043674749055,231
H207N,-1.7180000000000002,2066,-0.6845712816540436,1914,0,-0.9060472624487952,-0.8774825079325141,-0.4467707589874208,-0.5079845972474443,207
G144V,-1.725,2068,-1.6455041393624985,2368,0,-1.008489160739437,-2.047098221547549,-1.4411725758193217,-2.0852565993436856,144
V424G,-1.73,2069,-1.6659644014673292,2374,0,-1.2884996787790526,-2.008329785983431,-1.9076212298515645,-1.4594069112552688,424
L268Q,-1.735,2070,-0.402486457932321,1742,0,-0.7132120769367184,-0.449190544159723,-0.3614318942844913,-0.0861113163483515,268
D293E,-1.736,2071,-0.3161676406932279,1660,0,-0.4314112559282335,-0.3804370473182118,-0.1930749298560051,-0.2597473296704611,293
A51P,-1.741,2072,-0.6581854073732369,1895,0,-0.3124035317336984,-0.985612134386894,0.2369883540319415,-1.5717143174042971,51
G63S,-1.741,2072,-0.3016477407810529,1644,0,-0.6770319655270444,-0.6871561495191766,-0.3390382729152326,0.4966354248372417,63
A206P,-1.742,2074,-1.506499134529955,2328,0,-1.0741943312996076,-1.1452934747880397,-1.4393384561822329,-2.36717027584994,206
W24C,-1.746,2075,-1.270461799669162,2229,0,-0.8953295354368737,-1.3263137073222229,-2.2661511902569487,-0.5940527656606034,24
V424A,-1.7480000000000002,2076,-0.2447148826020367,1597,0,0.0601050208585633,-0.5521757261669207,-0.314925598646911,-0.1718632264528787,424
R42L,-1.749,2077,-0.8946313192853792,2050,0,-0.942387212406832,-1.2620316013385962,-1.1598850273478332,-0.2142214360482555,42
H208L,-1.753,2078,-0.8811565990199584,2039,0,-1.1141149377532036,-1.096154825099716,-0.6838474460853132,-0.6305091871416004,208
Y50N,-1.757,2079,-0.6017331095904848,1848,0,-0.7925695273419299,-0.4758443893123249,-0.7197289693765251,-0.4187895523311591,50
L203R,-1.758,2080,-1.219806030729775,2198,0,-1.487679188187745,-0.827456515168901,-0.6708618248463897,-1.8932265947160627,203
W286C,-1.76,2081,-0.6798962606311273,1909,0,-1.1771659491507347,-1.0176058789485811,-0.0562129784838573,-0.4686002359413355,286
L85P,-1.764,2082,-1.1228559870719732,2157,0,-0.5091384188653089,-1.6046121363327055,-0.8911957908034532,-1.4864776022864252,85
H71L,-1.771,2083,-0.2853085074585736,1628,0,-0.4618598800580817,-0.7675390294960055,-0.4059761852315964,0.494141064951389,71
M267R,-1.771,2083,-0.825894149980364,2005,0,-1.3131004568060307,-0.546493687025544,-1.5988956775054213,0.1549132214155398,267
R196P,-1.7719999999999998,2085,-0.7520429559807115,1956,0,-1.1078282750504551,-0.3040904931660077,-0.7364361910418104,-0.8598168646645726,196
T455P,-1.7719999999999998,2085,-1.2157386038518876,2195,0,-1.0484725347267336,-0.8956452257516391,-0.9158174177117911,-2.0030192372173867,455
A93T,-1.773,2087,-0.3194010174345352,1662,0,-0.2553412710837595,-0.6882304657839324,-0.1746613096086943,-0.1593710232617545,93
A464P,-1.774,2088,-1.5954118218692774,2350,0,-1.152262127549856,-1.4388269133433704,-1.8894149922709944,-1.901143254312889,464
A417P,-1.776,2089,-1.823577412164087,2412,0,-1.602134205957858,-1.8094746311884389,-2.1165590474610543,-1.7661417640489971,417
V414G,-1.778,2090,-0.8021177720411472,1993,0,-0.9868510456935744,-0.8899634360741576,-0.4660552752485219,-0.8656013311483347,414
W73G,-1.778,2090,-0.8198977616571279,2000,0,-0.5535555367262448,-0.7851233652740678,-1.1055134819546004,-0.8353986626735989,73
S443N,-1.779,2092,0.3012693200684486,1107,0,0.3696904227804203,0.14936626576883,0.4422387855822768,0.2437818061422672,443
L83R,-1.779,2092,-1.11079897459165,2150,0,-1.1265459934528368,-0.9484360268659516,-2.069020975785697,-0.2991929022621147,83
Y70D,-1.781,2094,-0.9308765948230312,2068,0,-1.3943641139827754,-0.8868189436749369,-1.5383461854176514,0.0960228637832384,70
R58G,-1.781,2094,0.4382980369925646,973,0,0.6583885059249034,0.5040953806301792,0.2980390418863322,0.2926692195288434,58
G186V,-1.7819999999999998,2096,-1.767004242242351,2401,0,-1.8733356558113607,-1.1346643171405977,-0.91561642199213,-3.144400574025315,186
A93D,-1.783,2097,-0.5746148687020033,1836,0,-1.2172288253101955,-0.7279529760153111,-0.5602510932519145,0.2069734197694076,93
P241L,-1.785,2098,-0.9777758957536054,2095,0,-0.8388638065067305,-1.2514204050916098,-0.9914194147256472,-0.829399956690434,241
G63V,-1.7919999999999998,2099,-1.1110274580118271,2151,0,-1.385870197968487,-1.4737351445928877,-1.0098097928781382,-0.5746946966077964,63
R403S,-1.793,2100,-1.3674525327577265,2275,0,-1.7687345088594006,-1.3030095386226586,-1.8900610825395503,-0.5080050010092957,403
A152E,-1.797,2101,-1.375841769710927,2278,0,-1.7157654851644792,-1.6551622527401717,-0.4339054417717076,-1.69853389916735,152
R96P,-1.801,2102,-2.420829221147633,2461,0,-1.6961189184905414,-2.270816943851112,-3.988608532354077,-1.7277724898948017,96
V57A,-1.807,2103,-0.0007111744362515,1397,0,0.0653401061813739,0.1605290266881425,0.0201327892889181,-0.2488466199034408,57
V57G,-1.812,2104,-0.7997288162957339,1990,0,-1.0050997897563665,-0.4515843996982333,-0.4336538729901485,-1.308577202738187,57
W146C,-1.812,2104,-1.3456411451670796,2268,0,-1.4920953632188876,-1.5079109498460457,-1.9062046021600068,-0.4763536654433785,146
T473P,-1.814,2106,-1.1616955599136949,2174,0,-0.980428786917218,-1.5057416118132312,-0.0449893430111256,-2.115622497913205,473
V451F,-1.824,2107,-1.0313434143043452,2115,0,-1.103046668095362,-0.6051896727355055,-1.4817602206602365,-0.935377095726277,451
W466G,-1.826,2108,-1.2852466688417117,2239,0,-1.3014854043234083,-1.1933691588188389,-1.1897755633655236,-1.4563565488590764,466
T67K,-1.83,2109,-0.9925799920338992,2100,0,-0.5098967103306329,-0.9798944219085012,-2.0752363720274145,-0.4052924638690477,67
V232F,-1.83,2109,-0.2908054808610013,1634,0,-0.8185617576947166,-0.1484187859526987,-0.1221121725931697,-0.0741292072034198,232
R369P,-1.832,2111,-1.1364205153092937,2160,0,-0.8569242226895121,-1.283049682902384,-1.5572816910320582,-0.8484264646132206,369
Y272C,-1.834,2112,-1.030625951333053,2113,0,-0.7168350756066422,-0.9787658472465358,-1.2350607022107774,-1.1918421802682555,272
A4E,-1.84,2113,1.1785233320904849,238,0,1.1762462854451758,1.1262228334728697,1.1622225968864062,1.249401612557487,4
R96L,-1.841,2114,-1.315751373343177,2256,0,-1.5638732105080777,-1.526075164448542,-1.863703142753928,-0.3093539756621604,96
D275Y,-1.851,2115,-0.0828117385652949,1467,0,-0.8691671021825951,-0.1174033140561082,0.3504068843997263,0.3049165775777971,275
S189C,-1.856,2116,0.2647973353290166,1149,0,-0.2423754147627179,0.4609770431251478,0.4591723312691464,0.3814153816844902,189
H69Q,-1.858,2117,0.3124554260258946,1098,0,0.0128065369912924,0.2526201203911773,0.522282786929814,0.4621122597912949,69
A159D,-1.869,2118,-2.0987681425315667,2449,0,-1.784205404052588,-2.0015306475192687,-2.9999466548987272,-1.609389863655684,159
P266R,-1.871,2119,-2.0695443945548893,2446,0,-1.4575833818057218,-1.9520893981260463,-2.2100963267672897,-2.6584084715204983,266
D400Y,-1.876,2120,-1.994297950242464,2437,0,-2.0303065646161595,-1.3246348153074068,-2.74156703892596,-1.8806833821203284,400
P360L,-1.882,2121,-1.4507227159231495,2311,0,-1.2913670149902998,-1.450222673540816,-1.5089755324527596,-1.5523256427087222,360
I97N,-1.885,2122,-1.4551032286325516,2313,0,-1.5611406614453156,-2.026024758999023,-1.5672357613296384,-0.6660117327562294,97
R58P,-1.886,2123,0.1317452452493027,1281,0,0.1184747067372437,0.2502818953013005,0.325869127649573,-0.1676447486909064,58
R425P,-1.888,2124,-1.3122846219136988,2254,0,-1.423121048171932,-1.380164480527316,-1.034558118136649,-1.411294840818898,425
A183E,-1.891,2125,-1.1954506426030949,2185,0,-1.4680195270383911,-1.237027336193122,-0.5432576357169072,-1.5334980714639592,183
Y450H,-1.894,2126,0.8680386927219684,514,0,1.0162971292112046,0.8482792200788538,0.6897685447047618,0.9178098768930536,450
Y113D,-1.901,2127,-1.670291059000086,2375,0,-1.180797214024251,-1.1906038515403496,-2.8807629652736875,-1.4290002051620558,113
R96S,-1.902,2128,-1.3365157351230237,2264,0,-1.6227596731452876,-1.854688714877195,-1.8243768563727596,-0.0442376960968529,96
F22Y,-1.903,2129,-0.3549746974047986,1690,0,-0.5388805732954736,-0.2950095084522881,-0.5500957466083604,-0.0359129612630725,22
L136R,-1.906,2130,-1.539254095431161,2334,0,-1.573888512445926,-1.3459410276701718,-2.405425149484267,-0.8317616921242804,136
T280P,-1.907,2131,-1.3839783651467976,2283,0,-1.4838026673287443,-1.7465356388166648,-0.2978324463567012,-2.00774270808508,280
R149C,-1.91,2132,-0.9754682930371464,2094,0,-1.0292307339608116,-1.4497728901377387,-0.7519048021053311,-0.6709647459447041,149
L166R,-1.912,2133,-2.1173608915864754,2452,0,-2.002508510043722,-2.0743494079972504,-2.741164035243426,-1.6514216130615031,166
L224P,-1.916,2134,-1.40523209499159,2295,0,-1.269994353779066,-1.7948690190512249,-0.0735369627408992,-2.4825280443951696,224
A4T,-1.922,2135,1.3386260712690463,129,0,1.4259799369094028,1.3873464528722772,1.1622225968864062,1.3789552984081,4
S371I,-1.923,2136,-0.8313546630869871,2006,0,-0.6043602559778332,-0.8035875602105634,0.0104115480544727,-1.927882384214025,371
L140P,-1.923,2136,-1.365812741408368,2274,0,-1.0075241383475726,-0.7072779073074473,-2.6819419477988373,-1.066506972179615,140
G456V,-1.93,2138,0.3047063853367469,1105,0,0.2102809333580461,0.5124589695472261,0.0317238639067288,0.4643617745349864,456
L363R,-1.933,2139,-1.2141572265051497,2194,0,-1.1131770396318432,-1.017825656640268,-2.172814547722118,-0.5528116620263688,363
A159P,-1.937,2140,-1.5891330831637291,2348,0,-1.452526335846524,-1.6839226957559406,-2.2321410138665865,-0.9879422871858652,159
L209R,-1.938,2141,-0.9538030858293256,2081,0,-1.500572847941631,-0.6968464497969661,-0.7756050311503568,-0.8421880144283481,209
L209V,-1.943,2142,-0.1244606183251797,1496,0,-0.1159018678263795,0.3058010830376106,0.0318911303794741,-0.719632818891424,209
G362D,-1.948,2143,-1.0145871226659977,2112,0,-0.8189797191937889,-0.6384746424188402,-0.701168936186867,-1.8997251928644945,362
N59S,-1.953,2144,0.4490445609925003,957,0,0.5022669305800402,0.1157591134648214,0.4251026999505386,0.7530494999746011,59
L366R,-1.958,2145,-0.3664195484653948,1705,0,-0.8079935048780297,0.2487156362351754,-0.8822195270179507,-0.0241807982007742,366
S443T,-1.958,2145,0.9730505100133136,428,0,0.9005955578277952,1.0751143856849197,0.7510111564617686,1.1654809400787711,443
S443I,-1.959,2147,-0.4597291533505878,1776,0,-0.6828159823819921,-0.4540335114895344,-0.082443339334856,-0.6196237801959688,443
V232G,-1.961,2148,-0.3674396910242519,1708,0,-1.1297702173164303,-0.1053704230702759,-0.1827749253848005,-0.051843198325501,232
A66D,-1.965,2149,-0.9739412934622488,2093,0,-1.123781845752489,-0.6049546777462103,-1.5560560651776658,-0.6109725851726306,66
G190R,-1.969,2150,-1.2919194625685102,2241,0,-1.0861135901859948,-1.1201263097189882,-1.2022028597054366,-1.7592350906636207,190
A468P,-1.97,2151,-0.9828247001678824,2097,0,-1.0023171378938491,-1.3461121599022912,-0.3512501888854601,-1.23161931398993,468
V277D,-1.971,2152,-0.38103740436888,1721,0,0.4418680181139782,-1.0750823604067703,0.2098296131388115,-1.1007648883215395,277
Y113F,-1.972,2153,-0.4824016865704066,1791,0,-0.2581415423465948,-0.7956987634520898,-1.0385861196143822,0.1628196791314405,113
F22C,-1.976,2154,-1.6380833614630226,2364,0,-0.932488345128758,-1.6160118879524752,-2.84602960820467,-1.1578036045661872,22
Y453D,-1.977,2155,-0.6859506421262469,1917,0,-0.9677683503876238,-1.0205605293235414,-0.1904401734208052,-0.5650335153730175,453
L110Q,-1.978,2156,-0.779915413075002,1972,0,-0.7722596926256151,-0.9076112604135528,-1.3634884914206626,-0.0763022078401777,110
R465P,-1.992,2157,-0.7858682278231529,1980,0,-0.6740151551205625,-1.3530205635525585,-0.3454634079793306,-0.7709737846401595,465
V289E,-1.994,2158,-0.3005681668925024,1643,0,-0.0678785112128951,-0.6499462396404323,-0.0333541084404908,-0.4510938082761916,289
R458L,-2.0,2159,-1.1361879505165882,2159,0,-1.4315378635105114,-1.235375635742885,-1.3499600377642171,-0.5278782650487396,458
A205D,-2.003,2160,-1.39165366822985,2286,0,-1.559977781024345,-1.087683779609804,-1.0840608726911491,-1.834892239594101,205
G190S,-2.006,2161,-0.8133977335525605,1997,0,-0.5059604554071403,-0.7247789221445069,-0.5441783932788318,-1.4786731633797632,190
A117E,-2.008,2162,-0.932238463237184,2069,0,-0.1806378702534348,-1.3132066248035827,-1.5910877794666187,-0.6440215784251004,117
A392D,-2.016,2163,0.0038322571054069,1390,0,0.1300140236053011,-0.6478897840202039,0.5923576348438899,-0.0591528460073592,392
P19L,-2.02,2164,-1.1100699199186168,2148,0,-1.5526051363450553,-1.0277338636305302,-1.205161217839693,-0.6547794618591887,19
Y453H,-2.027,2165,0.3307464607224709,1084,0,0.3361843650356099,0.1896430847753826,0.3003801419087175,0.4967782511701737,453
G305R,-2.029,2166,-1.9918302469250075,2435,0,-1.635681898067551,-1.6695762766058575,-2.229416865408098,-2.4326459476185227,305
D393H,-2.031,2167,-0.2122092313610385,1570,0,-0.230995026402261,-0.4260379247765034,0.5661522103160738,-0.7579561845814634,393
P266S,-2.0380000000000003,2168,-0.7611588164525365,1963,0,-0.4202740001248152,-0.455750820944214,-0.3899611746796066,-1.77864927006151,266
P137L,-2.0380000000000003,2168,-1.8720943934837584,2421,0,-1.4224564656262315,-1.5532692236662375,-2.5914517324335966,-1.921200152208968,137
A36T,-2.04,2170,-0.3323673697334599,1671,0,-0.6537155330839156,-0.5154727269232587,-0.1306730200744639,-0.0296081988522014,36
I125S,-2.042,2171,-1.738092597356064,2392,0,-1.573424239983609,-1.7215568189885035,-2.0030448785059822,-1.6543444519461614,125
L131R,-2.044,2172,-2.216246380855951,2456,0,-1.905309381864551,-1.803989419060389,-3.4549594189329063,-1.7007273035659591,131
Y187F,-2.046,2173,-0.0602663692208005,1454,0,-0.1387679564866387,0.1171385240734285,-0.2842972629716543,0.0648612185016623,187
K461Q,-2.049,2174,-1.3029213225745209,2249,0,-1.3180618979273495,-1.404874627740328,-2.098478570421576,-0.3902701942088307,461
T284R,-2.051,2175,-0.5159712869363322,1804,0,-0.3917861093755177,-0.9250747309343822,0.3262210070943161,-1.073245314529745,284
T151K,-2.051,2175,-1.719090489349017,2386,0,-2.0964851333251837,-2.0877877785687398,-1.544344495526766,-1.14774454997538,151
V424M,-2.053,2177,-0.2430909271833437,1596,0,0.0384288610530475,-0.3803429994297146,0.3248875053968724,-0.9553370757535802,424
Y467S,-2.0540000000000003,2178,-1.18934387320251,2184,0,-1.4964101192628347,-0.5737004689018963,-1.6410596755039426,-1.0462052291413655,467
R403L,-2.0580000000000003,2179,-1.5114590796629104,2329,0,-1.749664908028865,-1.3172304774334462,-2.3807564057546133,-0.5981845274347165,403
S231C,-2.062,2180,0.110434278974641,1299,0,-0.1694687883022404,0.3343323310996478,0.0983327954662274,0.1785407776349291,231
G212R,-2.068,2181,-1.9385386160034672,2429,0,-1.5965805305314544,-1.824512564256065,-1.8967682491775837,-2.4362931200487665,212
S443R,-2.07,2182,0.2706559092265692,1144,0,0.1384376642495988,0.3684184540824749,0.5466383880079518,0.0291291305662514,443
L411R,-2.071,2183,-1.894703892066873,2424,0,-1.5880123450793853,-1.4572004281539543,-3.144053263404213,-1.389549531629939,411
V398L,-2.079,2184,-0.1969534374804643,1556,0,0.0132470219992355,-0.4894823309999886,0.3622530335631665,-0.6738314744842708,398
R221P,-2.083,2185,-1.630770207234648,2360,0,-1.8289840103275032,-2.260075028523032,-0.7046731095905399,-1.7293486804975169,221
R72P,-2.085,2186,-1.7159287769493567,2385,0,-1.5326471840568932,-1.499297709935859,-2.1709934759360983,-1.6607767378685758,72
L296P,-2.094,2187,-0.1845779291482707,1536,0,0.279875883565548,-0.5878862333034585,0.2190200887098118,-0.6493214555649842,296
I46N,-2.096,2188,-0.0309781651129228,1422,0,-0.6198360300006635,-0.125590220169367,-0.2967349680544364,0.9182485577727754,46
Y88D,-2.1,2189,-1.3857715505904653,2284,0,-1.5498637396637691,-1.1623588009321004,-2.481559120406448,-0.3493045413595438,88
F18V,-2.103,2190,-0.7008041160852464,1924,0,-0.7029285657630424,-1.1016597448754877,-0.261631733478829,-0.7369964202236267,18
H415P,-2.109,2191,-1.5436353363705364,2337,0,-1.1423193760839034,-1.9941664733324385,-1.4492020187096135,-1.58885347735619,415
Y467C,-2.112,2192,-0.8766828794883611,2037,0,-0.7139531534642857,-0.1885661331976332,-1.8192618697858387,-0.7849503615056864,467
V217D,-2.119,2193,-1.1059820469644863,2144,0,-1.2554572109659885,-1.0454472969743676,-0.6945233669208004,-1.428500312996789,217
D48N,-2.122,2194,-0.5368516051324226,1814,0,-1.038727312664056,-0.8032016395646614,-0.4704446433668664,0.1649671750658934,48
D400E,-2.125,2195,-0.470733156355668,1784,0,-0.81352013187066,-0.1481044614447242,-0.8388948975937907,-0.0824131345134974,400
W286S,-2.126,2196,-0.3552941053881358,1691,0,-0.4279086607069656,-1.1052078698571712,0.6243523225799409,-0.5124122135683472,286
A464D,-2.127,2197,-1.5164280995703154,2330,0,-1.3417055153034951,-1.565973421994101,-2.015481668398468,-1.1425517925851976,464
R368P,-2.131,2198,-0.7031858440311152,1926,0,-0.0446977759590139,-1.114424313465994,-0.6660870747505324,-0.9875342119489204,368
S26P,-2.133,2199,-0.2411925425244012,1593,0,-0.1687266753393601,0.369037436372484,-1.0639269413603183,-0.1011539897704105,26
R96G,-2.138,2200,-1.760625118655598,2400,0,-1.5226334999692883,-1.7026274986193737,-3.184343048755978,-0.6328964272777517,96
G109D,-2.145,2201,-1.6040244215185695,2353,0,-1.2636780641937164,-1.899684517657636,-1.0502333883631263,-2.2025017158598,109
T175K,-2.146,2202,-2.047294775085893,2442,0,-2.143285243480454,-1.4876796774077743,-2.787889644227614,-1.7703245352277297,175
G186C,-2.147,2203,-1.2454350760600588,2213,0,-1.347585794247984,-0.7067746138988454,-0.6722925850121662,-2.2550873110812395,186
A51E,-2.148,2204,-0.2323920524084929,1583,0,-0.6244660393320753,-0.481043092156717,0.0259246032826734,0.1500163185721471,51
L268R,-2.156,2205,-0.7400086328506592,1954,0,-0.8438899363589151,-1.1295390814133477,-0.440221036585957,-0.5463844770444172,268
G214S,-2.158,2206,-0.6159734509608,1859,0,-0.0778990711640385,-0.9929496159369362,0.0620923073464612,-1.4551374240886863,214
G145S,-2.162,2207,-0.7931796645355651,1984,0,-0.5971998530274774,-0.7266018795588113,-0.8370410257230015,-1.0118758998329702,145
D293A,-2.162,2207,-1.394240910359185,2289,0,-1.657524645890418,-1.367104546684872,-0.9727289765626318,-1.5796054722988186,293
G195S,-2.166,2209,-0.7834662316617611,1978,0,-0.4115023700045147,-0.5015034971827457,-0.6657278994970309,-1.5551311599627533,195
V398F,-2.166,2209,-0.8846222195847353,2041,0,-0.9100456782121468,-1.4746786170446016,0.0282939933801941,-1.182058576462387,398
A471D,-2.169,2211,-1.1071002089369364,2145,0,-1.513573841947668,-0.6048797138456973,-1.3740396864200686,-0.9359075935343116,471
R42C,-2.174,2212,-0.4727473098430257,1786,0,-0.6810288898347013,-0.4976679897937714,-0.8287903985408176,0.1164980387971876,42
R240P,-2.175,2213,-0.8986611329176724,2053,0,-1.0034164165770862,-0.8078439131907701,-0.7180810516722193,-1.0653031502306136,240
L242P,-2.175,2213,-0.8030239683675214,1996,0,-0.8869508659735876,-0.7778781853652562,-0.2035441396107514,-1.3437226825204904,242
D390E,-2.177,2215,0.2783454803313711,1135,0,-0.1115019471344112,0.377431584616695,0.3044799158503175,0.5429723679928832,390
P378L,-2.181,2216,-0.91757648337611,2059,0,-1.5039089562611885,-1.3735230032449317,-0.1077439163910001,-0.6851300576073195,378
S45F,-2.189,2217,-1.8072517267606365,2411,0,-1.6043768497434927,-1.9883302655038169,-2.115033775558841,-1.521266016236394,45
L377P,-2.193,2218,-0.5941114231064158,1844,0,0.0067307256774245,-0.7537561492852202,0.2983600965869187,-1.9277803654047865,377
L370R,-2.196,2219,-0.724668753195409,1943,0,-0.8489691013644234,-0.2477472014518457,-1.0044753377448632,-0.7974833722205041,370
N59K,-2.198,2220,0.2513341078591734,1164,0,-0.1316166286649973,-0.1913205887966809,0.5705669902820765,0.7577066586162954,59
A468D,-2.2,2221,-0.5194915880629305,1808,0,-0.7898343998303408,-1.0550142373559717,0.0702885640182144,-0.3034062790836242,468
N210K,-2.201,2222,-1.2767511521494734,2235,0,-1.304510582049122,-1.3599928299600024,-1.350081446862852,-1.0924197497259172,210
T457P,-2.205,2223,-0.4607146195726033,1777,0,-0.0233091890344369,-0.9006282670586153,0.0907206657133062,-1.009641687910667,457
A183V,-2.211,2224,-0.6302737854069036,1877,0,-0.5171713992334082,0.0935562031306961,0.0533696472179932,-2.150849592742896,183
D68V,-2.221,2225,-1.2515808615771515,2217,0,-1.5072458229480463,-1.207431189128373,-1.404672162548607,-0.8869742716835791,68
G195R,-2.225,2226,-1.2333637324564153,2205,0,-0.9401027067461238,-1.1276012458752958,-0.8536979744288767,-2.0120530027753647,195
G212D,-2.227,2227,-1.7225941003079022,2389,0,-1.4252383085636269,-1.233226254821688,-1.447387714346477,-2.784524123499817,212
I125F,-2.227,2227,-1.645912805144801,2370,0,-0.9510193535013745,-1.7955523006602263,-1.8872223306938392,-1.9498572357237651,125
V451G,-2.228,2229,-1.6543407333596702,2373,0,-1.2617473621583268,-1.0757362052761357,-3.093638018363089,-1.1862413476411289,451
T284K,-2.233,2230,-0.8913640869041083,2047,0,-0.7715535009939423,-1.6058095630297513,0.5861487739097099,-1.7742420575024491,284
I459N,-2.236,2231,-0.3166328838294746,1661,0,-0.3869107935008017,-0.5948775836988859,-0.1200416520738048,-0.1647015060444061,459
A448D,-2.239,2232,-0.5879310165808476,1841,0,-1.0056226840111329,-0.1239406401622391,-1.4440340090085528,0.2218732668585346,448
W24G,-2.24,2233,-1.7024841250885712,2381,0,-1.3579535853078275,-2.145988952642536,-2.225821570726957,-1.0801723916769634,24
A271P,-2.241,2234,-0.7909037546478469,1981,0,-0.5436308596809911,-1.0502412446487688,-0.8971713720714307,-0.6725715421901967,271
Y70C,-2.249,2235,-0.7964586319215755,1988,0,-0.5735375798157016,-1.039851073412946,-1.538257031070692,-0.0341888433869621,70
L211Q,-2.251,2236,-0.9264340312777466,2066,0,-1.1020533586031314,-0.8588904627497195,-0.8689686879242102,-0.8758236158339254,211
L367R,-2.261,2237,-1.6312883679981107,2361,0,-1.3200861824878134,-1.481392688320494,-2.8128483319008475,-0.9108262692832876,367
A257P,-2.264,2238,-0.884410360329866,2040,0,-1.121285148920666,-1.1083456267312206,-0.6600562621463772,-0.6479544035211994,257
A412P,-2.265,2239,-1.0434507977921077,2120,0,-0.7964999428371963,-1.245316273039525,-0.7489972530957364,-1.3829897221959722,412
A281P,-2.27,2240,-0.6282176104194526,1876,0,-1.2395850889121942,-0.2630082799737444,0.2202761446415355,-1.230553217433407,281
V262D,-2.275,2241,-0.7345390588649526,1950,0,-1.277160975341299,-1.2516085008686046,-0.7938269986282853,0.3844402393783776,262
G145D,-2.276,2242,-1.2520627797965025,2218,0,-1.1693925831890382,-1.3008713835767465,-1.2249313239565065,-1.3130558284637184,145
P95L,-2.276,2242,-1.2716039257242544,2230,0,-1.21446139135154,-1.22942691969752,-0.904828471814356,-1.7376989200336024,95
R290P,-2.277,2244,-0.1204105534583161,1492,0,0.6959090441804131,-1.1707495190477528,0.7222831226013475,-0.7290848615672724,290
W94G,-2.278,2245,-1.850950168129907,2417,0,-1.185767957784475,-1.8844138347757715,-2.9120048365861173,-1.4216140433732642,94
L85R,-2.291,2246,-0.7133664291245472,1936,0,-0.882535499867568,-0.858375818733885,-1.433482827584349,0.3209284296876127,85
G426S,-2.291,2246,-0.7025541057928317,1925,0,-0.1394135040130574,-0.6831452690118646,-0.8206213433442258,-1.1670363068021792,426
G35R,-2.292,2248,-1.949605327212207,2431,0,-1.4325535701170622,-2.14278109641393,-2.4015384629719887,-1.8215481793458472,35
L363Q,-2.299,2249,-0.268586808056229,1615,0,-0.4392889985096025,0.1053568432300806,-1.1017735607338055,0.3613584837884115,363
T67R,-2.325,2250,-0.6610096519229555,1898,0,-0.2471604596495795,-0.3912696427722034,-1.9167273782508876,-0.0888811270191519,67
N59D,-2.326,2251,1.218663250619291,202,0,1.382004141420306,1.3750205743372583,0.7544859037432999,1.3631423829762983,59
R458P,-2.331,2252,-1.755792522472437,2396,0,-1.2141375685135627,-1.1550021106621264,-2.691737082144251,-1.9622933285698076,458
M80R,-2.336,2253,-0.9809878098512272,2096,0,-1.4152352416182508,-0.5686372249526075,-1.8440563291682772,-0.0960224436657731,80
R42H,-2.336,2253,-0.6476153359709101,1889,0,-0.8731131400442835,-0.4756394547224034,-1.3182715250381465,0.0765627759211928,42
V57M,-2.337,2255,0.0794096563766529,1328,0,-0.1218911747099933,0.322530568412735,0.1811509994638697,-0.0641517676599996,57
D452G,-2.339,2256,-0.8482069573738366,2019,0,-0.5753379943485986,-0.9308642890145976,-1.2789889760215851,-0.6076365701105648,452
F22L,-2.355,2257,-0.5921098126945668,1842,0,-0.2490067554042507,-0.94711736071583,-0.8334777231264036,-0.3388374115317825,22
R408P,-2.362,2258,-1.4139939875161862,2301,0,-1.138828459719087,-1.6668626083536784,-0.6089191007531789,-2.2413657812388,408
F112S,-2.363,2259,-1.2622129731328948,2223,0,-0.990875397618656,-0.7844944667942236,-1.8837182569893576,-1.389763771129342,112
T67M,-2.366,2260,0.1457141573656722,1263,0,0.2221501400024971,0.0303888265628503,-0.0490930491856279,0.3794107120829693,67
G35D,-2.384,2261,-1.7913047180742043,2407,0,-1.25338307639487,-2.025308548155852,-1.9907756875014029,-1.8957515602446924,35
L120R,-2.385,2262,-1.53776820454204,2332,0,-1.6413600974049525,-1.0405458303611277,-2.697463671275872,-0.7717032191262083,120
L276R,-2.39,2263,-1.0029833983942562,2106,0,-1.477533396516122,-1.1913342818255477,-0.6415516368645058,-0.7015142783708491,276
R458H,-2.396,2264,-1.1604040883344493,2172,0,-1.1506138414977511,-1.1401921875947298,-2.048623169932082,-0.3021871543132343,458
A93V,-2.397,2265,-1.0912819701291832,2138,0,-0.7157493464192012,-1.2082501790963742,-1.3729482743500514,-1.068180080651106,93
V414F,-2.401,2266,-0.9829492911216692,2098,0,-1.0696656145608403,-1.221687052884492,-0.6243144128631714,-1.0161300841781733,414
L92P,-2.402,2267,-1.1476774851899771,2166,0,-0.7486202209907211,-0.7269790689683806,-1.5520883359435325,-1.5630223148572748,92
R458S,-2.41,2268,-1.4788081913150275,2320,0,-1.3887751491979168,-1.5704787399417346,-1.8786069007570652,-1.0773719753633952,458
N59I,-2.415,2269,-0.762665169413142,1965,0,-1.046398905733816,-1.223261918455002,-0.3072017591917692,-0.4737980942719808,59
D256V,-2.422,2270,-1.0946155033104283,2140,0,-1.7595683255107517,-1.230067792444335,-0.2840363649406659,-1.1047895303459607,256
L92R,-2.427,2271,-1.868979610067561,2420,0,-1.6126932066934605,-1.8964674312649064,-2.987288177233178,-0.9794696250786992,92
D275V,-2.428,2272,0.0639722552555071,1342,0,-0.75308675161072,0.3860116458288173,0.3220109799650103,0.300953146838921,275
A193T,-2.4330000000000003,2273,-0.8141901703252064,1998,0,-0.7211918451991238,-0.5581473928906452,-0.5016660177754888,-1.4757554254355678,193
I404N,-2.435,2274,-0.7727015518302458,1969,0,-0.7988851596756171,-0.5550183672529279,-0.6105463737736817,-1.1263563066187563,404
A66V,-2.451,2275,-0.968027242664242,2088,0,-0.5059536301014218,-0.7238439314652305,-1.1045846579834673,-1.537726751106848,66
V314M,-2.464,2276,-0.5376677163708053,1815,0,-0.7034197349856729,-0.3555253332778636,0.1322778126606714,-1.2240036098803562,314
Y88C,-2.465,2277,-0.7206378650054827,1941,0,-0.8179862074702778,-0.8462506261068222,-1.377844198978362,0.1595295725335311,88
S45P,-2.465,2277,-1.6140284664499696,2359,0,-1.249324092362995,-1.5783962250481594,-1.9806344105788445,-1.64775913780988,45
H207Y,-2.47,2279,-0.5025225185056145,1801,0,-0.7170789159731626,0.2017208792623541,-0.5094626429277993,-0.98526939438385,207
L116R,-2.472,2280,-1.2420160141103542,2210,0,-1.5372335872684366,-1.1768157325877648,-1.7484275813548482,-0.5055871552303672,116
L121P,-2.48,2281,-1.213198851967883,2193,0,-0.8322175260293472,-1.3865163302273524,-1.6371008016923776,-0.9969607499224544,121
L116Q,-2.485,2282,-0.6211356422655409,1866,0,-0.971966621213976,-0.5801993775681636,-1.034010468571315,0.1016338982912913,116
G270D,-2.504,2283,-0.7965971657928124,1989,0,-0.6912672781539045,-0.4622317682100257,-0.4430261532396792,-1.58986346356764,270
D76N,-2.513,2284,-0.9630376734828704,2086,0,-1.1383551374069647,-1.330463040291381,-0.7653920463895845,-0.6179404698435519,76
F22V,-2.519,2285,-0.952891172394132,2079,0,-0.6728355147822171,-1.2167092503193158,-0.8741823943858321,-1.0478375300891631,22
G396D,-2.521,2286,-0.0433690169078895,1438,0,-0.1756624498948476,-0.1290479144890338,0.2586173223776773,-0.127383025625354,396
E141K,-2.527,2287,-0.9536771923723244,2080,0,-1.6085778001343118,-1.1193192940179584,-0.941881414522836,-0.1449302608141914,141
F18I,-2.531,2288,-0.7557515898452356,1960,0,-0.7791349494703985,-1.1721924182176926,-0.1129650933535121,-0.9587138983393396,18
V77E,-2.533,2289,-1.2464706418055145,2216,0,-1.512154431147323,-1.934640645975035,-1.0639223437839334,-0.4751651463157657,77
H207Q,-2.536,2290,-0.6246963132410246,1871,0,-0.9247891980470232,-0.6375480087800536,-0.3070814696588774,-0.629366576478144,207
R42P,-2.5380000000000003,2291,-1.4905776242758828,2322,0,-1.5630784921333445,-1.6468314059593716,-1.4937258968111178,-1.2586747021996978,42
F90S,-2.541,2292,-1.030884299877734,2114,0,-1.2013154480751704,-1.3676443865541232,-1.0653336228911103,-0.4892437419905311,90
P394L,-2.546,2293,0.7891457598075815,584,0,0.8664407105363499,1.0171542093253965,0.6663356106496852,0.6066525087188943,394
P273L,-2.55,2294,-0.919799177980326,2063,0,-1.0674851568939745,-1.3896256482173477,-1.4851849744813637,0.2630990676713807,273
R458G,-2.552,2295,-1.7091817684601538,2383,0,-1.4539217822401236,-1.4420180554909972,-2.521284982087443,-1.4195022540220512,458
V57E,-2.552,2295,-0.6962119630974958,1922,0,-0.9843979044237996,-0.5096807989360387,-0.4445207859941448,-0.8462483630359998,57
E34K,-2.552,2295,-1.544135748146662,2338,0,-2.0235583090155607,-1.6358455149417694,-1.9577881009308231,-0.559351067698494,34
D390N,-2.5540000000000003,2298,-0.3683370991008335,1710,0,-0.6887197707128441,-0.8584037586901494,-0.0144483928173707,0.0882235258170297,390
A193V,-2.559,2299,-0.8853302905170388,2043,0,-0.7930711114755084,-0.7301576131892986,-0.6285735114161767,-1.3895189259871716,193
G35S,-2.5660000000000003,2300,-1.381823844255802,2282,0,-0.9659140917762812,-1.618843303163198,-1.5699133709062794,-1.3726246111774494,35
E34V,-2.5660000000000003,2300,-1.6346837087222483,2363,0,-2.0068253895161154,-1.6932636218484771,-2.3663831123314414,-0.472262711192959,34
D118V,-2.5660000000000003,2300,-0.9264850199640784,2067,0,-1.6102879184004446,-1.412241795493901,-0.8240613578461166,0.1406509918841487,118
L136P,-2.5660000000000003,2300,-1.4034041404135522,2294,0,-1.1318682151786537,-1.3514669024131418,-1.4920406611543806,-1.638240782908033,136
I381N,-2.568,2304,-1.2091895932673895,2191,0,-1.5753405330402597,-1.4571914474537266,-1.419541728172489,-0.3846846644030828,381
G63D,-2.571,2305,-0.9956153438172352,2102,0,-1.0038628421288955,-1.708345710025557,-0.8733156997219895,-0.3969371233924994,63
Y88H,-2.58,2306,-0.1258119119514738,1497,0,-0.4611111692996737,0.0350913457196541,-1.036181886884388,0.9589540626585124,88
G214D,-2.583,2307,-1.911173286603116,2426,0,-1.4639496730751873,-2.226201324046983,-1.563417857031398,-2.391124292258896,214
I125N,-2.583,2307,-1.6796246350036237,2377,0,-1.7534973424687066,-1.6776960769313034,-2.0494371545587557,-1.237867966055728,125
H213Q,-2.584,2309,-0.2543463430753611,1605,0,-0.4723396061317091,-0.0086823334381144,-0.4406266417317117,-0.095736790999909,213
H213Y,-2.584,2309,-0.9386319252300026,2072,0,-1.201973458104253,-1.018185134113277,-1.4173460931551864,-0.1170230155472941,213
R472P,-2.5980000000000003,2311,-1.117495837033403,2154,0,-1.6162131938048545,-1.393343658111674,-0.6042619049232083,-0.856164591293875,472
Y187C,-2.604,2312,-0.6959509454448571,1921,0,-1.038600867555893,-0.1635049902840496,-0.9248219755504729,-0.656875948389013,187
S372P,-2.604,2312,-0.1867511574170428,1537,0,0.2883702419607623,-0.4233627986961349,-0.3516883369901464,-0.2603237359426521,372
R96H,-2.605,2314,-1.2940904220243326,2243,0,-1.4041629273347984,-1.3927476888659986,-2.104610059399393,-0.2748410124971394,96
P194L,-2.6060000000000003,2315,-1.2676791147857225,2227,0,-1.506310553833333,-1.217915907180484,-1.3586089222287514,-0.9878810759003204,194
L131Q,-2.615,2316,-1.269626977828442,2228,0,-1.3711491763635717,-1.632319841710655,-1.3339617206464116,-0.7410771725931299,131
I381T,-2.617,2317,-0.6861355048450364,1918,0,-0.3561188059354931,-0.8490301528273393,-1.20637072121207,-0.3330223394052433,381
D48V,-2.622,2318,-1.5510190973813651,2341,0,-2.208657516073933,-1.6938176811597558,-1.6729844540615286,-0.6286167382302438,48
E141V,-2.624,2319,-0.6506870889143668,1891,0,-1.3003074576720373,-0.7876299784932166,-0.4893140786522828,-0.0254968408399305,141
L301Q,-2.632,2320,-0.1873493839037698,1540,0,-0.5069374094445567,-0.4697428766311395,-0.0623871160766439,0.289669866537261,301
H389R,-2.642,2321,0.95541632392329,445,0,0.9002441114608405,0.9343321025641148,0.593402267206224,1.3936868144619807,389
Y450N,-2.642,2321,-0.5648759215617656,1828,0,-0.5090439010205627,-0.9440646710300492,0.0266214092814507,-0.833016523477901,450
R96C,-2.6460000000000004,2323,-1.4254013549018616,2306,0,-1.493643342555841,-1.8328900607852705,-2.03269455205402,-0.342377464212316,96
Y70H,-2.648,2324,-0.0595015749906659,1452,0,-0.1003372384346586,-0.3401170710577865,-0.6018149326820117,0.8042629422117931,70
L110P,-2.658,2325,-0.9718567447280908,2092,0,-0.6788581645482114,-0.7104851398763155,-1.050505844163642,-1.4475778303241948,110
D48G,-2.659,2326,-1.1655454943404728,2177,0,-1.2392149551109712,-1.2594713533819757,-1.24922626477389,-0.9142694040950546,48
E34G,-2.661,2327,-1.500241323565622,2326,0,-1.381379500710463,-1.223816726157966,-2.6696784578779056,-0.7260906095161529,34
T175M,-2.672,2328,-0.7662617947969911,1967,0,-1.0950134349381624,-0.826544974095775,-1.0017108905452663,-0.1417778796087606,175
P394R,-2.674,2329,0.9895093867717158,416,0,1.1791771917955174,1.3258969762869257,0.6770055554155534,0.7759578235888673,394
R52P,-2.675,2330,-0.5567667084357265,1824,0,-0.3081053586547556,-0.6784850339853001,-0.3299358244854268,-0.9105406166174236,52
F18C,-2.681,2331,-1.2673337511889071,2225,0,-1.1140406683154225,-1.5070652672412563,-1.2477101892050513,-1.2005188799938988,18
T175A,-2.684,2332,-0.4761662398234167,1788,0,-0.6049147488701851,-0.4422387337916876,-0.7375758240807678,-0.1199356525510265,175
F155S,-2.702,2333,-1.2675131970194988,2226,0,-1.4929757265409322,-1.4846264887942031,-1.8381255427833625,-0.2543250299594967,155
L166P,-2.705,2334,-2.2589245312750323,2457,0,-1.1650279265766148,-1.6007017897751663,-2.984348298036112,-3.2856201107122374,166
Y272N,-2.712,2335,-1.505405874585805,2327,0,-1.6249356817239824,-1.543240775078481,-1.7175723800201534,-1.1358746615206032,272
W466R,-2.715,2336,-0.539534860550072,1816,0,-0.7962032189908128,-0.3073044612600467,-0.3659208441378728,-0.6887109178115558,466
L83P,-2.717,2337,-1.6015997144001766,2352,0,-0.8346359087977782,-1.8319510786836708,-1.7753557427936173,-1.96445612732564,83
D400N,-2.722,2338,-0.8354327844535279,2012,0,-0.9985040165413,-0.7401959156009167,-0.8519357860116512,-0.7510954196602435,400
P266L,-2.722,2338,-0.99944785873919,2104,0,-0.9744398086594354,-0.7062783054793095,-0.5750692070345904,-1.7420041137834246,266
V449E,-2.732,2340,-1.3079847704684633,2251,0,-1.5366435269496188,-1.5145012870299106,-1.4155080318691506,-0.7652862360251731,449
L120P,-2.736,2341,-1.5613198058392903,2345,0,-0.8765890912943397,-1.0619595616627313,-2.4882633590932137,-1.8184672113068776,120
M80K,-2.763,2342,-1.061617085996461,2128,0,-1.3537703807118762,-0.6061052052309549,-1.9221690291544864,-0.3644237288885271,80
H69L,-2.772,2343,-0.685523788726806,1915,0,-1.027557270114279,-0.7268403670426395,-0.7359637655454464,-0.251733752204859,69
G186D,-2.775,2344,-1.2164930382628434,2196,0,-1.1705779618399694,-0.717977164309445,-0.8109228497625085,-2.166494177139451,186
V342D,-2.7910000000000004,2345,-0.7097141884142044,1931,0,-0.9593130605479198,-0.9457617739092165,0.6008077535231152,-1.5345896727227963,342
L79P,-2.799,2346,-1.4558891717373583,2314,0,-0.9259606732974164,-1.286664664207986,-1.9033585837782407,-1.7075727656657906,79
G25S,-2.804,2347,-1.008968724518188,2109,0,-0.5803091678502943,-1.357098050919894,-1.0927894221307728,-1.0056782571717913,25
D61G,-2.822,2348,-0.4332344392105438,1762,0,-0.4990151759814671,-0.8165749000594991,0.116100811231899,-0.5334484920331082,61
Y158N,-2.833,2349,-1.061622496993844,2129,0,-1.603322567520177,-1.0144476660351234,-1.5308507703071124,-0.097868984112964,158
R253P,-2.834,2350,-0.9990593617936252,2103,0,-1.1953033143357648,-1.0682136215158429,-0.5758911863849163,-1.156829324937977,253
L209P,-2.837,2351,-1.4579570886701188,2315,0,-1.3997696044383574,-0.8712107361428426,-2.097681709723607,-1.463166304375668,209
Y113C,-2.837,2351,-1.1845556716906225,2183,0,-0.8101051027938698,-0.7545639133779353,-1.984353777481676,-1.1891998931090082,113
P394S,-2.841,2353,1.175339460831602,242,0,1.373637722748812,1.4818801099393637,0.9072131957202744,0.9386268149179582,394
S422P,-2.842,2354,-0.1922621199968232,1550,0,0.2367583165528674,0.6105804787213094,-1.291148971001037,-0.3252383042604325,422
S189P,-2.843,2355,-0.7590833702280071,1961,0,-0.9471390408058634,0.0629559638876957,-0.5151542505585321,-1.6369961534353288,189
L276Q,-2.846,2356,-0.6137565283739745,1857,0,-0.9593386428049104,-0.9521742433357908,-0.4426040827269569,-0.10090914462824,276
L23P,-2.846,2356,-0.865858322122779,2032,0,-0.6122530395106931,-1.278222805993814,-0.6669158558565496,-0.9060415871300592,23
D61V,-2.852,2358,-0.6517515693083069,1892,0,-1.04374972651646,-0.8110560103055949,0.3006359113306216,-1.0528364517417943,61
P194S,-2.854,2359,-0.9616236270420764,2085,0,-1.007953273124896,-1.0400074872752476,-1.201598950746604,-0.5969347970215587,194
L220P,-2.857,2360,-2.1509096729580777,2453,0,-1.4855749211558256,-2.04589680342818,-2.6716110360754133,-2.400555931172893,220
F263L,-2.859,2361,-0.2551534499190212,1606,0,-0.3281436473191148,-0.1561199858619684,-0.2429060241334182,-0.2934441423615833,263
W94R,-2.864,2362,-1.4376669369066382,2308,0,-0.9565277291209352,-1.3201087918564698,-2.483257917506946,-0.9907733091422012,94
M267K,-2.867,2363,-0.9717726178818602,2091,0,-1.4374943330899457,-0.5597726501679894,-1.6143346563337044,-0.2754888319358011,267
L203P,-2.875,2364,-1.3217727787231737,2258,0,-1.2231331192192498,-1.0449900296544334,-0.8299225310976289,-2.189045434921382,203
G25D,-2.8760000000000003,2365,-1.9634635630220332,2433,0,-1.3647292432469411,-2.253889820705002,-2.0728421671280843,-2.1623930210081053,25
G456D,-2.881,2366,0.4407599680216404,969,0,0.0920836510203062,-0.0153203182259658,0.7473997782916298,0.9388767610005916,456
Y113N,-2.883,2367,-1.568580906573334,2347,0,-1.299641358391733,-0.9398170492861752,-2.9070653458459628,-1.1277998727694656,113
H207L,-2.887,2368,-1.1992374903271903,2188,0,-1.3975808047311689,-0.6471751946923526,-1.2869158681583497,-1.46527809372689,207
D400V,-2.891,2369,-1.780958192817295,2404,0,-2.0264587100411773,-1.3047033984711875,-3.101281751202781,-0.691388911554034,400
Y391C,-2.892,2370,0.768164850411399,610,0,0.4216746054179837,1.1664187794028913,0.504371638082971,0.9801943787417504,391
F90I,-2.898,2371,-0.4496499746209315,1772,0,-0.6359184978651377,-0.4540217866864592,-0.6153304668302322,-0.0933291471018969,90
L276P,-2.902,2372,-1.1202493247042085,2155,0,-0.935506596433114,-1.1776229977526902,-0.5642136244254287,-1.8036540802056007,276
S463R,-2.903,2373,-2.060914981486585,2444,0,-1.6926868008705445,-1.8756137464080669,-2.9558300085593103,-1.719529370108417,463
L283P,-2.908,2374,-0.3735272337240523,1716,0,0.4537143599842722,-0.4254180069968871,0.0496252878293443,-1.5720305757129385,283
Y88N,-2.909,2375,-0.9418297122042748,2073,0,-1.5427788195388776,-1.1390149674731969,-1.291335467149124,0.2058104053440997,88
H208R,-2.915,2376,-0.8364810545852297,2014,0,-1.1097264178496764,-0.8800776808344654,-0.8825923752292721,-0.4735277444275053,208
P273R,-2.917,2377,-0.4945930500874798,1797,0,-0.7302598705399768,-1.2669916919672124,-1.0117429139905414,1.0306222761478114,273
Y70N,-2.922,2378,-1.0770393385378476,2134,0,-1.476809256858301,-1.2960115774340075,-1.7318530116816453,0.1965164918225627,70
L370P,-2.927,2379,-1.070098724375269,2132,0,-0.7532511656418049,-0.6611858354394718,-0.8600617287819127,-2.0058961676378884,370
R403H,-2.929,2380,-1.0570292177769454,2127,0,-1.271575347372568,-0.8446959671118247,-2.018939787579825,-0.0929057690435636,403
G426D,-2.93,2381,-1.609759921084597,2357,0,-1.1522734525015663,-1.7451835445045845,-1.4123049718026006,-2.129277715529637,426
V170D,-2.935,2382,-1.7986823975952717,2409,0,-2.206697389387223,-1.9243248149799863,-1.4873512127892743,-1.5763561732246028,170
R403P,-2.937,2383,-2.017192927791357,2440,0,-1.706146101516123,-1.7858294453441117,-2.9104083919285566,-1.666387772376638,403
F22I,-2.94,2384,-1.1087273890683438,2147,0,-0.9198934315340616,-1.3817418407367783,-1.210562823443082,-0.922711460559453,22
D400G,-2.94,2384,-1.3643679525963437,2272,0,-1.2558775992404274,-0.9324384061934222,-1.86700695038076,-1.402148854570765,400
P194R,-2.9410000000000003,2386,-1.3796996850661856,2280,0,-1.4412971912050063,-1.676319036229701,-1.1773421330444531,-1.223840379785582,194
D76V,-2.944,2387,-1.78507752302148,2405,0,-2.0638859564790795,-2.149158890359069,-2.162917582267587,-0.7643476629801844,76
Y113H,-2.947,2388,-0.7161556956524378,1938,0,-0.3907378435327983,-0.0311398216773095,-2.31839205040864,-0.1243530669910037,113
G305D,-2.95,2389,-1.73323929414422,2391,0,-1.4268621246307855,-1.480496863472767,-1.728739275949828,-2.2968589125235,305
D293N,-2.9530000000000003,2390,-0.9943611135515122,2101,0,-1.1514106327431095,-1.3950504900827545,-0.5563635374952607,-0.8746197938849241,293
H207R,-2.955,2391,-1.276858976981185,2236,0,-1.2420259699105858,-0.9449175880877992,-1.127917512403937,-1.7925748375224175,207
D390G,-2.9560000000000004,2392,-0.4733906455919369,1787,0,-0.5110150493120622,-0.9026541633516794,0.0851503475499372,-0.5650437172539432,390
V407D,-2.96,2393,-0.5938310279268071,1843,0,-1.1402333098672326,-0.5659210620614757,-0.6426017014415946,-0.0265680383369255,407
L131P,-2.9760000000000004,2394,-1.5402125393310495,2335,0,-1.0309528344303165,-0.5922555934281988,-2.386389162426306,-2.1512525670393776,131
D76G,-2.982,2395,-1.6081769007443507,2354,0,-1.1991089025731128,-1.6928886776139642,-2.2702674509450897,-1.270442571845236,76
L215P,-2.982,2395,-1.3730055609157454,2277,0,-0.80149980790182,-1.594843878587661,-0.9798367188204292,-2.1158418383530706,215
L211P,-2.986,2397,-1.7456908589686917,2394,0,-1.298551534020861,-1.1713472345406952,-1.818866934190232,-2.6939977331229774,211
L166Q,-2.991,2398,-1.884847734756058,2423,0,-1.6843604334721898,-1.935756497978344,-2.7748807754817726,-1.1443932320919257,166
S315P,-2.997,2399,-1.2742712404386571,2233,0,-1.2495194983378242,-1.675432691009992,-0.1576313182097521,-2.014501454197061,315
R403C,-2.998,2400,-1.2802725728942066,2238,0,-1.5014795013301472,-1.1387704928558833,-1.8752900119291305,-0.6055502854616662,403
W173R,-3.012,2401,-1.8546378193804556,2418,0,-1.3521248247820588,-1.7373019821990718,-2.4386931911977343,-1.8904312793429567,173
W146R,-3.018,2402,-1.445802826334124,2310,0,-1.2069676101352012,-1.3201509512547616,-2.318027452596844,-0.9380652913496904,146
L116P,-3.023,2403,-1.6800383348319354,2378,0,-0.8784595284081266,-1.609219235549589,-2.491011161275562,-1.7414634140944645,116
Y272H,-3.033,2404,-0.5617886445053254,1826,0,-0.4840634084854461,-0.2420766376496491,-1.216139181949568,-0.3048753499366383,272
F22S,-3.035,2405,-1.7557098874262085,2395,0,-1.2139607172587237,-1.4433641626695926,-2.8273951462541045,-1.5381195235224134,22
L92Q,-3.049,2406,-1.4964596473178036,2324,0,-1.0518473703365143,-1.795663811021389,-2.7561013968128494,-0.3822260111004608,92
F288I,-3.057,2407,-0.4265743217016577,1756,0,-0.4950148642998612,-0.6613448686726732,0.3849957600719957,-0.9349333139060924,288
Y442H,-3.063,2408,-0.3725509498660489,1714,0,-0.2458958063366739,-0.33425766308691,-0.8275912870629579,-0.0824590429776538,442
L268P,-3.063,2408,-1.45837885031277,2316,0,-0.9862508232529088,-1.3823452938993102,-1.869460088844548,-1.5954591952543136,268
R458C,-3.067,2410,-1.2722260598609545,2232,0,-1.3038000424449177,-1.1880298830694922,-1.6852278565537449,-0.9118464573756634,458
Y427N,-3.077,2411,-1.2658272878152363,2224,0,-1.3269986498882178,-1.3255468553083234,-1.6683806327130344,-0.7423830133513697,427
F18S,-3.0780000000000003,2412,-1.2206047873779962,2199,0,-1.646656585200319,-1.095358785810076,-1.248828458521398,-0.8915753199801911,18
W24R,-3.079,2413,-1.3074071267317549,2250,0,-0.7765083190408236,-1.0531517399142754,-2.06108655794975,-1.3388818900221706,24
N210Y,-3.0860000000000003,2414,-0.4681903109535524,1780,0,-1.0220169419523912,-0.5799809719279004,0.0767099737998142,-0.3474733037337321,210
Y453C,-3.094,2415,-0.7553352421074407,1959,0,-0.618444754627225,-1.141511602136537,-0.378460486709148,-0.882924124956853,453
D390V,-3.107,2416,-1.0645118447295188,2130,0,-1.57057849196156,-1.5459217635603872,-0.417818249313821,-0.7237288740823065,390
H213R,-3.11,2417,-1.5517774544351064,2342,0,-1.4509497913411935,-1.2808763534472465,-2.407980954060324,-1.0673027188916622,213
I381F,-3.11,2417,-0.7909425345939677,1982,0,-0.5848292897596381,-0.7140035786544678,-1.0508248318355604,-0.8141124381262044,381
Y391H,-3.111,2419,1.579040801735034,31,0,1.338528400690729,2.083922850382224,1.0390837575086331,1.8546281983585504,391
Y391N,-3.114,2420,0.9808435958315008,425,0,0.5632511382903728,1.2857124969258686,0.7798556105837935,1.294555137525969,391
H213L,-3.1180000000000003,2421,-1.400575692218173,2293,0,-1.4580466431116377,-1.3243813599898655,-1.8148290252166703,-1.005045740554518,213
H69R,-3.1180000000000003,2421,-0.9178588090133516,2060,0,-0.9967507724545904,-1.1956240629677135,-1.3887765149849356,-0.0902838856461674,69
L411P,-3.1260000000000003,2423,-1.7781692268973517,2402,0,-0.8347810097415712,-1.249394758262442,-3.144053263404213,-1.884447876181181,411
K461N,-3.137,2424,-1.372711201926106,2276,0,-1.504229189493935,-1.191674301114729,-2.2026687796563493,-0.592272537439411,461
V451A,-3.14,2425,-0.2641044745603462,1610,0,-0.0805091439075188,-0.0420352820328961,-0.6523910353224763,-0.2814824369784938,451
V232D,-3.14,2425,-0.8319375482764675,2009,0,-1.6937163097619932,-0.6532891805682989,-1.005344198211688,0.0245994954361099,232
V314E,-3.141,2427,-1.4259903988279463,2307,0,-2.0493024015871155,-1.4964555677776423,-0.4482640239069285,-1.7099396020401,314
Y187N,-3.143,2428,-0.3317524150591466,1670,0,-1.1381422384263682,0.0766618844868064,-0.3624550365420115,0.0969257302449871,187
Y467N,-3.148,2429,-1.380547303259739,2281,0,-1.5445826720035436,-0.952017580009594,-2.086370857131746,-0.9392181038940725,467
L367Q,-3.149,2430,-1.0090968052006946,2110,0,-0.6617309951673376,-1.123864027261037,-2.166568229996946,-0.0842239683774577,367
W286R,-3.159,2431,-0.1243364282760926,1495,0,-0.3984537252529988,-0.5171164445288491,0.1064573160593858,0.3117671406180914,286
Y450C,-3.181,2432,-0.3757540501537519,1718,0,-0.0782713031147968,-0.3207808750755569,-0.4094278306056424,-0.6945361918190114,450
Y467H,-3.1860000000000004,2433,-0.5812599930653666,1838,0,-0.5578585633559205,0.0204091481666084,-1.4422545473919497,-0.3453360096802049,467
V414D,-3.189,2434,-1.5462477248572748,2340,0,-1.7930986257303176,-1.6254358855221198,-1.888867846942924,-0.8775885412337385,414
Y427C,-3.195,2435,-0.769579237229392,1968,0,-0.6256950493817842,-0.5804422306701582,-1.2327642396776002,-0.6394154291880255,427
K461I,-3.214,2436,-2.0562005744820997,2443,0,-1.9936944113545068,-1.8930023777603309,-2.899612453451961,-1.4384930553615978,461
Y442C,-3.22,2437,-0.8313830315855559,2007,0,-0.4380891856010225,-0.8799200196526876,-0.6598368078291563,-1.3476861132593572,442
D293V,-3.2230000000000003,2438,-2.102850745040969,2450,0,-2.238743413123209,-1.716224278764327,-1.324042328098272,-3.132392960178069,293
K461E,-3.234,2439,-1.6117006209304083,2358,0,-1.6815137248515588,-1.4276611588573154,-2.26792743910401,-1.0697001609087486,461
F288L,-3.238,2440,-0.0429449320809018,1437,0,-0.0776314433431435,-0.1862738094644765,0.7235936884324439,-0.6314681639484312,288
F263S,-3.242,2441,-0.9228609484787774,2065,0,-1.2976677327670465,-0.8518119247229133,-0.6097037153210734,-0.9322604211040768,263
L366P,-3.256,2442,-1.1114048625275808,2153,0,-0.4452667529313149,-0.438856252836429,-1.7167083802524457,-1.844788064090134,366
L367P,-3.261,2443,-1.2533576531626545,2219,0,-0.349649452549679,-1.8895944514877605,-0.983830780191675,-1.7903559284215034,367
L304Q,-3.267,2444,-0.7084854507832863,1930,0,-1.0158822560569738,-0.996367770229211,-0.5328333799606004,-0.2888583968863598,304
L363P,-3.272,2445,-1.008008614563035,2108,0,-0.5993164308886008,-1.1541392150485683,-1.2754561263145765,-1.0031226860003934,363
L304P,-3.278,2446,-1.3865249600630751,2285,0,-0.9486455121724846,-1.3174297990857249,-1.647920177461692,-1.632104351532399,304
V398D,-3.289,2447,-1.3270611025637598,2260,0,-1.8024692143457803,-1.8036898129222323,-0.5490562586931509,-1.1530291242938753,398
K461R,-3.31,2448,-0.0164948720507584,1408,0,-0.4048655691184072,-0.4396056423776633,0.3753922437051331,0.4030994795879037,461
D302V,-3.313,2449,-1.8378152618498764,2414,0,-1.691371640295322,-1.7799909923404331,-2.369584117698996,-1.5103142970647545,302
S463N,-3.36,2450,-1.4410984432564593,2309,0,-1.3304318292224375,-1.2664588370870271,-2.0783683626479017,-1.0891347440684709,463
L203Q,-3.372,2451,-0.7381320542160965,1953,0,-1.0284854105763526,-0.2292418449726392,-0.619448958374899,-1.075352002940495,203
L411Q,-3.383,2452,-1.2391762892289495,2207,0,-1.5702398556822832,-1.3274128452445526,-1.3071612896166624,-0.7518911663723001,411
V451D,-3.403,2453,-1.241593293243976,2209,0,-1.573175899971096,-1.2001852608278762,-1.3090676991277028,-0.8839443130492288,451
F288S,-3.417,2454,-0.6354379634155751,1879,0,-1.2626077045835973,-0.8200606590673779,0.3628027813787736,-0.8218862713900987,288
D293G,-3.43,2455,-1.1570592519962069,2170,0,-1.374628514987576,-1.3478885923001378,-1.2347296500501046,-0.6709902506470091,293
F263I,-3.447,2456,-0.5412571946370839,1817,0,-0.796248392403105,-0.2577373573316867,-0.1622147530893118,-0.948828275724232,263
V424E,-3.472,2457,-1.9473519398880048,2430,0,-1.7881234834397408,-2.2835041786341006,-2.579686526856659,-1.1380935706215176,424
Y442N,-3.49,2458,-1.041856919667127,2119,0,-1.0490802902825995,-0.9999380974975686,-1.0809470736986255,-1.0374622171897148,442
Y453N,-3.594,2459,-0.6589957337685799,1897,0,-0.7759604492229094,-0.861034854393012,-0.5191551246200219,-0.4798325068383763,453
Y391F,-3.623,2460,1.036661812666438,373,0,0.9109115460811812,1.2791119073605914,0.3921574960985398,1.5644663011254398,391
V470D,-3.666,2461,-2.0796601760967177,2447,0,-2.117701166409632,-2.4030323093887738,-1.55832677651132,-2.2395804520771443,470
