mutant,DMS_score,DMS_rank,avg_score,avg_rank,DMS_score_bin,MSA_Transformer_ensemble,SaProt_650M_AF2,GEMME,ESM-IF1,Residue
G150R,1.92635520642473,1,0.2698121266648625,578,1,-0.8131599228748201,0.5529418580692235,0.5605357792793402,0.7789307921857066,150
H258T,1.86428396326095,2,0.3716176151872147,526,1,0.5498834233565513,0.4925925579679298,1.2485894420652546,-0.8045949626408765,258
L109V,1.71978449241639,3,0.6387275715949307,363,1,0.8562956571810244,0.9561477240565062,0.3784677866642791,0.3639991184779129,109
D108H,1.57664387380116,4,0.777918368737484,288,1,0.5798358673170294,1.1047430112077838,0.550352364293025,0.8767422321320979,108
K30T,1.47864066766641,5,0.9771206519649798,188,1,0.9455559470995716,0.9740965777820728,1.0774757890512867,0.911354293926988,30
Y249D,1.45464020701194,6,0.8697027950988927,245,1,0.8715684957894128,1.1918893454725328,0.887275618300362,0.5280777208332635,249
S86T,1.4070672280484,7,0.1810017200094198,617,1,0.0108219721807389,-0.0176798096353401,0.8880463787297463,-0.1571816612374657,86
D201H,1.3184649452017,8,1.377269922719514,22,1,1.916651820657292,1.4459286402158582,1.19177281381708,0.9547264161878264,201
F205V,1.30671256614544,9,0.9301488391155122,214,1,1.4321013807334844,0.9358425291755,1.112391330539132,0.2402601160139321,205
V107L,1.30147969254528,10,0.7655155652810559,296,1,1.1596587867373969,0.8868348191017947,1.1851020521535711,-0.1695333968685392,107
H29L,1.22763982014107,11,0.6997222834675165,329,1,0.2968461792300058,0.766086627080106,0.5337166445561484,1.202239683003806,29
T65R,1.22579607392371,12,0.2145900017997367,604,1,0.5526217609713983,0.4489005195246472,-0.038767658420982,-0.1043946148761166,65
H257D,1.22248512006227,13,0.3090485797870976,561,1,0.6834720522434947,0.3376026277732685,1.2485894420652546,-1.0334698029336276,257
V88I,1.1630250452549,14,0.7768169525173533,290,1,0.7811149516990261,0.8368023252947352,1.1368064907906694,0.352544042284982,88
S82T,1.14797055397837,15,0.6560754553816034,355,1,0.6638280086916354,0.728086872403791,0.4623925181512903,0.7699944222796969,82
I235M,1.13169973576328,16,0.6658369984632737,347,1,0.3853473259127286,0.4196048277956449,0.8140790413310341,1.0443167988136868,235
A200G,1.1313875588445,17,0.5375973604780051,418,1,1.3138910848261856,0.7308845714332997,0.408351483211315,-0.3027376975587801,200
S31C,1.08872376676942,18,0.4632373440548811,479,1,0.613181651208014,0.303778398684716,0.8555763861061811,0.0804129402206133,31
F115C,1.08341358504104,19,0.8196295203929391,268,1,1.24302945261622,0.908611651990964,0.6282681196883122,0.4986088572762603,115
K30N,1.07409606109927,20,0.899916201432662,235,1,1.0529479588048984,0.7637321801644695,0.9579615495248732,0.8250231172364071,30
K30E,1.04942927815811,21,1.1946597645974095,82,1,1.0066980729522097,1.3465006916580675,1.3086955769788904,1.1167447168004705,30
P174A,1.02032310385187,22,0.1484211419821755,632,1,0.0507042719224508,0.1443770634671672,0.1258971421370129,0.272706090402071,174
D152Y,1.01859536142894,23,0.2717447063679988,575,1,0.1359770500800692,0.4869780932984375,-0.1519871126288481,0.6160107947223367,152
L203I,1.01005726779296,24,-0.0239380374629723,702,1,0.1391970666557246,0.2289326987438164,-0.0445432288458108,-0.4193386864056198,203
K83T,1.00891069108869,25,0.5987800895458681,383,1,0.5731300748622024,0.5558148298410628,0.5186680409301573,0.7475074125500505,83
N46D,1.00743984326403,26,0.5490113913461532,411,1,0.3721490557771111,0.1896865342772111,0.9479121629650612,0.6862978123652297,46
L19V,1.00741534336247,27,1.028721240512915,158,1,1.2947795562662066,0.7871880237405491,1.1034888518029364,0.9294285302419673,19
T147P,1.00518742354779,28,0.2887219550023418,567,1,0.144484612398223,0.1625175459439393,0.4662152998802323,0.3816703617869725,147
H250I,0.99002620130031,29,1.1866446817138188,90,1,1.6534614625307746,0.5694874527381998,1.2485894420652546,1.2750403695210462,250
I21L,0.986983080623515,30,1.404624165794842,18,1,1.8026392499095925,1.786500193943575,1.1526703987324165,0.8766868205937839,21
E49A,0.977531552378892,31,0.6154065207200328,374,1,0.7584146523523189,0.7115748150952593,0.3631934864779683,0.6284431289545847,49
D108A,0.964359754226087,32,0.9012128957869758,234,1,0.8095681799258487,1.17426956156977,0.6313479318522587,0.989665909800026,108
Y249S,0.961103578315853,33,1.1907651014121696,84,1,1.3148446897384298,1.7429961820905615,0.9439801345933362,0.761239399226351,249
S82N,0.958613579702032,34,0.2573397391105789,584,1,0.3528604733702025,0.0170178192678943,0.644186355925732,0.0152943078784867,82
K30I,0.958087741865101,35,0.4223226991942163,503,1,-0.2740312480277105,0.7803514949202001,0.5290028514180923,0.6539676984662831,30
H255D,0.935587572075858,36,0.3824246001623129,522,1,0.6567781608078398,0.3502816753141311,1.2485894420652546,-0.7259508775379737,255
C157G,0.929845065330244,37,1.070504205036936,134,1,1.7475683995965614,1.0339677375986986,0.2870176447341409,1.213463038218343,157
L251F,0.927593100213884,38,1.0521567257196738,144,1,1.3117082878749284,0.9627869724593529,1.2485894420652546,0.6855422004791589,251
H29R,0.927507345563143,39,0.6426425934134524,362,1,0.699985475004354,0.2669655560370142,0.6391858323948126,0.9644335102176288,29
E252V,0.923372233272132,40,1.0166581810964872,166,1,1.4163713000978138,1.2524479862435165,1.2485894420652546,0.1492239959793639,252
V90A,0.922096797322193,41,0.4617134213149712,481,1,0.5743667278853726,1.0087153938882634,0.3442435060491689,-0.0804719425629198,90
N60K,0.916506705933629,42,0.8504290483594956,254,1,0.8779247373957639,1.2323916587615296,0.186699533944288,1.104700263336401,60
E252Q,0.912394629973381,43,1.3471261837314676,28,1,1.9441608025080608,1.7434243423922335,1.2485894420652546,0.4523301479603221,252
V151G,0.911894079933828,44,1.0362610865018131,155,1,1.094314599920783,1.2094605312557627,0.5907610445442817,1.2505081702864247,151
N46S,0.909269700970741,45,1.0698418936908696,135,1,1.458862162578611,0.9704049838842772,1.0582033361498022,0.7918970921507884,46
H29Q,0.904376032407399,46,1.0075702660243968,170,1,0.979724710869318,0.6472278616290043,1.0970763137706612,1.306252177828604,29
K30R,0.901151822600245,47,1.1540798310258322,103,1,1.2806239779313129,1.2190123053312505,1.1201461002900106,0.996536940550755,30
E71K,0.896865016316178,48,1.2241504387315376,61,1,1.2328256420110424,1.412843816765768,1.0269461030642366,1.2239861930851037,71
K61R,0.89534116772468,49,1.0796082505976552,128,1,1.0867135029695718,1.1998647626845254,0.874941692072199,1.1569130446643243,61
K111T,0.894522913231073,50,1.360742370359136,25,1,1.7579834505909366,1.8231021859640388,0.8683492022248291,0.99353464265674,111
K55T,0.893345236146419,51,-0.014878867151493,698,1,-0.1967460349186463,0.0005332129099484,-0.457451070749121,0.5941484241518467,55
S31G,0.889682082578551,52,0.6486607835865066,358,1,0.9870167040757772,0.2959711495981732,0.946144938422012,0.3655103422500638,31
I21M,0.886866852239377,53,0.5324599639850571,425,1,0.6224504379480925,0.4645297989788172,0.9848581273337516,0.0580014916795673,21
I22L,0.883248458250948,54,0.1113334410525215,654,1,-0.1559639554503083,0.2737766213059149,0.5090838364493661,-0.1815627380948865,22
V42I,0.880660315430681,55,0.917677031931318,222,1,0.9589381573596568,1.2280094824798629,0.5738569687800268,0.9099035191057252,42
L196M,0.865822078272381,56,0.4424084903202632,493,1,0.5448427906212144,0.4334949466858854,0.4884815186179909,0.302814705355962,196
R120G,0.863604650668737,57,0.1601363579529413,630,1,0.5745905166025289,0.1460828729893216,0.0873652869960434,-0.1674932447761284,120
E57Q,0.856670849297951,58,0.8906910832988773,238,1,1.0649309658856008,0.737281326088267,1.047696989767092,0.7128550514545495,57
T32I,0.854123696113412,59,-0.4301473438506085,854,1,-0.3014287708006537,-0.1239480289134184,0.2326994210186607,-1.5279119967070227,32
I69L,0.853101254593697,60,0.2653940109511302,579,1,0.407460227485733,0.4519063365075798,0.4038211199500038,-0.2016116401387955,69
L203F,0.83550577441253,61,0.1193044041800707,647,1,0.1513224513502413,0.1924495159280377,-0.1932161670385543,0.3266618164805583,203
L246F,0.832222990775485,62,0.4718742065482527,468,1,1.0575173049074054,0.3670307920760258,0.5365395661966225,-0.0735908369870428,246
A156G,0.830001789838808,63,1.142995229635008,109,1,1.2817277002932617,1.1052080160262776,1.0175888530391022,1.1674563491813907,156
E57D,0.826633868444987,64,0.9523552649108395,200,1,1.0371622030404093,0.9594434218355014,0.96792979975236,0.8448856350150878,57
A45T,0.824381432059707,65,0.9051470447486896,232,1,0.8591806231982898,1.0201005514313175,0.7105962569134145,1.030710747451736,45
D75V,0.818908555248422,66,0.3846073343459079,518,1,0.772879004570769,0.7448643717096173,-0.1417159061692987,0.1624018672725439,75
T50R,0.815026367547917,67,-0.3108026998774372,807,1,-0.23543974615409,0.0672131866448895,-0.2016185209015038,-0.8733657190990446,50
K61E,0.814178428184139,68,0.8175002806541256,269,1,0.5236465223014933,1.3988960322474304,0.5896546842165878,0.7578038838509913,61
K30Q,0.811617754426796,69,1.091732482417565,126,1,1.125687262959502,1.114453163915314,1.1557670569312204,0.9710224458642236,30
G33R,0.811153725120104,70,0.6620000267965709,351,1,0.8887534207269766,0.5795684106504202,0.7913383797741452,0.3883398960347418,33
G105A,0.810706971075642,71,0.0339460565939699,677,1,0.2533806211242274,1.0106690072403672,0.9068032178280948,-2.0350686198168093,105
I22V,0.804188073924258,72,0.597806805493382,385,1,0.6436659912455518,0.426794492600228,0.7572860817254773,0.5634806564022707,22
K83E,0.803945682284185,73,0.6992346098565456,331,1,0.6176153461445932,0.4856994503783868,0.7920117048940255,0.9016119380091772,83
I238M,0.802494162840904,74,0.3016620984609253,562,1,0.0840890542484029,0.3908074764003559,0.3209954812065809,0.4107563819883617,238
N62S,0.792401153304815,75,0.588652786487025,392,1,0.5898435295328687,0.6274333041138743,0.3648010340844335,0.7725332782169236,62
H29Y,0.791642856967183,76,0.5965717584377619,386,1,0.2596834184156195,0.5586621517427846,0.8019316346588528,0.7660098289337908,29
V58I,0.788555968126607,77,0.5582728551464056,407,1,0.7368651026920429,1.0281975260483651,0.68967925920278,-0.221650467357566,58
N62K,0.783895228966266,78,0.4521169610983773,486,1,0.4515976414338278,0.3262851349602216,0.4926843926471826,0.5379006753522773,62
M206L,0.78096247704894,79,1.2046294766445715,76,1,1.2143688131105743,1.0149683105306584,0.9723318206301802,1.6168489623068736,206
V151L,0.771927181661538,80,1.0409157354206715,151,1,0.8382196377281098,1.1578496854227929,1.0864936331038535,1.0810999854279304,151
N114H,0.770672481714731,81,0.7135606044903124,320,1,0.7332394826690649,1.2155807036096768,0.1188899839228624,0.7865322477596457,114
V151I,0.767169550822429,82,1.0636456281896596,140,1,0.8595380295041056,1.152740563563662,1.1785225586918298,1.0637813609990407,151
D154V,0.76481135012544,83,0.7296704610067302,314,1,0.4347728977168806,1.0201991450604015,0.3857128619671936,1.0779969392824449,154
E71D,0.75683426910109,84,1.1156652370811213,116,1,1.2182614268660787,1.177892644540269,1.0903664198788874,0.97614045703925,71
D152H,0.755042456644086,85,0.4409291476763772,496,1,0.2275253252643497,0.6773059054497046,0.0455691895766781,0.8133161704147764,152
H253N,0.751838718403287,86,0.607130292210706,379,1,0.7900899307320648,0.9749063187181336,1.2485894420652546,-0.5850645226726287,253
K78T,0.751488231217078,87,0.5849173950889708,394,1,0.6718012842892188,0.7697108357258978,0.5809156053733027,0.3172418549674642,78
I145V,0.748724660269439,88,1.2999422127411384,45,1,1.7408812085926653,1.295121247789705,0.8849630778684775,1.278803316713706,145
L167M,0.748640301407355,89,0.2158939010458234,602,1,-0.0061938325817451,0.0813571336687147,0.1916141999306324,0.5967981031656917,167
K61I,0.747704149833474,90,0.0864412921035069,662,1,-0.0412822085574286,0.4807808238318908,0.3389443080407333,-0.4326777549011677,61
N53D,0.747520593578954,91,0.9795744227919166,187,1,1.0133000985562692,1.1357565300130996,0.7184562260397825,1.050784836558515,53
C143S,0.745789380713182,92,1.6582606406581788,3,1,2.2689808485394525,1.9304140382141652,1.0842550967680684,1.3493925791110293,143
D63N,0.7457159657327,93,0.6155774288787637,373,1,0.602633655949894,0.4096196997855827,0.6185249054977505,0.8315314542818274,63
G3A,0.742946897378453,94,1.375282872720566,23,1,1.3695351046733046,1.3260830418153216,1.2485894420652546,1.5569239023283832,3
S123G,0.732744145233644,95,0.0327890363882661,678,1,-0.1952590070460757,0.488381942364147,0.0655774503039525,-0.2275442400689591,123
P106T,0.730175546381312,96,0.6494475143357836,357,1,1.2446942178625278,0.5203418047431114,0.5036339609209037,0.3291200738165917,106
E57A,0.728675850311368,97,0.5056487843958362,444,1,0.550147203492893,0.4819405333348103,0.4834558400056127,0.5070515607500281,57
E68D,0.728674542261256,98,0.8546428622675035,251,1,0.7029046785733506,0.7627674220956884,1.0830029599567363,0.8698963884442389,68
K61N,0.728015819650921,99,0.9874880043795766,184,1,0.7937546274045206,1.2495694676096314,1.16479263651226,0.7418352859918943,61
T103I,0.727805827886646,100,0.250383325310357,589,1,0.254139954795381,0.2977686279055421,0.4439770557409326,0.0056476627995722,103
K55Q,0.727590712891615,101,0.5948314499271683,389,1,0.680206766469523,0.6907696030125179,0.156396305370449,0.8519531248561836,55
A45S,0.725107691829325,102,0.9685432860898396,191,1,1.0154781958356456,1.1750065217757,0.4970647227231332,1.1866237040248793,45
N114T,0.723844124912335,103,1.0425009318807557,150,1,1.2268512980541275,1.1800324135326723,1.0301808005497373,0.732939215386486,114
E68A,0.721810276497238,104,0.5830370841090964,396,1,0.2596931850275159,0.6143262204837855,0.6021106141217915,0.8560183168032925,68
H81Y,0.721649718977355,105,-0.3023442596664409,803,1,0.1118159485261616,-0.3217466607409932,-0.2533558734427175,-0.7460904530082146,81
K78Q,0.721331958282033,106,1.0478795137316814,146,1,1.234261932470837,1.0904218751296109,0.7973958720068027,1.0694383753194752,78
F115Y,0.720093478658916,107,1.2725022041081495,51,1,1.3833138080905765,1.452454063438419,1.1089290613968377,1.1453118835067664,115
K215T,0.71970034124397,108,0.4698753506557825,470,1,0.1400729875560752,0.1620478986852729,0.6163573344766431,0.9610231819051388,215
V70L,0.717594845516685,109,1.54723611074695,12,1,1.6727776444579303,1.877796962881976,1.1163703146939887,1.5219995209539054,70
D201A,0.714774819440761,110,0.5231255773032721,432,1,1.1281409541669083,0.5418735975292563,-0.0623891130830266,0.4848768705999504,201
L251H,0.712449782247846,111,1.5590182056158897,10,1,2.131949189703538,1.889901776284565,1.2485894420652546,0.9656324144102014,251
D75H,0.712232521785574,112,0.5128446085897608,442,1,0.6819742919798569,0.5264385863407711,0.5364584272658197,0.3065071287725954,75
E67D,0.712231470363876,113,1.1530991248110312,104,1,1.469843864097671,1.3526879853125375,0.818232677048258,0.9716319727856578,67
A45E,0.712085967290361,114,1.1007584546163878,122,1,0.8813379302093659,1.49045679921344,0.6895184892816811,1.3417205997610635,45
K83Q,0.709548780527238,115,0.9422433612371944,208,1,0.8427721507077454,0.8994088760725999,1.0377309978772669,0.9890614202911656,83
L72M,0.709237263169717,116,0.616233908770049,371,1,0.5779941604446112,0.9641136545429289,0.4475522578584543,0.4752755622342019,72
D108N,0.708591917930682,117,0.889696230291237,239,1,0.7829488167166281,0.9788391952924592,1.0499932378632002,0.7470036712926607,108
I69M,0.706293193411136,118,1.128806802203934,113,1,1.153198026740853,1.6450729275781493,1.0238327480939409,0.6931235064027926,69
I21V,0.702074947396919,119,1.3046531045652432,39,1,1.675663889112408,1.4790231988164106,1.0727985708857075,0.9911267594464463,21
G150V,0.699380343072015,120,0.3602302856204234,537,1,-0.7585323243936185,0.7325601973310544,0.419543948361093,1.0473493211831648,150
K78E,0.699277849779545,121,1.067144204696849,136,1,1.0184769877698308,1.246058760027274,1.1122722371504128,0.8917688338398769,78
H255P,0.698390676643423,122,0.2137160357403837,605,1,0.5075959798139208,0.33181140879299,1.2485894420652546,-1.2331326877106303,255
S149N,0.69752678064695,123,0.5150152806444082,439,1,0.4634769564776419,0.035425482716206,0.5621987473850049,0.99895993599878,149
K111R,0.694348321338593,124,1.0284203436736263,159,1,1.1096652857713478,1.069464099109959,1.0951319474407235,0.8394200423724747,111
Y168H,0.692200864614641,125,0.0019442251225938,690,1,-0.2467560663514182,-0.1167901624950345,0.3631668350754827,0.0081562942613455,168
N62T,0.691131816640081,126,0.5137352173659306,440,1,0.504002914030387,0.4386261628338643,0.4708318399037595,0.6414799526957118,62
E71G,0.690192375973857,127,0.7160919338073191,319,1,0.8625684745105509,0.8895080262072098,0.817969606755061,0.2943216277564544,71
D75G,0.688132795747322,128,0.5550409144415356,408,1,0.9006406252344396,0.7473762579006729,0.6987513415452425,-0.1266045669142122,75
L246I,0.685219429781983,129,0.2240806905802307,598,1,0.543895238831942,0.5668609184594029,0.295825550980564,-0.5102589459509862,246
D154E,0.683378253071661,130,1.2092133464022483,74,1,1.3244114941665814,1.2601608445455377,1.052010992209443,1.2002700546874312,154
H255R,0.680952256453599,131,0.4336929722820125,499,1,0.6600925652942872,0.498140444766318,1.2485894420652546,-0.6720505629978099,255
D152V,0.678765151365298,132,0.9280935145531852,215,1,1.1909357390199105,0.926348009274382,0.5456000883914021,1.049490221527046,152
R120S,0.675871949063087,133,0.7859159380925363,280,1,0.9792411479590002,0.836593120482408,0.923148221504432,0.4046812624243048,120
K197Q,0.675818428995835,134,0.9052348645460891,231,1,0.8080759830943357,0.917802006664719,0.8832158310626244,1.011845637362678,197
R52I,0.671765318610776,135,0.7710065886865143,294,1,0.8287063456275351,1.0530965629824534,1.1203244692061745,0.0818989769298942,52
S82G,0.671451608275954,136,0.4974642313867201,454,1,0.3661559471389831,0.3947030271346313,0.8749426852161143,0.3540552660571517,82
L242F,0.670774610055971,137,-0.4624924758412135,866,1,-0.7106309017487573,-0.4550064929793268,-1.1555428789238724,0.4712103702871024,242
A156S,0.670682749064441,138,1.2156888778408876,66,1,1.4943380064371168,1.3927804635172991,0.6653398212837269,1.3102972201254075,156
F116Y,0.668796636588616,139,-0.1628719298569422,754,1,-0.612439589351967,-0.2288305341429164,0.1863814272754774,0.0034009767916372,116
K78N,0.665830270194745,140,0.8866629790699282,240,1,0.9629171539408542,1.057294120752841,0.4847080354227138,1.0417326061633037,78
H255Q,0.665302717063923,141,0.5361387913889419,421,1,0.7484800900979429,0.578279395991121,1.2485894420652546,-0.4307937625985508,255
D108E,0.664560756805946,142,1.5723483895038657,8,1,1.7149445288344929,1.9963279937940697,1.0953428087329649,1.482778226653934,108
N46T,0.662815272598337,143,0.5038186337051674,446,1,0.5842466488027181,0.5471377209945517,0.7572237025497278,0.1266664624736721,46
R52T,0.662218725944836,144,1.1869040570603937,89,1,1.1445227521088055,1.4188470042852992,1.0819943910219645,1.1022520808255063,52
L251P,0.661772022255635,145,1.088020477716864,127,1,1.3659500371736075,1.811173567916229,1.2485894420652546,-0.0736311362876348,251
D154N,0.658891941910916,146,0.9743788495108088,189,1,0.8815929435192911,1.102023348647531,0.8908250758866243,1.0230740299897885,154
R120L,0.65823807687553,147,0.5395060286975345,414,1,0.0362777891295151,0.779565758039346,0.94710061356273,0.3950799540585469,120
R59M,0.656900773922269,148,0.559785203953934,403,1,0.6290009848018432,0.4814526268465687,0.6685138048295206,0.4601733993378035,59
R52G,0.656619048396987,149,0.7221724261410739,317,1,0.6649623503340559,0.6323588865573513,0.7774024710360761,0.8139659966368122,52
K202Q,0.656536799101379,150,0.7562974012355287,298,1,0.9494613812335052,0.7715816304295713,0.6507884217341994,0.6533581715448392,202
Y199D,0.656430042786703,151,0.3866975260076056,517,1,0.4220894830969675,-0.2699349168030285,0.5429443583341287,0.8516911794023548,199
V90L,0.654283640954757,152,-0.312783922094849,809,1,-0.0878785098769189,-0.3040798003211624,-0.4540240455836457,-0.4051533325976694,90
A194S,0.650296821827841,153,1.300818022077651,43,1,1.3376919235443354,1.4013845354455094,1.0555177416281185,1.4086778876926414,194
E252D,0.648873921998528,154,1.3050329445195663,38,1,1.533753052694226,1.7418448258746413,1.2485894420652546,0.6959444574441441,252
R74S,0.648733462369391,155,1.001658905782023,176,1,1.0087945618916532,0.974300193034326,1.0130704444720884,1.0104704237300248,74
A194V,0.647926437854346,156,0.6884036342655943,337,1,0.8003725611598513,0.7388984479239132,0.4259776620420896,0.7883658659365228,194
C143G,0.647160138427881,157,1.1449916577577577,108,1,1.485283575064125,1.4088044124923649,0.5307790673367987,1.1550995761377432,143
S31R,0.646553467569647,158,0.699664679279488,330,1,0.7508969184665766,0.7184857471708163,0.8099936530012334,0.5192823984793258,31
C157Y,0.646173713064593,159,1.1311107754916836,110,1,0.9684834017880096,1.7511546418684234,0.5668450827453457,1.237959975564956,157
K78I,0.645745030963079,160,0.1350739494170103,640,1,0.1128510461568891,0.2728448416415706,0.3870908890860611,-0.2324909792164791,78
C143F,0.645236849172417,161,0.6161066551787415,372,1,0.8339604019570964,0.903325573975822,-0.03083451109645,0.7579751558784976,143
E146A,0.644228016447743,162,0.3487123449448152,541,1,-0.2098822367393853,0.4640142552213205,0.2238219135390863,0.9168954477582392,146
F87L,0.64352335383492,163,0.4673939912219378,473,1,0.1925204007705379,0.2732418867254974,0.9205437414028128,0.4832699359889031,87
N53Y,0.643033415931815,164,0.3592983271225297,538,1,0.3770688572959085,0.7552639345460588,-0.2407876992426823,0.5456482158908339,53
N53H,0.641934240956602,165,0.7118492628632763,321,1,0.7011596040281071,0.9283087648421362,0.5040208119003758,0.7139078706824858,53
H250D,0.638188912327192,166,1.2260286140757564,60,1,1.190324496022455,1.1568376645182743,1.2485894420652546,1.3083628536970413,250
I238F,0.634142218315495,167,0.3873594297480688,516,1,0.2537314574111771,0.7672191030042204,0.1184511265865782,0.4100360319902995,238
H253Q,0.632341189677625,168,0.6565934880220845,354,1,0.9039316945917668,0.8900078570902761,1.2485894420652546,-0.4161550416589598,253
M73I,0.630617786825678,169,0.5255043990004626,430,1,1.2862331009326424,0.8845558623002695,0.295065107435912,-0.3638364746669731,73
E68Q,0.629895540868721,170,1.0263365747801692,161,1,0.9459858004457214,1.0567483933709445,1.053131958602122,1.0494801467018886,68
Y56F,0.628602803332805,171,0.9610220973893764,194,1,0.8891876268806568,1.2798980396856126,0.3985166160614823,1.2764861069297542,56
S82R,0.628173864780252,172,0.3714776369998448,527,1,0.5189451637081036,0.2090865309573361,0.5681993969740039,0.1896794563599355,82
V70A,0.627890382776781,173,0.5902499412005277,391,1,0.7286032937659195,0.1975245880503841,0.3667482723481159,1.068123610637691,70
C143Y,0.626775106701311,174,0.9119819700539378,226,1,1.097811706702057,0.9780936411379154,0.7473218095440978,0.8247007228316809,143
K55N,0.6253008066614,175,1.0922024408995417,125,1,1.1142061141832689,0.9728441436881472,1.2522023257544217,1.029557179972329,55
Y249F,0.624145845902436,176,1.3263304861169196,33,1,1.6726141353238084,1.176102867404558,1.1968228949044486,1.2597820468348635,249
Q198E,0.6211466418818,177,1.2288560537809876,57,1,1.206380642749723,1.3588773595254795,1.06778633320761,1.2823798796411376,198
D153G,0.620537710830549,178,0.737500608885977,308,1,0.4130862448212901,1.0010068936963623,0.4592875713764737,1.0766217256497823,153
K110R,0.620284916013943,179,0.9542973150143214,199,1,0.822397617635883,0.8455450804190048,1.22305205063284,0.9261945113695575,110
F248Y,0.619793070623701,180,-0.2047550923675208,774,1,-0.3711025286368366,-0.2481567486300639,0.3082259806769985,-0.5079870728801812,248
M73L,0.617878433242538,181,1.3461222656793037,29,1,2.057557940681056,1.399457410397534,1.0535826550233212,0.8738910566153025,73
C143R,0.616975616748993,182,1.1552721364819467,101,1,1.6197088271609337,1.166874837543248,0.6401789733733168,1.1943259078502888,143
L72W,0.615280081231035,183,-0.0955151548509983,726,1,-0.380613875576546,0.8372500180035551,-0.2802952639117572,-0.5584014979192454,72
M155V,0.615270040937791,184,1.4393233815229207,15,1,1.771758719371017,1.613778222847997,1.011458006539255,1.3602985773334135,155
K55E,0.614408592150684,185,0.4847984832088702,460,1,0.6398485688395041,0.3139656203445666,0.1416577509408769,0.843721992710533,55
N53T,0.613868516582011,186,0.9038369530915014,233,1,0.9246754953699656,0.828165802864984,0.8830867015062305,0.9794198126248254,53
I112L,0.613328354431298,187,1.1305402432178897,111,1,1.7236294204506777,1.344593417311633,1.084700107554522,0.3692380275547247,112
D75N,0.611639959703459,188,1.158803567436073,99,1,1.2655023721795586,1.1820894492727023,1.2045908108517565,0.9830316374402748,75
D153V,0.610268621051894,189,0.444352393786446,492,1,-0.5771213987412023,0.6829254007232635,0.291001185745136,1.380604387418587,153
K111E,0.609495961210839,190,1.6582287744239126,4,1,1.9117229938641305,2.3250527544228383,1.166098186409808,1.230041162998874,111
K111N,0.606932899278301,191,1.2107648465498444,73,1,1.4852718224837929,1.2265773362662784,1.379914680643726,0.7512955468055804,111
F87I,0.604695603354725,192,-0.4878635627526428,870,1,-0.293584331504708,-1.1762563708341005,-0.0524922070477309,-0.4291213416240321,87
H254R,0.603276063147018,193,0.4513797017177122,487,1,0.7697623671739602,0.5533113900963413,1.2485894420652546,-0.7661443924647071,254
T243R,0.601885265320728,194,-0.0479738745017645,709,1,-0.486840171418925,-0.2598633990367107,0.1842401679743657,0.3705679044742117,243
K78R,0.600775473104615,195,1.1188064413746008,115,1,1.1931255344695249,1.056090346884671,1.0692026251439366,1.1568072590002705,78
M155I,0.598832966319326,196,1.289447760195175,49,1,1.308240324500323,1.4082740253475603,1.104250959690583,1.3370257312422338,155
V107I,0.597102254196426,197,1.034473028371298,156,1,1.170774010627452,1.3196904443956594,1.0658173542065448,0.5816103042555354,107
R48S,0.596218838189809,198,1.1992522059555388,79,1,0.9452465440993018,1.509790978823693,0.6582053499612928,1.6837659509378686,48
H250Q,0.593732425646752,199,1.230798644875565,55,1,1.1281323029619417,1.2614835751206726,1.2485894420652546,1.2849892593543908,250
M195I,0.593169925448381,200,0.6465494837398348,360,1,0.9024726811164115,0.7236553449646372,0.6542327559780171,0.3058371529002732,195
S85G,0.592295058239517,201,0.2298137139978187,596,1,0.4410781434625085,0.8594839526943356,-0.3142398524616496,-0.0670673877039194,85
V42A,0.591130595963077,202,0.4922421123923016,456,1,0.7627884689803082,0.1879054520127262,0.7228245204031717,0.2954500081730006,42
G33E,0.589535758129602,203,0.5124702073611943,443,1,0.7687759461736936,0.3391775173772439,0.7905020206197068,0.1514253452741329,33
F115S,0.588484423204834,204,0.4996170485360516,452,1,1.0065028767395183,0.925463430339552,0.1311765037964746,-0.0646746167313386,115
D201V,0.583180798942989,205,-0.0710170628302618,720,1,0.548059202528134,-0.0909518620967251,-0.5657484221725148,-0.1754271695799417,201
S31N,0.582851422255064,206,0.9175129380689884,223,1,1.0971398916673114,0.7184741333071069,1.1554708223130712,0.6989669049884647,31
I132L,0.57824587493902,207,0.553196320843759,409,1,0.9259213777053524,0.7015069615961013,-0.1723965656516691,0.7577535097252514,132
H158R,0.57737801181324,208,1.0369670357371563,154,1,1.0703479668445577,1.0787453151880293,0.757691689555291,1.2410831713607469,158
D152N,0.576932239389028,209,0.7447903969615619,302,1,0.7212666094683944,0.8695082076249161,0.4935753397184529,0.8948114310344841,152
D153E,0.575037508215139,210,1.0439225393032991,148,1,0.8956817130598551,1.0303673777425562,1.1020522724206494,1.147588793990136,153
D152E,0.574470419680679,211,1.2091478240323823,75,1,1.0873875896257474,1.3405995213731656,1.1932571546096575,1.2153470305209595,152
N62I,0.574095628064325,212,0.1665982165385764,624,1,-0.1675686355440017,0.0907955405973118,0.2786855740125504,0.4644803870884453,62
G126R,0.5740334485292,213,-0.3690845255789018,829,1,-0.3579600968603197,-0.2882189888674806,-0.6195555950046878,-0.2106034215831191,126
R52S,0.574030772867667,214,1.0636648067857917,139,1,1.0531266211502357,1.1936215268496475,0.633185352198376,1.3747257269449065,52
E71A,0.574017423235583,215,0.95962037461769,195,1,0.9875477125881764,1.059053605578262,1.089467685115359,0.702412495188963,71
K83N,0.57310761339805,216,0.990748346738104,182,1,0.8561191712394522,1.0755519063583894,0.7937905138583983,1.237531795496176,83
R74C,0.572730994594898,217,0.6598182917117681,352,1,0.2448395557906131,0.5173285350134132,1.1427201232478712,0.7343849527951749,74
R66H,0.57259720150463,218,1.059017809059273,141,1,1.2897365192848351,1.2972583384512395,0.8494972321751149,0.799579146325902,66
L192V,0.572392087067602,219,-0.0823114288927417,723,1,0.1315436884053163,0.2408641115716633,0.3697580788918956,-1.0714115944398426,192
P106A,0.571924173517473,220,0.8514432893543933,253,1,1.1775514815800334,0.8112179151362338,1.125155502518607,0.291848258182699,106
E49D,0.571466524245014,221,1.0515655900665102,145,1,1.2925239790127891,1.0883787356569876,0.9483605054229022,0.8769991401733621,49
R48G,0.570198102741129,222,0.8591404189368332,250,1,0.512772528964394,0.8202271991167012,0.6980777795454142,1.4054841681208237,48
H254Y,0.570103435593723,223,0.3796377144592969,524,1,0.8150539144362151,0.374451181499221,1.2485894420652546,-0.919543680163503,254
I112V,0.568523349587122,224,0.8951340767771575,237,1,0.9872210615880674,1.0235560019425405,0.5827077509038237,0.987051492674199,112
K111I,0.568503470992367,225,1.0039013052538472,173,1,1.1139010299842205,1.2679685021745788,1.038343023798995,0.5953926650575947,111
D201Y,0.56812237549601,226,0.740946705261495,305,1,1.2309514931199994,0.870685648454515,0.7968187524969544,0.0653309269745108,201
G33V,0.567352780866767,227,-0.5297371918103035,882,1,-0.3907921814501004,-0.8221572432931685,-0.3177008009529167,-0.5882985415450286,33
K83R,0.565861819858091,228,1.0221714975445495,163,1,0.8438705816880402,1.0694487278197558,1.0751396396995765,1.1002270409708268,83
M155L,0.562066162116977,229,1.130192454103904,112,1,1.2309677617381445,1.4416675943589627,0.5245787702987368,1.3235556900197716,155
D153N,0.560793292193053,230,0.7735260859664865,292,1,0.3264186639006513,0.7552763868437794,0.9610753785924449,1.051333914529071,153
K244R,0.559251565931193,231,0.4554220528018637,484,1,0.0413577059528136,0.5527131829559718,0.5169636201388892,0.7106537021597804,244
V151F,0.559221494665833,232,0.7920430618382325,277,1,0.3273274348953329,0.8900484745601475,0.9114313156438476,1.0393650222536022,151
E71Q,0.558016038110897,233,1.1470657548534766,106,1,1.2333383823343371,1.3027281441415235,1.0786251163114562,0.9735713766265888,71
F115L,0.55776953521416,234,0.9070720754977408,230,1,1.8815209367955696,1.037741358290581,1.1375025597193924,-0.4284765528145798,115
H255T,0.554220553475641,235,0.1180589022953561,649,1,0.3794404028637025,0.0587554369781734,1.2485894420652546,-1.214549672725706,255
D80N,0.552690857767638,236,0.536861519809748,419,1,0.6189486042898911,0.4248315012084442,0.4131065103379512,0.6905594634027055,80
D7H,0.552579727796059,237,0.6905947121270053,334,1,0.2944943845263815,0.7030783732515862,0.923627991369312,0.8411780993607418,7
D153H,0.551470762844746,238,0.2963413288669383,565,1,-0.4908781621446826,0.3091226391777394,0.4832254804477447,0.8838953579869516,153
Y168F,0.550602143785987,239,1.1881397631266326,87,1,0.8134157761297222,1.3017267919216329,1.2347935666763137,1.4026229177788614,168
C237W,0.550506687626059,240,-0.7651211974443833,946,1,-1.1170556150319049,-1.4453718270091571,-0.4561165739509048,-0.0419407737855665,237
D108G,0.548537087170673,241,0.5394905268953678,415,1,0.4777120109569051,0.7560719986140975,0.3906247097094346,0.533553388301034,108
H29N,0.547426795491634,242,1.043692814691028,149,1,1.377000842912844,0.8534439982907619,0.7413462349083422,1.2029801826521642,29
A200V,0.545800627905594,243,-0.4090909410828179,846,1,0.0562771986086604,-0.5914382142410154,-0.5314318106004985,-0.5697709380984184,200
I132M,0.545503548639415,244,0.1318210495213413,641,1,0.3490529229956085,0.2817739154349754,-0.4713298930786615,0.3677872527334428,132
H257P,0.544591926203008,245,0.2196783625504975,599,1,0.5511241911430899,0.3346396640842369,1.2485894420652546,-1.2556398470905916,257
H250Y,0.540561327161748,246,1.017504488990311,165,1,1.4589527077765048,0.787953141355352,1.2485894420652546,0.5745226647641342,250
L130I,0.540559038182112,247,0.9390860325470372,211,1,0.6529645437077503,1.2156271551828757,1.0039376719117463,0.8838147593857771,130
I145T,0.540050717080199,248,0.6133536649552765,375,1,0.6891745633701365,0.259885632928552,0.2737088110146833,1.2306456525077345,145
T32S,0.539565516606855,249,0.2355151577902478,593,1,0.6857482033137551,0.389042914391201,0.3498781017891732,-0.482608588333138,32
S86C,0.537349011379488,250,0.5000408382354232,451,1,0.6325379605795907,0.3371267077860745,0.4243612184984353,0.6061374660775926,86
H158Q,0.536677151620075,251,1.3100663769731635,37,1,1.8357964484143228,1.0937284104445275,1.165907319721558,1.1448333293122466,158
I22N,0.53330912003552,252,-1.5722374150864242,1077,1,-1.8086070136566,-1.5554697644250837,-1.978328670704698,-0.9465442115593156,22
A169S,0.532842414959912,253,0.2074046871650202,607,1,0.049265546610944,0.5185083048263763,-0.0931523649856899,0.3549972622084508,169
D201E,0.531713698386545,254,0.7433735307485504,303,1,1.157770923102002,0.7821002819487016,0.4694873979066364,0.5641355200368615,201
H253R,0.529835379764414,255,0.593076522710896,390,1,0.8857808680606855,0.7660221297674737,1.2485894420652546,-0.5280863490498301,253
V70E,0.529094773473705,256,1.195159768536107,81,1,1.3807731151426563,1.348937592348074,0.581625218634809,1.4693031480188885,70
N60D,0.528729854047174,257,1.0528333114692778,143,1,0.888227832820205,1.635909837536311,0.7948625514724402,0.8923330240481547,60
S191T,0.528495457803127,258,-0.0485189760295417,710,1,0.8177807987262476,-0.5804272777449188,0.2761298591313654,-0.7075592842308613,191
D154G,0.527814728318456,259,1.1101069135162704,119,1,1.1956305888057897,1.686070549640847,0.5419895506465613,1.0167369649718838,154
Q198R,0.527067065409812,260,0.8113551834136044,270,1,0.9530588746384488,0.8245725541713801,0.4757155118342596,0.9920737930103288,198
Y249C,0.527038190465568,261,0.9482149627324374,202,1,1.1858765524424757,1.4018625204646198,0.4999780052186625,0.705142772803992,249
N62H,0.525003966872299,262,0.4415973923499379,495,1,0.3289935807977791,0.3204034272129668,0.6479583533338025,0.4690342080552033,62
A156V,0.524725259763601,263,1.1610667114954147,97,1,1.0746081479909566,1.2580572504872385,1.050630571301176,1.2609708762022882,156
K55R,0.522632967004732,264,0.943191198028552,206,1,1.0191431509560485,1.1549826059788648,0.6282563407119492,0.9703826944673452,55
V151A,0.521403617554245,265,1.294064253672576,47,1,1.4332526371139178,1.3498897350902992,1.2498680981346002,1.1432465443514856,151
T50A,0.521150751691177,266,0.4360047353445124,498,1,0.5045976435642741,1.0160372983682648,0.5176286194047832,-0.2942446199592725,50
V76A,0.519967509013062,267,0.8401665003521086,257,1,0.8061428128536849,0.878271954652575,0.815633759418958,0.8606174744832166,76
R48W,0.519835785446455,268,0.4508908221231491,488,1,0.043068740182917,0.6179683778280373,0.8905036961077749,0.2520224743738672,48
R214G,0.519714263492173,269,-0.0525741268065421,713,1,-0.1907980866586463,-0.1666737566323437,0.0178541571647208,0.1293211789001006,214
C121S,0.51953578283725,270,-0.311436584760552,808,1,-0.3843648802608155,-0.3820157817083358,-0.0236870963597046,-0.455678580713352,121
H207P,0.518678639979642,271,-0.3084682540814853,806,1,0.00130200124111,-0.0036600750576047,-1.0468290086187786,-0.1846859338906681,207
H258Y,0.518017036625515,272,0.484530794714654,461,1,0.7681915341539058,0.5737670062495625,1.2485894420652546,-0.6524248036101068,258
M195V,0.517719046933426,273,0.8721837939695977,244,1,1.0791594503459978,1.0156023219086134,1.0447238291620944,0.3492495744616846,195
T50S,0.516415301074398,274,0.3410998543662245,544,1,0.2730908273505486,0.6956855589914229,0.440762561892875,-0.0451395307699485,50
H254L,0.515479230302651,275,0.5269727572143977,429,1,0.9647718988320784,0.4261623754620758,1.2485894420652546,-0.5316326875018178,254
R120C,0.51368219087855,276,0.6621868205529334,350,1,0.3120240790253993,0.8440171431196514,1.0832291808720775,0.4094768791946051,120
D63H,0.51346392099742,277,-0.9448696904567722,973,1,-1.122978425828417,-1.1339488664211603,-0.7569712673210819,-0.7655802022564293,63
D75E,0.512939495817607,278,1.155210486131224,102,1,1.5040172697285732,1.5049452339299405,0.6783303071390112,0.9335491337273712,75
L196V,0.512874637425225,279,-0.139469159087284,741,1,0.0556877740589511,-0.7461587276401075,1.0512211883070754,-0.918626871075055,196
S86G,0.511388296246719,280,-0.4578985162493362,863,1,-0.2961847803385062,-0.2224071359182627,-1.2755698592086109,-0.037432289531965,86
S149G,0.510442721154996,281,0.8233057285207023,264,1,0.6758243734504465,0.7484948530839366,0.9191240105081196,0.9497796770403064,149
K159R,0.507780783173573,282,0.9479862299869628,203,1,1.1475128146235138,0.9909605600034892,0.615033406980833,1.0384381383400156,159
H250R,0.507728722920086,283,1.2462051380372778,53,1,1.3172412503469997,1.2785340419512885,1.2485894420652546,1.1404558177855688,250
D119N,0.507725127886086,284,0.5960168869044615,387,1,0.5259252034411306,0.2718573526951549,0.8052989349657215,0.7809860565158393,119
H256Q,0.507381625876102,285,0.4698289378459243,471,1,0.800538063063671,0.5562952835825391,1.2485894420652546,-0.7261070373277676,256
F115V,0.506616614145195,286,0.5177668442075061,437,1,0.990742353656182,0.7597877828857692,0.5407268579992187,-0.2201896177111456,115
A164G,0.505057003078888,287,0.0450553473034036,672,1,-0.302636783710526,-0.3297160070696833,-0.1069104978273632,0.919484677821187,164
K111Q,0.502231937904953,288,1.2183321899478403,63,1,1.480884083672968,1.5485318781127155,0.8382077665705185,1.005705031435159,111
N114S,0.502182119478409,289,1.5931199522960282,7,1,1.84070712263983,2.0282707769616963,1.150950872787758,1.3525510367948288,114
D201G,0.50204819453961,290,0.8636686874218343,248,1,1.4462673343932029,0.8428366590851233,0.8111628712716987,0.3544078849373124,201
R74H,0.50025092731352,291,0.956890239112955,198,1,0.7198533820872492,0.8421158853135744,1.208822406354747,1.0567692826962496,74
T103S,0.498818229483094,292,0.2044844138286346,609,1,0.6608520213881525,0.1076203648450983,-0.0053626526767675,0.0548279217580553,103
E163V,0.498329653411153,293,-0.5329003778633906,884,1,-0.8657121027255299,-0.895765290421227,-0.6428302087088767,0.272706090402071,163
R66S,0.497337844349244,294,1.3006696602976406,44,1,1.7208091344328094,1.4884165166270769,0.8243544444502208,1.169098545680456,66
I160L,0.494475913562682,295,0.6113288707513935,377,1,0.3756253370948569,0.6187758208338454,0.3391062725987829,1.111808052478089,160
M206V,0.494038411902545,296,0.7078824737575272,325,1,0.5397009823158433,0.0631541723315596,1.0186975916654724,1.2099771487172335,206
A164S,0.494022685415745,297,0.2633219596247744,581,1,0.2327131100992608,0.1100761691167442,-0.2957152508220206,1.0062138101051137,164
H250L,0.493638198132626,298,1.2289454914171931,56,1,1.752771276431332,0.8652181581618587,1.2485894420652546,1.0492030890103283,250
H257Q,0.492812783721089,299,0.4886719218657663,459,1,0.7877609406591425,0.692632230747861,1.2485894420652546,-0.7742949260091927,257
E16K,0.491981163938919,300,1.0079063162992197,169,1,1.7274570277462202,0.7812108897815855,0.3117057335706564,1.2112516140984162,16
T147A,0.491279138606713,301,0.8982653030635634,236,1,1.201458236347669,0.5723568844553254,0.8062216995463053,1.0130243919049544,147
I145R,0.489128398703429,302,-0.1117594222372709,731,1,-0.4974347961277141,-0.3579676310830759,-0.6483088335956375,1.0566735718573437,145
N60I,0.488888487270779,303,1.7885760484661792,2,1,2.378610074091428,2.159914791595068,1.273424014432853,1.342355313745368,60
H258R,0.488715318486466,304,0.5844204838455473,395,1,0.852423093545207,0.7779235452895898,1.2485894420652546,-0.5412541455178622,258
I160V,0.48847765612286,305,0.6737020197901054,343,1,0.7122464700572279,0.5541474019647503,0.2411910510172684,1.187223156121175,160
I132F,0.487563334654737,306,1.3631034030452374,24,1,1.8006194111902547,2.087565140758348,0.769133211097167,0.7950958491351798,132
S149C,0.486977392231562,307,0.4813740392322281,463,1,0.2178205776450552,0.4237142102558644,0.3701689674152486,0.9137924016127442,149
E252K,0.486805410316241,308,1.1732107903147289,92,1,1.5259100824708218,1.467031046102426,1.2485894420652546,0.4513125906204132,252
S82C,0.485597640994641,309,-0.0025212547650785,694,1,0.0177715150560063,-0.3342828018626293,0.3219558874071916,-0.015529619660883,82
N53S,0.484713896646268,310,1.1700693042290071,95,1,1.1683212171865989,1.4893964286142811,1.0251158963011022,0.9974436748140456,53
H254P,0.484271506816902,311,0.3655565637254622,535,1,0.6278601207493888,0.4766373450552196,1.2485894420652546,-0.8908606529680144,254
P174R,0.481394434204951,312,-0.3262720110168948,815,1,-0.4055763562018462,-0.4345936680137838,-0.4136630702173423,-0.0512549496346068,174
F205L,0.479656793808132,313,1.4955133520054755,13,1,2.348610606207098,1.70532304404124,1.267608460373862,0.6605112973997024,205
E146G,0.479500850844375,314,0.1418251985145407,634,1,-0.2419078957215427,0.0769064775128631,0.2914875894503299,0.4408146228165127,146
H257R,0.47900673056573,315,0.3837265818174813,521,1,0.7454668862900753,0.5815887881922975,1.2485894420652546,-1.040738789277702,257
R59T,0.47899751899843,316,0.4541708981891696,485,1,0.5961190197582691,0.3268276328185198,0.579688804784243,0.3140481353956467,59
M17V,0.478595630907002,317,0.7962388386603517,276,1,0.7315463901675009,1.3300255526174969,0.5694234652187219,0.5539599466376872,17
V76I,0.478518063498243,318,0.8204562522886952,266,1,0.9883142760005874,1.0259830355063606,0.6274783701230973,0.6400493275247353,76
T125A,0.477062488860854,319,1.5525371751781305,11,1,1.824379557959257,2.062589682116802,1.081290303263904,1.2418891573725577,125
R66P,0.475925939595208,320,-0.4265326804185361,851,1,0.7258777153181459,-0.4370749358368782,-0.9858044757786228,-1.0091290253767893,66
L203H,0.475010642101346,321,0.0287310956077874,680,1,-0.1198309328723776,-0.1747250831754532,0.1077940735395458,0.3016863249394347,203
R214Q,0.472611841763673,322,0.7788345014997804,285,1,0.7465609984691486,0.4519344085203962,1.1274491009079877,0.7893934981015891,214
I132V,0.472573897555681,323,0.7198895774112589,318,1,0.6270411400125453,0.5974055042276174,1.015243684732792,0.6398679806720811,132
E49Q,0.47202786851036,324,0.7889207600145303,279,1,0.8201571731898954,0.8252708765432982,0.7088422258221386,0.8014127645027884,49
I112M,0.471211667026678,325,0.3670332928112541,532,1,0.7650704487319021,0.3969711464002353,0.3561274719046268,-0.0500358957917476,112
N114K,0.469406390091726,326,0.9423848528474924,207,1,1.000150634275086,0.9101760766963564,0.9870696259663532,0.8721430744521739,114
T113S,0.468549791105272,327,0.5051568601408991,445,1,0.5436444082980031,0.2937269412284414,0.3379976874915978,0.8452584035455539,113
G102A,0.468142898906983,328,-0.3684746928029397,828,1,0.0548339164517704,-0.1568679292882125,-0.120587310573681,-1.2512774478016355,102
G18A,0.466091135768612,329,-1.357920340244214,1046,1,-0.9991613465538364,-1.517290336445499,-1.04964984162037,-1.8655798363571496,18
H256L,0.464498482017509,330,0.3146269279370234,559,1,0.7945174637254839,0.3777074728796941,1.2485894420652546,-1.162306666922339,256
I238V,0.4621557647348,331,0.8009034707673922,275,1,0.6694165306710751,1.0785245275651043,0.571898364748204,0.8837744600851852,238
T65S,0.460813042465984,332,0.9867077722504548,185,1,0.9460064694802288,0.9094567934741604,1.0018755112714717,1.089492314775958,65
V90M,0.459558139427982,333,-0.2602799446163941,791,1,-0.236947041786724,-0.3445675923988836,-0.2975674173213151,-0.1620377269586539,90
C89S,0.459514760371053,334,-0.3317536036532081,817,1,-0.4573806965137875,-0.2497848011609658,-0.3205517721672328,-0.2992971447708464,89
M195K,0.458782338937423,335,0.1080643146544356,655,1,-0.1294026070039536,-0.2808310809989379,0.1778842327983881,0.6646067138222459,195
A44S,0.457358338082817,336,0.6897688868147468,336,1,0.4950927442207188,0.891744129714834,0.3767142527000235,0.9955244206234108,44
N46I,0.456664526459522,337,0.0850149334010658,664,1,-0.0250277370370572,0.2431952065474348,0.3542724202337369,-0.2323801561398513,46
M195T,0.456386601504509,338,0.7017630354656087,328,1,0.9300650600389574,0.3774597311559676,1.0854059770798148,0.414121373587695,195
T103A,0.456007635163076,339,-0.0279430877156593,705,1,0.3764753655916633,-0.0608612728189697,0.0272796171506673,-0.4546660607859982,103
Q198K,0.455062688070559,340,1.1898872591109757,85,1,1.3460613930435874,1.2878517202047444,0.8952925154422655,1.2303434077533042,198
H253Y,0.454754228678764,341,0.5310449076845845,428,1,0.9553092013177826,0.5331469900229784,1.2485894420652546,-0.6128660026676778,253
H257L,0.454503611996481,342,0.3348352097480848,550,1,0.7946704513076537,0.4731875306837382,1.2485894420652546,-1.1771065850643072,257
V70M,0.454081837696217,343,1.2132943501625606,69,1,1.3066754221805288,1.2234914682434797,1.1422956911504791,1.1807148190757546,70
R59W,0.451560669030036,344,0.0362000501594606,675,1,0.0302943790906657,0.1623802911910098,-0.191345740463866,0.1434712708200332,59
D152G,0.450820910708497,345,1.004199231878807,172,1,0.9680053002908898,1.0580863477340032,0.8286087372875236,1.1620965422028129,152
R122V,0.449937714079086,346,0.4213585908086922,504,1,-0.1324218639347937,0.8182869386025519,0.1214367305645284,0.8781325580024824,122
A194T,0.449219481720168,347,1.212896364761077,71,1,1.1860682324028335,1.217668726473367,1.1315466842546793,1.3163018159134283,194
D148H,0.448665395783241,348,-0.0132242448697661,697,1,-0.1724857029555695,-0.484961566478398,-0.0834451304477153,0.6879954204026183,148
A156P,0.446887848204947,349,1.079523893032154,129,1,1.046566586536321,1.4789145905588603,0.9030821723763356,0.8895322226570993,156
R48K,0.445423440340844,350,1.2138249413101554,68,1,1.2260886861748026,1.451052915993412,0.7886073309226621,1.3895508321497447,48
V88A,0.44527129786928,351,-0.0934616018218055,725,1,0.0112025163790837,0.0161147947848198,0.0365615238490324,-0.4377252423001582,88
R48T,0.445221479396527,352,1.2919556316624647,48,1,1.0760351139208697,1.845464587377188,0.5700172824357997,1.6763055429160014,48
M206T,0.444858971131591,353,0.7025582759836667,327,1,0.4774505976596579,0.7275867309896096,0.3762829927030716,1.2289127825823278,206
R117K,0.444626580829273,354,0.9958938838441772,179,1,1.152281651935517,0.855800556817982,1.0594643138276787,0.9160290127955312,117
V70G,0.441842839775337,355,0.2858559898530621,569,1,0.3968207688593805,0.0977377742092834,0.178098338362984,0.4707670779806004,70
A194G,0.441750522962671,356,0.7501457336499561,301,1,1.0846803813860044,0.7830175908630764,0.3640944816762028,0.7687904806745408,194
I69V,0.440538356859948,357,0.4768394827505839,465,1,0.305436567313949,0.4311939732282907,0.6756296097478053,0.4950977807122907,69
R59K,0.440344984907812,358,1.0212843634826665,164,1,1.2702692405262803,0.7909577472669354,0.9782940148797008,1.0456164512577488,59
I208L,0.440095530791519,359,0.2707535183280182,577,1,0.5495263877195016,0.3575030142924671,0.6092165415843922,-0.4332318702842881,208
V107G,0.435078945674911,360,-1.343287414751452,1043,1,-0.9375547829389664,-1.3513757974047735,-1.75747111567906,-1.3267479629830077,107
F166C,0.434720035704029,361,-0.434464339693893,856,1,-0.5736183408558828,-0.8843163808402169,0.3374568872543811,-0.6173795243338532,166
Y199N,0.433585168114637,362,0.7335819354464659,312,1,0.9316990019669406,-0.0101411078572441,0.840457432773588,1.172312414902579,199
F248L,0.433572455287891,363,0.4715139665366309,469,1,0.3473245183429541,0.3155104505365882,1.0243582377849294,0.1988626594820519,248
M206I,0.433367875509149,364,0.7817310347718518,283,1,0.6512139941467847,0.2436598232020344,0.6293615261767952,1.602688795561793,206
R122G,0.432376298525149,365,0.165478760278126,625,1,0.143733902726989,0.6201401703416983,-0.5926994507920921,0.490740418835909,122
F205I,0.432374385630447,366,1.190928099092137,83,1,1.8600199311411496,1.3846965622602028,1.0898731147345817,0.4291227882326135,205
I208V,0.431710144045882,367,0.3395865591727827,545,1,0.3481460835592687,0.4689461724995482,0.4041600741307774,0.1370939065015367,208
M241L,0.431630105939338,368,0.4035835089358148,509,1,0.0113726295383811,0.1473587832355583,0.3762506197045179,1.079352003264802,241
H254Q,0.428866458224423,369,0.5432784093413019,413,1,0.8368635341445393,0.6319322168050321,1.2485894420652546,-0.5442715556496184,254
T65A,0.428402271733977,370,0.1176348905078287,650,1,0.1227075571312354,0.0426433437460515,0.5951061437123627,-0.2899174825583347,65
M155K,0.426159179987378,371,1.301347656926619,42,1,1.8576995582668856,1.494538777302741,0.6486911101879778,1.204461181948871,155
L109M,0.426120290395885,372,0.4941600037102074,455,1,0.5332385730133211,0.5425739694065349,0.3879022886098386,0.5129251838111347,109
H254N,0.425185446332298,373,0.4266670665124942,501,1,0.6840986388874949,0.5488896754404285,1.2485894420652546,-0.774909490343201,254
E16D,0.42352651402786,374,0.9230031676115084,216,1,1.418196949191202,0.9771057795541612,0.578177726275391,0.7185322154252798,16
H253L,0.42335526189255,375,0.6130223094319374,376,1,1.151717385253081,0.523852731638069,1.2485894420652546,-0.472070321228655,253
C157S,0.423323087515133,376,1.3954083731221842,20,1,1.9918142103413536,1.475107758564205,0.5685021977993674,1.5462093257838103,157
R120H,0.422736780520692,377,0.7548124691532292,299,1,0.9234443989776584,0.979347441568748,0.5876448529974624,0.5288131830690478,120
E252G,0.422060260864177,378,0.9997161232244982,177,1,1.2717215751625814,1.3805801152171118,1.2485894420652546,0.097973360453045,252
G126A,0.421982369402707,379,0.042743399513611,673,1,-0.237352886678839,0.1794264620177285,0.3603405057006589,-0.1314404829851044,126
M195L,0.421368854829314,380,0.6549624290260943,356,1,0.6360957550196049,0.1141781609364213,1.09114371180746,0.7784320883408906,195
T113A,0.419642302552047,381,0.4306671203265775,500,1,0.6067449132680285,0.0234759969774531,1.0276304601688462,0.0648171108919824,113
K61T,0.418301005550625,382,0.4080915836337537,507,1,0.2769550322356554,0.877834664736115,0.4725435390976804,0.0050330984655639,61
D154H,0.417801981501303,383,0.5673016822059567,400,1,0.1429428207659104,0.7081127657978381,0.5468543531203166,0.8712967891397618,154
V151D,0.417019720884573,384,1.1457921143749283,107,1,1.171693411994274,1.2673333787070673,0.7670735430066244,1.3770681237917477,151
L251I,0.416203702320072,385,1.002763259514977,174,1,1.2043931372288217,0.974208431089777,1.2485894420652546,0.5838620276760539,251
T32P,0.41594538870572,386,-1.5263984453396016,1075,1,-0.6302644450091159,-1.767094732051831,-0.1641234119709647,-3.5441111923264947,32
H256R,0.415753141605587,387,0.3662145741076354,534,1,0.7487500457799688,0.4698523643999979,1.2485894420652546,-1.0023335558146798,256
E57K,0.413529123854028,388,0.920982349636617,219,1,1.4262461676776672,0.9284037873633952,0.570281692874415,0.75899775063099,57
E245D,0.413109342220442,389,1.002075229338353,175,1,1.0519091476852465,1.008321174637485,1.0922386624926257,0.8558319325380548,245
A200S,0.41304655394502,390,1.0229601261756218,162,1,1.0856271646326974,0.7402151619586906,1.0597739017613867,1.2062242763497122,200
A156T,0.412433080878743,391,1.226385281551361,59,1,1.2346324516093383,1.3030956771245874,1.1229971033935648,1.2448158940779537,156
R52K,0.411091824553251,392,1.2754437884493104,50,1,1.5321406571635183,1.412424553180547,0.9933150449614944,1.163894898491681,52
D108V,0.404359534139263,393,0.1405178903348478,635,1,0.2794642625466448,0.5846085790754153,-0.219665495067428,-0.0823357852152407,108
H256P,0.402602316102882,394,0.1956604056310574,613,1,0.5641495868071331,0.2969981381024457,1.2485894420652546,-1.3270955444506038,256
K202M,0.402555173773826,395,-0.2489288036182159,785,1,-0.3721104484255461,-0.3901913206975353,-0.3321424176888981,0.0987289723391157,202
K202E,0.401791333283604,396,0.7786792718373751,286,1,0.9783910990584084,0.5681614227699655,1.1307602710171127,0.4374042945040134,202
Y170H,0.400675313889457,397,-0.1076153347124263,728,1,-0.2596929912024064,-0.0194402726337741,-0.3098057978910504,0.1584777228775257,170
C237S,0.399692473577454,398,0.5128763254384876,441,1,0.2196495457541851,0.7029039168710527,0.5404150925841343,0.5885367465445783,237
K83I,0.395878331499441,399,-0.0737744623405287,722,1,-0.1629730093660301,-0.1392665288274712,-0.2568748648808102,0.2640165537121965,83
T125S,0.393957852825597,400,1.1559857374977067,100,1,1.2717934372944038,1.4734620212862908,0.7157900006080735,1.1628974908020586,125
R122K,0.392144311615826,401,1.31455752513388,34,1,1.482544479108591,1.4265288143278465,1.023344356246218,1.325812450852864,122
S86N,0.391739798944096,402,-0.6487430290093937,922,1,-0.5037537396145393,-0.444545817619409,-1.2635478313913986,-0.3831247274122281,86
H158N,0.391125735464398,403,0.973741521860526,190,1,1.2763796369235676,0.94233458582973,0.4303126276068715,1.245939237081935,158
H258N,0.390604727175094,404,0.5365966343756517,420,1,0.747869765270826,0.6575114100407976,1.2485894420652546,-0.5075840798742711,258
N114Y,0.390170945132564,405,0.6668800948413014,345,1,0.3443981530453176,1.2599842552044065,0.5586554907781146,0.504482480337367,114
L19I,0.387732225848657,406,1.01096222720722,168,1,1.3958061752674762,0.843357792402694,1.047173227237001,0.757511713921709,19
R214L,0.387362042733672,407,0.3845801316054936,519,1,-0.04405934056939,0.308767640006814,0.6128641711938706,0.6607480557906802,214
P236S,0.386972659480392,408,-0.4005880482072007,839,1,-0.9981551134780444,0.3008118949409709,-0.4157006272353686,-0.4893083470563606,236
H207Q,0.38605984917966,409,1.6345350826374827,6,1,1.8129011704953009,2.4147750063946023,0.9162184529914632,1.3942457006685651,207
E252A,0.38543099033132,410,1.0375595556066133,152,1,1.2543059650284307,1.3522555008650856,1.2485894420652546,0.2950873144676825,252
F166Y,0.384960822004704,411,0.0286020229836043,681,1,-0.2573007697988435,0.1663328554380406,0.1222076013967173,0.0831684048985028,166
K110N,0.384801411940041,412,0.8291118025086269,262,1,0.8461568462345469,0.8037651683708321,0.6309684570813522,1.0355567383477764,110
Q198H,0.384285453528002,413,0.4580967819853435,483,1,0.6290323318173239,0.0792285049800701,0.4886458968237151,0.6354803943202648,198
I145S,0.382721599950515,414,0.3247655040082033,556,1,0.1209323870026764,-0.1670760807452293,0.2082508937286192,1.136954816046747,145
V76L,0.382680620264925,415,0.4160671673554011,506,1,0.6963370945588752,0.6939316792526319,0.3737500160931334,-0.0997501204830361,76
C157R,0.382137377615379,416,1.1720840057912163,93,1,1.2951263219979892,1.4188184509492543,0.5420173737776048,1.4323738764400178,157
L251V,0.380116246961141,417,1.0372462569687055,153,1,1.1125846185643178,1.174303766572112,1.2485894420652546,0.6135072006731375,251
E79D,0.378893697489764,418,0.6900827222288858,335,1,0.70144691653016,0.4875372977307348,0.9364556576055316,0.634891017049117,79
E49K,0.37597083710179,419,0.8762089312879466,243,1,0.971163384576902,1.0130598173495966,0.591889230743661,0.9287232924816268,49
V107F,0.375059445151281,420,-0.0508812927117466,712,1,0.3726354004034914,0.1034667006478477,0.2270558939641399,-0.9066831658624656,107
S240T,0.374042699736334,421,0.1987787229089848,611,1,-0.0578220474189878,0.2528211742696276,0.3386682914857642,0.2614474732995353,240
H255L,0.373773980039869,422,0.3956134317697589,512,1,0.8028701341081735,0.3535323771345302,1.2485894420652546,-0.8225382262289224,255
P106H,0.373616909961258,423,0.4393748906232545,497,1,0.9435946196352084,0.3184302504006035,0.8414485021373266,-0.3459738096801207,106
N46Y,0.372954768550407,424,0.1249190194767479,644,1,0.2150551165982843,0.1572118113092037,-0.0536412186214263,0.18105036862093,46
L167V,0.372389290927091,425,0.0982470681276677,657,1,-0.0888161318240127,-0.1853335713462182,0.3815864832155154,0.2855514924653864,167
S85N,0.369402638039621,426,0.2522514649016452,587,1,0.329076420166092,0.3308038595365304,0.8622105143088795,-0.5130849344049211,85
A156E,0.368437990716867,427,1.0111739048880997,167,1,0.8942719441203181,1.2419081759105224,0.612645429007653,1.2958700705139057,156
F205C,0.363622101955911,428,-0.5052080831331067,875,1,-0.2882392198826205,-0.8169696346946645,-0.6759441109957812,-0.2396793669593603,205
R84S,0.362412266581987,429,0.9523492722216982,201,1,1.1464426870940592,0.3987435337934937,0.7348013131492069,1.5294095548500328,84
S31I,0.361496350120111,430,0.4588659903992121,482,1,0.8249756495108996,0.2627341348485114,0.6408041475778001,0.1069500296596372,31
A44V,0.359283768801919,431,0.0726307565829413,666,1,0.4515039608542596,0.6591259234150758,0.2546898777519018,-1.074796735689472,44
E67Q,0.358110136291808,432,0.9206439778926993,220,1,1.061207173049658,0.8972839737573377,0.8155866837661733,0.908498080997628,67
L251R,0.355451040792347,433,1.2385397183937394,54,1,1.489157805009075,1.6641039511871638,1.2485894420652546,0.5523076753134646,251
R122S,0.355109484261027,434,0.768278960615592,295,1,0.7301997335365238,1.0897393743180137,0.277746552741495,0.9754301818663356,122
F166V,0.352981095408677,435,-0.4725847161387805,868,1,-0.465548984689994,-0.0478736194557963,-0.2371167528669349,-1.1397995075423966,166
A45V,0.351407830125131,436,0.6431448857698512,361,1,0.6528660206298046,0.862013414946513,0.6463442734184394,0.411355834084648,45
R66C,0.35059473120272,437,1.2129017361010046,70,1,1.447659899541102,1.6761270638533363,1.0757312374333488,0.6520887435762307,66
V88L,0.348796505455095,438,-0.0655695703453964,717,1,0.3696495376679238,0.0404313685060803,-0.1069355365084051,-0.5654236510471847,88
H258L,0.34762129031154,439,0.5650384720631645,401,1,0.9120157627435224,0.6940281302170206,1.2485894420652546,-0.5944794467731394,258
C143W,0.345035297062485,440,0.1191815763401667,648,1,0.2469055206672495,0.3092183448674518,-0.4993724071725398,0.4199748469985055,143
L130F,0.34405791759047,441,-0.060816928528182,716,1,0.1263483405673212,0.1343143647845218,-0.0796903306246068,-0.4242400888399645,130
T50I,0.343548452749379,442,0.4661629953234661,475,1,0.4734354047633407,0.8903605583309487,1.1704130619733335,-0.6695570437737586,50
S5C,0.343301039388393,443,0.7830717154025736,282,1,0.753822549227942,0.6506499766250076,1.2485894420652546,0.4792248936920901,5
H257N,0.34301962792416,444,0.342834108684899,543,1,0.6481051237909131,0.4227275286903483,1.2485894420652546,-0.9480856598069196,257
H258P,0.342837452295224,445,0.4423132974279901,494,1,0.6285874476826705,0.6043909016646053,1.2485894420652546,-0.7123146017005697,258
K197R,0.341560942847545,446,1.0645464723282576,138,1,0.955998393576341,1.190406489527832,1.1216466170394497,0.9901343891694075,197
L64V,0.340145539373121,447,0.0143177835322812,684,1,0.0641851072794086,0.5433076923255887,0.0664727707479272,-0.6166944362237995,64
R84M,0.339731899077711,448,0.4793336176003756,464,1,0.3871255021989885,-0.0396117528165642,0.4057293634370113,1.1640913575820668,84
Y249N,0.339231262397732,449,1.2026993878415029,78,1,1.4667787700631576,1.8766825288156568,1.0191972317883158,0.4481390206988822,249
V42L,0.338435297494515,450,0.4818366971535333,462,1,0.5021017165212994,0.8280485773689865,0.5708450662457657,0.0263514284780815,42
N60Y,0.337716690696033,451,0.8294029443931192,261,1,1.3329680255694525,0.993768599719135,0.663568546993888,0.3273066052900012,60
K110Q,0.337560557662807,452,0.8064794536423474,273,1,0.7006002954654985,0.9432385419061502,0.6180585348111707,0.9640204423865708,110
P174S,0.336118026109878,453,0.160442742073814,629,1,0.1670349711280318,-0.0239285651607912,0.2773148931163077,0.2213496692117078,174
R117T,0.335955125837868,454,0.3430932480791412,542,1,0.136403965281136,0.8166610287363449,0.1249561460671856,0.2943518522318983,117
H207R,0.334785918525312,455,0.939456525965366,210,1,0.6500124968456845,1.357285895323229,0.607603561745791,1.1429241499467595,207
N60S,0.332999084484669,456,1.2998124676035334,46,1,1.6550963770391902,1.4536842013982716,1.0084121981597105,1.082057093816961,60
G126E,0.332145706571231,457,0.226152855336463,597,1,0.0482793228472685,0.7326642873608777,0.1240851930770425,-0.0004173819393365,126
L64I,0.33175084675926,458,-0.1173435093437313,733,1,-0.0527538831760216,0.55416901493037,0.0228901118835303,-0.9936792810128042,64
K11N,0.331293259302446,459,0.823421552161358,263,1,0.6108786351537772,1.211379454400657,0.5169031994061221,0.954524919684876,11
K244N,0.330368341045317,460,-0.4436865614530335,861,1,-0.8980300391308298,-0.3932832169056083,-0.6820941527547978,0.1986611629791017,244
A44T,0.330296094356007,461,0.0023999072767636,689,1,0.1819758333483483,0.3663572500871025,0.0767217784022383,-0.6154552327306348,44
D154Y,0.330253082375699,462,0.3709302803838896,529,1,-0.1910903776843121,0.521247934537338,0.2793652259002258,0.8741983387823067,154
F115I,0.329714192700526,463,0.3340179710664033,552,1,1.210073591863556,0.4054924928393494,0.7182200480471677,-0.9977142484844598,115
V162A,0.32775986712787,464,0.5171326536042404,438,1,0.480416192635162,0.6432859175461141,0.0862864437328981,0.8585420605027878,162
D153A,0.32627756180842,465,0.6270369669383677,367,1,0.0646165657233351,0.8658243459518895,0.4726540738616753,1.105052882216571,153
F87V,0.326018643933264,466,-0.3625433160017555,827,1,-0.357727738553338,-1.0210795009080738,0.3920802463566133,-0.4634462709022235,87
S85C,0.324320722544362,467,0.1647565074934506,627,1,0.1337373673753992,0.3190592622276033,0.4975875829252589,-0.2913581825544591,85
Y170N,0.323355518980548,468,-0.585118872550205,898,1,-0.9656146941978476,-0.1725507443066473,-0.7787449761412567,-0.4235650755550683,170
H256D,0.322167471599073,469,0.3235585628481551,557,1,0.7131339326987955,0.2766220179147224,1.2485894420652546,-0.944111141286152,256
Y249H,0.320985985936135,470,1.2189151742830648,62,1,1.3201141101183214,1.8144252013299735,0.9856347116169436,0.7554866740670203,249
K197N,0.320519379465423,471,1.0937287780253593,124,1,0.8477770360112388,1.2660742880875635,1.0535348217962863,1.2075289662063482,197
E163G,0.320388409785998,472,-0.2282055182302159,783,1,-0.4925586451069323,-1.188737734267011,0.0430811351022188,0.7253931713508608,163
Q198L,0.319179871298824,473,0.7763445197352702,291,1,0.4084727449273967,0.7423514297127699,0.924608843560406,1.0299450607405078,198
K197I,0.318873118293976,474,-0.0365338706668444,707,1,-0.1413633195485864,0.1845256313546165,-0.0210539752237732,-0.1682438192496345,197
G150S,0.318675503931651,475,0.8331631560337114,259,1,0.1141382801638148,0.8103888902179174,1.2130338591916057,1.1950915945615077,150
M17I,0.317379400580305,476,0.8669819846997656,247,1,0.8418793286719057,1.4703520055876445,0.9375557671373344,0.2181408374021778,17
F166I,0.311678393127702,477,-0.1811927103518523,762,1,-0.2316488588708233,0.3405534186425832,0.3904201683739906,-1.2240955695531597,166
T147S,0.309844749026621,478,0.8100250829012497,271,1,0.9833769952390504,0.5082956196150772,0.5614564312583961,1.1869712854924752,147
M17T,0.306610074430885,479,0.8339501240603676,258,1,0.9597947966829,1.0964074555349088,0.4633603743160445,0.8162378697076172,17
K110T,0.305084098063087,480,0.7046563536609055,326,1,0.6173481177685359,0.6628774498181099,0.6465504146159154,0.8918494324410609,110
S191A,0.30466689804901,481,0.9860221045640862,186,1,1.181238204138719,1.2356301334192668,1.0138213801052878,0.5133987005930711,191
H256Y,0.303791459265402,482,0.3352743514981923,549,1,0.7037717918397137,0.3200472480238035,1.2485894420652546,-0.9313110759360026,256
V239A,0.303248960889271,483,0.4238533779999394,502,1,0.3521294601530436,0.086532569447502,0.679115696664444,0.5776357857347678,239
M17R,0.302693452113977,484,1.3525943877361573,27,1,0.9027519069182244,1.737962193234759,1.362602572535209,1.4070608782564364,17
D75A,0.302393069767333,485,0.7849475231900888,281,1,1.1694346449490882,0.9796026049861286,0.5955822153402592,0.3951706274848788,75
K197E,0.30166830994752,486,0.7774076474202223,289,1,0.6999286708660823,0.825508588112003,0.7961548965835814,0.7880384341192226,197
R211W,0.300499786230676,487,-0.1209867132740709,734,1,-0.7816523976165383,-0.5815977316244251,0.9000214307566249,-0.0207181546119453,211
K215P,0.297016946415272,488,-1.4937293652468946,1066,1,-1.8149010101152665,-1.8056748693825015,-1.1308051647323545,-1.2235364167574558,215
H255Y,0.295581487947079,489,0.3817711165177932,523,1,0.7110583780430686,0.3107162227548514,1.2485894420652546,-0.7432795767920017,255
E16G,0.295114165996374,490,0.21735914079093,601,1,1.3063699095019894,-0.132406399642365,-0.4784745635877015,0.1739476168917973,16
L192I,0.292283321943605,491,-0.2529054035279294,788,1,0.1390467043605965,0.0336651439302182,-0.2472243245940236,-0.9371091378085088,192
N46K,0.290369478678319,492,0.831714717405176,260,1,0.8665269380824758,0.7678004793581447,0.9250305491244376,0.7675009030556457,46
H158P,0.290200995105783,493,0.8017527835795566,274,1,1.0845381329961636,0.7288169310556852,0.4960186507779585,0.8976374194884189,158
E67A,0.289144578907813,494,0.8690225844366293,246,1,0.9797289684591836,0.8933374648670538,0.7691500532916209,0.8338738511286589,67
I238T,0.288727289544378,495,-0.0108150004411174,696,1,-0.3467055321198288,0.2031486791844484,-0.3692813974422652,0.4695782486131757,238
K215R,0.286699213202048,496,0.9218265055274344,218,1,0.923574439102629,0.9644861987218644,0.709949528599662,1.0892958556855818,215
D154A,0.286611094790802,497,1.0276739223516127,160,1,1.068087247837245,1.535606610450591,0.5315917989025747,0.9754100322160396,154
T113K,0.282893098078539,498,-0.4365911630319116,857,1,-0.4849172914873267,-0.942734736360818,-0.3933023155647482,0.0745896912852466,113
G105E,0.279107530909354,499,-0.1552163674990815,749,1,0.3114658246583645,0.6038257971411187,0.2364069213852496,-1.772564013181059,105
Y199H,0.278905634682624,500,1.2042023458440998,77,1,1.5109526183705342,0.8114198845735762,1.251630913971293,1.242805966460996,199
F248V,0.277568466064714,501,-0.9989150597317364,986,1,-0.7599118379201885,-0.917364841096714,-1.0026624930511865,-1.3157210668588568,248
I22M,0.277171325171391,502,-0.5516234638032679,891,1,-0.5545599539547141,-0.2597937158544542,-0.5738333857370126,-0.8183067996668905,22
N62Y,0.276685410694208,503,0.0120966885727694,685,1,-0.1079865083014241,0.2773620756685266,-0.4510256959810644,0.3300368829050397,62
S123N,0.274985330566279,504,-0.1892135120490302,768,1,-0.0089605042531103,-0.1403699079860891,-0.252578194482792,-0.3549454414741294,123
N46H,0.274868471309611,505,0.5691410701526838,399,1,0.5331995881808771,0.4742020358371785,0.9222403667401043,0.3469222898525751,46
D152A,0.273967245793927,506,1.057543690338702,142,1,1.3299066144181857,1.0289879053693918,0.8124103578276926,1.0588698837395387,152
K244Q,0.273432419324517,507,-0.1809034052019736,761,1,-0.8125546377826717,-0.4346442224793424,-0.025750362440783,0.5493356018949027,244
A194D,0.273294749120986,508,1.1870080896954682,88,1,1.319326891273926,1.107789041970138,0.7466587865428144,1.5742576389949947,194
E146V,0.271817432533424,509,0.2713535121888786,576,1,-0.434506706544094,0.3151701084343016,0.2000883598329363,1.0046622870323707,146
G150C,0.26923710813545,510,0.3332568246184698,553,1,-0.5144411063287729,0.4214045419270434,0.5685796590133311,0.8574842038622775,150
R122T,0.269176518741471,511,0.7300644930487848,313,1,0.4966385758025203,1.009736699673127,0.4057899317243262,1.008092764995166,122
T65K,0.266215129344735,512,0.5983034940076767,384,1,0.918156567582166,0.786298755785879,0.6033485991687976,0.0854100534938638,65
N53I,0.266135549894054,513,0.5012720654557064,450,1,0.466528587414489,0.4402676924151672,0.3596856774611101,0.7386063045320588,53
A44E,0.266101170231935,514,0.3984052049851927,511,1,-0.0185562004412448,1.356517315286491,0.1316278093979659,0.1240318956975584,44
H253P,0.265664272663876,515,0.4628667457930097,480,1,0.7600109969052582,0.8047950137613645,1.2485894420652546,-0.9619284695598386,253
C89G,0.264680031294408,516,-0.5928349064155061,905,1,-0.6042458100466602,-0.5432034161131052,-0.9655776434322442,-0.2583127560700149,89
L130V,0.261348096094887,517,0.2831710252037275,571,1,0.3002652279299886,0.6212216881098042,-0.0871543730404282,0.2983515578155454,130
N62D,0.257217491893986,518,0.9128630560123434,225,1,0.7218270334379324,1.2357587709337488,0.3706885356009702,1.323177884076722,62
K197T,0.256163544972884,519,0.5584937924271045,406,1,0.5089464927603196,0.6062952026756114,0.5958795502783035,0.5228539239941833,197
D201N,0.255937195443816,520,1.1593820375424244,98,1,1.528420917879588,1.03744110575527,1.186314956314042,0.8853511702207979,201
K127R,0.251218802227559,521,-0.3226645767775817,811,1,-0.2851937780939806,-0.3818454864447463,-0.7137239645842933,0.0901049220126937,127
P128A,0.249320682754504,522,-0.6414766931324573,919,1,-0.6671442597315035,-0.4925212601598832,-1.2283256012470232,-0.177915651391419,128
L72V,0.248795622146379,523,0.7722317295017593,293,1,0.908224025302535,1.153876827967382,0.7080276492843396,0.318798415452781,72
Y247H,0.247468313686652,524,0.2539260546230588,586,1,-0.0518630539098792,0.4184448698678332,0.1630667773920538,0.4860556251422271,247
R117I,0.245629644290807,525,-0.3939453944260411,835,1,-0.528271485732945,-0.4741650206642527,-0.2271949521867749,-0.3461501191201916,117
M155T,0.244648402618405,526,1.6419953198993575,5,1,2.5245168626363905,1.6576122982233836,1.1020063520375236,1.2838457667001322,155
K215Q,0.243854942773301,527,0.5034060974317269,447,1,0.510480245301224,0.2214511346909218,0.3527279214495926,0.9289650882851692,215
Y199F,0.243599766753656,528,0.6938322872351641,333,1,0.5640333396410245,0.6981233524583859,0.5938892755230091,0.9192831813182368,199
K202N,0.242135040347402,529,0.5948315593179015,388,1,0.8629974776989799,0.2748319923541188,1.075699683871186,0.1657970833473212,202
A44G,0.241299843067602,530,0.214977915592505,603,1,0.1328030236364767,0.0424130538710006,0.0005638599040735,0.6841317249584691,44
R74G,0.238572728042506,531,0.5202720886047116,434,1,0.6786932680861583,0.458777520600388,0.3465474422876224,0.5970701234446779,74
S9C,0.237018608201451,532,1.2595825848200577,52,1,1.292855081438724,1.3207867201550163,1.0209170898407862,1.4037714478457035,9
E57V,0.234771063534622,533,0.561036826925244,402,1,0.6043634208549018,0.8796877902193322,0.0330204294762147,0.7270756671505274,57
Y199C,0.233536062893288,534,0.3343199396427101,551,1,0.2027080515777591,-0.2516628933458471,1.1160018795106033,0.2702327208283252,199
K202T,0.233061926185373,535,0.6808612445862183,339,1,1.0238342600479564,0.7005192242247933,0.7753540913003991,0.2237374027717241,202
H250P,0.232803193458521,536,1.1032599277925426,121,1,1.3502964027201894,1.6100422230007243,1.2485894420652546,0.2041116433840022,250
F116I,0.232408186527709,537,-0.5894885044457772,903,1,-0.7016853925829516,-0.4920236651008465,0.2523805180262844,-1.4166254781255951,116
I235V,0.232271178370324,538,0.8617530894566086,249,1,0.5473973989507083,0.712156564086522,0.9907951275046484,1.1966632672845556,235
T103R,0.228188291467018,539,-0.2018857301295019,772,1,-0.1552324389397786,0.1220706197609817,-0.0160043990633751,-0.7583767022758356,103
H254D,0.225535406619437,540,0.463666785927883,478,1,0.7851834936926378,0.5548797585468971,1.2485894420652546,-0.7339855505932574,254
N114I,0.222384328582734,541,0.2651181229310775,580,1,0.0220982737538349,0.4013108187355056,0.7037630558209875,-0.0666996565860179,114
S149R,0.220532783851544,542,0.1064614702144493,656,1,-0.1168027390835771,-0.287600038248614,-0.0174428156287288,0.8476914738187172,149
H81L,0.220531094063883,543,-0.5242126018834151,881,1,-0.2825108435574814,-0.3165527173077387,-0.5374300498316311,-0.9603567968368092,81
G98E,0.220307935041388,544,0.2839847502294019,570,1,0.1319660195559528,-0.234540580289675,0.7593289672598316,0.4791845943914982,98
S77C,0.218707451717665,545,-0.2030586164633535,773,1,-0.1610797285256385,-0.4773008880782416,-0.0738266710749375,-0.1000271781745963,77
N114D,0.216519657749095,546,1.2114552692112968,72,1,1.4605330693642933,1.480099732560117,0.5851083995769664,1.3200798753438103,114
S5F,0.215544788369135,547,0.6725998021807909,344,1,0.6093021842915038,0.6258772326954815,1.2485894420652546,0.2066303496709234,5
S123C,0.215531131793691,548,-0.3516168333011049,824,1,-0.3319141752356578,-0.5547576578483996,-0.2106502137676512,-0.3091452863527111,123
H207L,0.212333193310546,549,0.2543705389152777,585,1,-0.0564026240883736,0.8559586171556315,-0.6746536946704179,0.892579857264271,207
K215M,0.210638344947351,550,0.7293661625565291,315,1,0.2302542499329121,0.7854862200697812,0.9948733331374436,0.9068508470859794,215
F116L,0.210091448411603,551,0.0003350350714627,691,1,0.1848425379777711,0.1659817068529441,0.2761970757106852,-0.6256811802555492,116
L109Q,0.209496752024621,552,-0.0252865986817877,703,1,-0.4683114667841113,-0.638229042683129,1.0216894211122003,-0.0162953063721111,109
S31T,0.208440494053562,553,0.8503575246958329,255,1,1.0660068166768315,0.7652792151274093,0.7611499965526687,0.8089940704264221,31
P106S,0.208265353035136,554,0.90806096585419,229,1,1.4841559938759,0.7844870241003215,1.110223307084315,0.2533775383562242,106
Y14S,0.207453581471849,555,0.5351945584305056,422,1,0.703798724836308,0.593366612330554,0.1730670733083458,0.6705458232468144,14
Y247C,0.205535088006306,556,-0.1324000222284009,738,1,-0.1880032849686159,-0.280425527362454,0.0285846173539824,-0.0897558939365161,247
E204D,0.20365505351281,557,0.5379867004159173,417,1,0.6847316595251258,1.056058098228355,0.3142062782096358,0.0969507657005527,204
T218I,0.20304017438944,558,0.666735782178108,346,1,0.2121593705811197,1.2585877327321968,1.018369600825447,0.1778264245736685,218
E49V,0.20288630813406,559,0.3356831823966549,547,1,0.328682790340109,0.3705587981823208,-0.1276719609326453,0.7711631019968351,49
C193F,0.198281927914056,560,-1.1306082576614938,1012,1,-0.910742576753626,-1.3060099341442049,-0.2119159686208616,-2.0937645511272827,193
P15H,0.197679376927099,561,-0.0196351681275898,699,1,-0.0879026407536655,0.1042558223178577,0.2532762674877455,-0.3481701215622969,15
F248I,0.196467626247865,562,-0.7157597893437109,938,1,-0.490468698981308,-0.6621939709695085,-0.4540918515239925,-1.2562846359000344,248
M17K,0.19635136229093,563,1.1139378439414858,117,1,1.1008138108507222,1.5028780593489983,0.8171777805033419,1.03488172506288,17
Y14F,0.195961671323452,564,0.9416289799655252,209,1,0.7138065910900003,1.2738114503620508,0.6738298839557564,1.1050679944542932,14
R84K,0.193729339853188,565,0.9942780049657508,180,1,0.98265155905654,1.0095190484144658,0.4224209446940684,1.5625204676979296,84
E68K,0.193681321901974,566,0.7786364627845022,287,1,0.4073173873861185,1.1853877632763432,0.4586235296847844,1.063217170790763,68
G3V,0.190877157684769,567,1.3411010715071652,30,1,1.4106353063594963,1.204261588271553,1.2485894420652546,1.500917949332356,3
R66L,0.186054716802079,568,0.5999205330253798,382,1,0.998780438477136,0.6380094970486558,0.6454492365247639,0.1174429600509637,66
E163A,0.184982576964962,569,-0.1985574677838907,770,1,-0.4872596732446667,-0.7392949962940645,-0.2947508687473589,0.7270756671505274,163
I160T,0.184746840636403,570,0.070714951675409,667,1,-0.260661776530913,-0.1536559196447705,-0.3249444561360029,1.0221219590133226,160
A173V,0.184020065254865,571,1.1096087415185258,120,1,0.7637602808703007,1.8362101390812504,0.4577946723405032,1.3806698737820489,173
L54M,0.183741736309409,572,0.2181551387933004,600,1,0.2506089165191551,0.1271490456193725,0.1548163713454018,0.3400462216892722,54
D63E,0.183371939883237,573,-0.5015750848744485,874,1,-0.5798731076366817,-0.5768049943920414,-0.4672178600548956,-0.3824043774141753,63
T125I,0.183349142489405,574,1.1718455762760702,94,1,1.6699015200809617,1.6428901112098977,0.9411054862918524,0.4334851875215692,125
L124V,0.183131798745332,575,-1.1885668504109337,1024,1,-0.9390633572088128,-1.3788322133382982,-0.9939598380055104,-1.4424119930911128,124
D165N,0.181421400595294,576,-0.3545421490887224,825,1,-0.7735335138058013,-0.8902673991323902,0.5849365920156342,-0.3393042754323326,165
T32N,0.18105574593959,577,-0.490980136680638,871,1,-0.248486824240644,-0.5427474322235087,0.5205686993600087,-1.693254989618408,32
M12I,0.178313481779277,578,0.2955005554266499,566,1,0.0401737967146408,0.3958135485088992,0.3360443308562123,0.409970545626847,12
E146K,0.178260276118392,579,0.3918408980272453,514,1,0.1918586107956358,0.491931871967177,0.0931973157926788,0.7903757935534895,146
R84W,0.17651668599391,580,-0.1213528173447169,735,1,0.0693945201267361,-0.4227320004744165,-0.3549598690779159,0.2228860800467286,84
M73V,0.176474818482634,581,0.4057125204931562,508,1,0.916966958886633,0.6312694191926956,0.2537786336030279,-0.1791649297097316,73
E68G,0.175012472149686,582,0.061895538181115,668,1,0.3958451822691077,-0.1636356444134277,0.443808868382768,-0.4284362535139879,68
L192F,0.16743971392326,583,0.2355822961414413,592,1,0.3514390096610584,-0.0644024454445503,0.7431695593957399,-0.0878769390464826,192
H257Y,0.164060403127356,584,0.3098514996751803,560,1,0.7337255960525452,0.3945027345653111,1.2485894420652546,-1.1374117739823897,257
Y247N,0.163237391812433,585,-0.5140044976557041,877,1,-0.7834331311772221,-0.2879777682971738,-0.7188389644691026,-0.2657681266793176,247
L72S,0.162264677297247,586,0.1366140088175751,638,1,-0.1431570163141968,0.1222795450953051,0.6526766270110221,-0.0853431205218299,72
Y247F,0.162100696348109,587,0.7372962865825974,309,1,0.6436584384443604,0.7838876990479371,0.4422668559229942,1.0793721529150977,247
R74L,0.160753054709147,588,0.6638915738752128,349,1,0.6228147475346011,0.8022579745499758,0.6452210702195494,0.5852725031967249,74
A217G,0.159347363892806,589,-0.2508600494311945,787,1,-0.3629969208890675,-0.6393565190562881,-0.3438834067340101,0.3427966489545877,217
R122I,0.159091434817184,590,0.5020397078367462,449,1,-0.2050353855542922,0.6589257550582017,0.759439595574308,0.7948288662687677,122
E245V,0.156484842869834,591,-0.0585731034968201,715,1,-0.5210960865569443,-0.1844404838588308,-0.4618465727546522,0.9330907291831472,245
E16V,0.152644937650024,592,0.464894824282748,476,1,0.5650359816506034,0.4654578522697788,0.3257313632897889,0.5033540999208207,16
C237Y,0.152639090865417,593,-0.1870155265568029,764,1,-0.4692006365423823,-0.6394654533715091,0.216543335595508,0.1440606480911715,237
S86I,0.149223005147575,594,-1.0577131542460076,998,1,-0.9417410955813224,-1.2031235229233737,-0.5190965032758826,-1.5668914952034518,86
R211Q,0.146785858357108,595,0.4468997135451891,491,1,0.110088564062772,0.0075954357448431,0.7985374666321955,0.8713773877409458,211
R59S,0.144668244351148,596,0.3711652337109318,528,1,0.4148464793790105,0.1790011586023165,0.5482332566484851,0.3425800402139154,59
F166L,0.14404865364823,597,-0.3742774675316486,832,1,-0.1679759087010879,-0.2806814050013995,-0.3062560233354761,-0.742196533088631,166
Y168C,0.143255335457235,598,-0.0253294089524329,704,1,0.0394276710938371,-0.3652114525141541,0.4550832073495955,-0.2306170617390102,168
E49G,0.142157145127254,599,0.2774615089860978,572,1,0.4622249802117125,0.2301781769407611,0.3529380874795134,0.0645047913124042,49
P174T,0.13866106790072,600,-0.2164388412412098,778,1,-0.2507026481190379,-0.2006864781078378,-0.4136113501561789,-0.0007548885817847,174
D119V,0.136187694047541,601,-0.371648371490344,830,1,-0.4402135772795277,-0.8962355587421239,0.1372544263316891,-0.2873987762714134,119
V42G,0.135331007383437,602,-0.4276462326875558,852,1,-0.1612235071993768,-0.5568880255112897,-0.7593174803633295,-0.2331559176762274,42
F131L,0.134471142030076,603,-0.1079031046012232,729,1,0.0045677222958346,-0.3428896064646534,0.0585313200228134,-0.1518218542588876,131
E79A,0.130898173483155,604,0.3674864360166494,531,1,0.520312972263174,-0.2065679374302007,0.5984727779906939,0.5577279312429305,79
H255N,0.130302508572829,605,0.33901814670259,546,1,0.5559592625428037,0.4446715204788431,1.2485894420652546,-0.8931476382765414,255
Y14H,0.129587430129725,606,0.9906199931377326,183,1,0.9623883830435762,1.1731811888272956,0.8068537808220076,1.0200566198580512,14
F248C,0.127507452122504,607,-1.617580430435177,1083,1,-0.9919219475046156,-1.0301480031722146,-3.347265527402978,-1.1009862436608997,248
N104D,0.124391495825933,608,1.839821830915462,1,1,2.6509376145428467,1.9443127898694093,1.014895427928352,1.7491414913212406,104
R48M,0.123848823131843,609,1.0744972236198027,132,1,0.8979836647166257,1.3291533367026918,0.8334863321786503,1.2373655608812435,48
A217S,0.121300291696195,610,0.5034049194262173,448,1,0.3371895501093744,-0.0418191321960301,0.520296414888065,1.1979528449034602,217
P128T,0.117276127789129,611,-0.9474482765498684,974,1,-0.7929397444387424,-0.9748344619540796,-0.8352807819011515,-1.1867381179054997,128
Y170F,0.116577063463944,612,0.6015194727120535,381,1,0.43947356258157,0.6146361926430031,0.3960780771312598,0.9558900584923812,170
K61Q,0.111178734058341,613,0.853419758243572,252,1,0.6013266982838464,0.947171201108695,1.1427398859991609,0.7224412475825855,61
E79Q,0.109137713518832,614,0.6950883729401807,332,1,0.7741435971772747,0.3760659432983914,0.5989395374010784,1.031204413883978,79
H256N,0.108763259603649,615,0.3488245805479604,540,1,0.6576405744023226,0.4022547712195668,1.2485894420652546,-0.9131864654953024,256
M241T,0.10850395448477,616,0.6066105702191649,380,1,0.5120801061064968,0.287562463847663,0.7149265635003904,0.9118731474221092,241
F131I,0.106451065090421,617,-0.249568643181427,786,1,-0.3537031327107364,-0.1783664952450285,-0.3162469331633769,-0.1499580116065666,131
S123T,0.102870148471658,618,1.0304528359934904,157,1,0.7892065998570201,1.1325617548465523,1.0529277120621894,1.1471152772081994,123
F51L,0.101763339474615,619,-0.1124612902141441,732,1,0.1041500559541033,-0.0159317678815152,0.0230683266051095,-0.5611317755342744,51
C193S,0.101532155213125,620,0.2504720352746062,588,1,0.1458218492816538,0.3393171321666491,0.2520777423033249,0.2646714173467968,193
L47V,0.100063746115105,621,0.5870653755885008,393,1,0.7816327725648606,0.3447200630404501,0.7784695519812048,0.4434391147674878,47
S149T,0.0981876953789244,622,0.6350174390718031,365,1,0.6523274967231537,0.3713516462257135,0.4358094814055172,1.080581131932828,149
F205Y,0.097266179962898,623,-0.2240419180102557,782,1,-0.3172566127729525,-0.1984666774837629,-0.6941600479500798,0.3137156661657725,205
L6P,0.0960907130753903,624,1.477242984876277,14,1,1.5194572085372962,1.436425347810735,1.2485894420652546,1.704499941091822,6
K110I,0.0942001522310061,625,0.2069635643631621,608,1,-0.0780435316973245,0.1831212854391227,0.2229385177665732,0.499837985944277,110
I112T,0.0922149364050232,626,-0.4073625523612604,844,1,-0.3002090869255902,-0.4657658992720914,-0.7890179512976091,-0.0744572719497508,112
D13E,0.084621949381678,627,0.5243721168705736,431,1,0.6340480855371197,0.5376267739974383,0.4004762395546496,0.5253373683930866,13
T103K,0.0816004759151652,628,-0.0700628481738343,719,1,0.0113521713429882,0.2340085161408393,0.0853800050110344,-0.6109920851901993,103
M12T,0.0768857215018237,629,0.0602691933727997,669,1,-0.6152475038746825,0.5346684061689121,-0.13851249072826,0.4601683619252295,12
G150D,0.0668902380967623,630,0.5596312399115838,404,1,-0.2513360360248041,0.7246138303048909,0.5471396327548159,1.2181075326114326,150
N8I,0.066706593261424,631,0.4720393999906543,467,1,0.0847219932708929,0.7073097323338661,0.3310681164005239,0.7650577579573343,8
K129R,0.0661997607703804,632,-0.1630461014213749,756,1,-0.0942668806438536,-0.9124671443473844,0.1643513094507002,0.1901983098550379,129
G105R,0.0661534940630324,633,-0.1942550053530702,769,1,0.0261850703340272,0.4994379679781742,0.5846631370636691,-1.887306196788152,105
D119A,0.0660951398605055,634,-0.2137542718830775,776,1,-0.2276511044096746,-0.6765237398126847,0.2110242116211967,-0.1618664549311475,119
E71V,0.065114395370173,635,0.3907910590367975,515,1,0.1463165458574832,0.2634502817064435,0.3308526983331856,0.8225447102500778,71
T243I,0.0651017856256918,636,-0.3409149277360445,820,1,-0.4232161087187653,-0.4582203658094602,-0.446423068557905,-0.0358001678580477,243
T218S,0.0638205379211782,637,0.7383866281700646,307,1,0.9697478379654948,0.4637382551661085,0.6041472672423259,0.9159131523063294,218
M12L,0.0565031557366257,638,0.3641553272300421,536,1,0.2940694961013208,0.7516622083530092,0.4320913506848682,-0.0212017462190298,12
A169G,0.0554516454010693,639,0.1996345323945801,610,1,0.0628244468504547,0.7481729565298944,0.0199607902189637,-0.0324200640209924,169
A194P,0.0547330053216467,640,-0.393765920317295,834,1,-0.2859208057717447,-0.3101657133297894,-0.4916434808402342,-0.4873336813274118,194
I145N,0.0510165773631785,641,-0.0233152433559682,701,1,-0.3059946482596596,-0.382307184106863,-0.461390917111152,1.0564317760538011,145
L203V,0.0496287108555303,642,0.0525708545258931,670,1,0.1846793212979048,0.2000803833411325,0.4142050983651779,-0.5886813849006427,203
G150A,0.047345914776678,643,0.8211128804898441,265,1,0.1588077704224058,0.9334485516488956,1.151057008408474,1.0411381914796007,150
K215N,0.0455911712430643,644,0.2748796952389687,574,1,0.1908146307170415,-0.1060980793480509,0.4372168179778469,0.5775854116090373,215
S77T,0.0442024498638575,645,-0.4615129131802381,865,1,0.1320954475673643,-0.8735826865237932,-0.1260628568367181,-0.9785015569278054,77
P15L,0.0428086740693193,646,0.0350808487032397,676,1,-0.5186984785540625,0.208420006971617,0.7177200196445145,-0.2671181532491102,15
M241I,0.0405114422598566,647,-0.2296345729678326,784,1,-0.1277621698709838,-0.4204671107324109,-0.4004334617638347,0.0301244504958989,241
I4R,0.0392869598236649,648,1.0650179056927385,137,1,0.7456250972412818,1.3556815440796963,1.2485894420652546,0.9101755393847208,4
G33A,0.0387943096787309,649,0.1848799820433931,616,1,0.3656213135540625,-0.0271572192720093,0.4604915415460558,-0.0594357076545363,33
P15S,0.0361167361705033,650,0.4644543498087546,477,0,0.6150148565032244,0.6698430353699464,0.6392057968162254,-0.0662462894543774,15
D80E,0.0349739426666592,651,0.0245089075052199,682,0,0.3084011421001881,-0.3166060044471113,0.3829095798569218,-0.2766690874891187,80
S9R,0.0343852627791997,652,1.3581146028176854,26,0,1.8544744067385963,1.26823463364799,1.0028121049455068,1.3069372659386482,9
E67K,0.0336220567883403,653,1.0786769071634434,130,0,1.2845235017687715,1.0664985735392272,0.9466463436194608,1.017039209726314,67
S240A,0.0281284408995376,654,-0.5180907895795654,878,0,-0.3643548608133149,-0.6535834399941017,-0.4645193813547693,-0.5899054761560759,240
I4M,0.0272408165774106,655,0.9590717637859144,196,0,0.8280946809518501,0.9782340322551086,1.2485894420652546,0.781368899871444,4
H253D,0.0271457236379959,656,0.66554499195114,348,0,0.7985818773532034,0.9714955381078362,1.2485894420652546,-0.3564868897217337,253
E146D,0.026666778536647,657,0.6776153255264761,341,0,0.6608733433437896,0.3241042128317728,0.530316590180215,1.1951671557501269,146
N53K,0.0245232913627712,658,1.2287004875601664,58,0,1.523963915018936,1.223177855106936,0.9791877456753156,1.188472434439478,53
F166S,0.02435898911879,659,-1.0581251558409512,1000,0,-1.1090855972387077,-1.3386318488608293,-0.5541540836028372,-1.230629093661431,166
V107A,0.0194394366803861,660,-0.0678106216628628,718,0,0.1251616972219184,-0.143972441560038,-0.2964846385759169,0.0440528962625851,107
V42D,0.0128810376187453,661,-0.2231431302653891,781,0,-0.231110117323796,-0.3676407995347829,0.0025236167995936,-0.2963452210025711,42
S149I,0.0124063061705097,662,0.1133162025336864,652,0,-0.1456354505119084,-0.2352303320028129,-0.3255076922173122,1.1596382848667792,149
M17L,0.0106831491819083,663,0.7797953336339478,284,0,0.9703477704646328,1.5338309624806226,0.5835633864128623,0.0314392151776734,17
I69F,0.0103153671582788,664,-0.6746099357874258,927,0,-0.2835837289985825,-0.4669525007695891,-0.6039477490462621,-1.3439557643352693,69
G144A,0.0043156442152685,665,-0.2179079541885331,779,0,-0.4972076611897689,0.1019595068269913,-0.26310537473153,-0.2132782876598247,144
L72F,0.0035068074292824,666,0.5817586785958387,397,0,0.6041848129196586,1.35302222547841,0.8377471692530934,-0.4679194932678071,72
V162L,0.0026607454297488,667,0.4903959944891091,458,0,0.2610385562200188,0.5010410538074123,0.4307289994921863,0.7687753684368188,162
D119E,-0.001389426088835,668,0.5594969774659977,405,0,0.7470438370450884,0.2537191681486354,0.9219375657814556,0.3152873388888113,119
G98A,-0.0036687787503084,669,-0.3729852465174965,831,0,-0.3595095331108574,-0.6667274768269024,-0.490483731887269,0.0247797557550428,98
H258Q,-0.0053167365757963,670,0.6774348143166862,342,0,0.8863220104531163,0.9744248712770888,1.2485894420652546,-0.3995970665287149,258
F205S,-0.0068944125441608,671,-0.7021653342183579,933,0,-0.7457392054214157,-0.7465562074675955,-0.6305581872474308,-0.6858077367369897,205
S2Y,-0.0109747252463671,672,0.9221225301129437,217,0,0.985201528925509,0.4650735389615763,1.2485894420652546,0.9896256104994342,2
T32A,-0.0117538429465123,673,-0.6317745998745307,917,0,-0.0583425071743876,-0.1652377365430969,-0.0483952050878854,-2.2551229506927526,32
A200T,-0.0121182757893541,674,-0.2823602556488489,796,0,0.233999623172439,-0.5533961652268068,-0.3847515724731175,-0.4252929080679103,200
L203R,-0.0130664451428021,675,-0.1625367560324184,753,0,-0.4013678986511794,-0.7485603752852581,0.538069899476289,-0.038288649669525,203
N60T,-0.0143181537923974,676,1.5672662199313228,9,0,1.983169480175898,1.9204034466526547,0.7939998534047811,1.5714920994919572,60
L167S,-0.0167683281878391,677,-1.2949240655176548,1035,0,-1.674570684912631,-1.992380336074668,-1.196079097757853,-0.3166661433254664,167
V42F,-0.0170269323218745,678,-0.1406239630756756,743,0,0.0251757766904405,0.0413492984826853,-0.4809066088712865,-0.1481143186045416,42
T210I,-0.018475661612372,679,0.0862086562010337,663,0,-0.537279498494382,-0.3085087192989484,0.820770250708742,0.3698525918887235,210
A217V,-0.0192887081751424,680,-0.549952577141154,889,0,-0.969719690954526,-1.1232521874136716,-0.1338447223091,0.0270062921126818,217
S82I,-0.0271468366182748,681,-0.2834244437645297,797,0,-0.2610555015745607,-0.4366570851682313,-0.4079325609958639,-0.0280526273194627,82
T147K,-0.027618318363022,682,0.2993975706402458,564,0,-0.2296300811483208,0.0453991210750048,0.1781458970469334,1.203675345587366,147
I69T,-0.0280769296939595,683,0.0147883687599431,683,0,-0.1318789464130415,0.2127475685933936,0.2627921543134466,-0.2845073014540261,69
S77A,-0.029609801925361,684,0.957788283013415,197,0,1.0903946042854078,0.7804554296844659,1.034944797201493,0.9253583008822936,77
P236T,-0.0305311544762021,685,-1.050259631873197,995,0,-1.5206511122404862,-0.6632424482269542,-0.9457787092986708,-1.0713662577266765,236
K244T,-0.0314339706615167,686,-1.0004253104150949,987,0,-1.190555218636833,-0.967406557677896,-0.8324745770375443,-1.011264888308106,244
H257T,-0.0341893362253226,687,0.135336416860232,639,0,0.4592649894759039,0.1270023507205402,1.2485894420652546,-1.2935111148207703,257
L209V,-0.0345709665655093,688,-0.4215356058977842,849,0,-0.1983225401910137,-0.3355713817783672,-0.5847897358947347,-0.5674587657270215,209
V88F,-0.0350794075985094,689,-0.1512293802608991,747,0,0.0062687450686181,-0.3292925668409624,0.5591368685162623,-0.8410305677875146,88
D153Y,-0.0366620380711818,690,0.2879300839561608,568,0,-0.7964786313710464,0.1939093848069336,0.7679483648874617,0.9863412175012942,153
V239I,-0.044443308536665,691,0.7894221156007108,278,0,0.4683718789808987,0.8526906187521144,0.9041497998206818,0.9324761648491484,239
E245Q,-0.0469971978165383,692,0.4506185143206315,490,0,0.2672725111398132,0.2322266886016779,0.0097846905164184,1.2931901670246164,245
R117S,-0.0470535838885338,693,0.1641510738106424,628,0,0.1762683096917846,0.2285511181094278,0.1046463602675701,0.1471385071737872,117
M12V,-0.0472369035818368,694,0.2758346349281955,573,0,-0.3386982162071054,0.2848591041709594,0.5551607891567395,0.6020168625921886,12
A164T,-0.047516193168339,695,-0.1883210914864366,765,0,-0.3038445245699279,-0.1002441951887201,-0.4998250802745687,0.1506294340874703,164
I208M,-0.0515512256233198,696,0.0289144627334439,679,0,0.2814201558028565,-0.0238750295965264,0.1674846946459865,-0.3093719699185409,208
F51Y,-0.0517447667590052,697,-0.3232724588678918,812,0,-0.5194485761117373,-0.520944048923988,-0.4943476523201586,0.2416504418843165,51
H29P,-0.0593392999883325,698,-0.1653739021823773,758,0,0.2688702227463675,-0.5068870506124253,0.3035601777904763,-0.7270389586539281,29
I238L,-0.0607263253240264,699,0.450838982721666,489,0,0.0961606681673958,0.5420424643497157,0.3992991292255554,0.765853669143997,238
R117G,-0.0696182316255688,700,-0.3021993430581434,802,0,-0.3576888081309881,-0.4361983686048208,-0.027050300265115,-0.3878598952316499,117
D63G,-0.0721468644661351,701,-1.187295618714328,1023,0,-1.0885611847613026,-1.2158644903686118,-1.5924978393127722,-0.8522589604146252,63
I4V,-0.073120618482076,702,1.217350840354814,65,0,1.1497434822557122,1.3184744550097445,1.2485894420652546,1.152595982088544,4
C157F,-0.0733183231638,703,0.9438565656408906,205,0,0.9481121265205332,1.510745225414224,-0.0033296178623504,1.3198985284911562,157
I4L,-0.0757537901270547,704,1.2183124274820822,64,0,1.3028782845376992,1.3282977147943562,1.2485894420652546,0.9934842685310188,4
F116V,-0.0761484133826332,705,-0.6462060260538733,921,0,-0.971503743530952,-0.2232275591246874,0.1319153476106178,-1.522008149170472,116
N8S,-0.0762911441523133,706,1.1663092281703888,96,0,1.2101604711813576,1.3323512521151415,1.0713761626182627,1.0513490267667929,8
K11R,-0.0810251036404618,707,1.1886245211750517,86,0,1.4867966177629512,1.3110516434438502,0.7791186491643193,1.177531174329085,11
L54F,-0.0811846724775874,708,-0.0008472574109573,692,0,0.2305522676209851,0.1294181585845451,0.0364995561331936,-0.3998590119825532,54
N213K,-0.081876636117456,709,-0.5928627114886331,906,0,-1.1883370551243917,-0.694054836028939,-0.4757054973722181,-0.0133534574289838,213
H207N,-0.0840758337180775,710,0.9969885290659432,178,0,0.6504477639962005,1.247913174214619,0.8165929606243083,1.273000217428645,207
I238N,-0.0861715950989915,711,-0.5646774012675566,895,0,-1.3284991443159766,-0.2377399202636158,-0.6463436768562015,-0.0461268636344324,238
A169T,-0.0908792187548975,712,-0.1648289249267337,757,0,-0.0094173178009014,-0.443344062203488,0.2137062132040869,-0.4202605329066323,169
V76F,-0.090903243050545,713,0.3304135232258581,555,0,0.3388999178158248,0.405680861013845,0.3054099680744705,0.2716633459992922,76
N60H,-0.0911879492819658,714,1.0470621125243085,147,0,1.1587926358495737,1.2900159881613198,1.1303957729536287,0.6090440531327114,60
T218R,-0.0920604458953738,715,0.5335597977614304,424,0,0.7842040575882052,-0.2186703286900903,1.0531003748471923,0.5156050873004143,218
P15R,-0.0949950392202584,716,0.1787340859402973,618,0,0.0651851240019458,0.3821526636879179,0.519594396773732,-0.2519958407024063,15
V239F,-0.0968317091731256,717,-0.2584995283957791,789,0,-0.5309630986794576,-0.4915891699644236,-0.194420505163374,0.1829746602241388,239
T147I,-0.0971123938944633,718,0.5734145913530467,398,0,0.4024718556458082,0.5219645782450545,0.5123422171679071,0.8568797143534171,147
L246V,-0.0984045552114299,719,0.3541640978216424,539,0,0.5859022527494269,0.762233122258832,0.5047249599811701,-0.4362039437028593,246
D13H,-0.103036806356086,720,0.2105586333452577,606,0,-0.1302928921691544,0.1172129194192929,0.5384857189944863,0.3168287871364061,13
K244E,-0.10592763453215,721,-0.5975145173145384,908,0,-1.2043441783568487,-0.977453357167442,-0.1097848786320092,-0.0984756551018535,244
S5Y,-0.10717303871327,722,0.709574332891726,324,0,0.748654868922812,0.6552422970756249,1.2485894420652546,0.1858107235032123,5
G3R,-0.109096378156823,723,1.3335455417876343,31,0,1.3305149328730814,1.256502239726686,1.2485894420652546,1.498575552485515,3
D7N,-0.110050325608029,724,0.9194705318457344,221,0,0.9690597543126042,0.9507814979605248,0.7469558870457849,1.0110849880640236,7
N213I,-0.11461650924198,725,-0.5490073908633851,887,0,-1.3538380883825614,-0.386545685404793,-0.6837858910274484,0.2281401013612623,213
D13N,-0.123069627719043,726,0.9088258992139202,228,0,0.9772034627287876,1.0749838983689757,0.5931984553291917,0.9899177804287258,13
L167F,-0.125691573741988,727,-0.3082993616907596,805,0,-0.0327132852556196,-0.3243110266905218,-0.7517145056591398,-0.124458629157757,167
S85R,-0.127280181900314,728,-0.1050994578247344,727,0,0.1362497806768954,0.0267642730627945,0.4789323667682906,-1.0623442518069184,85
H207Y,-0.13610957181666,729,0.0396421786782071,674,0,0.0770023571283579,0.5100340970105534,-0.9045845495601132,0.4761168101340305,207
K11I,-0.137001194204074,730,0.3327200844384934,554,0,-0.0564753023716077,0.4535942594374972,0.0243313783642954,0.9094300023237886,11
D108Y,-0.142770502454174,731,0.4187729438246091,505,0,0.2200581383560539,0.911430591348754,-0.2437855623035771,0.7873886078972058,108
L47I,-0.145477115739961,732,0.7597644886927346,297,0,0.8170650747455394,0.6420970802245864,1.0159365892040313,0.5639592105967812,47
T218A,-0.151423033121,733,0.4906973835841138,457,0,0.7811645328973019,0.1914435193271546,0.6756144932212493,0.3145669888907491,218
G3E,-0.154511576653975,734,1.416558775658178,16,0,1.3733345343413494,1.3684488756166178,1.2485894420652546,1.6758622506094898,3
A173S,-0.163839810857972,735,0.7247127424417781,316,0,0.3536304034071879,0.5728981401891626,1.0072088652556628,0.965113560915099,173
N8D,-0.164072617770924,736,1.400707475011088,19,0,1.5884766305814726,1.8137209788668665,1.1531116973853512,1.0475205932106617,8
V216M,-0.166503358317391,737,-0.4430196197342799,860,0,-0.2975154880106417,-1.0322131593009072,0.6481334068188545,-1.0904832384444252,216
K11E,-0.168054566706464,738,0.5385961684780262,416,0,0.2934767389333461,0.5128216727257058,0.3283268497368576,1.019759412516195,11
Y14N,-0.168576398739644,739,0.6468797400414268,359,0,0.5338793742944128,0.6236484266690651,0.5651472955695552,0.8648438636326744,14
A173T,-0.175578546197654,740,0.7107707786994415,323,0,0.3317021424886134,1.1557245191560828,0.2674335663457204,1.0882228868073496,173
I238S,-0.180796786213534,741,-0.4337667497870553,855,0,-1.1219620180650232,-0.1334797193890289,-0.4338560543524808,-0.0457692073416883,238
F87Y,-0.181275189590613,742,-0.1888263504820693,767,0,-0.5805150379272263,-0.4457789987841908,0.1016351381586827,0.1693534966244568,87
D75Y,-0.18320368362454,743,0.169614360137201,623,0,0.4169780356241206,0.1687116479931107,0.1123474563018237,-0.019579699370251,75
R211P,-0.18504511828679,744,-1.5845352953781984,1079,0,-1.5558364878114792,-1.8837851208315397,-1.762367152030846,-1.136152420838929,211
S2C,-0.185139313595183,745,0.9372033008723952,212,0,0.9732007297440264,0.5384502404087921,1.2485894420652546,0.9885727912715072,2
G98R,-0.188726972136556,746,-0.1629524780173028,755,0,-0.4030821702818835,-0.7737956242578002,0.3975551346843978,0.1275127477860747,98
Y170C,-0.192087490844296,747,0.1268840819148243,643,0,-0.5235814308366105,-0.0062957389511893,1.2439567644956908,-0.2065432670485936,170
S5T,-0.192676080969849,748,0.9108989151748532,227,0,1.2128234644183582,0.9447234395929336,1.2485894420652546,0.2374593146228671,5
H158D,-0.194395786132465,749,0.9919032353305832,181,0,1.1531964080405526,0.8961001049336537,0.5435755891654981,1.3747408391826286,158
S9I,-0.19601496464925,750,1.2155991380273623,67,0,1.1563662993169912,1.4701201009507945,0.7105758637638683,1.525334288077795,9
A173P,-0.196039744324797,751,-0.140388999355326,742,0,-0.0818762331379301,-0.3371045360004565,-0.011522626066001,-0.1310526022169164,173
E245G,-0.196784679026348,752,-0.3477062802345615,823,0,-0.3647193812389381,-0.6457315986394128,-0.9980170574561584,0.6176429163962635,245
K215E,-0.199388419657479,753,0.1371749605901645,637,0,0.0303453477463418,-0.2531009008342313,0.1299704053402618,0.6414849901082857,215
L6Q,-0.20003318106225,754,1.3824650454990777,21,0,2.08781514918128,1.2431671350395068,1.2485894420652546,0.9502884557102702,6
D119G,-0.203362931019234,755,-0.2910872718177863,800,0,-0.0590316110165431,-0.6006305563139079,-0.1586224368342509,-0.3460644831064431,119
T218K,-0.212135840962924,756,0.4663934741620699,474,0,0.957336997513387,-0.0408645595478282,0.3319824331941339,0.617119025488587,218
M241V,-0.213335634505964,757,-0.1991180569481579,771,0,-0.2821423784000337,-0.4478343421296425,-0.3519915881900375,0.285496080927082,241
H158L,-0.216172745959193,758,0.8093727652702135,272,0,0.6622402949398771,1.2179904328271012,0.0301935667301346,1.3270667665837412,158
L6R,-0.220080235809813,759,1.4107494852245563,17,0,1.921677925897496,1.3802712221535196,1.2485894420652546,1.092459350781955,6
A217T,-0.223761080813741,760,-0.0897468897644791,724,0,-0.5756382611903619,-0.9761839059684018,0.4850925304087502,0.7077420776920972,217
G98V,-0.230429692146394,761,-1.20902577580009,1027,0,-1.338315106167672,-1.6242449537006711,-0.8167802446569219,-1.056762798675094,98
D13A,-0.231515537450668,762,0.1652304489753277,626,0,-0.2852919611088382,0.1466110243100964,0.4260073432689652,0.3735953894310874,13
S240C,-0.234248325913843,763,-0.3243649267492635,813,0,-0.2786711776248273,-0.8759355186776305,0.1762411654914689,-0.3190941761860652,240
N8Y,-0.235366679776461,764,0.742869496692784,304,0,0.4471103185482218,0.8424262922163533,0.9269382935466248,0.7550030824599359,8
D13Y,-0.236252862517304,765,-0.3374493317674186,819,0,-0.7487794510460662,-0.1781994295050374,-0.6802158401087286,0.2573973935901578,13
E16A,-0.236698187613505,766,0.4721379314878541,466,0,1.0635042379998496,0.1161054412499542,-0.1439883361939067,0.8529303828955195,16
S9G,-0.238635326297072,767,0.1983121136337654,612,0,0.6639740453842801,0.5091847944104129,-0.6006102282493126,0.2206998429896815,9
S240Y,-0.244102003978431,768,-0.6259266764557947,914,0,-0.5537868409272223,-0.3914468601026133,-0.1521137734932543,-1.4063592313000888,240
N213S,-0.244228732780527,769,0.1169346471421646,651,0,-0.2090018814163632,0.4372206990063557,0.105982277754265,0.1335374932244011,213
D7V,-0.244978861737263,770,0.5316941686993795,426,0,0.0848399135473957,0.7863911387926587,0.5608302936813364,0.6947153287761274,7
C20G,-0.246405946729037,771,-0.9965427066887672,984,0,-0.6649975638777018,-0.9462166596496138,-1.3785168201244766,-0.9964397831032772,20
S9N,-0.246795656963726,772,0.7114332834534726,322,0,1.0018105774268016,0.7323254979141672,0.7280830036839235,0.3835140547889976,9
T113I,-0.24795759665607,773,0.1757228341343805,620,0,0.4694375822895744,-0.0259552154311961,0.4109084295333051,-0.1514994598541614,113
T147R,-0.24825001341171,774,0.1868264743668334,614,0,-0.2893647470897917,-0.0202785824324357,-0.0979287029949354,1.154877929984497,147
R214P,-0.250663168148427,775,-1.2978945315179296,1036,0,-1.4217617183360085,-1.5939594750949997,-0.8533202465694386,-1.3225366860712715,214
H250N,-0.252267476553581,776,1.3138039459520017,35,0,1.228562128246378,1.3864430047787843,1.2485894420652546,1.39162120871759,250
D119Y,-0.252274200883072,777,-0.289293392420435,799,0,-0.1777240755754978,-0.6961997365480216,0.1088566764731831,-0.3921064340314037,119
Y170S,-0.259195402399089,778,-0.608924345267264,910,0,-0.8992165056434268,-0.5314717990047942,-0.3366207123642053,-0.6683883640566298,170
V216L,-0.261631990337043,779,-0.5740430745013776,896,0,-0.4224800217603287,-0.8835522258718711,0.54691988756782,-1.5370599379411305,216
Y14D,-0.262855433987102,780,0.1313268579786961,642,0,0.0729553751345451,0.1935783586381039,-0.1430563887653738,0.4018300869075095,14
F131V,-0.266712506958141,781,-0.4381269729559846,858,0,-0.5411647872909641,-0.7318545465608259,-0.273952773438316,-0.2055357845338326,131
N8H,-0.269311838921999,782,0.9442919362221136,204,0,0.9267296328523904,0.9895892235455438,0.9862979308280432,0.8745509576624768,8
I4K,-0.272142455177741,783,1.111250595326344,118,0,0.7997525037271469,1.3328639622762115,1.2485894420652546,1.0637964732367629,4
C121F,-0.274687942508343,784,-1.2264546995104828,1028,0,-0.5621272826412561,-1.1025732993886035,-1.6241850643000209,-1.61693315171205,121
R74P,-0.276132677228202,785,-0.9097237664668524,968,0,-0.7904468371559922,-1.1738026781740376,-0.4487163628073435,-1.225929187730037,74
A45G,-0.277823758341977,786,0.7367825894981128,310,0,1.0106051393889672,0.7607496219620675,0.4154429316783559,0.7603326649630605,45
R211L,-0.277964691066459,787,0.6354424825764802,364,0,-0.037240694778076,0.6725358369887322,0.7723509979150172,1.1341237901802477,211
L6M,-0.279276635198773,788,1.1281753889376651,114,0,1.267740524600331,0.9998044240588762,1.2485894420652546,0.996567165026199,6
Y14C,-0.27968912603663,789,0.733735148366236,311,0,0.8466704673212406,0.6090728413950768,0.8097395426177665,0.6694577421308601,14
D13G,-0.280172352975323,790,0.0462370128680205,671,0,-0.2710031086490039,0.0920833752383732,0.042182932025109,0.3216848528576038,13
A200D,-0.280998877962903,791,-0.385780186235884,833,0,-0.1636851558830495,-0.8887199604790006,-0.4736546354981558,-0.0170609930833298,200
N104S,-0.28426523612494,792,-0.1573614564142204,750,0,0.5953113631222664,0.1123503747922065,-1.3136188320437978,-0.0234887315275568,104
G118V,-0.284770638839917,793,-0.540040210174922,886,0,-1.12927468030599,-0.6444217783953934,-0.6982154572602762,0.3117510752619717,118
V162M,-0.290368308569471,794,0.3203741133432716,558,0,0.1521056982577652,0.5496450734313251,-0.0361139906611208,0.6158596723451168,162
H158Y,-0.29062640813857,795,1.0768016369089914,131,0,0.7140608222548225,2.1611461095731586,0.3658405960740853,1.0661590197338997,158
D165E,-0.291284207293815,796,-0.6274056640914281,915,0,-1.023074202053276,-0.654458640889252,-0.2427183029999234,-0.589371510423261,165
M73R,-0.292208775259239,797,-1.1831668908871895,1020,0,-1.2340544293858309,-1.2979748794315331,-1.6224900995226692,-0.5781481552087243,73
I160M,-0.297660371260481,798,0.3923407775838818,513,0,0.1083866435234354,0.0864432606987633,0.4783918981593573,0.8961413079539712,160
D7G,-0.297913799818523,799,0.6595051047275673,353,0,0.6490219814858347,0.7346803795733651,0.4245093986695099,0.8298086591815593,7
E163Q,-0.299029130392247,800,0.1758363350235658,619,0,-0.1054178077575507,-0.293001540679285,0.2937478761440033,0.8080168123870958,163
A200P,-0.300974938864356,801,-0.6888478884980822,930,0,-0.448014325269887,-1.3574212171559747,0.6513813108169519,-1.601337322383419,200
C89F,-0.302677421932895,802,-0.0009980990367246,693,0,0.0180798434569171,0.1512663825771045,0.0250490739106136,-0.198387696091534,89
H81Q,-0.305510330525604,803,-0.5383363264966889,885,0,-0.4519262478075455,-0.1654830561241247,-0.4861046830815987,-1.0498313189734867,81
E146Q,-0.305953600813115,804,0.7508445699540263,300,0,0.3193609265532069,1.1092768741759602,0.7238955849969857,0.8508448940899522,146
A169V,-0.307051788210343,805,0.0877079433911122,661,0,0.2449001278279031,0.1451265613668745,0.3691622113643156,-0.4083571269946443,169
Y199S,-0.309675054350818,806,0.2999096610076096,563,0,0.4124217343416814,-0.4240645515960703,0.5346101443482163,0.6766713169366112,199
K202R,-0.313681431794097,807,0.9315842018855722,213,0,0.96885730795487,0.9462398251348004,0.9704141939720462,0.8408254804805717,202
V212A,-0.316907471717613,808,-0.91077272048768,969,0,-0.8779277129586376,-0.4434021936282581,-0.9342013677893324,-1.3875596075744925,212
K159T,-0.317860923130189,809,0.8433726194949953,256,0,0.4276639332658128,1.2754534663005823,0.4497770639906761,1.22059601442291,159
I22T,-0.318941344928083,810,-0.68152448028611,928,0,-0.6552455882967025,-0.5823569180949273,-1.156303965874758,-0.3321914488780519,22
A217E,-0.321203311859816,811,-0.5494197855837473,888,0,-0.9946269453342844,-1.6679821433681072,-0.4131270504464695,0.8780569968138724,217
H81D,-0.322135510929041,812,-1.0056468233363105,988,0,-1.062898527839692,-1.5921002632019243,-0.5408087746875322,-0.8267797276160928,81
Y56C,-0.322700576497536,813,-0.8274080051301594,955,0,-0.4681430947478262,-1.129071043663205,-1.2946105691264338,-0.417807312983173,56
C20F,-0.322731617387855,814,-0.7569201096967058,944,0,-0.8960510895972306,0.2890101599068421,-0.9940349166620508,-1.4266045924343838,20
R120P,-0.325823698263353,815,-0.8260802568166983,952,0,-0.5819663727780476,-0.8368277268759695,-0.4827895959532845,-1.402737331659491,120
P128S,-0.326497651594084,816,-0.6521513707669786,924,0,-0.6358342431149133,-0.7704479746232281,-0.7249787731362979,-0.4773444921934752,128
E163D,-0.326512444552042,817,0.7405450837887007,306,0,0.2779603267373233,0.1040538528805153,1.2335894900547024,1.3465766654822613,163
M155R,-0.329144853191347,818,1.3032370970206313,40,0,1.716025698212425,1.357216887546148,1.0249710131404486,1.1147347891835035,155
S2P,-0.341437659818315,819,1.072766916220049,133,0,1.0052844442966202,0.9099762809768204,1.2485894420652546,1.1272174975415008,2
P15T,-0.344106695807272,820,0.0913955624128373,659,0,0.2371551637865507,0.3627976319132776,0.2771326408082458,-0.5115031868567248,15
R211G,-0.346814692539149,821,-0.3248003855734036,814,0,-0.680145905389459,-1.0285724925060085,-0.2037183247923077,0.6132351803941607,211
D119H,-0.34707083915992,822,-0.0206063331051728,700,0,0.0123498892390483,-0.4820833156775999,0.3656112347580068,0.0216968592598531,119
S2F,-0.347400798957864,823,0.9658895473150768,193,0,1.1413569891982591,0.4670604412492324,1.2485894420652546,1.0065513167475617,2
E67G,-0.35307640950307,824,0.6282364102881421,366,0,0.8750651672899338,0.5896871912524753,0.5673362672441428,0.4808570153660169,67
S85T,-0.353231144473054,825,-0.1098752829368498,730,0,0.4149624272896015,0.217078980800999,-0.6864784085848313,-0.3850641312531684,85
S5A,-0.358039288262482,826,0.915305138023873,224,0,0.9950864011614206,0.8593130363685157,1.2485894420652546,0.5582316725003016,5
D13V,-0.358486501954032,827,-0.308258866162221,804,0,-0.7886565002136942,0.0124728858654602,-0.4105839391141645,-0.0462679111864853,13
I4T,-0.359430278588249,828,1.1502214573330378,105,0,0.9143272395673966,1.3453989738409162,1.2485894420652546,1.0925701738585831,4
P15A,-0.369633001337788,829,0.3839820022745283,520,0,0.2458154416364037,0.643404416219684,0.7247520609443464,-0.078043909702321,15
T50K,-0.370308968859205,830,-0.498668810597149,872,0,-0.4002147855262843,-0.4934241604305116,-0.2988441795886432,-0.8021921168431572,50
G126V,-0.375964233147195,831,-0.962726783730735,978,0,-1.1159789752943092,-0.751926905211636,-1.0895513713860228,-0.8934498830309716,126
V212L,-0.37618620439683,832,-0.5872728242266816,902,0,-0.3066514325059019,-0.7635468553309123,-0.1672123385147356,-1.1116806705551765,212
R84T,-0.377132184166141,833,0.3993431091871744,510,0,0.5455398655421599,0.1662903747814778,0.2158426584906576,0.6696995379344023,84
H81N,-0.378233399907043,834,-0.5241967825663802,880,0,-0.576356120767265,-0.798886289943094,-0.3134092387137737,-0.4081354808413886,81
C193Y,-0.385132851299647,835,-0.8747158985837452,963,0,-0.7772670528498549,-0.9100837559318088,0.1887170889027628,-2.00022987445608,193
N8K,-0.389159090268099,836,0.9670946208667076,192,0,1.1225075574623349,0.9893424444682744,0.4133974062544864,1.3431310752817347,8
L6V,-0.394961300964783,837,1.1794985455549098,91,0,1.4113464734948218,1.1557259786523242,1.2485894420652546,0.9023322880072392,6
S5P,-0.400545326180228,838,0.8196701473870082,267,0,1.018401888237408,0.8761166513411324,1.2485894420652546,0.1355726079042378,5
P174L,-0.403531714257938,839,-0.4136093549110702,847,0,-0.3394272298533051,-0.3672621999991005,-0.6250470262029346,-0.3227009635889407,174
C157W,-0.405198481271137,840,0.5178107390356311,436,0,0.0514608714863743,0.9774919871021668,0.0948578547730919,0.9474322427808914,157
K11T,-0.406448603831125,841,0.5338968394388195,423,0,0.2638348813926849,0.7033194075032239,0.2288491148685235,0.9395839539908456,11
G144R,-0.408991447817092,842,-0.8062572647034567,950,0,-1.3925593583306817,-0.8583264170452316,-0.600302507399282,-0.3738407760386317,144
P161A,-0.410149664852081,843,-0.261470728080806,792,0,-0.673861648337642,-0.334910074715384,-0.438387160794578,0.4012759715243796,161
L242I,-0.411478421602446,844,-0.6693384615104908,926,0,-0.7257406937088234,-0.5753623910431518,-0.7005379993509889,-0.6757127619389993,242
S2T,-0.412617727685587,845,1.1957920019054462,80,0,1.141479697563046,0.996032216283568,1.2485894420652546,1.3970666517099166,2
V58G,-0.414248321606953,846,-1.6878210837293586,1092,0,-1.3045554382931652,-1.264116554026529,-2.0559333377129456,-2.1266790048847937,58
D7E,-0.434675000483921,847,1.3280152962783276,32,0,1.2893839690799207,1.4742847268964123,1.1540813021049503,1.394311187032027,7
T113R,-0.442073856477196,848,-0.5609566627252391,894,0,-0.5877523965979172,-1.1022071210975304,-0.379220762574517,-0.1746463706309916,113
E163K,-0.443817725317615,849,-0.1887340686795979,766,0,-0.4817707829488408,-0.7922045298305731,-0.4479635525692675,0.96700259063029,163
I21T,-0.460187666528751,850,-0.2141443588992143,777,0,-0.1225208727084958,-0.1305461940497207,-0.6024078987892597,-0.0011024700493808,21
L19S,-0.461042271386969,851,0.0077389433832933,686,0,0.1612109690624597,-0.253376404039659,0.1373763627900731,-0.0142551542797003,19
I208T,-0.461158857017503,852,-0.7735264499629234,947,0,-0.8604910461180584,-0.670685382209115,-0.7324421082540628,-0.8304872632704576,208
T243K,-0.464860378877402,853,-0.4164788966601759,848,0,-0.8510306814365485,-0.5969829336220281,-0.6019096928033572,0.38400772122123,243
Y247S,-0.466459714702009,854,-0.4509654214271127,862,0,-0.7977562892014052,-0.1819244365508312,-0.4251228965729071,-0.399058063383307,247
S191W,-0.475027297898267,855,-1.5197137927245468,1074,0,-1.0570452259384306,-2.1016907665823834,-0.6917146639763085,-2.2284045144010647,191
D7Y,-0.475209835010103,856,0.2596171273180655,583,0,-0.3152639246905854,0.5407039510306496,0.1260606946946458,0.6869677882375519,7
V58L,-0.479879212166644,857,-0.1319768508945561,737,0,-0.0371809252896743,0.3674401341921154,0.2796028177944679,-1.1377694302751338,58
K129T,-0.483481423552091,858,-1.305710359137518,1037,0,-1.0969290763678254,-1.721113023483548,-1.2346242313360078,-1.1701751053626903,129
N104T,-0.484119599766044,859,-0.3982917677907099,838,0,0.1062559986474018,-0.0371836479203963,-1.6074381338032508,-0.0548012880865944,104
I145M,-0.487234121245916,860,0.5229586760479643,433,0,0.4844664664396692,0.4549854388337055,0.3003289258108094,0.8520538731076729,145
I235T,-0.489660588933589,861,0.0964565481651557,658,0,-0.0117017664105166,0.0533231298608721,-0.4409018307909664,0.7851066600012339,235
T125N,-0.493081976527782,862,0.5506512844427851,410,0,0.7981980209403786,0.6575984208592836,-0.0920169317172747,0.8388256276887529,125
P106R,-0.493516340311037,863,0.6796399834058835,340,0,1.0733099027412314,0.4707648911351983,0.8305550729633968,0.3439300667837079,106
G144V,-0.499017790045289,864,-0.9364328706545846,971,0,-1.6381331154353318,-0.4377233248054681,-0.4569423790880279,-1.2129326632895108,144
A164D,-0.501407930616158,865,-0.8314462356144,956,0,-1.0451034345040318,-1.4158435474748512,-0.7038379405102776,-0.1610000199684395,164
D165Y,-0.504316631281766,866,-1.8058660353277995,1105,0,-1.927230105345539,-1.6992546140704092,-2.156879601175533,-1.440099820719716,165
G18S,-0.508102484980414,867,-1.1482414737393944,1014,0,-0.8189045406130567,-1.6836430969960297,-0.3732909695426174,-1.717127287805874,18
S123I,-0.511607400909553,868,-1.0440963825383478,993,0,-0.9316295780983128,-1.1629040297292073,-0.5928035636260762,-1.4890483586997951,123
K110E,-0.512181761635739,869,0.8846175115896697,241,0,0.7701959272077726,1.0249647108202031,0.651112003002586,1.0921974053281172,110
P106L,-0.513181995370935,870,0.3353884122737856,548,0,0.8869291726935121,0.1707908401282117,0.4845385421489236,-0.200704905875505,106
Y56D,-0.515573704101689,871,-1.94946075012676,1119,0,-1.9604870239502856,-2.057902401387158,-2.0061238752772983,-1.7733296998922965,56
C121Y,-0.515738425064787,872,-1.030269777884397,990,0,-0.8678293899234545,-1.353209918383739,-0.1003845852271814,-1.7996552180032128,121
A45P,-0.521941556980483,873,-0.8644214496433276,962,0,-0.6532698217536099,-0.9030332090668468,-1.2328281690812917,-0.6685545986715622,45
F131Y,-0.522628918873617,874,-0.3155116584969286,810,0,-0.4014501667135039,-0.8124338930132411,-0.4926545082563843,0.4444919339954147,131
H207D,-0.523168967696439,875,0.6829088811048267,338,0,0.6376392197623119,0.8698794786262792,-0.0963458926687084,1.3204627186994244,207
I235L,-0.525243910244096,876,0.0901967796623213,660,0,-0.2916959203677411,0.0524890432853776,-0.3487731613813131,0.948767157112962,235
I235N,-0.525701501394954,877,-0.7101492104423568,936,0,-1.204458330734333,-0.9471395581240626,-0.753448332685122,0.0644493797740903,235
T103P,-0.525982866280841,878,-1.5182722381829707,1073,0,-1.0413873338951467,-1.2254939360392956,-1.0738301900332583,-2.732377492764182,103
A173E,-0.53681440416337,879,-0.1465655317071664,746,0,-0.7615722707627509,-0.4803828472906273,-0.4754033139986499,1.1310963052233625,173
V239L,-0.540422010633981,880,0.3669001056593998,533,0,-0.0991375498476522,0.0361726205794376,0.723596321334071,0.8069690305717429,239
H258D,-0.54273802834273,881,0.4986085027325762,453,0,0.7393673787128764,0.5660171433131134,1.2485894420652546,-0.5595399531609396,258
D7A,-0.548560944897591,882,1.0990889479580577,123,0,1.1657116070532016,1.064004139196847,0.8320927213262773,1.3345473242559045,7
D148E,-0.570209149622593,883,0.6263218248112944,369,0,0.6446578090470299,0.3273332395803293,0.4557677907047456,1.0775284599130728,148
P236R,-0.574185696193201,884,-2.1743410921524085,1128,0,-2.3401164797924143,-1.8900566072346248,-2.7683498014197894,-1.6988414801628062,236
V58F,-0.577947510226903,885,-0.8566159510852397,961,0,-0.337438704143139,-0.4402818527700305,-1.4058631663867645,-1.2428800810410243,58
L54V,-0.58170598862812,886,-0.5872215681359849,901,0,-0.610383350279656,-0.6101675879247003,0.0930904065494253,-1.221425740889009,54
G105V,-0.587070198109261,887,-0.8541069947164451,960,0,-0.5316633701934331,-0.181795752456682,0.1825661284437698,-2.885534984659435,105
G102V,-0.596166567369975,888,-1.725349051129819,1097,0,-1.317492145503776,-1.9839795999207075,-0.6143917974319189,-2.985532661662874,102
D80H,-0.596530075242864,889,-0.6187427268125423,912,0,-0.3714141624509657,-0.9085949455529738,-0.3356000871024812,-0.8593617121437485,80
C193G,-0.597514293690711,890,-0.8341606056288968,957,0,-0.6406116126098023,-0.7209915470880225,-1.193334302912442,-0.7817049599053201,193
S2A,-0.599747752956396,891,1.3013598584156711,41,0,1.2078604612848214,1.263390352617323,1.2485894420652546,1.4855991776952857,2
V88D,-0.600262478074212,892,-2.2149674935200405,1131,0,-2.4448456274847143,-1.746925363480625,-2.7898450167218733,-1.8782539663929496,88
N213Y,-0.605340387381577,893,-0.9486227037310692,975,0,-1.4330102979661457,-0.2976198836373583,-1.2228905144841462,-0.8409701188366266,213
C89R,-0.609753105043237,894,-1.8741920929210945,1111,0,-1.642045527663838,-1.5521840968011098,-2.624899736579948,-1.677639010639481,89
I145F,-0.611281361098907,895,0.1499746181981275,631,0,-0.0036082649086915,0.2242128742172875,-0.3152300436144112,0.6945239070983251,145
A164V,-0.612360802599858,896,-0.6061720950141103,909,0,-0.5861070897615227,-0.4181587466342739,-0.7439592072481487,-0.676463336412496,164
I145L,-0.613152285022109,897,0.6090938569039986,378,0,0.5116846127347899,0.7000643582472117,0.276509125743048,0.9481173308909452,145
V88G,-0.617178997511918,898,-1.3169408241899463,1039,0,-1.2924798252322536,-1.1534949369378873,-1.1051498758034377,-1.716638658786206,88
P128H,-0.621136687168678,899,-1.4514267046120632,1059,0,-1.2283720023851843,-1.560524465706271,-1.3324413565186504,-1.6843689938381476,128
I208N,-0.626721120167781,900,-1.7237308005201768,1096,0,-2.087261019790357,-1.7394418120285926,-1.3540248565738628,-1.7141955136878948,208
P236Q,-0.627929544694877,901,-1.46849625213261,1063,0,-1.983870088363183,-1.1143456581792326,-1.721656142326776,-1.054113119661249,236
E79G,-0.6313970527952,902,0.0026752661985016,688,0,0.0885293396076338,-0.4611676787302843,0.2871140256267405,0.0962253782899165,79
K159I,-0.636484504673056,903,0.2337387731060517,594,0,-0.2828206410309336,0.279065152516867,-0.1917560477133681,1.1304666286516416,159
E245A,-0.639626458143655,904,0.147440215429619,633,0,-0.1839032259279795,-0.2871398311358505,0.2385413036363625,0.8222626151459436,245
V239G,-0.645166931549333,905,-0.6660664347299076,925,0,-0.6988524222118894,-1.044863203235608,-0.8232935122131579,-0.0972566012589754,239
G18D,-0.645832294904431,906,-1.7639313164984325,1100,0,-1.1091202836737155,-1.9449167730245316,-1.6405680232238449,-2.3611201860716378,18
I21K,-0.657781826448563,907,-1.370049230570968,1047,0,-1.7351659009028615,-1.2150933795032852,-1.9455833943780203,-0.584354247499705,21
Y10F,-0.659073377171436,908,-0.2685287871782794,793,0,-0.4217110711050376,-0.3244780924305129,-0.5273326852176008,0.1994067000400338,10
G144D,-0.659642533109796,909,-0.4010610057192574,841,0,-0.951261991492552,-0.7306566417307336,0.0167413445487092,0.0609332657975466,144
V90G,-0.66174048911092,910,-1.0396470760581793,991,0,-0.9741364847556164,-0.4107066209311026,-1.242916539958718,-1.53082865858728,90
I22K,-0.662873209661604,911,-2.4083362714906547,1138,0,-2.5058278080643963,-1.856097421323396,-3.4769783605855467,-1.7944414959892805,22
G118W,-0.664778442741421,912,-1.2835980794753323,1034,0,-1.5885324927558413,-1.327816174329986,-2.0886836192233904,-0.1293600315921112,118
T210A,-0.666563964222002,913,-0.0088397853791739,695,0,-0.5120157491778846,-0.3438515076471746,0.3060465206621984,0.5144615946461649,210
P161R,-0.666904209255218,914,-0.8262044488485454,953,0,-1.435900534961279,-1.2655519530535453,-0.9741195961187976,0.37075428873944,161
N8T,-0.6675244051756,915,1.0048587732526624,171,0,1.0850831793128484,1.1791661559336408,0.6999629607280797,1.0552227970360808,8
K11Q,-0.669650562136281,916,0.626559492894579,368,0,0.7621860744244104,0.6703662181928777,0.088513141176872,0.985172537784156,11
L209F,-0.671237253498441,917,-0.4057176190335846,843,0,0.0096956288221556,-0.7638665781671478,-0.4007901083466875,-0.4679094184426591,209
P236L,-0.684256087859935,918,-1.172064727839052,1019,0,-1.723707733590136,-0.687415680785427,-1.072020898005746,-1.2051145989748997,236
C20S,-0.6843927024492,919,-0.532581765851705,883,0,-0.3627444852573516,-0.7991969452707651,-0.5689548009649302,-0.3994308319137731,20
E204Q,-0.687273297152312,920,-0.2057524048671581,775,0,-0.2892820165416673,-0.4469745435778073,-0.5598121600508594,0.4730591007017014,204
I160R,-0.693429707440725,921,-0.5944405466381859,907,0,-1.4400880990358005,-1.2152560978076632,-0.7452401490703682,1.022822159361089,160
L124I,-0.695701690368497,922,-0.923923051001426,970,0,-0.6380749324063244,-0.8976662376961888,-1.1340071253548922,-1.0259439085482984,124
L209I,-0.703136193340999,923,-0.0498787305973135,711,0,0.1714283617873843,0.1661992028460477,-0.4096211110200451,-0.1275213760026413,209
A169E,-0.708934229267458,924,-1.149008811555286,1015,0,-1.3822729123950444,-0.8144774361763143,-1.5229319928944478,-0.8763529047553379,169
K159N,-0.714254175191209,925,0.5487803538574173,412,0,0.2561284941080706,0.6237428902343165,0.0809824789389502,1.234267552148332,159
V212F,-0.714589543247969,926,-1.7772131529874116,1102,0,-1.4623039036993275,-1.8347045601582024,-1.895527492291185,-1.9163166558009308,212
F131S,-0.719339310877042,927,-1.1838098764112952,1022,0,-1.5178256776674597,-1.4632695983662694,-1.1781017128585909,-0.576042516752861,131
C237F,-0.720658627864099,928,-0.4217247295494588,850,0,-0.5815855837342794,-0.8844932593634491,-0.2666763650641249,0.0458562899640182,237
V239D,-0.721506462293922,929,-0.4401518076564589,859,0,-0.669974115124677,-1.269982114155792,-0.2092377305962244,0.388586729250858,239
P161S,-0.722109493446711,930,-0.1654602917628475,759,0,-0.5259188884804318,-0.4630340949452331,-0.3918133172317668,0.7189251336060418,161
A169P,-0.723017664621055,931,-1.4957839781310438,1067,0,-1.382894710950761,-1.2684729329357982,-2.2125214043965182,-1.1192468642410975,169
L109P,-0.724912428101933,932,-0.997996657325282,985,0,-0.1743153647933998,-1.1939121763462293,-0.9062187325245664,-1.7175403556369322,109
G118R,-0.725402437425737,933,-0.2970672933999516,801,0,-0.6042537267153563,-0.8964961564540207,-0.4429807774345797,0.7554614870041503,118
I235F,-0.725594191499456,934,-0.4729397760876851,869,0,-1.0285154291066438,-0.9443981894388556,0.1901230996879291,-0.1089685854931706,235
A173G,-0.726005662410816,935,-0.2748359562839956,795,0,-0.3886997052550991,-0.4269447897960059,-0.6472350066059924,0.3635356765211149,173
G102R,-0.727143639703033,936,-1.7687850609645908,1101,0,-1.1640795116786389,-1.8413452059510675,-1.80077999025842,-2.268935535970237,102
L64R,-0.728393499170217,937,0.1209773849015225,646,0,0.2379335409906496,0.3659236865440253,0.215921072128388,-0.3358687600569728,64
G102E,-0.729293477406962,938,-1.6268915024917696,1085,0,-1.0358669401548195,-1.7559121339552386,-1.4457129446450885,-2.270073991211931,102
T65P,-0.729854301872849,939,-0.3464368407014644,821,0,-0.2774134882990143,0.0995244460338424,-0.0741792692755121,-1.1336790512651738,65
L64F,-0.734178239791783,940,-0.0568883423128381,714,0,-0.0490756519926508,0.1899026639334078,-0.355152859077485,-0.0132275221146245,64
K129N,-0.736684039768245,941,-1.044751983888808,994,0,-0.9876959154935449,-1.36335534255548,-1.0809746024724232,-0.7469820750337832,129
D148Y,-0.739234991132783,942,-0.1305256299432508,736,0,-0.2609066899671153,-0.5587196622413332,-0.2305841128732624,0.5281079453087075,148
S240F,-0.739657218471935,943,-0.8065746006768799,951,0,-0.4312844727571024,-0.8773239654000249,-0.1709326159851474,-1.7467573485652452,240
D80V,-0.745118788153803,944,-0.6912129503403415,931,0,-0.3998655135295405,-1.142767204818876,-0.4557472587309422,-0.7664718242820073,80
F87S,-0.748621462069285,945,-0.9935621180411665,983,0,-1.533489282770628,-1.6725387527404738,-0.4072653619788308,-0.3609550746747338,87
M73T,-0.74969620306187,946,-0.1355408738012425,739,0,-0.1086706200174431,-0.149967306845681,-0.8106764052615233,0.5271508369196771,73
I235S,-0.753485511203149,947,-0.4077579117649953,845,0,-1.038490486073576,-0.4749651972419647,-0.3272740976728412,0.2096981339284006,235
V90E,-0.754838129379545,948,-1.6189531657592566,1084,0,-1.979124494363265,-1.5711491014950274,-1.4386920577737072,-1.486847009405026,90
S77Y,-0.756546935375094,949,-0.9066697143947892,967,0,-0.8392497262403977,-1.0318862321427984,-0.5994322497394552,-1.156110649456506,77
I69S,-0.764539495102018,950,-1.130024008452639,1011,0,-1.152399786462617,-0.7625334059832637,-0.9695711134791004,-1.6355917278855745,69
Q198P,-0.767991815440259,951,-0.7094477029360069,934,0,0.0329664452108625,-1.6375361822820882,-0.5283870306443951,-0.7048340440284064,198
A44P,-0.769196009312855,952,-1.7074410590938842,1093,0,-1.4641441074928954,-1.653817701290677,-1.716136448927781,-1.9956659786641835,44
D63A,-0.777761067853283,953,-1.460504237111472,1061,0,-1.3396723659657437,-1.6618731268445075,-1.5193049457844534,-1.3211665098511831,63
I112K,-0.78507500437922,954,-1.8246167260095,1107,0,-1.6284597624403503,-1.7069562825777749,-2.4833972747702933,-1.4796535842495804,112
T210N,-0.789382758975547,955,-0.4010017970061708,840,0,-0.5507728209679427,-1.0168229888054603,-0.6126467632905247,0.5762353850392448,210
P236A,-0.790630644746081,956,-0.8394858653201446,958,0,-1.2116270782763263,-0.468585894435673,-0.9796415399765516,-0.6980889485920273,236
T113P,-0.794620386150807,957,-1.1541143548215849,1017,0,-0.3915743809633119,-1.4563519588186238,-0.9420214150700152,-1.8265096644343888,113
V212I,-0.797811589993747,958,-0.1851561811226929,763,0,0.1589562827743336,0.090849697223807,-0.5200328042347762,-0.4703979002541363,212
N104I,-0.804378172183894,959,-1.1932378430669148,1025,0,-0.794367220463288,-0.5655662522698156,-2.4625797680556567,-0.9504381314788992,104
P174H,-0.817148014255547,960,-0.2221121450117492,780,0,-0.452786661831069,-0.5812181383891739,0.2385310207444588,-0.092974800571213,174
P128R,-0.817274169553141,961,-1.3984629071643353,1052,0,-1.278246416658338,-1.540574953164643,-1.4545790615686556,-1.3204511972657045,128
G144C,-0.81798120471296,962,-0.7958915447928033,948,0,-1.336854956881602,-0.6047840962987123,-0.4745334552078887,-0.7673936707830104,144
P161T,-0.819241421463724,963,-0.4642104220872621,867,0,-1.1596616024706194,-0.8329418647124891,-0.2057956666273633,0.3415574454614231,161
H81P,-0.824413679599066,964,-1.3377173901774255,1042,0,-0.6075424904449449,-1.7286303607209166,-1.3630356355476902,-1.6516610739961517,81
L242P,-0.824847652415125,965,-1.9271102872063368,1117,0,-1.9078049944099345,-1.5683888525180143,-2.031508257351904,-2.2007390445454944,242
L124Q,-0.825256937089688,966,-1.7823536358948893,1104,0,-1.791459563671368,-1.9001853869385896,-1.806439516121491,-1.6313300768481085,124
S85I,-0.826065473389748,967,-1.4265707127352347,1056,0,-0.8003018654552734,-0.8353640074112447,-1.8291655651070904,-2.24145141296733,85
V216A,-0.82612169336163,968,-0.973429513426378,979,0,-1.38701611235082,-0.8579885591918668,-0.6283710763966467,-1.020342305766178,216
I112N,-0.828176713950057,969,-1.5416203128044612,1076,0,-1.5253243408152093,-1.525763364243084,-1.7247208176144155,-1.3906727285451357,112
L109R,-0.8404243255193,970,-0.6866379917320038,929,0,-0.6112912915204021,-1.0472634845438515,-0.9894610868110296,-0.098536104052732,109
N104H,-0.841342595195613,971,-0.1575586500471168,751,0,0.4009550246441778,-0.1478465035411398,-0.7619673886289473,-0.1213757326625579,104
E204A,-0.841355580887876,972,-0.5865675504911475,900,0,-1.0490525463410287,-0.7131048020359823,-0.4923873313346881,-0.0917255222528909,204
G118E,-0.842010744683377,973,-0.1414579383865826,744,0,-0.4174012203439597,-0.7889438289082638,-0.0037775332060223,0.6442908289119152,118
C237G,-0.847026515299612,974,-0.512310517454683,876,0,-0.6231505428420058,-0.3308629847968786,-0.7503780755037087,-0.344850466676139,237
E79V,-0.849620154845672,975,0.1216291213660151,645,0,0.1777342536528799,-0.0982970408838128,0.3187777443837327,0.0883015283112606,79
F51S,-0.852332513077224,976,-1.578554711988463,1078,0,-1.515438734043028,-1.758957077858689,-1.3385232985532864,-1.701299737498849,51
L167W,-0.857442471989585,977,-1.5094124790598158,1070,0,-1.5988106683571703,-1.5589442349671134,-1.8904421210516331,-0.9894528918633464,167
L64P,-0.858353181362239,978,-0.6356993723720796,918,0,-0.448366576219284,-0.2634152539326551,-0.2813218906600407,-1.5496937686763383,64
L47H,-0.869133343945649,979,-1.887801884072728,1113,0,-2.1357902533063364,-1.995173873987233,-1.9191707464837755,-1.5010726625135684,47
G144S,-0.869485078816027,980,-0.3556083791730996,826,0,-0.6997805768026046,-0.4426240026535041,-0.1338792095355395,-0.1461497277007502,144
G18C,-0.871477901087163,981,-1.67786094011237,1091,0,-1.5516494678378998,-2.0434778584476154,-1.183739010574646,-1.9325774235893196,18
S86R,-0.881478746034694,982,-1.062515742397104,1001,0,-0.9722347431455872,-1.261578396903125,-1.2654695454252345,-0.7507802841144705,86
I208F,-0.881957331626013,983,-1.200104746989147,1026,0,-0.6548455380796123,-1.1571102643937836,-1.0043832557388634,-1.9840799297443288,208
L196Q,-0.884657289558882,984,-1.6042948384347435,1082,0,-1.5388924227581045,-2.010095266711135,-1.6596062880314577,-1.2085853762382772,196
T243S,-0.886061693314399,985,0.0058030869910563,687,0,-0.2277120981251943,0.0626449013025904,-0.3847520458554499,0.5730315906422793,243
L246P,-0.886299201729649,986,-1.657654988832579,1088,0,-1.4466996328038086,-1.4303155395688003,-1.7126726149049387,-2.040932168052768,246
D80Y,-0.888221475590641,987,-0.8870650392173393,965,0,-0.7549762438715695,-1.1529059215185284,-0.6616195265101896,-0.9787584649690696,80
G18V,-0.892369895762997,988,-2.1966864893908857,1130,0,-2.409455343499228,-2.392141946197432,-0.970696220617554,-3.0144524472493304,18
L196P,-0.892550354110239,989,-2.482263643327244,1139,0,-1.790303131530731,-2.5093878130360547,-2.771897106944236,-2.857466521797955,196
Y56S,-0.898840286423511,990,-1.4152454410627977,1054,0,-1.328639304718455,-1.4735049523489794,-1.9740469363672344,-0.8847905708165221,56
K127Q,-0.903409559875462,991,-1.0810847658335314,1003,0,-1.0646092084041838,-1.4028695574807484,-1.2824902016708508,-0.5743700957783424,127
P161L,-0.904562516439444,992,-0.5864205739044541,899,0,-1.190474800517709,-0.9117459668853856,-0.4128754737900665,0.1694139455753447,161
T50P,-0.907893811476944,993,-1.73103184378577,1098,0,-1.0740915547637222,-1.178708821369702,-2.6065477198322906,-2.064779279177364,50
L54S,-0.908292969252901,994,-1.0423035613503904,992,0,-1.1468888056685738,-1.330999490898381,-0.8785099288732088,-0.812816019961398,54
V162E,-0.912089967902589,995,0.2380720484285406,590,0,-0.1350533945348634,0.6652566771167413,-0.2617596813094952,0.6838445924417798,162
L209P,-0.912132886513147,996,-2.253725221292312,1133,0,-1.7239582920736043,-2.0830201453857,-2.0561400588723955,-3.1517823888375496,209
M206K,-0.912808914034002,997,-0.1759295866707668,760,0,-0.5123470250359947,-1.014802300732468,-0.4467482873018887,1.2701792663872842,206
S123R,-0.912840586175616,998,-0.5567969433310609,893,0,-0.6523295065068566,-0.60713469262852,-0.3238774841920256,-0.6438460899968412,123
L130P,-0.914548199354206,999,-2.032593493768013,1122,0,-1.7213116762749368,-1.3961640727910238,-3.622134824034635,-1.390763401971458,130
P128L,-0.916728533925301,1000,-0.7389167952237672,941,0,-0.9581540092958004,-0.9880362575743122,0.53679141410117,-1.5462683281261265,128
L130R,-0.921202467339941,1001,-1.9097392911851827,1114,0,-1.9583313504309527,-1.6475877018445857,-2.640496503855162,-1.3925416086100304,130
Y168N,-0.9228155243471,1002,-0.8273728406721478,954,0,-0.9359402994208966,-0.723933767298557,-0.8686629105373235,-0.780954385431814,168
R84G,-0.930347612930908,1003,-0.0437535273928706,708,0,0.3211791758737932,-0.6533579944044481,0.0304529097723341,0.1267117991868381,84
S77F,-0.932027487115918,1004,-1.0580675595183902,999,0,-1.041000233280459,-1.2601815037343969,-0.6691720379011059,-1.2619164631575988,77
L47F,-0.933911135269029,1005,-0.5924838294454624,904,0,-0.2497504714717643,-0.745679391810646,-0.9043644622865672,-0.4701409922128721,47
V107D,-0.936781993388463,1006,-0.9407544614699754,972,0,-0.7855177451136215,-0.9547480672968612,-0.9866527011722422,-1.0360993322971768,107
K127N,-0.937555482724059,1007,-1.0901923548660215,1007,0,-0.91812061272269,-1.3255130271545843,-1.355142215082963,-0.7619935645038497,127
C121R,-0.940227359477608,1008,-1.43478821399829,1057,0,-1.3716021135544734,-1.4311422976099757,-1.4043153956853955,-1.5320930491433145,121
T243P,-0.951726097249974,1009,-1.2316333120057006,1030,0,-1.4361892893308266,-1.1812651135102348,-1.1528573726486069,-1.156221472533134,243
T243A,-0.952174934886942,1010,-0.4037467102995597,842,0,-0.6463391455784823,-0.3684871831424403,-0.6194293388765705,0.0192688263992543,243
C89W,-0.955983808377643,1011,-1.2511115956677898,1031,0,-1.005921583109102,-1.0609944251844277,-1.2065199775182358,-1.7310103968593944,89
L47P,-0.956297384801252,1012,-1.9151446054663488,1115,0,-1.5043911453006067,-1.7765232019847408,-2.114174128810319,-2.2654899457697293,47
R66G,-0.956306755002138,1013,0.880317549794881,242,0,1.3661802122755626,0.9968541921455688,0.7372383530073946,0.4209974417509979,66
K127E,-0.956380684345599,1014,-1.5146400942530105,1071,0,-1.6010831603486004,-1.711773489662039,-1.4243155709969624,-1.321388156004439,127
K127I,-0.958175848132078,1015,-0.9901055249225448,982,0,-1.110986277851901,-0.6178909936101321,-1.2026892952121648,-1.0288555330159816,127
N104Y,-0.968953321659172,1016,-0.628263129737528,916,0,0.0643783991388051,-0.1101327480219475,-1.744888593568419,-0.7224095764985506,104
N213T,-0.972884897066248,1017,-0.1522067788943317,748,0,-0.6662950813924178,0.2379754890316165,-0.4490980475457761,0.2685905243292505,213
Y56H,-0.975018462009039,1018,-0.7096289655131283,935,0,-0.6070010283932111,-0.730124515611684,-1.5649883750967313,0.0635980570491137,56
L246R,-0.975075397705775,1019,-1.4541088677541492,1060,0,-1.6147394410540798,-1.6281665890486252,-1.5343018754083588,-1.0392275655055323,246
L196R,-0.97536065409456,1020,-1.9318277298962516,1118,0,-1.7676806658236763,-2.0991175815491823,-2.1833975524803426,-1.6771151197318046,196
K129I,-0.976825129801547,1021,-1.3787222217988824,1049,0,-1.4180597371465498,-1.569198717666522,-1.1498333303760824,-1.3777971020063762,129
F51I,-0.97873056613987,1022,-1.0845141895631882,1004,0,-0.909089978964618,-1.246974242766537,-0.7084342214863896,-1.4735583150352087,51
L246H,-0.979720583964417,1023,-1.050827842130007,996,0,-1.2309975070673298,-1.0655915278142196,-1.2044019584844197,-0.7023203751540591,246
D63V,-0.982169033754608,1024,-1.7818054643846657,1103,0,-1.9462873496347304,-1.93125812402758,-1.4813186101944549,-1.768357773681897,63
Y170D,-0.983207519176915,1025,-1.349029876738958,1044,0,-1.759333395642829,-1.135806090915098,-1.1254296043994645,-1.375550415998441,170
L203P,-0.990049568090424,1026,-1.4449710528349282,1058,0,-1.3461187106879733,-1.663773328844793,-0.8330775359915504,-1.936914635815396,203
L192P,-0.99058741974658,1027,-2.0978745738206186,1126,0,-1.893252579454136,-2.119833484883185,-1.5336299140081455,-2.844782316937008,192
R59G,-0.991942136754358,1028,-0.5006777982068508,873,0,-0.4066876279643555,-0.6171771446824527,-0.2394859503710374,-0.7393604698095575,59
L209R,-0.996110969672541,1029,-1.867259385406104,1110,0,-1.9430510916459771,-1.5974828853407903,-1.5541652079722272,-2.3743383566654197,209
F116S,-1.00390621155478,1030,-1.6314287019721398,1086,0,-1.8087970681153949,-1.262306530262105,-1.7403451720471286,-1.714266037463931,116
E204G,-1.00572663677726,1031,-0.7215768338171993,940,0,-0.5743809255301606,-0.6041555813214968,-1.1568952248832145,-0.5508756035339256,204
S77P,-1.00718632252717,1032,-1.3371300321373634,1041,0,-0.6348835083351341,-2.031609607648605,-1.0452817172007238,-1.6367452953649908,77
C20R,-1.00964138027773,1033,-2.161222594466372,1127,0,-1.7489139170270434,-2.0482620250212187,-3.646639841726554,-1.20107459409067,20
L54W,-1.01124005974047,1034,-1.0057890762234445,989,0,-0.9243601990872264,-0.7792851933127493,-1.167430193096358,-1.1520807193974436,54
E67V,-1.01433145154342,1035,0.6196688672681668,370,0,0.3987782264057987,0.5554285291337229,0.5849855077937801,0.9394832057393656,67
I132N,-1.0203203125819,1036,-1.3577465775567463,1045,0,-1.6028098102757191,-1.0008142403284856,-1.7681613532619394,-1.059200906360841,132
L242H,-1.02166300067198,1037,-1.3958701108019915,1051,0,-2.112824677545698,-1.1906354520183744,-1.8745647362917957,-0.4054555773520995,242
S191P,-1.021837908027,1038,-1.2636410426607425,1032,0,-0.6612004738437041,-1.317886631389549,-1.5541439295241413,-1.521333135885576,191
L192H,-1.02426521812389,1039,-2.230194370131444,1132,0,-2.061152608172587,-2.036856341371448,-3.446366792258324,-1.3764017387234178,192
T210S,-1.02524871955741,1040,-0.0352242236258286,706,0,-0.2786243305337814,-0.5635127721110552,-0.0528460652299659,0.7540862733714878,210
N104K,-1.02606683338085,1041,-0.3968565778295804,836,0,0.0794382154274129,-0.0202025644154286,-1.3909182866729428,-0.2557436756573631,104
P161Q,-1.0287707067596,1042,-0.609967933928133,911,0,-1.150438193749045,-0.7655471725627461,-0.7561571490725459,0.2322707796718048,161
D80A,-1.03579776760336,1043,-0.6458163432751238,920,0,-0.3096874341432102,-1.0871794025197743,-0.3638451979708667,-0.8225533384666444,80
S191L,-1.04175879711397,1044,-1.3136068605492877,1038,0,-0.6852287331527935,-2.141263112932421,-0.3958138626508375,-2.0321217334610986,191
H257C,-1.04331891748505,1045,0.1116081096500516,653,0,0.4860299268919693,0.0973828992508042,1.2485894420652546,-1.3855698296078216,257
E245K,-1.04348452702091,1046,0.5191070574429459,435,0,0.2672828626602213,0.0446754593640843,0.0611436837853679,1.70332622396211,245
E57G,-1.04764890245315,1047,0.1856890243039177,615,0,0.2562116871419954,-0.0240878055166786,0.5268670730115775,-0.0162348574212232,57
T65I,-1.04841759415016,1048,-0.3974258657918945,837,0,-0.1668892030960781,0.1257191119399841,-0.7907208599439264,-0.7578125120675578,65
C237R,-1.05032819019342,1049,-0.7530189675628177,943,0,-0.9740671118856008,-1.1759130476331077,-0.8293079155936781,-0.0327877951388845,237
S240P,-1.05087258493576,1050,-1.055387429772878,997,0,-0.998604187189946,-0.8018808035934324,-1.3913125358540095,-1.0297521924541242,240
I132T,-1.05143534065367,1051,-0.8034120260782389,949,0,-0.7750882822455635,-0.4884519362135278,-1.320250690574598,-0.6298571952792671,132
I208S,-1.05173713127125,1052,-1.5027857570052854,1068,0,-1.7250246210983624,-1.5604327969210567,-0.9638966223161236,-1.7617889876855983,208
F248S,-1.05218270213039,1053,-1.8841711565160968,1112,0,-1.6914712218907018,-1.1725449029449304,-3.347265527402978,-1.3254029738257798,248
V58A,-1.05962906327059,1054,-0.5548348051591767,892,0,-0.2229216702077141,-1.0091409458645768,-0.0329445531659238,-0.9543320513984924,58
K159E,-1.06843643187655,1055,0.3779455301298496,525,0,-0.3050881352838848,0.3680290253990282,0.2412971519601846,1.2075440784440703,159
F116C,-1.07655240257558,1056,-1.0883592806813922,1005,0,-1.033065282792929,-0.4715282388586536,-1.300943151273933,-1.5479004498000533,116
M12R,-1.0768140738366,1057,-0.520418175342943,879,0,-1.534050196431013,-0.044072097543211,-0.9075566565369564,0.4040062491394086,12
F131C,-1.07742605891027,1058,-0.7622609868077215,945,0,-0.7215134374706349,-1.3214644466867256,-1.0080061902187516,0.0019401271452263,131
H81R,-1.07925424329899,1059,-1.161275160029381,1018,0,-0.715983521963835,-1.2559662301638856,-1.2683028804618657,-1.404848007527938,81
C89Y,-1.07939723298516,1060,-0.7440737799990037,942,0,-0.7372554475194437,-0.7008066519610546,-0.5297487839481698,-1.0084842365673463,89
N213P,-1.07968364717616,1061,-1.83801846062568,1109,0,-2.4217803724316305,-1.7257220505081643,-1.452343440942474,-1.752227978620451,213
Y247D,-1.08082935975655,1062,-1.1511822188547562,1016,0,-1.4694631294748477,-0.9429220487295218,-1.3172602204279356,-0.8750834767867197,247
H254T,-1.08472805456208,1063,0.2603744892338158,582,0,0.5803875312614125,0.2071221111224223,1.2485894420652546,-0.9946011275138262,254
M73K,-1.08575556549905,1064,-1.2794844208466638,1033,0,-1.5098428735021423,-1.5034351833588329,-1.6261011179019094,-0.4785585086237699,73
C121W,-1.08944590900187,1065,-1.7181462665205691,1094,0,-1.3506331161979324,-1.8289557597282635,-2.14311099980193,-1.54988519035415,121
E204V,-1.0918350490145,1066,-1.1178842774571274,1010,0,-1.688295631156903,-1.1403989703217234,-1.2094091415626351,-0.4334333667872478,204
L242R,-1.09913367076841,1067,-1.7415530307561184,1099,0,-2.012331573321789,-1.5535469557596095,-2.1846857652762663,-1.2156478286668084,242
D80G,-1.09944546691075,1068,-0.6919213540653192,932,0,-0.3615955072996101,-0.873102232782317,-0.6251005687117374,-0.9078871074676124,80
K55I,-1.10230674541213,1069,-0.7179021199534323,939,0,-0.882845868572088,-0.6340737637240792,-1.3415570362418343,-0.0131318112757281,55
F51C,-1.10604418697618,1070,-1.133816698209666,1013,0,-0.717509262618379,-1.5976138052589683,-1.0176082812242273,-1.2025354437370903,51
T218P,-1.11596921194003,1071,-0.9751802032823692,980,0,-0.96627833411595,-1.2006251137827189,-0.335024327616631,-1.398793037614177,218
E68V,-1.11665355495874,1072,-0.3472095959258496,822,0,-0.6664365476371555,-0.1396184226872444,-0.3335984488927861,-0.2491849644862123,68
N213D,-1.11732570529485,1073,-0.6238902218193754,913,0,-1.0239143211116888,-0.7423953389484715,-0.6680524251619637,-0.0611988020553774,213
E79K,-1.11874358289086,1074,0.5311466572511986,427,0,0.6779770612158644,0.0352379219226101,0.4282291853494265,0.9831424605168932,79
V76G,-1.12120762439219,1075,-0.878358621577332,964,0,-0.7768832712509096,-1.0348829816171663,-0.6494189564323242,-1.052249277008928,76
L64H,-1.12506354123394,1076,-0.2594394096854027,790,0,-0.1059396957779214,-0.0661770686618385,-0.5371670359032835,-0.3284738383985674,64
I112R,-1.14257679273775,1077,-1.7203247022672723,1095,0,-1.503587453800214,-1.7570869352703575,-2.142613032248021,-1.4780113877504963,112
Y10S,-1.14924833272002,1078,-2.399745237657972,1137,0,-2.2803043882869964,-1.692020729635018,-3.798740730167369,-1.8279151025425049,10
M241K,-1.15735699332411,1079,-0.1599203755436228,752,0,-0.4574256664565858,-1.1559290040314674,-0.2080944699901292,1.181767638303691,241
T210P,-1.15929993074618,1080,-1.4029202955432198,1053,0,-1.478248564143723,-1.5756977612708445,-1.4303979079236169,-1.1273369488346952,210
L124P,-1.16011568411967,1081,-2.4986860663143378,1141,0,-1.918840340881176,-2.332665549061036,-2.18832193301774,-3.5549164422974,124
I69N,-1.1604926308431,1082,-1.516990188158444,1072,0,-1.6980752470657203,-0.9214173963628476,-1.7872712132067603,-1.6611968959984476,69
Y56N,-1.16566944142872,1083,-1.3767419738781497,1048,0,-1.313973227076018,-1.605352737500162,-1.8782137666406615,-0.7094281642957564,56
V58D,-1.16636903983345,1084,-1.503391596788616,1069,0,-1.2561579316150746,-1.0482117223573029,-1.828106703510064,-1.881090029672023,58
C193W,-1.17189955771693,1085,-1.6692622837644322,1090,0,-1.4582109587784986,-1.5829150012384592,-1.3318919856685407,-2.3040311893722305,193
V76D,-1.17669546159693,1086,-0.9816305729689414,981,0,-1.4693012594448112,-1.0298970940311123,-1.1572740110327522,-0.2700499273670895,76
C193R,-1.182925597695,1087,-1.0663024897428788,1002,0,-0.9398958044439536,-0.978811247628098,-0.9075012421208404,-1.439001664778623,193
K129E,-1.18892321779924,1088,-1.666522920285309,1089,0,-1.5992223351293575,-1.7528666932020027,-1.6368371589523298,-1.6771654938575444,129
D63Y,-1.19082626513819,1089,-1.3223380423334496,1040,0,-1.3916804720802016,-1.4447497710791382,-1.291290272537016,-1.1616316536374427,63
F51V,-1.20429336998485,1090,-1.1065700528956046,1008,0,-1.1743102144728403,-1.2790165822097042,-0.4986747498666029,-1.4742786650332709,51
L130H,-1.20885669703897,1091,-1.592240316085391,1080,0,-1.854649977921312,-1.333681734459249,-2.144011366168724,-1.0366181857922792,130
L209H,-1.21064582128313,1092,-1.6018961025964955,1081,0,-1.7804488649727668,-1.8849239005372929,-0.8899507273640245,-1.852260917511898,209
D165V,-1.21326271910694,1093,-2.08843240159183,1124,0,-2.3419851944753063,-1.93317372837118,-2.091836037350087,-1.986734646170748,165
D148V,-1.21397689451374,1094,0.1393634580349914,636,0,-0.0281564806798097,-0.4614647949013317,0.2111056929617329,0.8359694147593741,148
D165H,-1.21889218186328,1095,-1.088644120817788,1006,0,-1.4851124519283068,-1.1060266538147991,-0.7210614291638526,-1.0423759483641934,165
K129Q,-1.24305454645393,1096,-0.8420633649760905,959,0,-1.0333494123044755,-1.569814314549344,-0.1290717821934608,-0.6360179508570818,129
K127T,-1.24798471737076,1097,-0.9586352953791882,977,0,-0.9952416433727173,-0.8850934539029561,-1.285087295361249,-0.6691187888798306,127
L242V,-1.2493666452914,1098,-0.5850098922319886,897,0,-1.028196667570184,-0.7857877148655622,0.0447534585964243,-0.5708086450886328,242
M12K,-1.25019404280389,1099,-0.8953885600459754,966,0,-1.499224308351936,-0.1845601004444156,-1.5674674122246703,-0.3303024191628799,12
D148N,-1.25548179686831,1100,0.2377864772154316,591,0,0.332656849205264,-0.2952217139406982,0.0758523291225862,0.8378584444745745,148
C121G,-1.25835501896544,1101,-1.4240181682346302,1055,0,-1.4562341312385705,-1.0719338153115765,-1.820387511363396,-1.3475172150249788,121
Y168D,-1.25898562485185,1102,-1.379175265448588,1050,0,-1.6017183981975671,-1.4783380586263424,-0.914485333422751,-1.522159271547692,168
M195R,-1.26074220660436,1103,-0.3328081322788439,818,0,-0.4575482251936134,-0.8688782643405796,-0.378869908381642,0.3740638688004594,195
Y168S,-1.27113986794439,1104,-0.4295213848742757,853,0,-0.77824322434864,-0.4789562673472834,0.0961049745973856,-0.556991022398565,168
I160K,-1.27858855625969,1105,-0.5509074408438237,890,0,-1.355641184491933,-1.1125582410799968,-0.8656904325394729,1.130260094736108,160
D165A,-1.29156729193257,1106,-1.6543084199618292,1087,0,-1.91973495164886,-1.5215128143378835,-1.6272039168601,-1.5487819970004737,165
T125P,-1.29864817406754,1107,-0.3283668330108326,816,0,0.1096313288367512,-0.5012254473196419,-0.1603934651391091,-0.7614797484213307,125
D165G,-1.31473997674389,1108,-1.4790283010822218,1065,0,-1.325335414982698,-1.2510059303417265,-1.2000056562528123,-2.1397662027516517,165
E204K,-1.31703734042423,1109,-0.714280996428341,937,0,-0.716308567866167,-0.9807228771734235,-0.946597644273267,-0.2134948964005064,204
V212D,-1.32592276685269,1110,-2.706632553267754,1142,0,-2.760395499318628,-2.106740996215512,-3.2424911561995597,-2.716902561337317,212
C20Y,-1.33313351091623,1111,-1.4683727733376652,1062,0,-1.2675955319122183,-0.8340394058861406,-1.899193717116325,-1.872662438435977,20
V216G,-1.37377727089834,1112,-2.094434024381795,1125,0,-2.7758945410921005,-1.4362596019639926,-2.1904938061710717,-1.9750881483000144,216
S9T,-1.37577881248466,1113,1.310178185389204,36,0,1.3977301570034806,1.3919896416894335,1.1125164368003957,1.3384765060635062,9
D148A,-1.42073924316102,1114,0.1744412682826197,621,0,0.0082650650247683,-0.3707559234702747,0.2249262682134894,0.8353296633624958,148
L192R,-1.43013146099272,1115,-2.3934333069868368,1136,0,-2.2530966207173315,-2.112169328534538,-3.3613344471837543,-1.847132831511724,192
V216E,-1.43508270220116,1116,-2.026495932100926,1121,0,-2.602545069396066,-1.5608747448042442,-2.1927337439681063,-1.7498301702352868,216
Y10N,-1.44892944489427,1117,-2.1868333018337105,1129,0,-2.31702314913076,-1.3159091692477958,-3.3159042758450545,-1.798496613111232,10
G118A,-1.46258998451945,1118,0.3692483456272294,530,0,0.113988461969628,0.7419946915675993,-0.0940814336656463,0.7150916626373366,118
N213H,-1.46890497540192,1119,-0.2717430751610666,794,0,-0.6571433035597657,-0.0993607962721278,-0.4436847717138789,0.1132165709015058,213
V162G,-1.47220255736198,1120,-0.2870720361047651,798,0,-0.6071910556469599,-0.1686883582954778,-0.509966078934948,0.1375573484583252,162
Y10D,-1.48424001485477,1121,-2.488463255451018,1140,0,-2.533710424031554,-1.7367709960127642,-3.3159042758450545,-2.3674673259147,10
L124R,-1.48548851871802,1122,-1.8359476625667988,1108,0,-1.816733596495656,-2.015215303738967,-1.5286635171389609,-1.983178232893612,124
D148G,-1.49016419489635,1123,0.1696635902083756,622,0,-0.0304966996359081,-0.3108998088861815,0.2077018821549849,0.8123489872006074,148
M241R,-1.49216060305358,1124,-0.0710862311054939,721,0,-0.3560890153383332,-1.195937832917066,0.0931530473983536,1.17452887643507,241
Y10H,-1.49309447927604,1125,-1.1834103923546295,1021,0,-1.4429156283974487,-0.3945517986175257,-2.5202378027341883,-0.3759363396693564,10
T113N,-1.51022195098139,1126,-0.4594336292806079,864,0,-0.1563530148283842,-0.8441493052983002,-0.5686884559882441,-0.2685437410075031,113
I132S,-1.52569610633969,1127,-0.9525462407209436,976,0,-1.0107555935119803,-0.3654063418420694,-1.569220909806224,-0.864802117723501,132
V212G,-1.52639440123783,1128,-2.0787879529577573,1123,0,-2.285150695371148,-1.806075081883804,-2.235020263586005,-1.9889057709900728,212
H256T,-1.53001680066222,1129,0.0803021986337571,665,0,0.4496903499941976,0.0521983861615269,1.2485894420652546,-1.4292693836859507,256
K244I,-1.53231629676261,1130,-1.8207838970426715,1106,0,-2.125077395463003,-1.8149080773501585,-1.5876679682143866,-1.7554821471431377,244
L19F,-1.53520797473754,1131,0.2319255964996502,595,0,0.6475145566292271,0.4933352241831021,0.0992067233485223,-0.3123541181622506,19
C20W,-1.54661544733533,1132,-2.012802598966914,1120,0,-1.82495224121398,-1.9118084423690185,-2.1640193071141742,-2.1504304051704843,20
L47R,-1.63844398691574,1133,-2.371186262915904,1135,0,-1.97363522319678,-1.975267587376845,-3.828356560950467,-1.7074856801395242,47
F87C,-1.66911879570832,1134,-0.1424553933185858,745,0,-0.6615513373357009,-0.8320589626456812,0.6965553596090767,0.2272333670979623,87
Y10C,-1.71861389747943,1135,-1.9226467818837727,1116,0,-1.452606338212458,-0.8970772222768298,-3.798740730167369,-1.542162836878435,10
M206R,-1.72188457834457,1136,-0.1385114393704832,740,0,-0.5806331078314882,-0.9056940880869874,-0.1028168953670096,1.0350983338035522,206
G18R,-1.7273262468915,1137,-1.107856180157384,1009,0,-0.4679505918347947,-1.6628767634089148,-0.3845779169267428,-1.916019448459084,18
K159Q,-1.75418507822014,1138,0.4675776619136463,472,0,0.3207096439664993,0.6518303675002011,-0.1663482314536039,1.064118867641489,159
I21R,-1.81800752729198,1139,-1.470429309749695,1064,0,-1.598153829700834,-1.0684253105593176,-2.5078105354861613,-0.7073275632524672,21
A164P,-1.87546144973317,1140,-0.6515930234215885,923,0,-0.7598684186650726,-1.0293269589035594,0.1109406402464632,-0.9281173563641852,164
I22R,-1.87777731400227,1141,-2.304770389785024,1134,0,-2.6168724986126386,-1.9738247356030632,-2.775473581190472,-1.8529107437339245,22
A217P,-2.29644899317928,1142,-1.227328927637387,1029,0,-1.70404017127509,-1.895779819900669,-0.2911028922737012,-1.0183928271000895,217
