mutant,DMS_score,DMS_rank,avg_score,avg_rank,DMS_score_bin,MSA_Transformer_ensemble,SaProt_650M_AF2,GEMME,ESM-IF1,Residue
C13P,1.304883079,1,-0.3174176586466227,2711,1,-0.9493695151044144,-0.2034694991802647,0.2630286980395196,-0.3798603183413314,13
H396T,1.304883079,1,0.2502529649543331,1764,1,0.2385353774968159,0.5462787214762943,0.2634088079838552,-0.0472110471396329,396
N196D,1.27931265,3,1.3536911409876855,192,1,1.6733539915876403,1.3600740117166412,1.1985830332220695,1.1827535274243903,196
C151Y,1.27931265,3,1.3607161426347685,190,1,1.3880774546737478,1.340749279893253,1.04805917950937,1.6659786564627026,151
S18P,1.274776053,5,0.0033010559276507,2197,1,0.1434658954948464,0.15013487391683,0.4882172439678866,-0.7686137896689603,18
Q261R,1.247087548,6,1.7359009509607704,41,1,2.7142755607398623,1.247617070671696,1.275715861713106,1.7059953107184171,261
E325L,1.237424954,7,-0.1274021036620798,2415,1,-0.177007009748815,-0.7049074046170728,-0.2553090202633315,0.6276150199809002,325
L14G,1.2048516740000002,8,-0.0005275157366553,2205,1,-0.7954754914927913,0.0243198993631024,0.0477414320774221,0.7213040971056455,14
Y243V,1.198308519,9,0.5723422083442706,1203,1,0.5901627873364786,0.8386559430817386,0.2923691897580909,0.5681809132007744,243
V75I,1.198189197,10,0.8359475791629132,797,1,0.9778976853736818,1.2434307249416308,0.8752860954850493,0.2471758108512908,75
G171R,1.194178198,11,0.3442308496519253,1589,1,0.6584982921017649,0.4099009955071582,0.6373013502888942,-0.328777239290116,171
P279H,1.194169528,12,1.5078693579571991,128,1,2.6277126469049548,2.1772703417536494,1.304262898691473,-0.0777684555212797,279
P402A,1.193823902,13,0.3477266721624678,1580,1,0.9098453913209082,0.1192658335751333,0.537076611611574,-0.1752811478577448,402
S286A,1.190708208,14,0.8193508907635858,818,1,0.9923022035311018,0.9619362214800976,0.990231100300219,0.3329340377429247,286
I169L,1.188411468,15,1.122463512040845,405,1,1.3749457653386614,1.3620110505922292,1.0505221313123791,0.7023751009201109,169
C372E,1.186418454,16,1.3353207861698615,204,1,0.8829952930852267,1.7405729205628309,0.9923336811007571,1.7253812499306322,372
P279N,1.182450444,17,1.6465322602622376,66,1,2.6493180630209348,2.5989571677265237,1.2984557711205138,0.0393980391809787,279
W20N,1.180326824,18,-0.1635749923346935,2472,1,-1.4130071596086375,-0.2250547847271309,0.3114558261196817,0.6723061488773127,20
H184G,1.178554168,19,2.2170925513053,6,1,2.189764658457796,4.1408216356954,0.7099528832253168,1.827831027842688,184
I488E,1.178123337,20,0.9107382451201884,682,1,0.9402429595515948,0.7846376998912485,0.6934953761258812,1.2245769449120294,488
S286M,1.177519813,21,0.185424956094348,1869,1,0.7886911794133947,0.5744521283228754,0.0055494813526041,-0.6269929647114824,286
N466D,1.176562296,22,2.0353243607477203,10,1,2.8400323271413344,2.3415270476058856,1.327688744566349,1.6320493236773124,466
M257T,1.17498388,23,1.514363680939797,125,1,2.003645996648438,1.818975271144742,1.0479779457388998,1.1868555102271063,257
V490K,1.16955966,24,1.4271827892229787,155,1,1.4578310093111488,1.2393140026863312,1.4253519249148043,1.5862342199796302,490
D349N,1.152900739,25,1.08064496380037,459,1,1.1164982816489102,1.2038475368580313,0.8698125210475931,1.1324215156469448,349
C372R,1.152595338,26,1.7720135539938582,34,1,1.9041939869696791,2.3553388721951487,1.1607674504281638,1.66775390638244,372
F482K,1.150278182,27,1.9307764607954747,17,1,2.4701799931488355,1.9675300926411816,1.5970426492781284,1.6883531081137528,482
F482P,1.1501240659999998,28,2.253752637104402,4,1,3.660021222254641,3.089174312965737,1.639066609301401,0.626748403895829,482
D349T,1.148511453,29,0.1773072477121845,1884,1,-0.2048455045762347,0.1340987132000967,0.0102987509159202,0.7696770313089559,349
D224Q,1.147761402,30,1.3133474794219506,218,1,1.480015746083108,1.461799029691627,0.8769724757282237,1.4346026661848434,224
M255L,1.146714423,31,2.259061039485135,3,1,3.020266063833148,2.585394447896494,1.1413609624551169,2.2892226837557823,255
D262C,1.1461558859999998,32,-0.362667505954372,2788,1,-0.7581527952259065,-0.4372137131855733,-0.5386198431143193,0.2833163277083108,262
S220C,1.146147259,33,0.7750456102797041,874,1,1.4407764390836584,1.269417017441482,-0.1353443284734916,0.5253333130671677,220
V370L,1.145927724,34,0.2527641022417659,1759,1,0.5266248751123984,0.1169181835625491,0.9253661080706328,-0.557852757778517,370
D349R,1.145776546,35,-0.1052486268035507,2377,1,-0.7305864406671179,-0.2154006866030653,-0.2567907753505659,0.781783395406546,349
V6M,1.144019495,36,0.9431098479782308,637,1,0.8925300165125946,0.8205772036740633,0.9706773944850114,1.0886547772412545,6
S162C,1.142582075,37,0.7476287073508097,919,1,0.5606328040690942,0.4820526057547553,0.8050662853172116,1.1427631342621771,162
V490R,1.14255766,38,1.7416128042243644,40,1,1.5462230173430696,2.073534745107854,1.4253519249148043,1.92134152953173,490
L461V,1.142449345,39,0.7506152794697133,912,1,1.4814043817997895,0.8925493326371917,0.987353594774786,-0.3588461913329142,461
D143E,1.141379894,40,1.8750630002074735,21,1,2.2044423918197595,2.32995435413248,1.177930584698037,1.787924670179618,143
V479L,1.140476568,41,1.118270041048355,411,1,1.323308014898738,1.074386501432986,1.1570970885089662,0.9182885593527298,479
H184N,1.138305042,42,1.8788405778261492,20,1,1.8773690729468129,2.4633769652717,0.7989788351014968,2.375637437984588,184
C372K,1.138129145,43,1.6972460811210195,50,1,1.4891815640693804,2.4366906221222084,1.0687955179580966,1.7943166203343928,372
F69I,1.136628525,44,1.1269932576221249,392,1,1.165327587513998,1.514990259809502,1.2878257464929463,0.5398294366720533,69
C151H,1.136600118,45,1.023943060457356,522,1,0.8243164122718637,0.8749377399669355,1.092847983314,1.3036701062766247,151
R342K,1.136547336,46,0.9243883924138316,661,1,0.8455814506290585,0.6903511133743797,0.9665982953502882,1.1950227103016,342
M406H,1.13595672,47,1.2591355679148677,259,1,1.0191452099817997,1.5396359238508368,1.031750652631177,1.4460104851956574,406
Q340N,1.131963866,48,1.0950943552013197,440,1,0.5685133826093124,1.7450079442736193,0.4826544825786152,1.5842016113437318,340
V479R,1.131815075,49,0.7036687392256729,986,1,0.5419016269819383,0.50696348335207,0.7500138470981639,1.015795999470519,479
I47Y,1.131604501,50,0.6923820787054953,1003,1,0.8350994643588764,0.818979679656432,0.2042721155702538,0.9111770552364188,47
I215F,1.131434586,51,1.2618723733752422,256,1,1.5886475828155229,1.6394667460734236,0.9151362902748964,0.904238874337126,215
R26E,1.129613106,52,0.5728059686577074,1201,1,0.5171434936346788,0.286342223209736,0.9179815789764038,0.5697565788100111,26
L90Q,1.128797829,53,2.006556908480581,14,1,2.6817895176724185,2.643049781241361,1.4036112181104377,1.2977771168981065,90
D224N,1.128400483,54,1.45400656763844,148,1,1.7671177615004885,1.5135381752139174,1.058093390737894,1.4772769431014603,224
N398E,1.128301968,55,1.847970591905524,25,1,2.228226242344214,2.342881960592217,0.9859681904127826,1.8348059742728813,398
F134V,1.12683622,56,0.5824051369960319,1188,1,0.2004055579216736,0.6682997522204757,0.7352885647483473,0.7256266730936313,134
H184D,1.126237721,57,1.510653413845633,127,1,1.4714887541337025,2.728159391273256,-0.1293750631081935,1.972340573083765,184
S162A,1.125574694,58,1.14233376526941,372,1,1.126646842343224,1.018699704891474,1.0016392738792057,1.422349239963737,162
L90N,1.124093146,59,1.6765426733932005,52,1,2.294280607460628,1.684937174262642,1.3981982090739888,1.3287547027755426,90
I222Y,1.123987688,60,0.8087259652655274,833,1,0.8232148123643191,0.9425898662121428,0.5474649598226478,0.921634222663,222
F482S,1.123785927,61,2.2867102628605886,2,1,3.338142915086099,2.827968190469435,1.438829703932187,1.5419002419546337,482
V8C,1.123367285,62,0.6581346635173965,1069,1,0.1638362102469921,1.20296616391858,0.3741710092837932,0.8915652706202204,8
H78S,1.12331717,63,0.6395033253196278,1101,1,0.76548392730462,-0.2511663994815606,0.6752342973273396,1.3684614761281122,78
S162K,1.123023615,64,0.9169311199299384,676,1,0.8228361696790785,0.4732650521089288,0.5897596481289606,1.7818636098027854,162
K421A,1.122217524,65,0.0837013934485431,2055,1,-0.1609841127537089,-0.2260589694593301,0.1348805565257245,0.5869680994814871,421
C13V,1.121304962,66,1.162669187282035,350,1,0.7315835268397235,1.6307092928649447,0.9282787332429648,1.360105196180507,13
A161G,1.120995359,67,1.5848333356284467,93,1,2.0132726061560424,1.8404334771137485,1.4074296494293226,1.0781976098146735,161
L90K,1.118660648,68,1.5614502443059783,105,1,1.9194884264210568,1.7680135152328835,1.26114693269686,1.297152102873112,90
M269I,1.116888319,69,2.0366551344293304,9,1,2.4813892992059032,2.8403333195878435,1.3570224472905126,1.467875471633062,269
S18V,1.116293144,70,0.976707798747918,585,1,0.9516427107479186,1.402692113843542,0.8429152254272296,0.7095811449729823,18
V5C,1.116184366,71,0.5681146510804457,1208,1,0.074662039756322,0.9865853415905526,0.4309299621158173,0.7802812608590909,5
S53K,1.112960469,72,-0.4017852788034027,2848,1,0.1283652376721165,-0.8165698012290775,0.3854718239931994,-1.3044083756498492,53
C164I,1.112718504,73,0.5977496373714727,1163,1,0.5804076880867752,1.0058287344506325,0.8231595023140289,-0.0183973753655461,164
H410N,1.11236264,74,1.873741436923524,22,1,2.5682302305564457,2.2259863556668296,1.0500387047615425,1.650710456709278,410
L19Q,1.111710769,75,0.2447385570140158,1778,1,-0.5824590154613881,0.2539354413147983,0.5655429900535082,0.7419348121491451,19
F482A,1.111160228,76,1.997825885964336,16,1,2.7686886770449406,2.3614401647366936,1.373918543449136,1.487256158626573,482
C372Q,1.110547311,77,1.5536321391397985,108,1,1.5362498596653364,1.8725699659516024,1.1793948300825354,1.6263139008597185,372
Q192P,1.109868797,78,1.206392734228611,308,1,1.375366183942332,1.5578293076821048,0.9674060637541542,0.9249693815358524,192
V248I,1.1096243959999998,79,1.250452657445454,269,1,1.6549035193559016,1.5144337741037417,1.1829145466234294,0.6495587896987435,248
D349H,1.109111874,80,0.4010026366033082,1487,1,0.2075286696087244,0.4586746496239671,0.173687043253457,0.7641201839270841,349
S23F,1.108054886,81,0.921629261943114,666,1,0.5786637790708017,0.9485013008936533,0.8433286431550249,1.316023324652977,23
S162R,1.107714068,82,0.7534820885276736,909,1,0.6935121377095573,0.2126677333429346,0.5516882594953014,1.5560602235629009,162
C151F,1.106751213,83,1.1262497030247482,395,1,1.2250205656595603,0.8163501215166952,0.7339400556602123,1.7296880692625245,151
C266W,1.10660864,84,-0.4559380038969255,2932,1,-0.0015358115192847,0.0514106611770751,-0.2093627255412626,-1.66426413970423,266
L380I,1.1059962840000002,85,1.2913233363794436,230,1,1.392182969969782,1.4729417814719412,1.0493883300825386,1.250780263993513,380
D143Q,1.105390899,86,1.0376723923573945,502,1,0.9990417306197544,0.982376334758364,0.7122943862155652,1.456977117835894,143
S286Q,1.104584488,87,0.7392792410059333,929,1,1.068795320157672,1.2019043389827526,0.8595030253255453,-0.1730857204422365,286
S343P,1.104342652,88,0.529417658089124,1281,1,1.0729067755216402,0.6975722727292732,0.5616857967583444,-0.2144942126527618,343
L90S,1.104226889,89,0.9085712344620394,687,1,1.5391567655777452,0.9503242978564878,0.5624104574179083,0.5823934169960163,90
I74V,1.103775465,90,1.8142365428134168,29,1,1.902512968684709,2.151905840439976,1.3498113220978676,1.852716040031115,74
L67V,1.102906191,91,1.436448206352892,152,1,1.83866426735986,2.5118824351193627,1.2469380768414575,0.1483080460908872,67
F482Q,1.102133302,92,1.9235018046342112,18,1,2.679397422301012,2.264922346690527,1.3962945888601177,1.3533928606851882,482
F482R,1.100700598,93,1.751286571948385,37,1,2.518469785887236,2.152323715179868,0.98036642532844,1.353986361397996,482
H78C,1.100526632,94,0.7777864553773034,871,1,0.9622394150163298,-0.1251999938702173,1.0179478644234194,1.2561585359396816,78
H344D,1.100503702,95,0.89660630242438,704,1,0.9199310543041148,0.8610907689120453,0.7852953154602539,1.020108071021106,344
F482T,1.100454533,96,1.8926198918403536,19,1,2.813588317357187,2.152001003679764,1.3479543820175666,1.2569358643068964,482
N56Q,1.099162193,97,1.2513977994625771,268,1,1.20957704516126,1.4352434146578554,1.0687920705750458,1.2919786674561482,56
I215V,1.0990853740000002,98,1.499174130754777,134,1,1.759294119663133,1.7896791355583257,1.1912916164857044,1.2564316513119451,215
L14P,1.098245092,99,-0.7906888823172057,3316,1,-1.0910302375402492,-0.8148225197950509,-0.1877832894911175,-1.0691194824424048,14
E253I,1.097437097,100,0.4134952464071879,1470,1,0.1854680251137666,0.6721948509053786,0.0905185620987865,0.7057995475108199,253
E328K,1.097158575,101,0.724779494731119,953,1,0.6315387179254557,0.7628826401789921,0.513223646137306,0.9914729746827226,328
S3V,1.09644016,102,1.6467163124858628,65,1,1.848315914498109,1.7787080491579808,1.4253519249148043,1.5344893613725576,3
D349K,1.09561906,103,0.2855322407880759,1698,1,-0.3689625037637728,0.2476716047379348,-0.027056670730542,1.2904765329086838,349
Q22K,1.095544171,104,1.618327282486522,74,1,1.4865489552775315,2.1495916967246225,1.4373617606295617,1.399806717314373,22
S51N,1.095361276,105,1.0846865208415502,456,1,0.9081584259879008,1.510276800777093,1.1699304767865906,0.7503803798146159,51
S286C,1.094868266,106,0.591127949637888,1170,1,0.8886587814047293,1.051097850797715,0.3161854069229862,0.1085697594261215,286
I374L,1.094211717,107,0.7328328578518207,937,1,0.7930485787181962,0.7786203571933158,0.9587594955894214,0.4009029999063495,374
F482N,1.094196661,108,1.7656478994541476,35,1,2.5179278367044864,1.803628767765671,1.3794224103997663,1.361612582946666,482
S286H,1.093360699,109,1.039502728899899,499,1,1.461016177042809,1.4851037472826134,1.2230192959624568,-0.0111283046882824,286
F69L,1.093336453,110,1.5906166858532167,87,1,1.7752490095114948,1.9624236793866512,1.278686021162871,1.3461080333518498,69
L11C,1.092856517,111,0.7166430309884179,963,1,0.4652142889802103,0.7874524966412517,0.7910548449304701,0.8228504934017392,11
K270Q,1.092012282,112,1.1042894621841706,426,1,1.1524740901971295,0.8573965071735821,1.0170553287370143,1.390231922628956,270
E328R,1.090730791,113,0.5514826610287997,1235,1,0.3010723847839903,0.3398259053944519,0.521483630869028,1.0435487230677285,328
L447I,1.08953809,114,0.8418074198366761,786,1,0.8305432786913393,0.4638573139724961,1.084686018654332,0.9881430680285366,447
Q340A,1.089488067,115,1.0838506627847448,457,1,0.6271518067437747,1.8288724991288852,0.5033326653391129,1.3760456799272065,340
L90H,1.089324051,116,2.1692309542481936,7,1,3.0142126809018364,2.455504893373395,1.5922896564312494,1.6149165862862938,90
S286N,1.088370448,117,1.810570234959727,31,1,2.7222915323443733,2.352280460229114,1.5968704114037446,0.5708385358616764,286
I47T,1.087948082,118,1.4750457892382085,141,1,1.5770971451485103,2.00810113071867,1.0900612897395874,1.2249235913460654,47
N457H,1.0877321290000002,119,1.0963378220908877,437,1,1.1346918721178976,0.93731829804199,0.9807365391228984,1.332604579080764,457
G137N,1.087294073,120,-0.7414367085058202,3268,1,-0.3232188712374793,-0.6100673784214645,-0.9108399238224426,-1.1216206605418948,137
L54I,1.086523867,121,1.151578807425084,360,1,1.1899435710569417,1.018014114501977,1.0104103366458443,1.3879472074955728,54
F482H,1.086077989,122,2.012747923699574,12,1,2.4398913424505104,2.455332106653808,1.5162502670289189,1.639517978665058,482
L90A,1.085347605,123,0.5404100055174661,1251,1,0.8686665230091444,-0.0292459920783561,1.1157221140993852,0.2064973770396909,90
L90C,1.085091923,124,1.186462915545914,328,1,1.7209632731120863,1.2041456123593723,0.9787637028144136,0.8419790738977839,90
T320Q,1.084999659,125,0.859343844724196,759,1,0.8804238230184455,0.95438923765243,0.9876786763675928,0.6148836418583158,320
N398P,1.084368211,126,1.6053463835800854,81,1,2.0684882249409733,2.282273587732548,1.0311297114135085,1.0394940102333117,398
E328M,1.084116472,127,0.145835291437256,1949,1,-0.0625219236077675,0.0654004273008838,-0.2019667562504113,0.782429418306319,328
D349L,1.0837605540000002,128,-0.2340829310875586,2589,1,-0.6969974854327038,-0.1617665105998171,-0.3280051669800938,0.2504374386623805,349
K465E,1.083408274,129,1.3212541468355856,212,1,1.3190733746712016,1.5224407749572295,1.1541813929186648,1.289321044795246,465
F134I,1.083309536,130,0.3833821284508983,1519,1,0.4334833255705954,0.5126841229344625,-0.2511935620085208,0.8385546273070562,134
N466L,1.082572985,131,0.5108077451857398,1324,1,-0.1303533392707662,0.6941016094578463,0.2745280546974374,1.2049546558584416,466
L71P,1.082549643,132,1.2202453422168145,290,1,1.466189787750404,1.3228829590292623,1.1227155591193587,0.9691930629682326,71
V6K,1.081410978,133,0.0225210981254304,2161,1,-0.2592146183099201,-0.6591564804354814,0.1678735075228538,0.8405819837242693,6
K59Q,1.0812940359999998,134,0.9583115539331142,616,1,0.866737529573272,1.1621328997346905,0.989309081132341,0.8150667052921537,59
V5I,1.081210402,135,1.353361679533179,193,1,1.398680231632056,1.3396420323347058,1.2030629642310438,1.4720614899349111,5
S162M,1.080705944,136,0.8664315883612731,753,1,0.5202882256277485,0.6407875006015744,0.8945600656918338,1.4100905615239356,162
L4S,1.080377096,137,1.1912911275503564,321,1,1.256596368352252,1.1648018553887536,1.1350878075455046,1.208678478914916,4
V330E,1.08025279,138,0.340099301431558,1597,1,0.0550445710289396,0.3561179323809496,0.3432693278062529,0.6059653745100899,330
L71N,1.080176282,139,1.2200162785759048,291,1,1.2182398559612608,1.3522470946584608,0.7742642039758445,1.5353139597080527,71
D349C,1.078823917,140,-0.0314563553495483,2245,1,-0.5182069409452001,-0.0214934181631829,-0.0539098150892432,0.467784752799433,349
P402E,1.077925544,141,0.1184071231595697,1995,1,0.5323782601826883,-0.3558336452490656,0.4695813496527612,-0.1724974719481049,402
L90R,1.077171862,142,1.6569213609408973,57,1,2.4157895272790637,1.829413788172365,1.3996175400745374,0.9828645882376232,90
V490I,1.07663214,143,1.6122022904011353,77,1,1.882461630694539,1.8279502893436577,1.4253519249148043,1.3130453166515403,490
S343A,1.076561652,144,1.1453079762348686,369,1,1.3414846716370468,1.2884783516096143,0.8037945072590472,1.147474374433766,343
Q252K,1.076510344,145,1.2602867794482266,257,1,1.4783536613284205,0.9082996354334923,1.1801003459944286,1.4743934750365653,252
D224R,1.076440471,146,1.449653084512498,150,1,1.7277001198410602,1.3581436004602858,0.982219184619744,1.730549433128901,224
R144I,1.075987058,147,0.4182075756804185,1463,1,0.1137185378495581,0.1162876894420257,0.3706612648987664,1.072162810531324,144
K118S,1.075729486,148,1.2038028856649403,311,1,1.4694133390702762,1.383084319080559,1.145625075018264,0.8170888094906628,118
L461E,1.074626274,149,0.2984332251962588,1672,1,0.2884567693886092,0.003122630796758,0.7393178175917083,0.1628356830079597,461
L17D,1.074403086,150,-0.4658985305878526,2941,1,-1.5006051669265614,-0.99194785299042,0.4998267019390086,0.1291321956265623,17
D224S,1.073634741,151,1.284174059588154,236,1,1.502073088989191,1.4539887151543522,0.627373643211905,1.5532607909971676,224
N259A,1.0735238740000002,152,0.7573571040310472,903,1,0.3432328231464354,1.1907374365596288,0.5498790687135512,0.9455790877045736,259
C372T,1.073137304,153,1.2756733862176812,243,1,0.8894504088835941,1.6722333294499598,1.0987389010540811,1.44227090548309,372
V351T,1.072927454,154,0.5112286175899532,1323,1,0.233758753186013,0.8311387500677929,0.6780762718966213,0.3019406952093855,351
F226L,1.072925671,155,1.651298688976258,59,1,2.159172087080378,1.7291905452007954,1.47405624092523,1.2427758826986293,226
E328A,1.072487235,156,0.7959834664551036,851,1,0.9180279291311834,0.8119751564210984,0.2775639507798039,1.176366829488329,328
F69V,1.07246317,157,0.96592672387151,605,1,1.0208482853932923,1.4213705189004622,1.1286179776733558,0.2928701135189298,69
I488V,1.072243152,158,1.613233567846626,76,1,1.722390885725763,1.7355690178330456,1.3632034117413512,1.6317709560863445,488
T371D,1.072189233,159,0.0452586208631079,2116,1,-0.2379904973184458,-0.1297964821177372,0.5584266241546636,-0.0096051612660487,371
Q146R,1.072142939,160,0.6244000196219743,1127,1,0.3972074354001147,0.2732550183232278,0.6293732563029002,1.1977643684616543,146
V394L,1.072031736,161,0.1990677326221057,1850,1,0.3577004274777519,0.5019685346028135,0.9623748899403614,-1.025772921532504,394
Q340R,1.071089775,162,1.0059346164976564,546,1,0.773723855524475,1.3530754801168765,0.7220481743149264,1.1748909560343477,340
E253L,1.071023846,163,0.6317536555817076,1113,1,0.1949923342269659,0.7014288776661085,0.3900024507132644,1.2405909597204916,253
D349Y,1.070354985,164,0.0163508261579611,2172,1,0.1328012748210341,0.4761716982891038,-0.3382825952021331,-0.2052870732761601,349
I47S,1.070171699,165,1.3674713826533558,183,1,1.3464417804796538,1.8377893582953948,0.9194408653127644,1.3662135265256103,47
P227C,1.070148217,166,-0.7454678921783048,3272,1,-1.1406450353733746,-0.1480459998755352,-0.5400938307061015,-1.1530867027582077,227
L4T,1.07000351,167,1.244692994023239,273,1,1.2417828300998994,1.2968971686217772,1.1350878075455046,1.305004169825775,4
F482E,1.069791907,168,1.5818525385838775,95,1,2.0755161000981897,1.3236284323016223,1.4940306110596786,1.4342350108760191,482
M406A,1.068722359,169,1.410880076432737,165,1,1.5760544084523478,1.4292881640491968,1.0274734263384504,1.6107043068909526,406
S24I,1.067876274,170,0.940099741760071,642,1,1.020364354829422,0.7286523257560293,0.9785901072794412,1.0327921791753916,24
V479Q,1.067775256,171,0.6144590459434456,1140,1,0.5386297175061956,0.3813885758949868,0.5909940268367231,0.946823863535877,479
E328N,1.067376216,172,1.430278430497716,154,1,1.8210747071126396,1.7081571637668491,0.9613121246655714,1.2305697264458029,328
S336Y,1.066927168,173,0.380254143983197,1532,1,0.5318859744351316,0.2721164067282115,0.4190074113644235,0.2980067834050213,336
G27S,1.066716137,174,1.008723306861639,544,1,0.963485886968489,1.014425492997341,0.8251200752353585,1.231861772245368,27
E328Y,1.066610294,175,0.6508776418158096,1073,1,0.8671731857425122,0.809674234471386,0.2612111435721592,0.6654520034771813,328
Q193T,1.065787715,176,1.48034566417195,140,1,1.9273583184230771,1.5336439702902165,1.1304911859603144,1.3298891820141925,193
A321R,1.065659598,177,0.7503269126439842,913,1,0.6127764514580677,0.4805089729844187,0.4675318227887926,1.4404904033446575,321
V60K,1.065438929,178,1.6060238178196786,80,1,1.652072892012683,2.112733196547724,1.0657071087809755,1.5935820739373328,60
S162E,1.06489012,179,1.0051610088820189,547,1,0.9580932126979848,0.3465639849475087,0.9971288435741578,1.7188579943084248,162
N196T,1.064711406,180,1.544981724331863,114,1,1.978669532649119,1.923894550543617,1.1371837714716784,1.1401790426630385,196
M257C,1.064032182,181,0.9608507470167502,611,1,0.95736476213436,1.310419955372289,0.6214728141602734,0.954145456400078,257
D262S,1.063451812,182,-0.4978689394905542,2985,1,-0.2768139716421124,-0.4887597205110375,-0.4581181266942965,-0.7677839391147706,262
R21C,1.062454462,183,0.3563506931418746,1568,1,-0.1007126096839475,0.3587555909441928,0.66404377901972,0.5033160122875333,21
L4F,1.062320319,184,1.4248705389468248,157,1,1.6273922587526968,1.2852394876472033,1.333849221105464,1.4530011882819347,4
H276N,1.061436309,185,1.6510364673130122,60,1,1.796475643340168,1.8990842922564688,1.1556515444380615,1.75293438921735,276
I47N,1.061166024,186,1.0766632300178605,463,1,0.7527118179925799,1.3826933397550774,0.9241282947623812,1.2471194675614032,47
S140W,1.060671574,187,-0.7366681230884469,3263,1,-0.8044597500113465,-0.9584731541056128,-0.3112684260448798,-0.8724711621919483,140
M257A,1.059933108,188,1.5820334506374192,94,1,2.0680732438377967,1.8263142046323104,1.1054118287998165,1.3283345252797532,257
H410E,1.059828378,189,1.8061894489645245,32,1,2.5998123921232708,2.2482429052343464,1.0437460207669853,1.3329564777334946,410
S53N,1.05972755,190,0.1227674461509477,1987,1,0.7379750050360311,0.1735951731956585,0.3097459384563467,-0.7302463320842453,53
I42L,1.059494404,191,1.3310338637360215,205,1,1.4833925141611255,1.6564541375141448,1.145572121402718,1.038716681866097,42
L7F,1.05942278,192,0.9431459681379356,636,1,0.9172226625304116,1.1707749135399967,0.6138783505291855,1.070707945952149,7
V479H,1.059382172,193,0.5474804553380661,1245,1,0.1393790868757367,0.1771386063873455,0.4735658974626225,1.399838230626559,479
L36W,1.057595001,194,0.5039572928080844,1334,1,0.3510889294443788,0.6439401050954895,-0.0496504505434998,1.0704505872359693,36
K459Q,1.056887507,195,1.0599957361735086,478,1,0.9226538879116076,0.8625231380140544,1.0795795849579666,1.3752263338104058,459
I488D,1.056667427,196,0.5706478320849901,1204,1,1.140124695942756,0.4239437825848275,0.2231534444140673,0.4953694053983097,488
E328G,1.055803408,197,0.875847901382926,737,1,1.1317074032972854,1.2736982586287402,0.4517465561237034,0.646239387481975,328
C372A,1.055558408,198,0.9308748405146836,654,1,0.8389850296188783,1.2767611894260698,0.4653891773726203,1.1423639656411666,372
V5F,1.0554658609999998,199,1.0170153756976916,529,1,0.7629306613473235,1.4526367645129803,0.6029901020804302,1.2495039748500325,5
K273Q,1.055224607,200,1.578707639793329,96,1,2.2281069733186136,1.3642945332004257,1.2849954405915232,1.4374336120627542,273
I47R,1.055100588,201,1.2217709628115876,289,1,0.8111599156495424,1.631756170092623,0.988104533721642,1.4560632317825424,47
L90Y,1.055008872,202,1.5253436928609805,121,1,2.1412845741424125,1.6914788227297712,0.940591982413834,1.3280193921579038,90
L71S,1.0549544,203,1.628728522935725,69,1,1.811294660973635,1.683041543362897,1.2249954823658915,1.795582405040475,71
M406T,1.05485097,204,1.8254842628737675,28,1,2.2019038050197657,2.2953727089445453,1.1955581573425171,1.6091023801882425,406
Q484E,1.054726367,205,1.23829191738739,279,1,1.3621656707884118,1.1738808903895133,1.1135245331567734,1.3035965752148615,484
L90T,1.054666803,206,0.3551876788430722,1569,1,0.87398608767737,0.2652665279416366,0.3593295818989357,-0.0778314821456533,90
K375R,1.054562363,207,1.1036967648410445,427,1,1.236289244475553,0.9022650207581656,0.9694008521979806,1.306831941932478,375
Q22F,1.0545354999999998,208,0.8180906192213822,821,1,0.2091920142720628,0.968233129207475,0.4359231189360733,1.6590142144699174,22
A161C,1.053474787,209,0.5747314603750511,1199,1,0.4905992495667126,0.2647959000304792,0.7636328430088486,0.779897848894164,161
K138A,1.0533768,210,-0.339301895576136,2750,1,-0.6905124668716709,-0.8179786054627042,-0.6033301780549141,0.7546136680847454,138
E328F,1.053348922,211,0.0188586444267347,2166,1,0.1445262011110905,0.0341714871511672,-0.6838917820690058,0.580628671513687,328
N466A,1.052555871,212,0.982340293091996,577,1,0.964571523379718,1.114628836374801,0.9090933807699796,0.9410674318434856,466
T34R,1.052515701,213,1.012015901747419,539,1,0.8625927302556963,0.7248226999156656,0.9969219579562204,1.463726218862094,34
S220R,1.052467817,214,0.7083180081520153,978,1,0.9854469044486176,1.0160134437871922,0.0519138354780873,0.779897848894164,220
T55D,1.05239639,215,0.9493273240986916,628,1,0.9525753502742568,0.3384709254624711,0.9176705544832612,1.5885924661747766,55
C13S,1.052017491,216,1.336299597427452,201,1,0.9611129659409304,1.615733775074927,1.1701266134280883,1.5982250352658625,13
M257I,1.051484477,217,1.712669952719898,43,1,2.3582223745031765,1.8458912546060755,1.264863862306006,1.3817023194643332,257
I222F,1.051411897,218,1.5195119519047116,123,1,1.934848416022808,1.5262213463734255,1.2776138606782592,1.3393641845443536,222
C486R,1.051329712,219,0.8754320129711747,738,1,0.3426609293203999,0.7651555119018518,1.031048999665792,1.3628626109966548,486
L90G,1.051090941,220,0.6263760205772633,1124,1,1.1144491117740047,0.1541913785610219,0.9822296305723978,0.2546339614016285,90
N398A,1.051009544,221,1.4843080931638897,139,1,1.7713501401745462,1.73261952643763,0.7663964246208108,1.6668662814225712,398
H344Q,1.050846226,222,1.4644718125972795,144,1,1.6420727213350623,1.447203924274836,1.049616052784658,1.7189945519945613,344
V330I,1.050380611,223,0.6468222257773717,1081,1,0.8661082872182768,0.7737733583279365,0.1448093194588202,0.802597938104453,330
F482V,1.049661402,224,1.5438847906138098,115,1,2.1855085683727262,1.6567943432721175,1.3943852552572245,0.9388509955531706,482
M257D,1.049649276,225,0.8458575370713609,781,1,1.0228583597094467,0.8068757055140443,1.101683743010914,0.4520123400510383,257
C13I,1.048967735,226,1.0984853010514464,433,1,0.5401843680004789,1.4138943133600024,1.054047716140885,1.3858148067044194,13
S254T,1.04858095,227,1.6210131236690328,73,1,1.663387971065562,2.1697682449835107,1.0681495318625198,1.5827467467645382,254
F65Y,1.048307748,228,1.010058665869602,542,1,1.4482191417817776,0.8287079535593828,0.892168176031332,0.8711393921059161,65
L380T,1.0475730840000002,229,1.2075330086678824,306,1,1.0439811016801557,1.6056268649504946,0.7971252819372757,1.3833987861036037,380
C266A,1.046812742,230,0.9041544339147882,695,1,0.4633227926594265,1.2148037278515151,0.580518419758867,1.3579727953893443,266
Y243F,1.046785545,231,1.8141781998811493,30,1,2.239530449886157,2.217617279271735,1.1175986601890238,1.681966410177682,243
S460A,1.046767201,232,0.8744242356030522,740,1,1.0457300363705269,0.9675382333727932,0.9492106840131688,0.5352179886557198,460
N258D,1.046671405,233,1.2144310292790936,296,1,1.1284442538512218,1.3261088690086278,1.2038572212791163,1.1993137729774082,258
S343K,1.046321362,234,1.3002608684728671,226,1,1.0597671986697907,1.6107833577344406,0.9889655830601224,1.541527334427115,343
L43F,1.046015194,235,1.1344727185943209,383,1,1.0778785705016538,1.3180267551371714,0.9208803203854276,1.221105228353031,43
H344S,1.045828761,236,1.4628953726200362,146,1,1.2652371080655234,2.010707157462849,0.9841455340560172,1.5914916908957557,344
S23Y,1.045631238,237,0.9760698229248206,586,1,0.8186656417006285,0.7001245086446307,0.950760421920442,1.4347287194335812,23
S3Y,1.04561824,238,1.3617831123338109,189,1,1.4614564470603506,0.9276497396577807,1.4253519249148043,1.6326743377023067,3
S162L,1.045514772,239,1.2296022941659168,286,1,1.1331767848492889,1.2410695519079864,0.9231221666188918,1.6210406732874998,162
L90M,1.045130952,240,1.1238887132804405,401,1,1.0750513983095835,0.9670763753416304,1.0849971166546226,1.368429962815925,90
L485I,1.0448665659999998,241,1.0331853307781822,508,1,1.4020358465069322,1.0731443918649042,1.0946008769253617,0.5629602078155306,485
T55V,1.044631868,242,0.955478001221348,623,1,1.2593606498133183,0.8204885006893856,0.8271094539028198,0.9149534004798678,55
I42Y,1.044380439,243,0.2365241878379962,1786,1,-0.1027451040919977,0.5575480842149267,0.5185411350997503,-0.0272473638706944,42
L461T,1.043843534,244,0.4934077137673166,1349,1,1.090530217190424,0.7138344419564001,0.4291238214649001,-0.2598576255424581,461
M406V,1.043478541,245,1.6064296398939044,79,1,1.8172737476851009,1.7482228584301671,1.1768006787034837,1.6834212747568662,406
P402D,1.043441702,246,-0.3096492991006008,2700,1,0.1017962142373287,-1.0306164630927568,0.3211971989371422,-0.6309741464841174,402
V38F,1.043390501,247,1.5387078436631143,118,1,1.6458338871935168,1.3852062116289323,0.964014774091073,2.1597765017389348,38
S18T,1.043308912,248,1.1948599590277649,318,1,1.27391634304866,1.2478263762427109,1.1212944194001078,1.1364026974195798,18
F134K,1.042917212,249,0.1037319865071031,2024,1,-1.3595592799124492,1.2707521145157652,-0.288473938095853,0.7922090495209495,134
L54V,1.042831006,250,0.940535373008458,641,1,0.823524324106179,0.6582524823009296,1.006548190426284,1.2738164952004394,54
E328T,1.042536237,251,0.6760299320946115,1031,1,0.6227455885962832,0.7429432134082005,0.262927704751063,1.0755032216228992,328
S343H,1.042212631,252,0.987984146214189,571,1,0.7389936115149817,1.06916869061883,1.0704454796407936,1.0733288030821508,343
Q22W,1.042165064,253,1.0801447467851313,460,1,0.7657859284552971,1.26324335665357,1.062555641195082,1.2289940608365757,22
K423R,1.041362974,254,0.8874866333945808,716,1,1.3036113778393863,1.0429045736764038,0.0726004886809275,1.1308300933816051,423
K270M,1.041054055,255,0.3866206301094004,1513,1,0.4934865832693841,0.2372369203487064,-0.1775154688764316,0.9932744856959428,270
S23I,1.0405920709999998,256,0.9490597687560108,629,1,0.8305625856571501,0.895291761140828,0.8836395145916216,1.1867452136344432,23
S18G,1.040513244,257,0.6292705842970939,1118,1,0.547572779454897,1.1358893351064496,0.6307363720511583,0.2028838505758705,18
M406Q,1.040274168,258,1.5879778259053765,91,1,1.715399914374853,1.8345702265629715,1.1452694377528263,1.6566717249308551,406
I47L,1.040190599,259,1.5904722394707291,88,1,1.7544305372250448,1.6835226733727116,1.0564399638394788,1.8674957834456811,47
Q22R,1.039891552,260,1.5766430971653418,98,1,1.6251891775993643,1.9656061081671128,1.1164228406090817,1.599354262285808,22
N378D,1.038773199,261,1.3858029859073815,179,1,1.645619730643248,1.3825566534766127,0.8832068290176524,1.631828730492014,378
I215W,1.0387626840000002,262,0.2986382900539428,1671,1,0.0532467197744316,0.5806027598075956,0.3504089494758067,0.2102947311579373,215
E328S,1.038719523,263,0.8091118054307778,832,1,0.9810672525744,0.9355094266110552,0.0467736012987712,1.2730969412388846,328
I39V,1.038135718,264,1.3356723413651217,203,1,1.4608025649406005,1.5151591971542824,1.1729129033644063,1.1938147000011967,39
N334T,1.038130161,265,1.1210739807749022,408,1,1.1342116759093084,1.2388383203786886,0.5420499042864401,1.5691960225251722,334
L14I,1.037966239,266,0.8445603883044422,784,1,0.7161165043335107,1.0708112690581126,0.9955534662451612,0.5957603135809845,14
L380H,1.037944942,267,0.9906481580311806,563,1,1.0201382972029756,0.8653864034137981,0.9783183899302328,1.0987495415777155,380
L11G,1.037853778,268,0.21060686026383,1830,1,-0.0175154039533312,0.3518036869888265,0.4541504552973909,0.0539887027224341,11
S23K,1.037629233,269,1.5077517073994402,129,1,1.2350807512656126,1.863417089900202,1.1732194145907116,1.7592895738412344,23
S23M,1.037360984,270,0.872808957185849,743,1,0.4115099602876761,0.8839818293390145,0.9434511361383384,1.2522929029783667,23
I47G,1.037055569,271,1.1851020282169715,330,1,1.1861419694598967,1.4084543936194962,0.4976066013978885,1.6482051483906055,47
K421R,1.036947356,272,0.9336024036299158,651,1,0.918356217351001,0.939255705118646,0.854147547179347,1.022650144870669,421
D262G,1.036146664,273,-0.1239520007852865,2405,1,0.0593636635266659,0.5344708479386078,-0.4684059815873382,-0.6212365330190818,262
P221G,1.036005407,274,0.9178032272424956,674,1,0.6494475271586811,2.067138456564814,0.8934584395646649,0.0611684856818228,221
S220L,1.035082166,275,1.547815700444921,112,1,2.731105664804465,2.177000985935649,0.8546947596278069,0.4284613914117622,220
D349A,1.034979778,276,0.310478003880919,1649,1,-0.005752687383846,0.1263110597649453,-0.4570495187591875,1.5784031619017644,349
C338S,1.034298205,277,1.2593576928412666,258,1,1.5853040784199242,1.3379708346305554,1.0651080622706472,1.04904779604394,338
C10V,1.033919353,278,1.31882499135661,214,1,0.9699190922225032,1.573498505824868,1.2027870346087737,1.529095332770296,10
M257H,1.033878607,279,1.2250618248963825,287,1,1.1139424539936915,1.6270803826320324,0.828064244020837,1.331160218938969,257
S24R,1.033839127,280,1.5275563081182832,120,1,1.5305365752886777,1.6937839538871529,1.048924310483692,1.8369803928136108,24
C13A,1.033765163,281,1.1813182958320951,335,1,0.4673108328164166,1.7255605261805746,0.8137224054586769,1.718679418872712,13
S336M,1.033477134,282,0.8872706129792016,719,1,0.6904993506097351,0.3147511448488423,1.062337481742733,1.4814944747154963,336
L19K,1.033327834,283,0.3032279841337157,1664,1,-1.0083234957502205,0.6651293401839763,0.4977881300562102,1.0583179620448966,19
E328V,1.033317681,284,0.6897346808542666,1007,1,0.7631032653424685,0.655309082959556,0.7324075909390012,0.6081187841760408,328
V5G,1.032593605,285,0.3144215651953164,1643,1,-0.0211881807633173,1.202916624138458,-0.3499352390626007,0.4258930564687258,5
P404G,1.032336926,286,-1.0909058457717444,3636,1,-0.8462389630503188,-0.0342792337387338,-2.102408334067927,-1.3806968522299978,404
C266Y,1.030967545,287,0.4759279130160442,1381,1,1.317347844267296,0.9679425181459764,0.844713416613874,-1.22629212696297,266
E328L,1.030843789,288,0.3598870561933281,1561,1,0.1574209647988458,0.2969579286333556,-0.0519086582913752,1.0370779896324864,328
M269L,1.030779219,289,1.6181177514703609,75,1,1.892843040655839,1.671625335343592,0.8867586485064842,2.021243981375528,269
Q22V,1.03074185,290,0.7341518532495823,934,1,0.1991194459627033,0.8547655431752201,0.739276501167555,1.1434459226928506,22
F376Y,1.030575092,291,0.6891082362929549,1008,1,0.4089432366911593,0.4980745739939402,0.7730978189657339,1.0763173155209862,376
L90F,1.030493625,292,1.1384886652022337,378,1,1.4923471316708905,0.9553271461923042,0.95550236295128,1.15077801999446,90
T320M,1.03044097,293,0.9788911052609534,582,1,1.0202792813300356,0.8063946340816721,1.1549765956545164,0.9339139099775892,320
I50C,1.030190561,294,0.0611593888667026,2091,1,0.0285026443552787,-0.0372489427200909,0.3489258174249899,-0.0955419635933672,50
C13L,1.030185359,295,1.514400616005958,124,1,1.0038589512115246,1.9527607444369424,1.1748722242663772,1.926110544108988,13
D349V,1.029810611,296,-0.1576731099461554,2467,1,-0.2019163740148229,0.2595513779024468,-0.4604243166849394,-0.2279031269873061,349
Q192K,1.029752425,297,1.6895646907492652,51,1,2.2828179794935077,1.97651302716307,0.9493750317436972,1.5495527245967868,192
D349M,1.029465015,298,-0.2144149794027421,2556,1,-0.8377834054783928,-0.1354303601392677,-0.4388137300198513,0.5543675780265432,349
E92D,1.029427174,299,1.2930910468294252,229,1,1.4284514333103195,1.1675216227902665,1.147786498784739,1.4286046324323751,92
M406S,1.029401283,300,1.647066641151798,64,1,1.7017067664682095,1.9589874261787144,1.1317693737345047,1.7958029982257635,406
Q22P,1.028956065,301,0.4750239215131435,1383,1,0.3558699791406927,0.6782555074380938,0.8575602506076343,0.008409948866153,22
D143A,1.028904969,302,0.9419324313510546,638,1,0.8851772315055726,0.932719332805464,0.6453226998249684,1.3045104612682132,143
S3F,1.028805579,303,1.6644778194199517,55,1,1.763026757839277,1.764524701322422,1.4253519249148043,1.7050078936033028,3
V473N,1.028473212,304,1.058165007214145,480,1,0.4124702410232009,1.2327262830605092,1.0613041622544344,1.5261593425184352,473
Q146I,1.02831488,305,-0.0585001099099671,2292,1,-0.4504030827301481,-0.6156061936216801,-0.0235787358308599,0.8555875725428196,146
V479M,1.028292637,306,0.9721753618008034,590,1,1.0207572788060757,0.9024984602355774,1.1063286446540634,0.8591170635074971,479
V60R,1.0273622059999998,307,1.2812380478380776,238,1,1.1498713353072234,1.57251943407918,1.2490942659983673,1.1534671559675391,60
L71H,1.026730753,308,0.9362542011188718,646,1,0.818213777731456,0.812008294517261,0.7463595171921408,1.3684352150346295,71
R21I,1.026685289,309,0.71063249619455,974,1,0.2325729592721017,0.8958269246574411,1.1192416555714388,0.5948884452772185,21
N378G,1.026293922,310,0.870780301148726,748,1,1.4096142842944073,1.0401223794573726,1.0276847368248474,0.005699804018276,378
S24K,1.02611528,311,1.39088041248992,178,1,1.1518070436024994,1.6621709716548123,1.0299923475258808,1.7195512871764873,24
D2Y,1.025913743,312,0.7425733440188491,925,1,1.6540532450488576,-0.90714030172597,1.4253519249148043,0.798028507837705,2
L71V,1.025694992,313,1.5014473710943357,133,1,1.5605644632867992,2.130865459001625,0.9153249209230652,1.3990346411658523,71
I47P,1.02560302,314,0.8208815896510818,816,1,1.204412424826754,1.3845206045030236,0.6698909980089666,0.0247023312655829,47
N196A,1.025385474,315,1.3120710154089552,220,1,1.6034386939958762,1.188926824541825,1.123292955142568,1.332625587955552,196
S51H,1.025071549,316,1.203285854593365,312,1,0.8703787423559995,1.5148798496981968,0.9678088994518896,1.4600759268673735,51
V8F,1.024952083,317,1.073051116441187,465,1,0.7882193872492154,1.418204960423502,0.8539498591588495,1.231830258933181,8
R21Y,1.02493188,318,0.4963264653301051,1345,1,-0.0997662053938426,0.5482041452818133,0.5561462384233604,0.9807216830090898,21
L11V,1.024822585,319,1.1793397895761473,340,1,1.4666707622405142,1.27915757587099,1.0794770932340063,0.8920537269590783,11
S23R,1.024587552,320,1.577459455126014,97,1,1.3629902094544777,1.6988418775714276,1.3860773018517485,1.861928431626401,23
E328C,1.024370973,321,0.2948511372911057,1678,1,0.3744391899101788,0.1911350670760357,-0.0891435616734144,0.7029738538516225,328
K118A,1.024103052,322,1.0699144764526591,470,1,1.385198469174659,1.5302078760781952,0.7048711218948324,0.6593804386629503,118
Q22M,1.02384381,323,0.9797395626608608,579,1,0.2969810251375095,1.167962158632282,0.8911794811910675,1.562835585682584,22
E328Q,1.023316465,324,0.868127153428653,750,1,0.7023772179438555,0.6091581585263053,0.8837533043280812,1.2772199329163696,328
F134M,1.022696628,325,0.7692282618321571,884,1,0.4083896307358484,0.7239503981116284,0.660624993413379,1.2839480250677724,134
C266F,1.022653931,326,0.3018373905571682,1666,1,0.8317244657370527,0.8804578103854834,0.7532458406259537,-1.2580785545198172,266
S51G,1.022560999,327,1.0767653703724227,462,1,0.8937869097590254,1.931268546814751,1.0312962351018402,0.4507097898140748,51
C10F,1.022447437,328,1.4007591827265982,169,1,1.3942008445514074,1.6366488332126732,1.0394361761586015,1.532750876983711,10
R21H,1.022335263,329,0.6623416095915418,1059,1,0.4640195884544497,0.5793878301729322,0.7091362782024394,0.8968227415363457,21
K138M,1.021863594,330,-0.2817997464347909,2663,1,-0.2061247341533218,-0.5529940705473806,-1.1550422640806748,0.7869620830422136,138
S23N,1.021005139,331,1.4531192169089246,149,1,1.8377494515273751,1.4591924841186696,1.216738884664246,1.2987960473254074,23
S3G,1.020919591,332,1.2077864965928984,304,1,1.669520190773934,0.970788109894434,1.4253519249148043,0.7654857607884213,3
P402S,1.020755426,333,0.6504710419182125,1074,1,1.229960301024979,0.4496088698616726,0.871582669656168,0.0507323271300298,402
N196R,1.020621948,334,1.2383057116580427,278,1,1.265130096101371,1.2253242365625223,0.9916944411484814,1.4710740728197966,196
G171S,1.020495524,335,1.4146714376880536,164,1,1.4009761586298328,1.857185303552708,1.2454289448059228,1.155095343763751,171
S242Q,1.020484492,336,1.2422740396496863,275,1,1.3074090705785664,1.3608484724549377,1.1677080503941506,1.1331305651710917,242
S343V,1.020408388,337,1.0161806591115434,531,1,1.1243648790421583,1.1956767200018972,0.6764994086434476,1.06818162875867,343
S3I,1.019980204,338,1.6763586295523512,53,1,1.7894216137357744,1.7948287120199289,1.4253519249148043,1.6958322675388973,3
A321N,1.019745368,339,0.6762615702445216,1029,1,0.7275914591631122,0.3394714951296344,0.4571836246163806,1.1807997020689591,321
N334D,1.019731339,340,1.549067738367219,110,1,1.8487549071567408,1.6865165267207236,1.1144720729643405,1.54652744662707,334
L17V,1.01909088,341,1.0972425298312056,435,1,1.0388515493847803,1.2963701055286705,1.0159246597238394,1.0378238046875334,17
F134L,1.019071348,342,1.0422295425299013,493,1,1.2579477233370482,0.903536184737832,0.8527853568702654,1.15464890517446,134
I50W,1.018745638,343,0.0565620256551375,2099,1,-0.2391449784888187,0.0362912541751909,0.358074926757267,0.0710269001769109,50
V473R,1.018163285,344,0.8793737557530799,732,1,0.130567278790053,1.1640456708125833,0.8377815684481147,1.3851005049615688,473
T55A,1.018092987,345,1.4326985505067906,153,1,1.509057649115192,1.1121245000711697,1.2581092753287937,1.8515027775120076,55
L461M,1.017919875,346,0.6790487717170515,1020,1,0.907423435067456,0.6547640784325671,0.8765789828196958,0.2774285905484871,461
L14V,1.017497265,347,0.8415608908642336,789,1,0.682134038793763,1.1258445087030853,1.0645395550140535,0.4937254609460328,14
F482D,1.017090152,348,1.41551418324888,163,1,2.001437826999778,1.260765329989922,1.0322744726188728,1.3675791033869475,482
S336F,1.016954817,349,0.553468974267876,1229,1,0.7725009135006412,0.4477685339757955,0.4217542355247749,0.5718522140702924,336
G27Y,1.016756845,350,0.2787313765900816,1709,1,-0.0355090074818099,-0.1243607632166941,0.6275369591495357,0.6472583179092949,27
Q192R,1.016669205,351,1.256806420902937,261,1,1.5634387860768637,1.3761526159747222,0.8074310884236524,1.28020319313651,192
V8G,1.016431402,352,0.5120577916460552,1322,1,-0.1488414551997638,1.2499571558259643,0.8080933425241926,0.1390221234338279,8
S343T,1.016197062,353,1.274775098593938,245,1,1.3418198282785412,1.531732839380719,1.0378623659352049,1.1876853607812867,343
C266H,1.015940896,354,0.2204883752333445,1814,1,0.5517380304752296,0.3655823065362784,0.9507885998196702,-0.9861554358978002,266
M406R,1.015641752,355,1.7016382899466778,46,1,1.8821985436199276,2.1182175849354543,1.164623209461254,1.6415138217700749,406
D143M,1.014937383,356,0.5190151178821161,1302,1,-0.0927387630030333,0.337380648625898,0.3932023932569267,1.4382161926486732,143
G416V,1.014876244,357,0.6479244645996902,1079,1,1.052450312334195,0.7907035112389225,0.4611257243146542,0.287418310510989,416
Y225L,1.014815431,358,0.7258589864393207,952,1,0.3680361317224468,0.843450858232341,0.6407635067487069,1.0511854490537882,225
Q340S,1.014779657,359,1.092670873854898,445,1,0.5210318579161158,1.7780662746956322,0.4289790795487049,1.642606283259139,340
I222L,1.014728048,360,1.6977800296936802,49,1,2.249969257237139,1.8435442071043309,1.1810483676937151,1.5165582867395362,222
M129K,1.014647336,361,0.7106998067331058,973,1,0.5803503116374024,0.1911025314907125,0.8685924075800883,1.20275397622422,129
E155Y,1.014103656,362,-0.0631675429846991,2299,1,-0.6791828098729871,-0.675140155763545,0.3111349585973618,0.7905178351003738,155
M406K,1.014017189,363,2.001864770440514,15,1,2.3714220081640778,2.433403055200285,1.2518748119416596,1.9507592064560324,406
L17A,1.013505998,364,0.7322689889155385,940,1,0.1455111774521972,0.9721070730673532,0.738717150554547,1.0727405545880566,17
N334S,1.01325676,365,1.3666216571956769,185,1,1.4102857772148591,1.7194655558187395,0.6448054267024075,1.691929869046701,334
S18R,1.01316573,366,0.4549581290337414,1419,1,0.4243785206675306,0.3179672138178323,0.6505800469722797,0.426906734677323,18
K190N,1.012439514,367,1.2674533256077865,249,1,1.279548427883281,1.2199691202226504,1.271263357158425,1.2990323971667896,190
Q22G,1.012390582,368,0.9266899667830388,656,1,0.6214348229123509,1.5180933579961196,0.7624645817971885,0.8047671044264972,22
G46P,1.011681005,369,0.6111496497231308,1145,1,0.6880333987649935,0.7674596472427073,0.1124408267092115,0.8766647261756104,46
V8I,1.011603344,370,1.3251335007412126,210,1,1.349597534055882,1.4754203269643675,0.991663421033958,1.4838527209106425,8
Q278G,1.010705155,371,1.0130653880549982,538,1,1.5418248263144074,1.6074309539516425,0.6537658391545677,0.2492399327993759,278
S140Y,1.0104609409999998,372,-0.3803227147518421,2813,1,-0.2597491267025202,-0.7067858995227735,-0.3110382752968071,-0.2437175574852675,140
L14S,1.010432827,373,0.4677738210061315,1393,1,-0.2827252257094177,0.3865441942013952,0.7835083456789632,0.9837679698535852,14
S393G,1.010390355,374,-0.3095906766492353,2699,1,0.0722923225961917,-0.7277870173380949,-0.1942995149133614,-0.3885684969416765,393
N334V,1.009421033,375,0.6432889183528347,1090,1,0.702046472727666,0.8777196664033714,-0.0921506772733795,1.0855402115536812,334
P63N,1.009180391,376,0.3442826764772856,1588,1,-0.0067105809240322,0.1020282662447968,0.5812026651505962,0.7006103554377816,63
N196S,1.009162563,377,1.5940693430078654,86,1,1.9781904462769595,1.6300657631713664,1.1971181689813033,1.570902993601832,196
S451A,1.009112861,378,1.035532153329743,504,1,1.3860413585323794,0.9146268025941332,1.1195733588114054,0.7218870933810544,451
K247Q,1.008824325,379,1.0180724025285175,528,1,1.2143884652871628,0.9501849170156584,1.078794169595278,0.8289220582159703,247
S3T,1.00880062,380,1.531315538711935,119,1,1.689640492185005,1.6087823104503811,1.4253519249148043,1.4014874272975495,3
I488Q,1.008785586,381,0.77844096951183,869,1,0.841040041840271,0.5956526772260117,0.6010899854566689,1.0759811735243676,488
S343C,1.008589421,382,0.6885638436740882,1009,1,0.8087221215416346,0.7543683586716213,0.0746313403958762,1.1165335540872203,343
Q278N,1.008542249,383,1.2354423142137188,281,1,1.7510062451135049,1.213176145237567,1.1126083269299747,0.8649785395738286,278
R26Y,1.008343733,384,0.3166458258009623,1637,1,-0.1659506656761217,0.423738527225566,0.3698093681935819,0.6389860734608234,26
T469I,1.008122275,385,1.8350075330812412,27,1,2.837534413403445,1.802299126761766,1.3751341991284989,1.3250623930312553,469
K421P,1.008040066,386,-0.0414008612773143,2263,1,0.175514593208044,0.0406067045889926,-0.0758996993239426,-0.3058250435823514,421
G27R,1.007552396,387,1.2862450071090354,233,1,1.1547084910741043,1.42488653784896,1.3001453774455416,1.265239622067536,27
V370T,1.007277454,388,1.21212459901069,299,1,0.9186873639231324,1.386025459006285,1.0546386157556933,1.4891469573576497,370
V8A,1.007092819,389,1.0938071793348043,441,1,0.747680391989818,1.611024918555874,0.9361723873129018,1.0803510194806245,8
N259P,1.007089707,390,-0.6298105922967264,3129,1,-0.9453182072908416,-0.2400313297144476,-0.0049250819025886,-1.328967750279028,259
L17H,1.00687484,391,0.2936138727367409,1680,1,-0.131353951043332,-0.0449571986157497,0.6672575092471049,0.6835091313589405,17
F69C,1.006104135,392,0.3220491002757822,1632,1,0.674781546951081,-0.0411822673704664,0.6534877566458024,0.0011093648767119,69
R144V,1.0057051609999998,393,0.160804193828784,1923,1,-0.140433864897922,-0.2106779388618835,0.3858631484648649,0.6084654306100769,144
M257F,1.005263303,394,1.2787921392436372,241,1,1.4193442272517094,1.8038753453266625,0.5809100152870615,1.311038969109115,257
L9V,1.005226485,395,1.2131037976862349,298,1,1.2629285017100478,1.3759714610490337,1.1162888298303948,1.097226398155463,9
P63D,1.005029063,396,0.1557094606104271,1934,1,-0.1182995105117989,-0.2985021949531576,0.3163238510399002,0.7233156968667651,63
C372S,1.0043672540000002,397,1.5055945417950485,131,1,1.4873790780262617,1.681745904472434,1.3170778611070688,1.536175323574429,372
N133G,1.004109405,398,0.4630018073660388,1402,1,0.0545464987757222,1.5727235178895873,0.1170813394260755,0.10765587337277,133
G46Q,1.00380429,399,1.330352933234605,206,1,0.9813179499656012,1.6891595702245932,0.5621046811741713,2.088829531574054,46
L9E,1.003737876,400,-0.9371192665464604,3471,1,-1.8594027483099265,-1.2735624904187484,-0.4180558122588627,-0.1974560151983037,9
V8P,1.00369408,401,-0.7558553208956109,3285,1,-0.980074375404102,-0.7897470897929532,-0.111028057459441,-1.1425717609259478,8
S23C,1.003629249,402,0.8141735996786957,828,1,0.7462493591255095,0.9309156161894878,0.7175393962647924,0.8619900271349933,23
S336A,1.003538296,403,0.8874933184048058,715,1,1.0969818289769198,0.5405906844248739,0.787321846309512,1.125078913907918,336
M255I,1.003481907,404,1.4248340665964978,158,1,1.7674330318275957,1.3868319699739509,1.2736392766726436,1.2714319879118008,255
K273A,1.002831096,405,0.753883516555267,908,1,0.6237376567223727,0.8565153015982528,0.3523542572590337,1.1829268506414086,273
H344A,1.002744772,406,0.8515650758714108,772,1,0.5476295695755903,1.0643598507732746,0.5678871749928245,1.2263837081439537,344
Q22T,1.002739713,407,1.027264012101127,517,1,0.6534910591371449,1.3981810147710834,0.7541025324032666,1.3032814420930126,22
T55P,1.002558504,408,0.1175449851765824,1997,1,0.6362440474608454,-0.5113613748981869,0.6139891255351935,-0.2686918573915223,55
L7K,1.00248293,409,-1.1057836873705558,3649,1,-1.7350026766722977,-1.106056443610062,-1.4009172486196932,-0.1811583805801698,7
L461C,1.002383228,410,0.0047425133064752,2194,1,0.4249810013063583,-0.102246339261608,0.1753363818104232,-0.4791009906292725,461
F482Y,1.002371731,411,1.4253923155858903,156,1,1.7657425485225104,1.6603968774424105,0.8460111100481595,1.4294187263304812,482
S343R,1.002201903,412,1.0381087053455549,501,1,1.035693206190217,0.9807801496537089,0.8694875720768611,1.2664738934614317,343
S254N,1.001452849,413,1.1022213664420488,430,1,1.0713704547787015,1.5447204458782051,0.4041540647476527,1.3886405003636355,254
L19R,1.000923813,414,0.4918175829557668,1357,1,-0.612652652993185,0.5420428694389314,0.8466705158500608,1.19120959952726,19
V38L,1.000749817,415,1.699130327662493,47,1,1.9287702258042616,1.96990458785894,1.0506978087749352,1.8471486882118349,38
Q252R,1.000372916,416,0.9593621503808196,613,1,1.234335824168077,0.6934796174347222,0.7732882369065593,1.1363449230139198,252
N56R,1.000358218,417,1.2333945182849164,283,1,1.2055883349143504,1.4821770341442069,0.8738952680500827,1.371917436031027,56
V323I,1.000319814,418,0.7050263907374705,983,1,1.1732009765477864,0.2850385236447462,0.9307260398099062,0.431140022947443,323
W20I,1.000111563,419,0.4616271923441037,1404,1,-0.5467202721625665,0.5919258799022251,0.5951930176648862,1.20611014397187,20
M129Q,0.999393667,420,0.7130567341929005,969,1,0.6251028183515559,0.2119885027900751,0.7198165370822567,1.2953190785477142,129
T450V,0.999348883,421,0.4043950039079897,1481,1,0.450764588613935,0.2412670484072659,0.4960050301473119,0.4295433484634464,450
R21A,0.999134608,422,0.5508318675226562,1238,1,-0.096810047872337,0.5091194010264529,0.8445251431785744,0.9464929737579344,21
H276M,0.999123154,423,0.7959949672701289,849,1,0.4471496000794184,1.0428372932993464,0.6531018752949246,1.0408911004068262,276
I42M,0.999004506,424,1.1341823966216893,384,1,1.3426925994586176,1.0090806193417377,1.0584593547301526,1.126497012956249,42
L485V,0.9989674,425,1.153627190112989,356,1,1.156826659270427,1.4405998531742914,0.9978302886338136,1.0192519593734242,485
V5M,0.998861352,426,1.091791659377959,448,1,0.7273960302300781,1.2551731591076023,1.1965864498336312,1.1880109983405251,5
E155F,0.998518432,427,-0.4176449572705358,2878,1,-1.0840552436458613,-0.976812245141523,0.2166639194927483,0.1736237402124927,155
K138Q,0.998429688,428,0.3901062589851571,1505,1,0.169088039992503,0.0958432916422354,0.4562195230372788,0.839274181268611,138
L9Y,0.998125943,429,-0.2099025941622114,2544,1,-0.9700613054955284,-0.5603886191327003,0.4147240121052585,0.2761155358741248,9
D143S,0.997943101,430,1.0452242177088806,489,1,0.6072474976501482,1.0379260935567551,0.9221670179849586,1.6135562616436607,143
Q192E,0.997749654,431,1.567624644471998,101,1,1.8810223613083008,1.6558881816141418,1.1659151558626295,1.5676728791029195,192
H410S,0.997747581,432,2.145465536783957,8,1,2.897958054805387,2.7555999441022783,1.0726048479769044,1.8556993002512556,410
L17M,0.997711749,433,0.6865148665998129,1011,1,0.4371618819061387,0.6583942062394673,0.8085400610119642,0.8419633172416812,17
V64C,0.997692796,434,-0.5700386676024837,3059,1,-0.7804895726085996,-0.7238996174028053,-0.8876756509162174,0.1119101705176875,64
R26C,0.997373054,435,0.4264181084485665,1453,1,0.1406615971013887,0.6972127745951459,0.4717743733612938,0.3960236887364377,26
L43G,0.997205378,436,0.0010328563204809,2202,1,-0.2478100229218853,0.147124595872292,-0.233532222888448,0.3383490752199652,43
N334E,0.997192226,437,1.5110219001920635,126,1,1.7333258527816506,1.5284029377041282,1.035884650062969,1.746474160219507,334
T55M,0.996736628,438,1.233042507342656,284,1,1.2035797124596888,1.0332307265859382,1.1027649335027787,1.5925946568222185,55
C486S,0.996639199,439,0.9193159136768676,671,1,0.8436712476313509,0.6498951213943772,1.271847946452049,0.9118493392296936,486
L90D,0.996594589,440,0.5987881353840171,1161,1,1.0989260320579484,0.4974403309170829,0.528432326597989,0.2703538519630482,90
I215L,0.996345475,441,1.627118225648298,71,1,2.074560984639129,2.0039765758224592,1.1126619894286376,1.3172733527029656,215
F219L,0.995459925,442,1.237435633133362,280,1,1.385587693696548,1.7495398299700342,1.095674410175052,0.7189405986918139,219
V479S,0.99544555,443,0.9200257941390624,669,1,0.9966679649996923,0.9550406188153834,0.8249750645208573,0.903419528220316,479
H410T,0.99538829,444,1.474683829536667,142,1,2.113175921395708,1.9518802083181013,0.3889660012554618,1.444713187177398,410
L14T,0.995052964,445,0.147062803131459,1948,1,-0.550856067146846,0.33384404389039,0.3427569627737913,0.4625062730085009,14
Q324K,0.995018559,446,0.5765723136134083,1198,1,0.3886536398539219,0.3499355017130431,0.91829888974884,0.6494012231378283,324
I42V,0.99485195,447,1.2864602973091743,232,1,1.348963273006592,1.5199946144224168,0.9763540223121286,1.3005292794955594,42
K28R,0.994690171,448,1.3253410501960836,209,1,1.4437984399198762,1.1951244853448364,1.3121209627724308,1.3503203127471912,28
E325S,0.994665679,449,0.1502753480848873,1945,1,0.0311165674105134,-0.1712619475361953,-0.0461407402914759,0.7873875127567073,325
S24T,0.994603921,450,1.2696155309028998,247,1,1.272239429064448,1.2846513366495542,1.113187767450321,1.408383590447276,24
I374T,0.993992815,451,1.649133325090256,63,1,1.9619684208940544,2.364060484376894,1.0460955211763605,1.2244088739137156,374
L11T,0.993969998,452,0.516801200109257,1309,1,0.16927714495192,0.4918834403916879,0.9449507889145362,0.4610934261788835,11
L11M,0.993898628,453,0.6798450954149449,1018,1,0.5347832617651519,0.3802675040599597,0.898683146886638,0.9056464689480298,11
S336E,0.993857459,454,0.3813261670525828,1528,1,0.1440094221809489,-0.1759229713891711,0.5239953563099643,1.0332228611085892,336
M406C,0.993695876,455,1.2521313332764212,265,1,0.9238574182680808,1.4536981877749149,1.0013784417357787,1.629591285326911,406
S220F,0.993673672,456,1.7493812976452388,38,1,2.722831087351681,2.20921918193788,0.9113512379866828,1.1541236833047113,220
L9Q,0.993659633,457,-0.7168097113660662,3234,1,-1.329513899775382,-1.174649223166745,-0.4416185476550558,0.0785428251329181,9
H344R,0.993454739,458,1.556183898385723,107,1,1.5162364515566615,1.7405591213909692,1.2801436476634338,1.6877963729318268,344
L4M,0.993430621,459,1.1316294447654829,388,1,1.3479095356675816,0.8228661423526382,1.3750309224700388,0.9807111785716724,4
K138T,0.993331071,460,0.1929070882788485,1859,1,0.0105575246245305,0.1304911460768466,-0.3223577636856579,0.9529374460996748,138
H410R,0.993216212,461,1.8554448819186589,24,1,2.5485492568489665,2.408191792476745,0.9152546561294482,1.5497838222194744,410
N398H,0.99285564,462,1.3952179011664096,173,1,1.538811278383322,1.6830886187063214,0.8968474154166197,1.462124292159375,398
L380V,0.992580736,463,1.199449781909354,315,1,1.4178717046532072,1.1076021876025346,1.0682687089205,1.2040565264611742,380
S24Q,0.992469484,464,1.140521989792776,374,1,1.1554748086982944,1.1757513183445318,0.8122731807518958,1.4185886513763812,24
T34P,0.992420176,465,0.6996861030407804,990,1,0.6164849663971035,0.411739724697464,1.0124921108304794,0.7580276102380743,34
E81D,0.992065932,466,1.2056074718295045,309,1,1.2805383531176484,1.1814143846689449,0.9986334689620704,1.3618436805693537,81
V479G,0.99189021,467,0.1625043074278824,1918,1,0.1144351152574185,0.0821399190040497,0.5911594751837982,-0.1377172797337368,479
M129T,0.99179852,468,1.3642604226485218,187,1,1.5994386061805386,1.8989171959170303,1.1777375958628749,0.7809482926336427,129
L19H,0.99155086,469,0.2613774374909467,1738,1,-0.4155676764838847,0.1878916842823299,0.6603452133803136,0.612840528785028,19
V8M,0.991418365,470,0.7907930393684339,860,1,0.5136338697599289,0.9947697149405712,0.804280904585617,0.8504876681876189,8
H78T,0.991294859,471,0.2649912045836601,1730,1,0.250308773624396,-0.681308795627796,0.6681038424989026,0.822860997839138,78
P402N,0.991074282,472,-0.1135021987710995,2394,1,0.1776971598376895,-0.6297384200861638,0.2376848053775279,-0.239652340213452,402
E328H,0.990780841,473,1.0185979038394544,527,1,1.0348011489846398,0.9280411708663918,0.9169047449513994,1.1946445505553864,328
M255C,0.990678427,474,0.4294600727966706,1449,1,0.7396992720412339,0.4406002616834646,-0.1978813035023431,0.735422060964327,255
L9G,0.990669045,475,0.352909445119116,1570,1,-0.1228715061133789,0.4408025714341784,0.667283184598514,0.4264235305571504,9
H344N,0.990438118,476,1.6217493744766125,72,1,1.637155454922263,2.2369152997812467,1.0325645037270306,1.5803622394759091,344
T55I,0.990415495,477,1.1394015840620817,376,1,1.4694255472710005,0.8350721416638173,1.1853156827384324,1.0677929645750766,55
Q484K,0.990387137,478,1.402599631693638,167,1,1.8060600022823157,1.3481758284987055,1.1633331691084057,1.2928295268851262,484
M129S,0.99005258,479,1.0917200600529466,449,1,1.031388695128347,1.1727974420091192,1.0814659630712165,1.0812281400031036,129
N466S,0.989906064,480,1.0290135268395133,514,1,1.318088963718465,1.1913102570036995,0.4625366799497636,1.1441182066861253,466
K138S,0.989856408,481,0.1051134593516709,2022,1,-0.2205579684558411,-0.0071142961458759,-0.3691825364469717,1.017308638455373,138
L90E,0.989713989,482,0.7462147422709057,922,1,1.2425975547406831,0.6817493339040102,0.7193845815280279,0.3411274989109011,90
N258E,0.989643464,483,1.0926441677770131,446,1,0.6052853975841815,1.3769529344698728,1.0506548644928215,1.3376834745611763,258
C10S,0.989554293,484,1.284280439863467,235,1,1.14772660781773,1.520639409807168,1.216793728628537,1.2519620132004337,10
T470A,0.988786888,485,0.6500040609068491,1076,1,0.4074362742628269,0.6103589626290692,1.0664572361350642,0.5157637706004365,470
V6I,0.988446352,486,1.4155855111158897,162,1,1.327767135249368,1.515819917235245,1.2602892522526188,1.5584657397263273,6
L380F,0.988049482,487,1.2776666842095394,242,1,1.591879279915981,1.5166706960131886,1.0679559966526175,0.9341607642563702,380
V490T,0.987827161,488,1.2827759332784598,237,1,1.4321241821998925,1.0952859622805846,1.4253519249148043,1.1783416637185578,490
I374M,0.987610503,489,0.8309557276690724,803,1,0.9858669810272248,1.191095763144902,0.9571226193279524,0.1897375471762099,374
G416T,0.987587068,490,1.570206432970238,100,1,1.9820247775785187,1.8729722925645584,1.0707078211012293,1.3551208406366455,416
V6N,0.987376556,491,-0.0003065134021653,2204,1,-0.1490555489291025,-0.8798695900079877,0.5445620972764283,0.4831369880520006,6
V5H,0.987293753,492,0.0918341002629981,2043,1,-0.6836322069396783,0.667482881413656,-0.3499352390626007,0.7334209656406155,5
S3C,0.987240976,493,1.19591249575157,316,1,1.479071156619869,0.9450398761217628,1.4253519249148043,0.9341870253498435,3
L17T,0.987209541,494,0.50150706548333,1339,1,-0.0269540532384645,0.5773079627556011,0.7990198152571942,0.6566545371589892,17
E328I,0.987166095,495,0.3469088302069396,1582,1,0.4043340790194503,0.3883226723077688,0.0296758721459464,0.5653026973545928,328
D224Y,0.986952705,496,1.240273633143121,277,1,1.334412256440482,1.1088927658203571,0.8859082576326557,1.631881252678989,224
L19S,0.986709668,497,0.4684608910723161,1392,1,0.017312449821129,0.513837730354813,0.8804287131648982,0.462264670948424,19
I374V,0.986709374,498,1.6498679535440683,61,1,1.69064590277861,1.865211300234047,1.3069778565643908,1.7366367545992256,374
K190D,0.98649026,499,0.9080653555493324,689,1,0.8650982104255956,0.6089477483520852,1.2449165118294752,0.9132989515901736,190
S51R,0.986231215,500,0.911997243695348,681,1,0.8396105027180754,1.6730366709595648,0.923051226840788,0.2122905742629636,51
V5Y,0.985957087,501,0.381799501464638,1523,1,-0.3710126438730414,0.9770984736972224,-0.0399136868593491,0.9610258628937204,5
Q22I,0.985165233,502,0.8907006149442216,711,1,0.2570907955821217,1.0376247042457978,0.7550529119554134,1.5130340479935531,22
R21S,0.984648299,503,0.999135511227296,554,1,0.8120708959152472,1.0397717181488886,1.1269811193312849,1.0177183115137636,21
T469V,0.984127137,504,1.649416337374886,62,1,2.410760914257944,1.529950177171295,1.3125374391390217,1.3444168189312835,469
S24P,0.983733386,505,0.7474356347292763,920,1,1.0099272017629286,0.9336409735526764,0.9465333759610036,0.0996409876404969,24
D89Q,0.983388991,506,0.2673108737257572,1727,1,-0.1158686895271176,-0.4199100035542093,0.5723455576203034,1.0326766303640524,89
M255F,0.983284119,507,1.4957739332942532,135,1,2.0445112768379974,1.3782389101743393,0.6509475619509077,1.9093979842137687,255
L7V,0.983142802,508,0.9901909633073704,565,1,0.8221273262257078,1.2761433815059964,1.044963149636537,0.8175299958612404,7
L17I,0.982939772,509,1.1598681559670003,352,1,1.1158369587390105,1.2166413524386153,1.195266538711314,1.111727773979062,17
I50F,0.982858227,510,0.9011295607452312,699,1,1.0759737352034064,1.2006825139462614,0.8449088334336539,0.4829531603976026,50
K28N,0.982852872,511,1.1786888105617643,341,1,1.0529055546733794,1.2238233151161286,1.2755411569865287,1.1624852154710204,28
S3L,0.982340004,512,1.8555138220005225,23,1,1.8664362278423376,2.273097213758414,1.4253519249148043,1.857169921486533,3
L17P,0.981931166,513,-0.5230214743358824,3014,1,-0.6401136638325168,-1.008278842344527,0.7214051357527232,-1.1650985269192091,17
I42A,0.981919877,514,0.7480161885155842,918,1,0.7741049552060877,1.0592302743242543,0.804382191159651,0.3543473333723433,42
V6A,0.981830345,515,1.268492770864845,248,1,1.680433107683402,0.8544980283625624,1.309237044897438,1.2298029025159771,6
E328W,0.981097448,516,-0.3414729445694542,2754,1,-0.5287162682801257,-0.2156515988948174,-0.6892944356873617,0.0677705245844878,328
G137S,0.980890085,517,-0.4750554417912527,2954,1,0.2187312328859751,-0.1489134815928577,-0.7857966543867807,-1.1842428640713474,137
C164V,0.98078811,518,0.8535301893607903,770,1,0.6685684871759923,1.3253598476168804,0.8575736090500711,0.5626188136002173,164
V323M,0.980774108,519,0.5171287066762177,1306,1,0.5111658867051184,-0.0733587562334865,0.7039368036841569,0.926770892549082,323
N466T,0.980421271,520,0.7981492771229493,847,1,1.1916842901656932,1.064282930222788,0.3913591528607112,0.5452707352426047,466
N56T,0.979996774,521,0.900408470630278,700,1,1.1291495863126175,1.0560820212975124,0.7292375993386354,0.6871646755723464,56
N56S,0.979788172,522,1.1851172454265737,329,1,1.380688191646723,1.184098436566816,0.9268664192920816,1.2488159342006735,56
Y80R,0.979753303,523,-0.1421917362237252,2437,1,-0.3899017806985557,-0.4836556503542153,0.2476609566543802,0.05712952950349,80
E253V,0.979584649,524,0.7944594458897514,855,1,0.5277768015649524,1.0229721092530886,0.8681158631373611,0.7589730096036033,253
N466H,0.97956096,525,1.1259740547033674,397,1,1.1416850840819766,0.9771747917368696,1.0454830785771585,1.339553264417465,466
M406D,0.979295514,526,1.1794122712170352,339,1,0.8163962705059707,1.4030662898111717,0.8730648773355991,1.625121647215399,406
V370S,0.978975391,527,0.451873837461711,1426,1,0.1782444837000034,0.90882328429851,0.2782368907614808,0.4421906910868504,370
E415D,0.978927319,528,1.1881396683653258,325,1,1.4085809218770171,0.9818792633159252,1.1035974627896266,1.2585010254787343,415
N398S,0.978707899,529,1.759945913534687,36,1,2.147185372014929,2.229508567087843,0.8873817055465746,1.775708009489402,398
V8S,0.978252371,530,0.7439345486936989,923,1,0.1191718971384138,1.274582476758266,0.8207786183281043,0.7612052025500117,8
F168H,0.978143139,531,0.6308526052450656,1114,1,0.5103572138139219,0.2279804793785916,0.894815259623187,0.8902574681645621,168
A321S,0.97807834,532,1.107602607510488,418,1,1.2012380343746354,0.988502598026916,0.8130368256670464,1.4276329719733545,321
L461I,0.9779901,533,0.7621769466419205,895,1,1.1047588158036177,0.6921520182731059,0.9384011683024696,0.3133957841884891,461
L71R,0.977732758,534,1.4000227893851462,170,1,1.5170630493532096,1.3923894462737731,1.131553160380984,1.5590855015326175,71
F126M,0.977415048,535,-0.7325246907184542,3253,1,-0.7691004730499582,-0.9488913572822656,-0.0556062876300561,-1.1565006449115367,126
N56A,0.977393588,536,0.9714732165927256,593,1,0.8582296770671974,1.370134285828469,0.5326180605656218,1.1249108429096135,56
S51P,0.977381634,537,1.2070720068769831,307,1,1.5659759419556745,1.4914239353593657,0.8562183695226874,0.9146697806702054,51
M257S,0.977374876,538,1.6069522222476076,78,1,1.881344604758635,2.161316825440376,0.9045826267853684,1.4805648320060514,257
A161S,0.977086062,539,1.263020935912316,254,1,1.448988425949883,1.1411939074814674,1.068402607559154,1.3934988026587594,161
T450A,0.977057219,540,0.5223611254010624,1296,1,0.6504470919157473,0.2740169936980206,0.7421599074597529,0.4228205085307288,450
I47Q,0.977055191,541,1.0396258109507408,498,1,0.5449375112436794,1.4096965366604022,0.4306244769785763,1.773244718920306,47
N56K,0.976959811,542,1.5069621778276583,130,1,1.826594513495145,1.7020363607527782,1.026279226605329,1.4729386104573812,56
I50M,0.976852916,543,1.154222607819675,355,1,1.3231958655785343,1.199443383459552,1.2932866841510575,0.8009644980895562,50
K118T,0.976787377,544,1.2410040573320895,276,1,1.4504448245096928,1.1979455415130036,1.4021588407171752,0.9134670225884876,118
I47V,0.976528896,545,1.565795598963058,102,1,2.06133284772628,1.830100801156899,1.2884879983300614,1.083260748638993,47
S53Q,0.976260884,546,-0.2869277816800717,2668,1,-0.0921007955188756,-0.7969319646061898,0.5690438922946073,-0.8277222588898289,53
G27K,0.976052001,547,1.126530754604352,394,1,0.8223104911171911,1.0969056787807974,1.293925007292063,1.2929818412273562,27
L11Y,0.976007442,548,-0.2998894935380438,2687,1,-1.1418463390768856,-0.7529912507685095,0.2798804921819753,0.4153991235112446,11
P402T,0.97596672,549,0.2976211174584835,1673,1,0.7342562014246868,0.0027247058602119,0.7380833815002913,-0.284579818951256,402
Q340M,0.975590327,550,0.6586689353352394,1066,1,0.1680048815179563,1.0619521505137048,0.2203580029634916,1.1843607063458046,340
P221R,0.975499458,551,0.7885262457119768,863,1,0.5103945434065308,1.910756182445003,0.7355004363330675,-0.0025461793366939,221
W20L,0.975495671,552,1.040270892647643,497,1,0.3755380815376313,1.188040296787415,0.9965595077143964,1.6009456845511287,20
H276G,0.975315809,553,1.2111987137620437,301,1,1.3193054142462015,1.2190609355508493,1.0247756997541229,1.2816528054969998,276
S254R,0.975228985,554,0.7308688303114562,946,1,0.4074627428146543,0.7456942109548845,0.6269249669704102,1.1433934005058757,254
H410M,0.975044526,555,1.002537244906471,548,1,1.5678235194663055,1.419212425492493,0.1641535377205207,0.8589594969465632,410
S254V,0.974639409,556,0.5147930770327678,1317,1,0.1513791548788561,0.7741138438978009,0.516962643170682,0.6167166661837321,254
K28Q,0.974501927,557,0.9096882408561534,683,1,0.7630392298745189,0.9634534107191532,0.8816950843832547,1.030565238447687,28
V394C,0.974379791,558,-0.2056662255115682,2536,1,-0.4850744565481559,-0.832902397278756,-0.0035869445823575,0.4988988963629965,394
S220Q,0.974164172,559,0.6668309631554367,1053,1,0.8283786509272518,1.035018443191848,-0.1487480766621726,0.9526748351648192,220
F126L,0.974130507,560,0.01711654393968,2169,1,0.3754007410245099,-0.078740918615479,0.7507189796637367,-0.9789126263140474,126
Y61H,0.973827562,561,0.7913929891103013,858,1,0.6174765598761668,0.8650081604980032,0.6346697062667843,1.048417529800251,61
R26T,0.973739782,562,0.7546236666019092,907,1,0.7810400438497376,0.8470353960523994,0.6828969512619077,0.7075222752435918,26
C266M,0.973720579,563,0.0148588269454234,2175,1,-0.4031867321624595,0.0504410203996636,0.5094404586519246,-0.097259439107435,266
F134G,0.973636983,564,-0.4498062627366422,2925,1,-1.2430815138727458,0.6020586394153057,-0.3461000160054553,-0.8121021604836736,134
M129R,0.973459472,565,0.6855931678945966,1013,1,0.4788174773151364,0.1129946329769004,0.8717071883550831,1.2788533729312663,129
T371E,0.973299544,566,0.1243432523838331,1984,1,-0.2741857672954649,-0.1556223728430318,0.186690697666479,0.7404904520073503,371
N398D,0.973122139,567,1.8478151884570813,26,1,1.993271385307782,2.4267633857509843,1.0827843511585282,1.8884416316110304,398
I47H,0.973100166,568,0.886555783902442,720,1,0.6018154206963459,1.0435751682405665,0.5601658118915388,1.3406667347813173,47
K52N,0.9729658,569,0.9319426692007508,653,1,0.7704575720120164,0.7279211453796907,1.0858514967819035,1.1435404626293924,52
V490L,0.972760618,570,1.5887527712489122,89,1,1.9639075773603756,1.726773054140087,1.4253519249148043,1.238978528580383,490
E272S,0.972618858,571,0.3365999814746792,1606,1,0.026048230621342,-0.5800526984499229,0.8487620016468386,1.0516423920804592,272
Q146K,0.97260982,572,0.5283177261772095,1285,1,0.2761532483733205,0.2942560022472516,0.7004046282890133,0.8424570257992524,146
W20V,0.972526861,573,0.4569945878438621,1416,1,-0.5381167643204572,0.4618249779658225,0.7398888713092918,1.1643812664207915,20
S58Y,0.972050011,574,-0.0383160829330245,2258,1,0.1436252652140775,-0.0052467803265806,0.3405288357275456,-0.6321716523471407,58
K160R,0.971829658,575,1.1060993056946955,421,1,1.096580172891,0.9516133363243874,1.0859372694026108,1.2902664441607845,160
R329L,0.971825447,576,0.8798514107539959,731,1,0.8265606550945335,0.8880319741465692,0.8150470101688276,0.9897660036060534,329
R21V,0.97180794,577,0.4199267706319623,1458,1,-0.2256423036418449,0.5645554191675105,0.7722138851803985,0.5685800818217852,21
R21N,0.971756188,578,1.0883803780923524,454,1,1.2406606598278414,1.2200811872387638,1.0344766956934135,0.8583029696093913,21
S24G,0.971697542,579,1.011387670094259,541,1,1.0342274263715316,1.5943821256583162,0.5286269811006776,0.8883141472465107,24
L458I,0.971351306,580,0.3420876512647298,1591,1,0.8891106593341084,0.606135830264981,0.1915607450095107,-0.3184566295496808,458
V330Q,0.971227261,581,-0.3307459430920437,2741,1,-0.8294602185860174,-0.128763242973953,-0.7271015210380237,0.362341210229819,330
Y80K,0.971130742,582,-0.4948662433157613,2981,1,-0.6890861804776268,-1.0304737349694877,-0.4786506088580338,0.2187455510421028,80
R329D,0.971041329,583,0.5899008780660421,1171,1,0.3356417653321398,0.3468655081497637,0.7156607028301349,0.9614355359521298,329
L90W,0.971032597,584,0.6167749271759593,1137,1,0.9203266586404472,0.2587991765923808,0.933847133283964,0.3541267401870451,90
N466F,0.970822022,585,0.2211401186448923,1813,1,-0.638968089273993,0.5213191743922924,-0.2724317040746644,1.2746410935359345,466
S24V,0.97074515,586,0.9994522028884588,553,1,0.8785170123509559,1.0119944287063356,0.9903488911322472,1.1169484793642963,24
V473E,0.97073322,587,0.7309973847219295,945,1,-0.0378542105190453,0.6656957673185855,1.0596379962955862,1.236509985792592,473
N334R,0.970508121,588,1.0301789475852337,511,1,1.2061443001445868,0.8048315201275308,0.7345346451331991,1.3752053249356178,334
S12T,0.969904334,589,1.305287184419042,224,1,1.3147937337174966,1.4281619876084477,1.1043217549637572,1.3738712613864674,12
P402V,0.96989935,590,-0.0576871206299196,2289,1,0.2887400499021552,-0.3222508960870738,0.0113320736273058,-0.208569709962066,402
H78N,0.969420181,591,0.8535962327663861,769,1,1.0925727978477862,0.3643401969681967,0.5338726682358357,1.4235992680137255,78
T55Y,0.969257702,592,0.7069734586719942,980,1,0.8986144888241375,0.2998123572074563,0.8166009629984512,0.812866025657932,55
G25D,0.96898586,593,0.90734763913968,690,1,0.7497167812955264,0.7441121513821292,1.1000908131699914,1.0354708107110724,25
L11F,0.968898585,594,1.001830423492052,550,1,0.928742960111245,1.306195852296293,0.8475448054922412,0.9248380760684294,11
R21P,0.968887387,595,-0.185569647115846,2503,1,-0.3996042918497705,-0.2865139698375681,0.7084407678080744,-0.7646010945841197,21
S140T,0.968816378,596,1.137712485236822,379,1,1.1697605394572437,1.0864457558819665,0.9972919584244652,1.2973516871836126,140
H78M,0.968781882,597,-0.3576443767169614,2777,1,-0.5547453248815096,-1.0604680634637895,-0.0493253471310991,0.2339612286085526,78
Q193V,0.968762766,598,1.3274241760698793,208,1,1.4640820966891794,1.532124412848834,1.078613648963808,1.2348765457776951,193
F134T,0.968696742,599,0.0410404358829023,2127,1,-0.6279633421251155,0.6187166582638655,-0.1917794853709732,0.3651879127638325,134
S336T,0.968313511,600,0.9705252580254304,595,1,1.2217886940565188,0.5250571516394307,1.095908238295977,1.0393469481097952,336
V462I,0.968302629,601,1.2150407477733034,295,1,1.296135439379261,0.9581873990378516,1.2664549592569594,1.3393851934191416,462
L9M,0.968153579,602,0.6652176994650303,1057,1,0.4276001035982636,0.6442780467306989,0.7789838288446203,0.8100088186865385,9
L9P,0.96806635,603,-0.8633373847196568,3387,1,-0.7029235931598952,-1.3178293634574476,0.1074630896861199,-1.540059671947405,9
L17E,0.967809109,604,-0.4148022833905052,2868,1,-1.5268815146287218,-0.7932261212704818,0.4564337339333996,0.2044647684037832,17
K399N,0.967664923,605,1.001199816728272,552,1,0.9328591549653742,0.9062237178094412,1.1125140931046515,1.0532023010336211,399
L71C,0.967655595,606,0.7667641743898694,887,1,0.6366251890230783,0.802178263228114,0.6733409649783725,0.954912280329913,71
S336C,0.967468603,607,0.8934383897272342,708,1,1.0930024511281624,0.5708352557544403,0.9832079861016068,0.9267078659247272,336
L16G,0.966347868,608,0.1870547039182575,1867,1,-0.6305419877381198,0.4159111080750196,0.2717616123968088,0.6910880829393213,16
Q44T,0.966056153,609,0.1028503233208853,2028,1,-0.1765464485708933,-0.2665519823831264,0.1385949079528628,0.7159048162846984,44
W20T,0.966045189,610,0.0892162741607398,2046,1,-1.0565261907592691,0.0719533351893233,0.5598121233672936,0.7816258288456119,20
V490H,0.965997963,611,1.3929830045477063,175,1,1.4267173802002482,1.14309824340761,1.4253519249148043,1.5767644696681635,490
S23V,0.965903171,612,0.8894008062770729,712,1,0.6404652509894716,0.9485100038279988,0.8826360679291633,1.0859919023616578,23
F376L,0.965827518,613,0.637693322540988,1104,1,0.7579959516563023,0.2196951519901624,1.1356500055705054,0.4374321809469816,376
P63S,0.96537662,614,0.8712189489293456,747,1,1.1258334648623824,0.8733848686970627,0.6970461824447336,0.7886112797132039,63
S220N,0.965274305,615,0.6449108374662899,1085,1,0.7324024255822991,1.3500942564839231,-0.3564398094201523,0.8535864772190893,220
S24A,0.965206897,616,1.2086698298245957,303,1,1.0570689210658128,1.4646214080363582,1.044955187781647,1.2680338024145652,24
H344E,0.965102949,617,0.934336220184081,650,1,0.8012291202189193,0.8745490535299256,0.720264453743769,1.3413022532437104,344
E318G,0.96508546,618,0.6600500480666679,1063,1,0.6301111611526052,0.7677321160333773,0.6379882150546146,0.6043687000260746,318
L485C,0.965046172,619,0.4295398786135385,1447,1,-0.4090830208882247,0.2599286835791584,0.3055392142575136,1.5617746375057069,485
K138N,0.96483798,620,0.5276215627768044,1287,1,0.2608659565477523,0.3378479292546147,0.4653979485779063,1.0463744167269444,138
K84R,0.964631153,621,0.8147273068507342,827,1,0.8515850654236267,0.7377672436245528,0.59465244966337,1.0749044686913876,84
I47M,0.964622979,622,1.4940125576385164,136,1,1.5226737192308135,1.620219790449596,0.967824851531314,1.8653318693423413,47
I50P,0.964543689,623,0.5323897772385033,1273,1,0.9159193446167327,0.9213824888528278,0.5022660933695999,-0.2100088178851474,50
S23G,0.964509217,624,1.1525621203046348,357,1,1.3445594978952662,1.481534606961782,1.143261747513498,0.6408926288479933,23
S3H,0.964367756,625,1.1849637242262123,331,1,1.4392868989932377,0.6930455418478167,1.4253519249148043,1.1821705311489912,3
C338K,0.964357535,626,0.1534296603860522,1939,1,-0.1076233307868722,-0.0553776905274298,0.2635294794198148,0.5131901834386962,338
S12I,0.963863573,627,1.122203398288855,406,1,0.8447328655070209,1.43323035899804,0.9427167740805392,1.2681335945698204,12
N56H,0.963548591,628,1.0147371588209062,534,1,1.085155391044135,1.0521273409851652,0.9797318553257582,0.9419340479285664,56
S460P,0.963124087,629,0.9477207404760524,631,1,1.771538205098567,1.439429459132501,1.125146973921737,-0.5452316762485957,460
S51T,0.963076108,630,1.1467698063475236,366,1,1.2179254023062431,1.389264473596406,1.198988326822083,0.7809010226653625,51
K465V,0.962916161,631,0.5330595117965392,1270,1,0.3234723739824406,0.4717338712292714,0.3894096011965646,0.94762220077788,465
N398T,0.962800779,632,1.0145865287786031,535,1,1.6242405536364006,1.1504454279463945,0.3639797362240484,0.9196803973075686,398
N277M,0.962054352,633,0.4756195735161938,1382,1,-0.1420435884074792,1.0025319290291734,0.2587621978947497,0.7832277555483314,277
C13T,0.962052281,634,0.9783430764939296,584,1,0.2178055874231739,1.4610134392392151,0.7736002319234855,1.4609530473898436,13
E325R,0.961999015,635,0.0395314180789517,2129,1,0.0071068686627124,-0.2954303269117114,0.1703756124402666,0.2760735181245393,325
N398G,0.961675376,636,1.179762163875011,337,1,1.7454754276179958,1.728592034363993,0.3999873460879546,0.8449938474301021,398
S24H,0.961221093,637,1.150814025690428,361,1,1.4877181225853109,0.7471265800568936,1.087935091610733,1.2804763085087738,24
S3N,0.961188941,638,1.1419910981333758,373,1,1.5908321876353408,0.5351544299586403,1.4253519249148043,1.016625850024718,3
L90V,0.961143655,639,0.058518877971506,2096,1,0.7905596413931891,0.0936315412967423,0.2600296561046934,-0.9101453269086008,90
P402R,0.961114032,640,0.4041727972943827,1482,1,0.6312566519498893,-0.1319367345102981,1.1658743646771468,-0.0485030929392072,402
F226I,0.961084776,641,1.3181330975842984,216,1,1.3401039024968178,1.1996127224782251,1.2175862899530705,1.5152294754090805,226
M129A,0.961072982,642,0.9879372168978412,572,1,0.900897282757499,0.9743454008354252,1.0883053415642243,0.9882008424342156,129
K138D,0.960819954,643,-0.5714468480766216,3062,1,-0.9455762756711588,-0.9112687059969874,-1.0477809731758363,0.6188385625374963,138
N466V,0.96069203,644,0.4654934077288332,1397,1,0.3575483449863973,0.8795476842898668,0.3510782942104951,0.2737993074285733,466
K273R,0.960588883,645,1.0906936748433076,452,1,1.17941840586756,0.9817676649193536,0.9990657499847938,1.202522878601523,273
P279L,0.960452127,646,1.2529714776274696,263,1,2.0218852439733075,2.135260608210339,1.1796989346233329,-0.3249588762971002,279
G46S,0.960443723,647,1.6591461795766658,56,1,1.5478747331542602,1.7583643376140057,0.978175122693924,2.3521705248444733,46
R329H,0.95989836,648,1.2115430426845004,300,1,1.3105908599402152,1.184856696458099,1.3834643678521077,0.96726024648758,329
L36I,0.9596739,649,0.38392149727601,1516,1,0.8090981257478163,-0.0994213667729849,0.324741583133686,0.5012676469955228,36
V6W,0.959343264,650,0.7329910298809781,936,1,0.199452494612992,0.4707908748200876,0.818588480741366,1.4431322693494666,6
V6T,0.95929059,651,1.0235247269348453,523,1,1.2269233767278418,0.5667869854250522,1.118590921965024,1.181797623621463,6
K138G,0.959157442,652,-0.3743070004634775,2805,1,-0.4677824232053783,-0.4601649577508256,-0.6900040143896793,0.120723393491973,138
M129G,0.958860856,653,0.2364027020720376,1787,1,0.2831559393177215,0.076376701989012,0.4763791805353404,0.1096989864460765,129
R21K,0.958825366,654,1.638687734571197,67,1,1.8762701813193603,2.080897427564339,1.2489699877305571,1.3486133416705317,21
V490Q,0.958607619,655,1.2667707669345043,251,1,1.391796048881992,1.034507514000105,1.4253519249148043,1.215427579941116,490
T55R,0.958487381,656,1.1358080064611504,382,1,1.1519518807465974,1.0321675627371345,1.1572619877526118,1.2018505946082578,55
M406N,0.958430426,657,1.5483227909162425,111,1,1.6032749477518569,1.9952441184456065,0.9912948435042142,1.603477253963293,406
I47A,0.958331336,658,1.3960321899222716,172,1,1.623800423220926,1.7452486640903395,1.1559948864030898,1.0590847859747314,47
C13K,0.958031081,659,-0.5472417709654869,3041,1,-1.7120690446140605,-0.6833948220448178,-0.2524064681851392,0.4589032509820699,13
V60I,0.957813898,660,1.5971799058850822,84,1,1.7510076411341706,1.7766045666630308,1.2799941089934863,1.5811133067496417,60
G416M,0.957632059,661,1.121383085207986,407,1,1.2775267596154958,1.4461585679686166,0.5555425371841555,1.206304476063676,416
P221F,0.957506422,662,0.6774039579249248,1026,1,-0.627649767963117,1.85700339548847,0.899444452787548,0.5808177513867984,221
S220Y,0.957417791,663,1.2641274711978352,253,1,1.870711980878488,1.3988530151938712,0.6609783498511859,1.1259665388677962,220
F482G,0.957393141,664,1.437500818011522,151,1,2.2444151959975414,1.6003354432113652,1.027653011733422,0.8775996211037593,482
K399S,0.957197709,665,0.6801113334535107,1017,1,0.4976437932106805,0.725598064420221,0.6135480469212533,0.8836554292618877,399
K138R,0.956985933,666,1.0147594171216148,533,1,1.0727340877652554,0.985527466448005,0.8569100140845771,1.1438661001886214,138
S51Y,0.95687067,667,0.9235237332089528,664,1,0.9695009281922085,1.0862779231403914,0.9503215553766752,0.6879945261265362,51
K270R,0.956812721,668,1.0661397890934643,476,1,1.1271389117075772,1.1043693487485169,0.9623744632778104,1.0706764326399527,270
S220H,0.956648754,669,0.9034573542493568,697,1,1.2158660065799591,1.156963222842031,0.0800958899323394,1.1609042976430983,220
F482C,0.956535813,670,1.4230546207907742,159,1,1.9808589746805445,1.743815834736995,1.1708754905504946,0.7966681831950625,482
H184T,0.956380602,671,0.7472044342362673,921,1,0.6465910455127284,1.7089355868507348,-0.5893215105375936,1.2226126151191994,184
N455S,0.955584377,672,1.0291368237044662,512,1,1.0933837218223068,1.1733297603356578,1.0944795817388218,0.7553542309210789,455
L9K,0.955492908,673,-0.9158541754234518,3444,1,-1.845015806052692,-1.3690240400179392,-0.2920582957106208,-0.1573185599125553,9
K28F,0.955351601,674,-0.063383781831782,2300,1,-0.9213265032494252,-0.2349592595777581,0.0933615786198259,0.8093890568802294,28
S53R,0.95529946,675,-0.3892033335783596,2824,1,0.2293611205656171,-0.6379716637598163,0.1890739691391228,-1.3372767602583622,53
C372D,0.955296102,676,0.8156936404102788,825,1,0.5557780444816148,1.194807698534652,0.4886825621064977,1.023506256518351,372
S220I,0.955239715,677,1.2794795970532469,240,1,2.20562940027165,2.264299484373968,0.3188738288174778,0.3291156747498901,220
Q22C,0.955129169,678,0.7965123483093364,848,1,0.3172158142033993,1.0272653337114843,0.9373346232040496,0.9042336221184124,22
K383A,0.954769439,679,-0.0957335535553651,2364,1,-0.2472470915485253,-0.3260499277659298,-0.119372182663375,0.3097349877563698,383
L15G,0.954252395,680,0.0026269198346985,2198,1,-0.7767525648877712,-0.0467534842647077,0.4903441557308089,0.3436695727604641,15
G27H,0.954140328,681,0.5170516269862726,1307,1,0.2038656789036073,0.3541125085250989,0.6897465777471712,0.8204817427692129,27
S24D,0.954114116,682,0.6354611138096808,1107,1,0.5908044961560213,0.6887349784663784,0.60315563957607,0.6591493410402534,24
R21M,0.953336697,683,0.707435404891827,979,1,0.0991869399309119,0.9327213411749286,0.8018329512615733,0.9960003871998944,21
L9I,0.953329263,684,1.1245699114890233,399,1,1.0821320500280778,1.2387292324439472,1.1129920710940402,1.0644262923900278,9
E253R,0.952984871,685,0.8478642285938014,777,1,0.6269764107072978,0.8293236526915184,0.8011334086267343,1.134023442349655,253
R21T,0.952984555,686,0.8017722708432593,842,1,0.579069337034483,1.015096020615855,1.0121265344108876,0.6007971913118116,21
T470R,0.952940416,687,0.8579124952185633,762,1,0.8057742703430916,1.1320530147012045,0.8387123109680175,0.6551103848619393,470
N466I,0.952913646,688,0.2126620530091909,1825,1,-0.0465185569417788,0.479143549531223,0.1792929762614994,0.23873024318582,466
C10G,0.952834841,689,1.0548671167741717,484,1,1.05342472079886,1.304776202867559,0.9216287150724832,0.9396388283577845,10
S343N,0.952633554,690,1.4609799701378354,147,1,1.3737640338448882,2.058888576897431,1.0693715158525046,1.341895753956518,343
L7M,0.952110992,691,0.6004085740968699,1158,1,0.279667451195855,0.6182373943640113,0.6905430398291467,0.8131864109984666,7
S23T,0.951421305,692,1.3066996175815706,223,1,1.376986754532464,1.400296480537171,1.3940544801831445,1.0554607550735031,23
S254A,0.951331554,693,0.897390669599117,703,1,0.7059070561978495,1.203747821314124,0.8043250317605678,0.8755827691239263,254
S220T,0.951272728,694,0.9476179537194174,632,1,1.4267248768312246,1.530419725583865,0.1958170124557283,0.6375102000068511,220
Q340D,0.951143248,695,1.0954780417296952,439,1,0.8316342688418221,1.6967362988408492,0.449753700149083,1.4037878990870265,340
D224A,0.951066457,696,0.9716786317794414,591,1,1.0623378520644824,0.902660334814408,0.6939565507961944,1.2277597894426804,224
T371N,0.950933685,697,0.6973311106537615,993,1,0.637977276918724,0.746803768138316,0.944542432868168,0.4600009646898381,371
P402K,0.950665464,698,0.2589745129784664,1744,1,0.7094500519466203,-0.0562738249824444,0.2871460545810084,0.0955757703686815,402
K28T,0.950561059,699,0.6463839964670377,1082,1,0.5389982809222276,0.3417065425609146,1.0371942359296988,0.6676369264553096,28
L7A,0.950495998,700,0.7402828136141617,928,1,-0.0414726402445036,1.204028859147842,0.6646041153906281,1.13397092016268,7
R144L,0.950063839,701,0.5896475565971009,1173,1,0.4248754063031816,0.1517521469008612,0.9376201008727356,0.8443425723116249,144
T34M,0.949814086,702,0.8404439338071379,791,1,0.8716534488261288,0.4289185137481424,1.018285315830241,1.0429184568240393,34
R26H,0.949716961,703,0.7319746864382677,943,1,0.6486415346271631,0.8271734923429335,0.5958396189029731,0.8562440998800008,26
K399E,0.949655641,704,0.9682461766776352,599,1,0.751156748692097,0.7296540334992224,0.9382115802156552,1.4539623443035663,399
V330C,0.949414772,705,-0.4023633030305127,2850,1,-0.6853950739162963,-0.212954492595428,-1.1621915951706152,0.4510879495602882,330
Q22A,0.949109969,706,0.8930879563610312,709,1,0.3497087117323128,0.9774214864527466,0.9138933373217824,1.3313282899372831,22
V6Q,0.948771731,707,0.1311496638484865,1977,1,-0.2315855545028146,-0.3017932430488185,0.2897657906531968,0.7682116622923824,6
L9W,0.948625788,708,-0.1060200212490103,2379,1,-0.8568410140778813,-0.185024098454039,0.3063378164841546,0.3114472110517243,9
Q278T,0.948548145,709,1.3673918302701271,184,1,1.952505048082926,1.57844647546507,1.004444528838745,0.9341712686937688,278
Q22S,0.94843838,710,1.1908032358728615,322,1,0.8515342781917974,1.7712940612298869,0.7362605629860987,1.4041240410836635,22
S24N,0.948355619,711,1.1723034344611296,346,1,1.375086616843758,1.025690838997045,1.0494209878924512,1.2390152941112644,24
Q278P,0.94817431,712,1.0711774764729447,469,1,2.261121570750517,0.4666283282681754,1.0254395801803673,0.531520426692719,278
K28D,0.94812008,713,0.4436351193921786,1432,1,-0.0587818167210602,0.2252745362535588,0.5919366254438664,1.0161111325923495,28
Q192A,0.948080676,714,1.0792186177386578,461,1,1.17920001239457,1.0503202770867486,0.8869847125377306,1.2003694689355815,192
K28S,0.948060635,715,0.795992892239509,850,1,0.4555648545347168,0.5125665663751464,1.043853668953499,1.1719864790946737,28
V323C,0.947581476,716,-0.0522539990060634,2279,1,-0.496820351068616,-0.4443378013496873,-0.4190140233466238,1.1511561797406733,323
L4V,0.947459422,717,1.487582142927462,138,1,1.986421237541555,1.3154643769560186,1.397373821190404,1.2510691360218702,4
M406E,0.947082167,718,1.5657341871448578,103,1,1.4964675006268109,1.6990022500572628,1.1950761466236708,1.8723908512716867,406
S3M,0.946682743,719,1.3215583548764729,211,1,1.35352578962785,1.1996676513830764,1.4253519249148043,1.30768805358016,3
S220V,0.946625495,720,1.193827866840388,320,1,1.882512822772361,1.8663523553452448,0.5172267831405056,0.509219506103441,220
L19P,0.946550468,721,-0.7342280573946374,3256,1,-0.8585510835529104,-0.9113897437300418,0.5161376980949866,-1.683109100390584,19
M406I,0.94647274,722,1.5853440286247402,92,1,1.8281359820642893,1.9083350595828463,1.1209578120046315,1.4839472608471935,406
I47K,0.946384334,723,1.1488583127039398,364,1,0.760942504555626,1.6384986471379863,0.8176301907493799,1.3783619083727672,47
K273S,0.946058549,724,0.7698120332612217,882,1,0.7261991519120788,0.8495828788266911,0.328228499837733,1.1752376024683835,273
S336V,0.945932968,725,0.6195195402363676,1133,1,0.7440343140750693,0.0858167079281727,1.0452397724335751,0.6029873665086533,336
G27L,0.94581747,726,0.6296260133452861,1117,1,0.0831567975885494,0.2468134954114462,0.9762312505650048,1.2123025098161442,27
K399D,0.945719899,727,0.4791678792284671,1372,1,0.1565852509873487,0.1490624046228412,0.6122345459754402,0.9987893153282384,399
V6G,0.945335436,728,0.5261704849222467,1291,1,0.906330183363494,-0.17572333946441,0.955818765307246,0.4182563304826568,6
T320R,0.945320302,729,0.2975360652119232,1674,1,0.4376269801512249,-0.0873445056183667,0.8018608373073705,0.0380009490074641,320
M257L,0.945192192,730,1.7222870876872007,42,1,2.18525354331746,2.115589800855411,0.8092408293388705,1.7790641772370617,257
T55L,0.945116704,731,1.3621632112084532,188,1,1.3453182560675498,1.1036854989458893,1.175158473069251,1.824490616751122,55
L461P,0.944589265,732,0.5194705772558963,1301,1,1.2931707277411248,0.9667819483781492,0.9255583828362623,-1.107628749931951,461
H316F,0.944211135,733,0.5685510470501733,1207,1,0.6137391612695516,0.5942928772073162,0.2783119372843448,0.787860212439481,316
S220M,0.944137476,734,0.9901201983049835,566,1,1.6638383727030868,1.4940983805566317,0.3602115389685437,0.4423325009916722,220
L11I,0.94396409,735,1.068323174619106,472,1,1.1995417087230626,1.1858207472738351,1.0464606337953972,0.8414696086841287,11
V38I,0.943517759,736,1.74614593183218,39,1,2.419196550614965,1.7572368389966924,1.3040555659465318,1.5040947717705302,38
T34K,0.943227354,737,0.8848968675079156,722,1,0.9177914153099486,0.4928309891049912,0.6394452007315544,1.4895198648851682,34
K52T,0.943146479,738,0.8813842016298954,729,1,0.7183541300182236,0.7181715158147686,0.975061698198508,1.1139494624880812,52
N334H,0.94300011,739,1.5886981356779095,90,1,2.068761056239834,1.7549923605971356,1.1845739416513934,1.346465184223275,334
P227F,0.942772291,740,-0.3976930273702774,2842,1,-0.8503149525092674,0.2802977005783849,-0.1004990096490815,-0.9202558479011458,227
Q193M,0.942602599,741,1.0766518220241297,464,1,1.1436969313443763,1.1262701156654156,1.0557294782045354,0.9809107628821918,193
G27A,0.942361405,742,0.9216230828642404,667,1,0.8453707911105585,0.7024313218114387,1.174166377988744,0.9645238405462202,27
V473T,0.942342372,743,1.2795292004797243,239,1,1.075654088351511,1.6506215988681503,1.1530516659919554,1.2387894487072808,473
D224T,0.942117823,744,0.9867753879784096,573,1,1.057339455910678,1.0402242037892175,0.4714333425571456,1.378104549656597,224
N334C,0.941973751,745,1.0425012529340134,492,1,1.0159454747744896,1.4087133728619303,0.8703884090006927,0.8749577550989412,334
G27F,0.941944863,746,0.2052561522765046,1841,1,-0.2613684548342594,-0.1913559518100968,0.5602812289412988,0.7134677868090757,27
A321T,0.941877363,747,1.1367979663270875,381,1,1.2872628380836248,0.9608043713956116,0.8977055073746336,1.4014191484544811,321
R26K,0.941800075,748,1.5470430810011944,113,1,1.8632745970191056,1.6023135616107065,1.303900974062033,1.4186831913129323,26
K118R,0.941766806,749,1.3130353203651923,219,1,1.203690081853543,1.4346644017412693,1.0895497673907848,1.524237030475172,118
N56P,0.941762227,750,-0.3528360498700056,2767,1,-0.4324682377115016,-0.2141635310129958,-0.3547989170275074,-0.4099135137280176,56
I50V,0.941311146,751,1.3927719483457142,176,1,1.6459027040322474,1.3733938192599513,1.3181017257385872,1.2336895443520708,50
C13F,0.940987663,752,1.318377421257728,215,1,1.264170408674629,1.6584143641658275,1.1127132075398976,1.2382117046505574,13
E92G,0.940837731,753,0.4530368309267141,1424,1,0.3161063826199184,0.0123283269650723,0.7831075109027881,0.7006051032190775,92
L54F,0.940697201,754,1.1569158736817062,354,1,1.398549700209733,1.0533562622604309,0.9390637188096614,1.2366938134469996,54
K138C,0.940459529,755,-0.5505409011003104,3043,1,-1.1113523058181776,-0.9616466456419576,-0.4657489826787424,0.3365843297376358,138
V60C,0.940182729,756,0.7781815487386455,870,1,0.414625892374406,1.3256685340035586,1.0713156717027177,0.3011160968738998,60
N398C,0.940036743,757,1.04339707033354,491,1,1.2034525070566024,0.975224932769534,0.8786714116678737,1.11623942984015,398
L17N,0.940008304,758,-0.0988644274163418,2369,1,-0.8432291424944118,-0.4834913657320275,0.536179256971478,0.3950835415895941,17
W20R,0.939681454,759,0.7059405251965094,981,1,-0.1854479091037478,0.7198245377752661,0.926790724271433,1.362594747843086,20
T470K,0.93923654,760,0.993027299298388,558,1,1.2084613035643683,1.0990758224055532,0.6954472870984754,0.969124784125155,470
H410C,0.938489289,761,1.48902981680954,137,1,2.2016202802026035,2.173472782879067,0.2784958293372078,1.3025303748192802,410
Q340G,0.938445397,762,0.838797912842063,792,1,0.3799353372324472,1.547950481383179,0.0466802181212631,1.3806256146313625,340
Q22N,0.938299488,763,1.187110220013556,327,1,0.792774023333813,1.738108400183831,0.8912460354553364,1.326312421081244,22
S23L,0.938186044,764,0.9847565888269004,575,1,0.5618883571356853,0.9484026899529512,0.9360798687714362,1.492655439447529,23
R329C,0.938084545,765,0.935692227919484,647,1,0.9456506480243618,0.6087044009186489,1.2519736355638753,0.9364402271710496,329
P221S,0.937634229,766,1.1256154945140815,398,1,1.125509839351589,2.042405955648762,0.9769529785286272,0.357593204527349,221
K421S,0.93751135,767,0.2511598291953225,1763,1,0.2439118160469743,0.0504624430072838,0.0911586320359573,0.6191064256910745,421
M129C,0.937479936,768,0.2058504474616384,1839,1,-0.4537428388102587,-0.0516050354342061,0.6238009760091673,0.7049486880818514,129
T470S,0.936923288,769,1.181380347548192,334,1,1.1640646913787034,1.4204057316825895,1.0274376466400208,1.1136133204914531,470
N378E,0.936784671,770,1.1067486267048472,419,1,1.0878017017788206,1.099437161545023,0.7779097189271388,1.461845924568407,378
N334M,0.936718834,771,0.4830334808757587,1366,1,0.401718997267063,0.33828200484152,0.2550781846357878,0.937054736758664,334
C372M,0.936669089,772,0.578392301871758,1195,1,0.2693413934539622,0.957270109757812,0.1729707120357164,0.9139869922395416,372
T55F,0.93626805,773,0.7986294352099105,845,1,0.9694558925655228,0.3568212633673819,1.04769581551316,0.8205447693935772,55
V6S,0.936236748,774,0.8077088753745078,836,1,1.1063207046650538,0.2388856577876798,0.927292412124666,0.9583367269206312,6
S343L,0.93572743,775,0.9569095174938388,617,1,1.2385479779927355,1.0359215399943391,0.558349913995306,0.994818637992974,343
Y80V,0.935630262,776,-0.2803673234166962,2660,1,-0.2942928065102086,-0.8173166468872385,0.1359983784454194,-0.145858218714757,80
N403H,0.9355739,777,0.8480593746979538,776,1,0.8938894544570468,0.4771951633681612,0.9144934980305494,1.1066593829360576,403
V6L,0.935119257,778,1.6534266940264597,58,1,1.662870902461132,1.9435817595825045,1.2512944468751344,1.755959667187067,6
S24L,0.934971703,779,1.0970714599593083,436,1,1.3021089245578052,0.8826473347755707,0.8773694737648432,1.326160106739014,24
K138Y,0.934930321,780,-0.8255954103913035,3346,1,-1.1263695514061138,-0.87990386618018,-1.779450048560116,0.483341824581196,138
P221Q,0.934911226,781,0.6447504711586225,1086,1,0.2491934368734979,1.557840671705991,0.7746820263900093,-0.0027142503350078,221
S3R,0.934403088,782,1.164634836901819,349,1,1.5604554619931976,0.4970899373911944,1.4253519249148043,1.1756420233080795,3
N334I,0.933308233,783,0.5532338252198048,1230,1,0.5737529692535825,0.5176529628806819,0.2285722601699329,0.8929571085750216,334
L9C,0.933077355,784,0.6743485755651941,1036,1,0.3864239156461787,0.5102290921011818,0.7572976158196282,1.043443678693788,9
H344I,0.932995212,785,0.3717993163277328,1544,1,0.3088867779844332,0.9393802909710876,-0.0228572869121148,0.261787483267525,344
S53T,0.932923114,786,0.8078689515122307,835,1,1.1755017582074294,1.0445371102683645,1.0635430525387577,-0.0521061149656288,53
R139I,0.932746471,787,0.4190271523484339,1461,1,-0.23496470628612,1.3657901994133876,-0.0604091428713489,0.6056922591378169,139
K273T,0.932541293,788,0.6707853766239285,1043,1,0.6607825727971357,0.7081030241245488,0.7796471782872197,0.5346087312868095,273
H276S,0.932527825,789,1.3398261295519442,198,1,1.3813565086201598,1.4530521455274543,0.90249486613003,1.622400997930133,276
V490A,0.93247093,790,1.217718037279235,293,1,1.4879020064274369,1.231566114966575,1.4253519249148043,0.7260521028081248,490
K52R,0.93235739,791,1.1809884227445977,336,1,1.2199748862857986,1.1583132487959995,1.0511133012787026,1.2945522546178887,52
R21F,0.93231016,792,0.4611503702546585,1406,1,-0.4452786677908236,0.8447288506681866,0.6491133811899163,0.7960379169513547,21
S343G,0.932140032,793,1.0999485610973294,432,1,1.019511595605593,0.8944242124778565,1.1008629757182498,1.384995460587619,343
K399Q,0.931603031,794,0.9667517739116916,602,1,0.6652387545242637,0.798762495388714,1.1236535120262656,1.279352333707523,399
Q22L,0.931583878,795,1.2671716609546744,250,1,0.895600173081686,1.1180216083838337,1.0330593092665192,2.022005553086659,22
T320H,0.93104846,796,-0.0930331880131961,2360,1,0.1601133721359232,-0.1771649470659551,0.2391274384793691,-0.5942086156021218,320
Q192S,0.930966656,797,1.2107588561890554,302,1,1.388320348309426,1.288487389272204,0.4757841960192616,1.69044349115533,192
L90I,0.93080151,798,0.2974201065779784,1675,1,0.845412001640619,0.5079528061502326,0.243729076149093,-0.4074134576280307,90
K399R,0.930421912,799,1.0973915075009846,434,1,1.012801845637746,1.1972757837694512,1.1107027666878644,1.0687856339088764,399
V319I,0.93016034,800,1.1580141374411508,353,1,1.4834453779736958,1.2305107168130336,0.9296159927339964,0.988484462243878,319
V60D,0.930010404,801,0.8813411843539549,730,1,1.1336751921474657,1.0198025005643752,1.1393649240185075,0.2325221206854711,60
K52S,0.929866113,802,0.936606254029956,645,1,0.5591735436669188,0.7024127109210686,1.005271851078298,1.4795669104535385,52
V5T,0.929731335,803,1.1944803545802984,319,1,0.3377144930557841,1.7817008543881785,0.885497701798308,1.7730083690789238,5
R26N,0.929523592,804,0.9524899022742034,625,1,0.7912676821346769,1.0712357714172378,1.0539213029131445,0.8935348526317545,26
F482M,0.92945054,805,1.1280668910197058,390,1,1.7865243543261675,1.2531786473925082,0.6146187436221722,0.8579458187379753,482
N334Y,0.928807806,806,0.9669602255948782,601,1,1.447160560251056,1.1438837501779606,0.4071488299546545,0.869647761995841,334
K190R,0.928489597,807,1.194887852215212,317,1,1.179566523660223,1.1091624898394257,1.1771888302155555,1.313633565145644,190
L4N,0.928439015,808,0.729415801219232,947,1,0.743757196992764,0.2537941859958023,1.1350878075455046,0.7850240143428568,4
S220G,0.928056207,809,0.6376694486315757,1105,1,0.6319526240927192,1.2907817170755085,-0.0766165705401639,0.7045600238982392,220
H344G,0.927964808,810,0.5142863661837377,1318,1,0.6515791111136042,1.0175059970274842,0.3080153969134703,0.0800449596803918,344
N418H,0.927755465,811,0.9900117181740278,568,1,0.9470454960330076,1.0000207307965387,1.0232198944792057,0.9897607513873588,418
L380Y,0.927697957,812,0.7712700138339795,879,1,0.8806279631204355,0.8977762480595863,0.6424581120726199,0.6642177320832766,380
Q278S,0.927070937,813,1.561200003842687,106,1,2.390102411979611,1.7998491837977952,1.0879033062276204,0.9669451133657214,278
V6C,0.926901563,814,0.7261181128036562,951,1,0.9768382592504574,0.2500487108359968,0.8422452116639426,0.835340269464228,6
F134R,0.926858016,815,0.0533736255503551,2101,1,-0.9615974555608456,0.6591615372661651,0.0110755081302314,0.5048549123658698,134
Q340T,0.926664031,816,0.892020798545764,710,1,0.3842900142969501,1.5556437916627404,0.4158153650950437,1.2123340231283215,340
H344L,0.926594474,817,1.1241218779061866,400,1,1.1773527140880722,0.9905417624897688,0.7085292744371308,1.6200637606097748,344
M129H,0.926336806,818,0.4705061065651512,1389,1,0.2196091065215855,0.0285453748248991,0.6669458404231964,0.966924104490924,129
H276A,0.926316121,819,1.1455216146134948,368,1,0.89021858321527,1.4219749042179486,0.8811526785018697,1.3887402925188903,276
R21L,0.92627953,820,0.7325807768918522,938,1,0.07959667964631,0.8817303132781263,0.7234575649095007,1.245538549733472,21
L43T,0.92624277,821,0.3451388504216217,1586,1,-0.0798831437347528,0.5049580594962191,0.0804807130765034,0.8749997728485174,43
F226V,0.926190992,822,1.0277306280861305,516,1,0.9709975879880256,0.7998456759865129,1.1781927858304742,1.161886462539509,226
V60S,0.9260144,823,1.100870124689407,431,1,1.3737810722771169,1.4808251839213078,0.9668642375280864,0.5820100050311175,60
M136C,0.925959994,824,-0.6373928246843171,3142,1,-1.4772313695523325,-0.6295448132697957,-0.8122845957921707,0.3694894798770302,136
R329M,0.925953025,825,0.581631583215367,1191,1,0.3280686882640223,0.6767924772289284,0.377330855495228,0.9443343118732888,329
C372G,0.925938757,826,0.8829974777488702,725,1,0.992768781558094,1.1627754440720002,0.6070995438343642,0.7693461415310227,372
H344T,0.925868719,827,0.7268122306957059,950,1,0.5420693030241321,1.2779220939221407,0.321981853796029,0.7652756720405218,344
N56G,0.925773063,828,0.692562987954707,1002,1,0.8710252814070465,1.006728015351141,0.1507109050350116,0.7417877500256287,56
L67I,0.925320158,829,1.1369074783887263,380,1,1.5614900459286705,2.010673182546076,0.8016170994636834,0.1738495856164762,67
K160G,0.924373958,830,1.072107142895338,468,1,1.3025054083871572,0.9647378299372846,1.162793075929653,0.858392257327257,160
I215Y,0.924289292,831,0.4173161760418407,1464,1,0.2215485421920399,0.7934074459944909,0.040811659858632,0.6134970561221998,215
L67F,0.923820251,832,0.384408625576668,1515,1,1.0024856438017555,0.6933298600183266,0.3721343736344729,-0.530315375147883,67
I50Y,0.92354694,833,0.1709128910838999,1900,1,0.0957961453352523,0.3256939467125636,0.0340617197455443,0.2280997525422397,50
V479A,0.923311252,834,1.0168156103407235,530,1,1.3204271726921637,0.9115250098476674,0.9920391391257146,0.8432711196973488,479
R144M,0.923028333,835,0.502599695960849,1338,1,0.0249166302296851,0.443565953925893,0.4269057890228684,1.1150104106649492,144
T55S,0.922866838,836,1.6349337219959994,68,1,1.9201785038666253,1.187520229514609,1.3771412080328036,2.05489494656996,55
V479T,0.922646189,837,1.113167436527639,414,1,1.2419377116126895,1.0483508699899593,0.9939346808153,1.168446483692607,479
T55C,0.922479198,838,0.946437622123657,634,1,1.0121520119779277,0.3800514035055904,1.161695805203141,1.2318512678079692,55
G27T,0.922471985,839,0.7316104479556098,944,1,0.3749357684212832,0.5135439728478203,1.1876372011453364,0.8503248494079997,27
K399H,0.922204853,840,0.4761891655862692,1380,1,-0.0373031732417596,0.2622715135050278,0.6520645339494217,1.027723788132387,399
P63E,0.921973117,841,-0.1431717915294457,2442,1,-0.3659567735484175,-0.6280867370386425,0.1790335836944152,0.2423227607748617,63
D49G,0.921916233,842,0.4793428766070853,1371,1,0.7067138584213537,0.7649627084332695,0.4430256657438723,0.0026692738298458,49
F69M,0.921189711,843,1.1872510499253464,326,1,0.9803850242550264,1.506678037006662,1.226002880264536,1.0359382581751608,69
R329S,0.920828652,844,1.1704921560871455,347,1,1.1070019627500642,0.9405176975444254,1.1579388448824577,1.4765101191716348,329
M129W,0.920133082,845,-0.2504359187420973,2614,1,-0.3632946598597923,-0.6068309579752352,-0.1388590052290369,0.1072409480956751,129
T55G,0.920069519,846,1.0959409430859162,438,1,1.0865422258941575,0.6725096962917476,0.8993621135393136,1.7253497366184454,55
K190A,0.919783159,847,0.6783063474146556,1022,1,0.4758474154277972,0.286340080948974,1.1836298204501754,0.7674080728316753,190
S140F,0.919777974,848,-0.2870370937624708,2669,1,-0.0851686454987277,-0.5624376915515772,-0.1936245329281439,-0.3069175050714343,140
S286G,0.919777301,849,0.7701880708540412,881,1,1.0777927501312112,1.317428294509605,1.059388271145517,-0.3738570323701686,286
N277H,0.919612213,850,0.9815525374696416,578,1,0.6934572601371766,0.8953159954656982,1.3077015063821944,1.0297353878934974,277
T470E,0.919385313,851,0.587659492099005,1178,1,0.7806301652020952,0.1406987508253004,0.5681331191317369,0.8611759332368876,470
V490N,0.919358267,852,1.2301724512814087,285,1,1.3670338251941812,0.8829020629693051,1.4253519249148043,1.2454019920473447,490
N418R,0.919334387,853,0.8467369602487266,780,1,0.8301398636193805,1.0514762276048073,0.5949372751202092,0.9103944746505092,418
T371Q,0.919061007,854,0.057374713779472,2098,1,-0.2392798340851548,0.0542459432956152,0.0482366149984281,0.3662961309089994,371
R21E,0.918952765,855,0.326408233837776,1622,1,0.0236535944923237,0.1075574412715833,0.7395475491458717,0.4348743504413253,21
S343I,0.918807923,856,1.1330935041429409,386,1,1.2460351090485504,1.317747926509864,0.8822891977485369,1.0863017832648123,343
K138E,0.918773712,857,0.0159730718058503,2173,1,-0.0674332639128398,-0.3335091458480032,-0.2861076702309828,0.7509423672152273,138
K48S,0.918590918,858,0.8016611726172352,843,1,0.4492862236689457,0.6103939752033984,0.8458154502947377,1.3011490413018592,48
T469L,0.918500821,859,1.3283690085420912,207,1,2.690529751778556,1.8639515839603276,0.8523517390447208,-0.0933570406152389,469
Y225I,0.918452453,860,0.5895920111560269,1174,1,0.1059856722560098,0.6406884879869793,0.8767025053499701,0.7349913790311482,225
K72H,0.918438678,861,0.6440499673362182,1088,1,0.4709251303207036,0.6765572302189986,0.790398467118899,0.6383190416862716,72
I42C,0.917815954,862,0.1624677256657886,1919,1,-0.0126479964186182,0.2100928697982782,0.3159564841366284,0.1364695451468662,42
S336G,0.917666495,863,0.5301222681884089,1276,1,0.5786116516591333,0.1241662550682652,0.7034292853190651,0.7142818807071721,336
R377K,0.917241516,864,0.9489169837822922,630,1,0.8402556597086628,0.7652426081909578,1.0014338627087735,1.1887358045207748,377
S422T,0.917164066,865,0.6735014016682237,1038,1,0.8327903693961676,0.4308697116284543,1.032068635090648,0.3982768905576248,422
V5A,0.917101457,866,0.9218323454183712,665,1,0.6028213582877525,1.6130410913724622,0.1285469954107562,1.3429199366025135,5
K399C,0.917045962,867,0.1082751784878912,2013,1,-0.6098848745003502,-0.0563095739589106,0.4403874234306306,0.6589077389801952,399
M136G,0.916925011,868,-0.8183761557879663,3338,1,-1.3621600664132163,-0.4581058434846267,-1.1207691642195998,-0.332469549034422,136
H396R,0.916588121,869,1.255275684360554,262,1,1.1687759609820272,1.6132782003082498,1.40273664622869,0.8363119299232491,396
A321Q,0.916259718,870,0.7491382759922919,915,1,0.697994774028306,0.3783974443060094,0.4039702542041399,1.516190631430712,321
R342L,0.916188093,871,-0.1177713529286094,2397,1,-0.3680119812127034,-0.3311282907936077,0.4137564100453176,-0.1857015497534444,342
M269S,0.916108454,872,1.3923641328814038,177,1,1.703192055675702,1.7672849541050546,0.9075860945631818,1.1913934271816768,269
S3P,0.91597284,873,1.5651080472366985,104,1,1.5161995966110788,2.6861394819913267,1.4253519249148043,0.6327411854295837,3
W20F,0.915823268,874,0.7128631091090312,970,1,0.1315190019188953,0.8620172966916211,0.6611286820416789,1.1967874557839293,20
S336W,0.915616047,875,0.4016569928517722,1486,1,0.0218104842478239,0.6823308907552511,0.4094176627951716,0.4930689336088423,336
Q340L,0.915382958,876,0.771542251953991,878,1,0.6146155970038761,0.9437392560566182,0.2972391760909719,1.2305749786644975,340
R26L,0.915245036,877,0.4698706131297264,1391,1,0.0791905353539491,0.5764759622321498,0.5222129301612257,0.7016030247715813,26
Q278C,0.9151953000000002,878,0.8680988865761506,751,1,1.1043448119149069,1.1642046667285149,0.6954038899249635,0.5084421777362168,278
H344V,0.914833871,879,0.3378387201973999,1604,1,0.2670078890699081,0.8702724315924356,-0.1450470400410496,0.3591216001683054,344
K28L,0.914803316,880,0.489875656452891,1360,1,-0.1373035398381254,0.3636483806333603,0.5508979661494726,1.1822598188668567,28
F69Y,0.914773022,881,0.5141613694204079,1319,1,0.5682290830006805,0.5368809582415347,0.4667072339668402,0.4848282024725763,69
L9A,0.914703017,882,0.8864775724310774,721,1,0.5218529135106201,1.0473701162348448,0.8410671431451747,1.13562011683367,9
S343M,0.914645957,883,0.949701076118428,627,1,1.092584594222414,1.0043329678191977,0.6370245158901988,1.0648622265419014,343
C266L,0.914598541,884,0.1546078411795814,1937,1,0.2090863773882663,0.4824441039090154,0.6090684055490119,-0.6821675221279679,266
N56C,0.9140643,885,0.3454037415996253,1585,1,0.1845901793985692,0.5466902363795495,0.070252109851232,0.5800824407691503,56
N398R,0.913906733,886,1.1331770085317372,385,1,1.648495254011085,0.9657415460499422,0.7392051798566225,1.1792660542092988,398
L71G,0.913861326,887,1.015709560913014,532,1,1.087386232068411,1.425692730824794,1.0126399889346651,0.5371192918241857,71
F134Y,0.913717275,888,0.5827610242168992,1187,1,0.3578196197222155,0.6469309019562228,0.3245104952033906,1.0017830799857683,134
K28I,0.913712419,889,0.1152515365698913,2000,1,-0.0438581045177463,-0.040156392248052,0.1990295896206348,0.3459910534247289,28
P221M,0.913605807,890,0.2789457429512632,1708,1,-0.6478338814788314,1.1145718991004854,0.8181705017277696,-0.1691255475443708,221
A321G,0.913553246,891,0.7286362296175813,948,1,0.8808415542823342,0.6227878909507965,0.523158061172629,0.8877574120645658,321
F134A,0.913312882,892,0.071675284323883,2075,1,-0.681651421137097,0.4078221992202084,0.3833141014108955,0.177216257801525,134
Q192T,0.912902504,893,1.207707870972437,305,1,1.46232964402673,1.1896638626624347,0.7421449279741619,1.4366930492264207,192
K48T,0.912863273,894,0.8349828260868565,799,1,0.592451521337774,0.7057913908710262,0.972204213142992,1.0694841789956335,48
N466K,0.912713972,895,1.264426603197027,252,1,1.7286509076360563,1.1841255160817608,0.9268342820308836,1.2180957070394076,466
A321C,0.912704835,896,0.374763950358762,1541,1,0.1232655462587868,0.1988138668862167,0.1815642495842536,0.9954121387057908,321
F134S,0.912456016,897,0.1579691966527666,1932,1,-0.0786527469605624,0.5343780612693525,-0.10458601602559,0.2807374883278663,134
M136V,0.912358164,898,0.79132547684445,859,1,0.573199754184058,0.6688456270408991,0.8846028709111197,1.0386536552417232,136
D349F,0.912329609,899,-0.5880848784389641,3077,1,-0.72662255166765,-0.2924153626717565,-1.0829084719667448,-0.2503931274497049,349
K158Q,0.911826426,900,0.8344030343160898,800,1,0.756170780277361,0.7645175868143099,1.0106807922922183,0.8062429778804695,158
M136L,0.91151731,901,0.959965532907666,612,1,0.7178369602022954,0.8710545576075212,0.9583774367771032,1.292593177043744,136
T34V,0.911396672,902,0.8415786651057052,788,1,0.7799985914925878,0.4713824065730017,0.8536121954379848,1.2613214669192463,34
S53H,0.910984212,903,-0.2532521938901234,2623,1,0.0118129660094688,-0.6260955056603402,0.5151429140554433,-0.9138691499650656,53
K273M,0.910953502,904,0.4994867220541016,1341,1,0.3862191752553024,0.518328712259803,0.1767858991130443,0.9166131015882568,273
L7G,0.910900148,905,-0.0118797640354547,2220,1,-0.776280905345555,0.5366144476136091,-0.246209169847605,0.4383565714377319,7
Q278L,0.910861534,906,1.5031526483115345,132,1,1.7132584256533046,2.062137114506096,1.102251463590239,1.1349635894964984,278
N277T,0.910834239,907,0.7747306187670036,875,1,0.636738462139918,1.063633289646704,0.5687462923242573,0.829804430957135,277
D143C,0.910468389,908,0.2130134338050017,1824,1,-0.1754979951701037,0.169765480409646,0.1364296306878441,0.7213566192926204,143
P221N,0.909923547,909,0.7952198335392651,854,1,0.6332586572665937,1.840042916198572,0.7495155802593093,-0.0419378195674142,221
I50A,0.909921405,910,0.5784666743975572,1194,1,1.0826636337573825,0.7445697248917676,0.3751433459191901,0.1114899930218886,50
W20S,0.90978606,911,0.5218117020796849,1298,1,-0.3132627031312514,0.3657017375737612,0.901677208705138,1.1331305651710917,20
K185R,0.90957225,912,1.0818807091304874,458,1,1.3675683196265744,1.0282014347188404,0.8233184493207679,1.1084346328557668,185
D397N,0.909171806,913,0.6947811090794498,998,1,0.6372094515922146,0.4997787424301311,1.0029085667745343,0.639227675520919,397
R329N,0.908777371,914,1.0920394146263392,447,1,1.031141362146951,0.8567899126496846,1.1633521996267573,1.3168741840819642,329
W20G,0.908455737,915,0.0444358486938182,2118,1,-0.6295720325793795,-0.055719648901568,0.5675125922950929,0.2955224839611278,20
L17S,0.908303302,916,0.597733354342186,1164,1,0.2297497727190329,0.5549963838647597,0.7995136009712844,0.8066736598136671,17
S162T,0.908245241,917,0.9951434281436624,557,1,1.2740493628778204,0.8707924653924172,0.8951476565810984,0.9405842277233132,162
V330H,0.908182803,918,-0.4543814134381982,2931,1,-0.9460689592846052,-0.2532577815504875,-0.7576989882529873,0.139500075335287,330
H276Y,0.908002552,919,1.1193642032424205,410,1,1.0029232683601346,1.454609451946561,0.872045297389524,1.147878795273462,276
S254D,0.907988494,920,0.5467693567724227,1246,1,0.2238970537982535,0.8000808560507939,0.3755964556725967,0.7875030615680463,254
V76C,0.907908309,921,-0.1262988386179755,2410,1,-0.3075229920833849,-0.9032954792233256,-0.3852480966967705,1.090871213531579,76
K28C,0.907714243,922,0.2862366450985414,1696,1,-0.3295034491512876,0.2749270528479883,0.5583939980080707,0.6411289786893942,28
P35G,0.907380342,923,-0.0700882635607969,2311,1,-0.1682482644086463,-0.1169236371987291,0.4681999474320403,-0.4633811000678527,35
T371S,0.907131555,924,0.92432997208269,662,1,0.8832889460323209,0.9788740061950484,1.0367870340503726,0.7983699020530183,371
V351F,0.907130962,925,0.1961868621341373,1855,1,0.1409207264574127,0.507966998627781,-0.4598428157239593,0.5957025391753149,351
R21G,0.906996454,926,0.6044367947307148,1151,1,0.4740080325584759,0.5666020145973812,0.9059331845955548,0.4712039471714473,21
S51A,0.906891987,927,1.1235925083770648,402,1,1.1159780475676202,1.425905517569547,0.9039586419781972,1.0485278263928954,51
I45L,0.906818681,928,1.320900936052117,213,1,2.068535030023853,1.6783572851856794,1.3094625358856822,0.2272488931132525,45
R26G,0.906522874,929,0.6593423098768565,1064,1,0.7206066093628226,0.7944881496032835,0.8373352172555113,0.284939263285809,26
H344M,0.90650522,930,0.6499421362359932,1077,1,0.4380700631504083,0.7897187407448791,0.0604313067259147,1.3115484343227706,344
F482L,0.906234397,931,1.6729232609958486,54,1,2.377973833294082,2.05330323447129,1.1770291743302923,1.0833868018877304,482
M129E,0.906222961,932,0.3869179724142789,1512,1,0.5079158738135222,-0.3917106217958884,0.5847080447270504,0.8467585929124314,129
F134Q,0.906157603,933,0.0302533050863886,2141,1,-0.9570477404490956,0.2378794646860162,-0.1478460231085822,0.9880275192172162,134
N133E,0.905552085,934,-0.0166856049999678,2224,1,0.0533447762660116,-0.2201204887356992,0.2372463592086016,-0.1372130667387855,133
K28G,0.905438483,935,0.4837160171087016,1364,1,0.2277011542722906,0.4000478010235221,0.8485532563722559,0.4585618567667379,28
K160E,0.905355091,936,1.2620903750724628,255,1,1.2057325019685283,1.2408523132775873,1.2203527331703607,1.3814239518733749,160
D143R,0.904774603,937,0.2934006586723611,1682,1,0.1640497874486843,0.0627513879773426,0.2286644500323109,0.7181370092311068,143
V8K,0.904048583,938,-0.8887548519856168,3416,1,-1.6458533553494823,-0.6687800513436881,-1.19347433057542,-0.0469116706738771,8
S220P,0.903699935,939,1.628211940168688,70,1,1.8161967456616916,1.7534951713706632,1.4028522761717883,1.540303567470609,220
Q340V,0.90314482,940,0.4903329122865816,1359,1,0.1444602670550352,1.13247919070155,0.1417265566210732,0.5426656347686681,340
L461N,0.902956005,941,0.0337282538769401,2138,1,0.2930880121072545,0.0499200493605986,0.1367434781067656,-0.3448385240668583,461
V6P,0.902945055,942,-0.043686203131023,2268,1,0.568576440862796,-0.4237974034894989,0.4727091672539248,-0.7922330171513141,6
K59T,0.902321486,943,0.3142512832604176,1644,1,0.5274542370298654,0.1357270991618309,0.3031806240587583,0.290643172791216,59
K28Y,0.902184396,944,0.0627385251763012,2089,1,-0.5562707845836665,-0.0420679583042661,0.200343311263286,0.6489495323298519,28
V330T,0.90214027,945,0.191130137626505,1862,1,0.1513374138609425,0.2385952475631276,-0.5690373732671736,0.9436252623491236,330
N258H,0.90211984,946,0.9151638388249964,679,1,0.6387095037182505,0.833732023665873,1.0477616698805596,1.140452158035302,258
Q44S,0.902077283,947,0.5279397646479498,1286,1,0.0243390545995388,0.2786583355302453,0.6311973331106722,1.177564335351343,44
R139T,0.901742036,948,0.6136116311039732,1142,1,0.2626287676835436,0.9477580033548794,0.460128200523677,0.7839315528537928,139
T159L,0.901683557,949,0.2382378036584022,1784,1,0.2537248501543169,0.2304830416225297,0.3494590372878708,0.1192842855688916,159
K28M,0.901402371,950,0.445867943910236,1430,1,0.0887278693399623,0.1944539645616029,0.7904146725193447,0.7098752692200341,28
L9F,0.901103643,951,0.9890491344202504,570,1,1.080659576290299,0.9453462194107322,1.0318658658961697,0.8983248760838006,9
K273D,0.901038508,952,0.7222580040684825,957,1,0.9386084427150092,0.7219207399309076,0.3841392524416003,0.844363581186413,273
T34S,0.900987815,953,1.040935547690598,495,1,1.0660270041968805,0.6506053477826372,1.1042266677112418,1.3428831710716322,34
D468M,0.900542493,954,-0.8575230605772831,3378,1,-2.283840160433141,-1.0277303022811182,-0.20187038483594,0.083348605241067,468
F239S,0.900277697,955,1.041437485156601,494,1,1.872298041837756,1.5883457201868836,1.1942756724739974,-0.4891694938722321,239
H276P,0.8999636000000001,956,0.5651448384247512,1210,1,0.7661747760516061,0.9833477161226446,0.8887532657627453,-0.3776964042379912,276
H410D,0.8995815629999999,957,1.704369408584005,45,1,2.472837220765129,2.030101378869705,0.9857423141760578,1.328796720525128,410
G137T,0.899138807,958,-0.9212770687708882,3450,1,-0.5295089008938701,-0.5639763703439017,-0.745458773993484,-1.846164229852297,137
M255V,0.8990406740000001,959,1.055553435447827,482,1,1.583525890116497,0.8492397823765232,1.1158813879335787,0.6735666813647094,255
M129N,0.8989469990000001,960,0.7777578525885576,872,1,0.6440921056996495,0.5706225694281604,0.9187463834357948,0.9775703517906258,129
S254H,0.898833613,961,0.4930801479652047,1350,1,0.2671653741612403,0.4442212179364774,0.2516087337278242,1.009325266035277,254
F482I,0.8987896190000001,962,1.2473966557633331,271,1,1.9824963393992885,1.310833746427604,0.9089950777184704,0.7872614595079694,482
K138P,0.898483985,963,-0.8662460230966601,3392,1,-0.943995449789388,-0.5920619444992398,-1.7859887129790324,-0.1429379851189806,138
K59S,0.8982588490000001,964,0.3289358711725309,1618,1,0.3418388546308093,0.0659501849689387,0.2757279770931419,0.6322264679972337,59
I488C,0.8975658470000001,965,0.6999790439599665,989,1,1.1079412124342558,0.176993200438123,0.7702317615965057,0.7447500013709812,488
N133Q,0.897422175,966,-0.0844690296355241,2339,1,-0.0826850409726648,-0.4357642059974681,0.6401621265963469,-0.4595889981683103,133
E325T,0.897381179,967,0.1066715721685114,2016,1,-0.018231716117265,-0.3391380698915215,0.1571501042260974,0.6269059704567348,325
N466C,0.8971625040000001,968,0.3751315002487995,1540,1,-0.063907948765804,0.5794774034510444,0.2064032654023331,0.7785532809076243,466
K399G,0.897112088,969,0.1693207155046482,1902,1,-0.0698178626532697,0.0624802580996488,0.3049311779847824,0.3796892885874316,399
S280H,0.897100815,970,-0.1180651889404912,2399,1,-0.0115628974753457,-0.566260154207518,1.0558713392087495,-0.9503090432878508,280
E253S,0.89708731,971,0.9053496552312268,692,1,0.7010961456194895,0.9646066164656109,0.812822427984985,1.1428734308548218,253
S53G,0.897003054,972,0.2142139113267429,1822,1,0.5365616385313688,-0.135976636633584,0.1458633716595332,0.3104072717496537,53
P227T,0.8967723209999999,973,-0.4216298233905154,2881,1,-0.3274515500559798,0.2148691740585106,-0.3498979924228099,-1.2240389251417827,227
K72R,0.89668363,974,1.357236338667604,191,1,1.4519244947340046,1.5942276443895764,1.1326852355465955,1.2501079800002386,72
Q252M,0.8963994759999999,975,0.381788814671726,1524,1,0.0145645227421647,0.0311263973692463,0.4828325898081793,0.9986317487673138,252
R144K,0.896264432,976,1.0017213463739247,551,1,0.8356291634602822,1.0766921765237645,0.7431407668379979,1.3514232786736542,144
F194L,0.896234361,977,0.5614190154290278,1216,1,0.5954767818822468,0.7793696128948339,0.9245429608260828,-0.0537132938870523,194
F126W,0.896139143,978,-0.9386105764911656,3475,1,-1.0170954753663033,-1.0615555285831122,-0.8366664763332893,-0.8391248256819576,126
S336P,0.895288475,979,0.6333300308654722,1110,1,0.934904562564585,0.7568773476978455,0.76211826754407,0.0794199456553881,336
Q22H,0.8950435059999999,980,1.2143591470960429,297,1,1.205510520722427,1.250620587205704,1.0496300952849102,1.3516753851711298,22
N277S,0.894857455,981,1.0668972597619135,475,1,1.1721913744021315,1.064076469841848,0.9458019921247728,1.085519202678903,277
S280Q,0.894687415,982,-0.2304335680992676,2581,1,-0.0506584003859901,-0.8492173196771479,0.9493175558388096,-0.971176108172742,280
S254C,0.8946426479999999,983,0.5531491961211914,1231,1,0.4008128402527591,0.4442011342418334,0.5601948484336736,0.8073879615564992,254
D143T,0.89438368,984,0.6704031879499066,1045,1,0.3793332474794059,0.6751255975191266,0.6998472879448832,0.9273066188562108,143
H78A,0.8942439109999999,985,0.047272777532349,2112,1,-0.0542125573199858,-0.9228583367195426,0.4645117094290631,0.7016502947398615,78
V8Y,0.894207532,986,-0.0552623038838991,2284,1,-1.234374672580939,0.062964810705759,0.3208443231902175,0.6295163231493661,8
S23A,0.893959775,987,1.12691383634596,393,1,0.9916245192589964,1.080118454830028,1.0409324429633795,1.3949799283314357,23
M406L,0.8937016259999999,988,1.3392638222070363,200,1,1.499294889202084,1.3909836545943433,0.9982867638110602,1.4684899812206575,406
F226M,0.893667332,989,0.712449737869329,972,1,0.8949958078149592,0.5386106999155723,0.7991448877851188,0.6170475559616654,226
E93G,0.893626314,990,0.0085680889675786,2184,1,0.1552767608171019,-0.0579722360928373,0.3863675250413576,-0.4493996938953076,93
K459R,0.893618567,991,1.0673040390907584,474,1,1.3105453985272266,0.7794346840654806,1.0225335510851616,1.156702522685165,459
H276E,0.893318565,992,1.6001174582972175,83,1,1.463923355179248,2.0499022616202778,1.1887845924332427,1.697859623956101,276
S336N,0.8932993359999999,993,0.9252989516052984,658,1,1.0172788908937276,0.4363090455945334,1.131174108000968,1.1164337619319653,336
K28H,0.892931534,994,0.642720447794755,1094,1,0.319196083478334,0.6706880382418894,0.6106176050649491,0.9703800643938478,28
K160D,0.892796597,995,1.0885686417830822,453,1,1.2606040295797023,0.8761252218855855,1.2071223359239858,1.0104229797430546,160
E253G,0.892757916,996,0.7664217176456479,888,1,0.7053301925382427,0.937299285477727,0.8616255803920481,0.561431812174574,253
A321V,0.8922628979999999,997,1.059407725288693,479,1,1.2394687234229995,0.9974220346009048,0.8008013561284651,1.1999387870024023,321
M129L,0.891948341,998,1.151872427393927,359,1,1.07152851921861,0.8158511755960898,1.0750667020262556,1.6450433127347523,129
K28V,0.891433822,999,0.0230647519515397,2160,1,-0.2995799695387761,-0.1985771111649902,0.2314415504651551,0.3589745380447702,28
C486M,0.891405827,1000,0.01143528401622,2180,1,-0.7605947983361228,-0.5665674347355709,0.201263536475936,1.1716398326606376,486
E253D,0.891359707,1001,1.202791183944912,313,1,1.3819835452625029,1.288790385278733,1.0403492178611329,1.1000415873772804,253
E272A,0.891357768,1002,0.561514307422448,1215,1,0.4650080129666011,-0.1018652846285625,0.8508261194818136,1.0320883818699396,272
K399A,0.8913326090000001,1003,0.516194087765194,1312,1,0.1489387153117859,0.5455111226670012,0.5666886356754377,0.8036378774065516,399
A161Q,0.891059412,1004,0.3944587114349062,1495,1,0.5779074709147869,-0.2486591510422056,0.3383023478091879,0.9102841780578554,161
N258R,0.8909282820000001,1005,0.5998141691061735,1159,1,0.3722232583866158,0.5303567700364363,0.5627942513362486,0.9338823966653932,258
L461A,0.89006289,1006,0.364210114010297,1556,1,1.0389620304602876,0.1808032112033845,0.9189118467275508,-0.6818366323500347,461
G46N,0.8900529779999999,1007,2.3914952169720225,1,1,2.355277447967929,2.6384899792093908,1.3332162932427305,3.23899714746804,46
D224H,0.890043507,1008,1.3930390336788174,174,1,1.6825448123040412,1.2768287375857224,1.0592486784560655,1.5535339063694409,224
S140D,0.889854437,1009,-0.0840160394539937,2336,1,-0.0831180865832596,-0.7619485785797264,0.9157226721069976,-0.4067201647599868,140
R26V,0.889571914,1010,0.358591407585033,1564,1,0.0415771317435756,0.3700991294617104,0.567756795488031,0.4549325736468148,26
R150A,0.8893468659999999,1011,0.7633402952646429,892,1,0.7280092462678276,0.2034058028296172,0.7552809146275302,1.366665217333596,150
K399T,0.8891743320000001,1012,1.0404415192410958,496,1,0.7918818684067893,1.3051254248445932,0.9478733309730598,1.1168854527399417,399
K28A,0.8890203059999999,1013,0.3813480378633945,1527,1,-0.0035189147161713,0.0078559559504522,0.5140828381604717,1.0069722720588254,28
K421M,0.888969527,1014,0.1229535389680793,1985,1,0.184606652442428,-0.1138373088971392,-0.0025950423205099,0.4236398546475386,421
S336L,0.888359488,1015,1.14898081919089,363,1,1.118106364834185,1.1458646049806969,0.7613539420312961,1.5705983649173814,336
Q146M,0.886964667,1016,0.0649335258678006,2087,1,-0.1599526349642178,-0.3740545102691715,-0.0427755177478617,0.8365167664524539,146
V323L,0.886922441,1017,0.2091561085878996,1833,1,0.5470983837121753,-0.0983182363718397,0.8163769160216702,-0.428532629010407,323
K118M,0.8858450440000001,1018,0.7933844419693595,856,1,0.9305541014824934,0.811611373765447,0.9409557294628532,0.4904165631666443,118
L17K,0.885264745,1019,-0.0175432851112118,2226,1,-1.0757368590645773,-0.2644050354256845,0.5770634034367609,0.6929053506086537,17
M136I,0.885106478,1020,0.96730973952309,600,1,0.7320387901192178,0.8393583368290876,0.7859107490769544,1.5119310820671,136
K48N,0.884025822,1021,1.072358767731698,467,1,0.9604996382215276,0.8672271409735682,1.0528782626951396,1.4088300290365576,48
Q193G,0.8837314559999999,1022,1.1844979854987008,332,1,1.795526928635861,0.9987664371203732,1.0714142004566132,0.8722843757819551,193
K270A,0.883724695,1023,0.1377045643863212,1964,1,0.0994409598512984,-0.5564159304408226,0.0980342719467023,0.9097589561881068,270
H410A,0.8829551590000001,1024,1.7877914441741112,33,1,2.6294452481535338,2.106884356047854,0.887873240515915,1.5269629319791425,410
D143N,0.882215512,1025,0.925060283869474,660,1,0.906435973809564,0.7866380358777896,1.036813322490187,0.9703538033003556,143
L54M,0.882192366,1026,1.021593551766841,525,1,0.913157534112245,0.897991478320521,0.9258240201594538,1.349401174475145,54
R144A,0.881928776,1027,-0.1429392511894942,2441,1,-0.2466845789813655,-0.4842201360650089,0.2554722544676931,-0.0963245441792955,144
N258T,0.8819097359999999,1028,1.0286076695721302,515,1,0.72827153761066,1.1508345160572973,1.0214937191634723,1.2138309054570913,258
T283C,0.881869399,1029,0.4769134727425699,1378,1,0.4478064906237036,1.4146301129861092,0.5609840167164891,-0.5157667293560224,283
C10L,0.881865483,1030,1.5728573191396866,99,1,1.2337148567255798,1.969224620903944,1.175688376999515,1.9128014219297085,10
V60L,0.8816570840000001,1031,1.145254507271707,370,1,1.4171891761893904,1.1732672665724906,1.0878143420979154,0.902747244227032,60
I488M,0.881619983,1032,0.8727285341925568,744,1,1.2248179891007165,0.8534671992621353,0.673572352104412,0.7390565963029636,488
C266N,0.8815585659999999,1033,0.205806814211972,1840,1,0.3590639627428592,0.3500726064018127,0.3396145596205789,-0.2255238719173624,266
G27C,0.8809948879999999,1034,0.5244515273441397,1294,1,0.2966496517120197,0.5292169534197414,0.6516513293468025,0.620288174897995,27
P402I,0.880932128,1035,-0.2601893262277144,2635,1,0.0849992377431294,-0.5143561215522002,-0.2577014040923537,-0.3536990170094333,402
Y483F,0.880706422,1036,0.8635673102314453,755,1,1.201526012497722,0.5514315280654525,1.0002233930233568,0.7010883073392501,483
N258A,0.8806443079999999,1037,0.8044481810052768,840,1,0.3740795470662027,0.9604330908272932,0.99146796122861,0.8918121248990013,258
M129V,0.8802903759999999,1038,0.8670618531812511,752,1,0.9679307679083258,0.9009609864649316,1.0792640595446297,0.520091598807117,129
E92S,0.880005714,1039,0.3286700697827285,1619,1,-0.1265343572164294,-0.27921635855173,0.7122034425715648,1.0082275523275088,92
S254M,0.879981352,1040,0.6745727153781137,1034,1,0.3961620113641703,1.1301229047002688,0.4805607116372601,0.6914452338107561,254
R139L,0.879794579,1041,0.3894317047792682,1508,1,-0.1904925135415972,0.9875477522378924,0.2293875035694223,0.5312840768513556,139
I331V,0.879710885,1042,1.3078004114238002,222,1,1.4896821840603134,1.5481431425922576,1.2452394008323993,0.94813691821023,331
D143H,0.879684189,1043,0.6746720353902055,1033,1,0.6494439393855697,0.5276676302692558,0.8718234501154376,0.649753121790559,143
S343Y,0.8794309459999999,1044,0.4223446210393066,1457,1,0.562292058391881,0.7607233752221684,-0.3241210272459381,0.690484077789115,343
N398Y,0.879379976,1045,0.5153969925817592,1316,1,0.9337977554999558,0.9519075624509218,-0.6602507021113773,0.8361333544875363,398
H344C,0.878919852,1046,1.1273559766144958,391,1,1.025267542373805,1.266527007255037,0.9119739118848894,1.305655444944252,344
K138I,0.878710907,1047,-0.3085977357884902,2697,1,-0.3337157181476513,-0.3841286253938917,-1.220612914953086,0.704066315340668,138
T348C,0.878708376,1048,-0.2556204712679942,2626,1,-0.3970446041974104,-0.7705674291905434,-0.2626375014279025,0.4077676497438796,348
G27V,0.8783508859999999,1049,0.6424840902267194,1095,1,0.4929865147066145,0.4358497984436743,1.0333436666706866,0.607756381085902,27
M129F,0.877791792,1050,0.383854274737811,1517,1,0.2662472532498287,0.2126662605386607,0.2029223601623507,0.853581225000404,129
S336H,0.877743424,1051,0.619989789970296,1132,1,0.4464418036415472,0.7350560117932637,0.5807497649297595,0.7177115795166132,336
T34A,0.876531644,1052,0.9613664376500514,609,1,1.135497362081976,0.5825132547334292,1.084547181398141,1.0429079523866591,34
S23D,0.876480987,1053,0.8172152967203321,822,1,0.8398977479303125,0.6334305754708878,1.0303990013444375,0.7651338621356907,23
S343E,0.876154568,1054,0.7670730029985462,886,1,0.5311964239873651,0.6089508947975794,0.4329209188186654,1.4952237743905752,343
G25L,0.8761216629999999,1055,0.9562728938422268,619,1,0.4489598479974404,0.9793955797449524,0.9346801343102076,1.4620560133163063,25
I50L,0.8760306240000001,1056,1.0539021916148608,485,1,1.4772709460904354,1.285675404239451,0.9948883921674416,0.4577740239621149,50
N258S,0.8759774220000001,1057,1.3661705604733974,186,1,1.2206454927331274,1.719344254487193,1.2926416425547902,1.2320508521184792,258
E318T,0.875692219,1058,0.3223437469014146,1631,1,0.353713615818948,0.0524947790139572,0.4025979396637889,0.4805686531089642,318
K48H,0.875470755,1059,0.5898472575773885,1172,1,0.1303486898741698,0.4323297962290719,0.6675296474956784,1.1291808967106338,48
P402M,0.8753630109999999,1060,-0.4431741915907147,2912,1,-0.1146006420755654,-0.6613231094136744,-0.4043449014099294,-0.5924281134636896,402
P63G,0.875224465,1061,-0.3747023670086606,2808,1,-0.19154137178838,-0.702718817466069,-0.2312384771545615,-0.3733108016256318,63
K138L,0.8751380809999999,1062,-0.3898430027394442,2826,1,-0.7293119017194685,-0.710697667674231,-0.892043741967971,0.7726813004038939,138
G46R,0.875078536,1063,1.347426435982627,194,1,1.2222002828294771,1.29661917681508,0.7661057645278072,2.104780519758143,46
E328D,0.875011924,1064,2.0351268756302274,11,1,2.8623633913094526,2.5621335797054803,1.026123775532572,1.689886755973404,328
T469C,0.874873983,1065,0.5932245374102969,1167,1,0.5912836662894206,0.3308626863661393,0.4826564477251631,0.9680953492604644,469
T386D,0.8745815290000001,1066,1.0870780857716429,455,1,1.014632266054392,1.9578240446936368,1.100780435766507,0.2750755965720355,386
L380C,0.874564185,1067,0.6064685083295687,1149,1,0.5752088931663658,0.5144324754988702,0.4608284709648251,0.8754041936882135,380
M255S,0.874351745,1068,0.5041123938574091,1333,1,0.9849287294978096,0.4094586186598002,-0.0414044375375272,0.6634666648095537,255
A321L,0.873885345,1069,0.642820099016997,1093,1,0.7322807484210498,0.3750018271069022,0.0209285778149336,1.4430692427251024,321
P402Q,0.873553389,1070,0.288710853712147,1688,1,0.8760005175780018,0.0315415942831863,0.4648628113594548,-0.2175615083720548,402
L485M,0.873446065,1071,1.0534139116913104,487,1,1.0241451836389568,1.072104725938834,0.9680878339908878,1.1493179031965624,485
K273N,0.8732588459999999,1072,0.878126206492654,734,1,1.0715470793133643,0.8701355946862611,0.5351885224802803,1.0356336294907105,273
R329G,0.873248035,1073,0.7506761735546811,911,1,0.7457540649534176,0.5638844898751038,0.915757634313882,0.7773085050763209,329
F126I,0.872779698,1074,-0.6246730208570029,3125,1,-0.2418683076836484,-0.6890311101097056,0.4311796150006518,-1.9989722806353092,126
Q278H,0.8726577670000001,1075,1.1389008522395714,377,1,1.514720484795033,1.2099862185444383,1.1167828959099653,0.7141138097088487,278
A321D,0.872467955,1076,0.9268351050058816,655,1,1.0179048037394345,0.3501344641813161,1.1039781677357992,1.235322984366977,321
V490M,0.872117728,1077,1.1105019685918542,416,1,1.3874993485557483,0.8651624702185179,1.4253519249148043,0.7639941306783463,490
V153I,0.87184245,1078,0.7366662208469376,932,1,1.208159930622991,0.6799935503725842,0.8480275913611258,0.2104838110310487,153
S51C,0.871434525,1079,0.7436866476860859,924,1,0.7429078719797733,0.8686407652939095,1.108369659977226,0.2548282934934345,51
R26I,0.871101082,1080,0.3481116128195934,1579,1,0.1758933336147312,0.3791890096575777,0.4788780263001525,0.3584860817059124,26
N403Q,0.8708614370000001,1081,0.5167640320328897,1310,1,0.3573958087883265,0.3698435309745413,0.3462639350817804,0.9935528532869105,403
T371K,0.8707032259999999,1082,0.3682481844460886,1551,1,0.2219631044890167,0.2647728707272874,0.6877195050745949,0.2985372574934553,371
V5N,0.8702601959999999,1083,0.019893076060198,2164,1,-0.6110278245400218,0.3133225247031669,-0.3499352390626007,0.7272128431402479,5
E405G,0.870190998,1084,0.7562267734985241,906,1,0.8081380544153913,0.6483624007647972,0.7701680422283126,0.7982385965855952,405
L195Q,0.869835868,1085,0.8169952748620025,823,1,0.562057945726192,0.7568521761338918,1.0167117243447672,0.9323592532431594,195
L17Y,0.86957893,1086,0.9352575953758716,648,1,0.8096644075707745,0.6156955350242198,1.0049413507025229,1.31072908820597,17
A161E,0.869196932,1087,0.991000395701888,562,1,1.3246125892310163,0.9420508198478984,0.7115323430204589,0.9858058307081784,161
N133S,0.8689241129999999,1088,0.6907643963248921,1004,1,0.8843218058822715,0.7658264411942585,0.917567673696676,0.1953416645263619,133
K138V,0.868884247,1089,-0.4496474449983407,2924,1,-0.7640809132228568,-0.619724422154078,-1.1589987196802525,0.7442142750638245,138
Q261G,0.8685375790000001,1090,0.3373129964677137,1605,1,0.8882726002078922,0.1327036997701255,-0.0820708032314872,0.410346489124324,261
H276T,0.8684234559999999,1091,1.0643458055662929,477,1,1.0704835349291753,1.1503882898351323,0.6861385625666978,1.3503728349341662,276
Q278A,0.868369787,1092,1.296728254871329,227,1,1.916799907001535,1.582321816815367,0.8650563510780136,0.8227349445904002,278
E92A,0.8683280729999999,1093,0.3175227092732198,1635,1,0.0693277889506901,0.0359709861912679,0.4025626767548948,0.7622293851960263,92
V319H,0.8681384659999999,1094,-0.6245619568187699,3124,1,-0.838647933156436,-0.9316295556270586,-0.7127085376884092,-0.0152618008031755,319
N277R,0.8680784779999999,1095,0.6399653406044397,1099,1,0.239622207505714,0.7785943822815762,0.5276502841731698,1.013994488457299,277
S162V,0.8679099229999999,1096,0.6276204469059189,1123,1,0.7063743182749679,0.5444055822224987,0.8587253561580872,0.4009765309681218,162
D349E,0.86754151,1097,1.0931917058254248,444,1,0.8633092657829368,1.1204137772528788,0.9223553100584458,1.4666884702074374,349
Q278D,0.86739683,1098,0.9664700592673864,603,1,1.6165102078601543,0.6953407064717313,1.0633081308865742,0.4907211918510854,278
P221Y,0.8673772009999999,1099,0.5840223078858653,1185,1,-0.439145851283617,1.350221252379722,0.8768963926707566,0.5481174377765995,221
K190T,0.8671963890000001,1100,1.1048529715680793,425,1,1.0007413438999957,0.9958765942980502,1.229420434443671,1.1933735136306003,190
F219M,0.8670942309999999,1101,0.7615460868809217,897,1,0.8994010627081915,1.1995698103173358,0.5053589254079465,0.4418545490902131,219
V490S,0.866700248,1102,1.3439858608473163,197,1,1.6566822172068718,1.1798705510616618,1.4253519249148043,1.114038750205928,490
E405Y,0.866610694,1103,0.6335718599782926,1109,1,0.6225998021581322,0.6380397164460332,0.6412428778760586,0.6324050434329463,405
L380S,0.866466788,1104,0.9176514198597224,675,1,1.0788550101763876,0.989598364406692,0.4734020900783741,1.1287502147774362,380
T34L,0.866237907,1105,0.8189722902972629,820,1,0.6022212927646771,0.2143656088881371,1.0179925100747793,1.4413097494614582,34
Y225M,0.865647783,1106,0.1497588361248862,1946,1,-0.4037314873467478,0.1491387226624884,0.2728628799839807,0.5807652291998235,225
Y225A,0.8652079559999999,1107,0.09205844212082,2041,1,-0.2928785956949254,-0.0831836996533236,0.2987334483409354,0.4455626154905939,225
H344F,0.865165085,1108,0.4926528120334696,1353,1,0.564364311468499,0.682988497863544,-0.2259394275852624,0.949197866387098,344
G25Y,0.864937156,1109,0.740305020315264,927,1,0.3583450679406932,0.7982437335560599,0.8355800267009108,0.969051253063392,25
M136T,0.8643185940000001,1110,0.2456878882785988,1773,1,-0.0157008423314513,0.3401864746589602,-0.1628303315699033,0.8210962523567898,136
P337A,0.8642151659999999,1111,0.2245838190238735,1806,1,0.0211208779592307,-0.1553785567900539,0.3986017414467542,0.633991213479563,337
S422N,0.863713462,1112,1.0203395832533808,526,1,1.3521831632622678,0.6287815348890494,1.064534159967503,1.0358594748947032,422
H316Y,0.863670022,1113,1.2911401868858667,231,1,1.55510501734784,1.5298898173006834,0.9229684345837368,1.156597478311206,316
Q278R,0.863603672,1114,1.1314210547307026,389,1,1.3517776646294652,1.2739412043882834,0.7524752188151939,1.1474901310898686,278
L9T,0.8633124409999999,1115,0.6958564847610558,995,1,0.3540004422249856,0.8001652075682987,0.9262811831806216,0.7029791060703172,9
L380R,0.862684307,1116,0.5354031511274198,1261,1,0.5276372134585589,0.3063864199209204,0.4074573318144845,0.9001316393157155,380
D89L,0.8621879029999999,1117,-0.2315855684901328,2583,1,-0.480900187234321,-1.163509467204215,-0.1064270573760485,0.8244944378540535,89
Q44K,0.86166809,1118,0.7128202334892766,971,1,0.4041624801591851,0.411723925524344,1.0676563298845283,0.9677381983890484,44
M339L,0.861262787,1119,1.02911214235965,513,1,1.0716892221375771,0.9046889888103968,0.9716869014223932,1.1683834570682334,339
S286V,0.86124091,1120,0.1524962933574716,1941,1,0.7140572063286733,0.788385049529221,-0.0720984341519653,-0.8203586482760423,286
L447V,0.8608338759999999,1121,0.4143044409337271,1469,1,0.3870996734097652,-0.1420350839598884,0.8835424767506901,0.5286106975343413,447
C266K,0.860513031,1122,-0.4317377040569435,2899,1,-0.6563261264738595,-0.3683514104467681,-0.0262981230234434,-0.6759751562837031,266
K158R,0.860119605,1123,0.9689584462869424,596,1,0.9438951869373772,0.8044162562679419,0.9428254935999896,1.1846968483424607,158
H411N,0.8601117709999999,1124,0.344299545400313,1587,1,0.7728570662929524,0.0949476927524114,0.2275162027706774,0.2818772197852107,411
Q192H,0.8597599490000001,1125,1.1104534469970733,417,1,1.2120476946155418,0.9695801426072472,1.0812770474276217,1.1789089033378828,192
L71T,0.85898037,1126,1.7112298096431893,44,1,1.9353083001307063,1.7836551317683358,1.2410279093712675,1.8849278973024464,71
F134N,0.858917231,1127,-0.0116598788353817,2219,1,-0.9229207030091762,0.3774165566595973,0.1695598763850691,0.3293047546229828,134
V479Y,0.85869836,1128,0.3265420871085416,1621,1,-0.3482705179297664,0.2334129848884918,0.4773743580328161,0.9436515234426248,479
I331C,0.8582137320000001,1129,-0.4330022440161543,2901,1,-0.7113711096527852,-0.8995633931932828,-0.0484164264898688,-0.0726580467286803,331
K160Q,0.8580942979999999,1130,1.123331109018593,403,1,1.1797910735843498,0.9574815910624132,1.1278297867395628,1.228221984688046,160
K465S,0.858035388,1131,0.9093138265371646,685,1,1.1008610214025814,0.6531871736747703,0.5935919420289995,1.2896151690423072,465
H276F,0.857880674,1132,0.7204054024560984,959,1,0.4417027183264533,0.9579789302874472,0.3856274491083818,1.0963125121021116,276
S23P,0.8578755920000001,1133,0.6710573418199158,1042,1,0.6338048782725816,0.9962615317787266,0.8296452178377771,0.224517739390578,23
D349I,0.857727864,1134,-0.4103263031545453,2859,1,-0.544619288980642,-0.0334276850858289,-0.4431351758964715,-0.6201230626552389,349
N196C,0.857074861,1135,1.0261915471598675,520,1,0.9385092973273098,1.1257722074023668,0.9831016167930364,1.057383067116757,196
Q484R,0.857072886,1136,1.0355046847777192,505,1,1.306713496301626,0.7430385440121106,1.1111353427296693,0.9811313560674711,484
M136Q,0.8569824429999999,1137,-0.3591656045934018,2781,1,-1.0572057177786531,0.1957602080612477,-0.7997556569215775,0.2245387482653755,136
R139F,0.8569479309999999,1138,-0.3963880240332891,2838,1,-1.085081737641575,0.5160486773525204,-0.7065762528029507,-0.3099427830411511,139
Q324R,0.856791258,1139,0.756243056698159,905,1,0.7592088562915479,0.4332667675298626,0.954886477430086,0.8776101255411393,324
Q44H,0.8567338320000001,1140,0.8417316139485751,787,1,0.8643229722293497,0.8369776156659897,0.9908406717964494,0.6747851961025114,44
M129Y,0.855772093,1141,0.1139102985051693,2001,1,-0.2093898310482143,-0.2118464082162705,0.2343251033287894,0.6425523299563729,129
S51L,0.855703352,1142,0.680444558250201,1016,1,0.7307402116956999,1.4704511690263165,0.9128581634021316,-0.3922713111233438,51
D468V,0.855513234,1143,-0.0929946574405052,2359,1,-1.0861882794622777,-0.1242600769608789,0.2642277530835194,0.5742419735776161,468
C10I,0.855431088,1144,1.173330795229284,345,1,0.7386829969167956,1.3747882636519075,1.146693614305384,1.4331583060430486,10
R139C,0.855096427,1145,0.3291771532629073,1617,1,-0.1880023477184038,1.0228900338876437,0.2096340505939435,0.2721868762884458,139
Q44G,0.85500725,1146,-0.0837457947838241,2334,1,-0.2562669765144772,-0.4387053961324308,-0.1422133484120605,0.5022025419236718,44
T320K,0.854954762,1147,0.455239296415137,1418,1,0.6049026994589063,0.3814170947413813,0.6637237960956449,0.1709135953646157,320
Q278V,0.854880113,1148,1.1399599414985369,375,1,1.336038564675551,1.653530955758713,0.6490246870804954,0.9212455584793876,278
G137D,0.8548676140000001,1149,-0.8276294476564461,3350,1,-0.0508037540577347,-0.6234543659233587,-1.0851283216831,-1.5511313489615908,137
E81A,0.854837627,1150,0.5870350305700681,1179,1,0.2952823890717344,0.355554517800537,0.6930043226661524,1.0042988927418486,81
K52G,0.854574811,1151,1.0534931066670952,486,1,0.4288855733877279,1.2000219947022452,0.8869846414370179,1.6980802171413898,52
V462T,0.8545655959999999,1152,1.1678798521559348,348,1,1.249346225764698,1.221241455751171,1.0930433249966305,1.1078884021112396,462
R26Q,0.854521807,1153,0.9178115176933944,673,1,0.9823272100861924,0.8950115266548955,0.8641164157323954,0.9297909183000947,26
Y424C,0.8537843190000001,1154,0.9083245060164128,688,1,0.9026015378064546,0.3169927529537062,1.25823548201422,1.1554682512912695,424
N418A,0.8537666629999999,1155,0.5494864919421005,1240,1,0.438461891250839,0.3759528569939437,0.5211420237676248,0.8623891957559948,418
K48G,0.8535643409999999,1156,0.7622080062222134,894,1,0.3803660794089431,0.5080427811022378,0.6049406848714862,1.5554824795061868,48
D224G,0.8534231090000001,1157,1.175446349046505,342,1,1.4937981346108258,1.378302608959185,0.8220821143134863,1.0076025383025238,224
R139V,0.853390925,1158,0.2546978042056279,1757,1,-0.5673171052279777,1.0866482664696264,-0.2169909914483533,0.7164510470292164,139
N277Q,0.8528670759999999,1159,0.8776760682005373,735,1,0.3813923221209369,1.2141893341595311,0.8864901945546464,1.0286324219670344,277
P221C,0.8524903909999999,1160,0.3816038808186316,1526,1,-0.3164624104181481,1.4308817048007236,0.624384301847042,-0.2123880729550911,221
G137C,0.8521542809999999,1161,-0.8219254722266476,3343,1,-0.2699498776294323,-0.2923182914809772,-0.836295836561521,-1.88913788323466,137
K190G,0.8520202379999999,1162,0.7711396586194852,880,1,0.7301462467829347,0.7332652156875085,1.0428504855954646,0.5782966864120328,190
H78Q,0.851439701,1163,0.742558447972603,926,1,0.8794641286116003,0.3622754592674975,0.9341475014805164,0.7943467025307976,78
N398M,0.851358545,1164,0.2304669704395081,1798,1,0.7011818752485889,0.3192034321688183,-0.88855730885828,0.7900398831989053,398
I488L,0.8506416459999999,1165,1.1830168120255626,333,1,1.5615306282494312,1.1636317793387951,1.0992940417731645,0.90761079874086,488
S162H,0.8504833709999999,1166,0.6839516029748435,1014,1,0.6220147159368028,0.3077049814199469,0.6762492904948282,1.1298374240477962,162
E92H,0.8501550999999999,1167,0.2866634523516157,1694,1,-0.2172217582682222,-0.3677147573265538,0.9602168270530032,0.7713734979482357,92
Q146V,0.8494085029999999,1168,0.1108190863832857,2010,1,-0.3907560057440842,-0.3392829402755534,-0.0724123380538023,1.2457276296065831,146
R26D,0.849269058,1169,0.3092664127227537,1653,1,0.0363246598285583,0.2428448234584973,0.5014404505348918,0.4564557170690673,26
S280T,0.849142208,1170,1.2496626758437588,270,1,1.134739874288498,1.554590376774045,1.0819860925843054,1.2273343597281867,280
N258G,0.849078785,1171,0.5512163289408544,1237,1,0.4882294486453424,0.6459549682878228,0.6118616833473347,0.4588192154829176,258
L7S,0.848862607,1172,0.3785243693541423,1536,1,-0.0942223979260367,0.5993861691146796,0.34518342160872,0.6637502846192068,7
S343D,0.848418964,1173,0.6946979299449295,999,1,0.5555034890972318,0.5918472187648696,0.4400108192050586,1.1914301927125583,343
R144T,0.8478039409999999,1174,0.1752843824572215,1890,1,0.0641336148586851,0.1409551526602553,0.264482545427421,0.2315662168825248,144
D89A,0.847792546,1175,0.3096159026630128,1652,1,0.0788017435984666,-0.4298679010325893,0.9136783715880716,0.6758513964981022,89
S162G,0.8477500240000001,1176,0.6674959045652451,1050,1,0.4685507923321689,0.4645412307207725,0.4890525736850908,1.2478390215229485,162
S53A,0.847351307,1177,0.6240296702771778,1129,1,0.8406960204675474,0.307268228007089,0.9517735930262023,0.3963808396078723,53
K421G,0.847201295,1178,-0.1924374160819166,2511,1,-0.3086476263319185,0.0247214393646845,-0.1691000799809034,-0.3167233973795288,421
K160A,0.847146823,1179,0.7040136119739,985,1,0.5712751163326636,0.4566103135971608,0.9175653521670072,0.8706036657987687,160
R26S,0.846370244,1180,0.955943721178543,620,1,0.8937429979289764,1.0748573301810898,0.8136584421722852,1.0415161144318206,26
T167S,0.8461209140000001,1181,1.1054247825332155,423,1,1.1194859543369509,0.9841369383765044,0.9083113134547106,1.409764923964697,167
R329A,0.8458999159999999,1182,0.8107357531180701,831,1,0.4334233455426804,0.7208519526476036,0.7090505256405455,1.3796171886414506,329
P402H,0.845850865,1183,0.2792687461425156,1706,1,0.4471861339402474,-0.1279574851448364,0.9093130264586338,-0.1114666906839823,402
K52A,0.8458163340000001,1184,0.7954346277996407,853,1,0.3652016374019836,0.668609041117993,0.7725544367446546,1.3753733959339318,52
V330K,0.845766945,1185,-0.3739746358226337,2804,1,-0.777206299524636,0.0483942241328463,-0.9288139327615474,0.1617274648628021,330
N277D,0.84572126,1186,0.9557433787784836,621,1,1.0740778553777317,0.8608008273070349,1.0366249993451293,0.8514698330840387,277
W20M,0.845582123,1187,0.3753631774456258,1539,1,-0.7750063384774925,0.4161592086495215,0.7293279363240283,1.1309719032864458,20
T320L,0.844873065,1188,0.5318247248897583,1274,1,0.663560486400006,0.4040641382784261,1.1775749334689445,-0.1179006585883428,320
L36M,0.8448036459999999,1189,0.2642701885261145,1733,1,0.3402715841097053,0.0713841632831128,-0.2073578810467424,0.8527828877583823,36
M255N,0.844561738,1190,0.1818602266640008,1876,1,0.2237686617776009,-0.0114656294274416,-0.2441135028887175,0.7592513771945616,255
E400H,0.844406025,1191,0.1959218683422471,1856,1,0.4500491699032275,-0.2237646081832016,0.4603039978580287,0.0970989137909339,400
V8E,0.844211965,1192,-0.5880313259352431,3076,1,-1.5506600463144384,-0.598231923276467,0.0287612712025369,-0.2319946053526043,8
L54C,0.844164116,1193,0.0168303084713504,2170,1,-0.188794338162642,-0.2933451038424753,-0.0148703610050526,0.5643310368955717,54
I47E,0.844148848,1194,0.8358815024292139,798,1,0.5857504825388833,1.114924836561029,0.5372417514203738,1.1056089391965696,47
V394T,0.843848048,1195,0.041311923848602,2126,1,0.1566532092733697,0.0127688293342637,-0.2213809941769915,0.2172066509637663,394
R26M,0.843828081,1196,0.3825070879410993,1522,1,0.0421431902032274,0.3117592099120791,0.6079450384483162,0.5681809132007744,26
T450C,0.8437778920000001,1197,0.0461620095436871,2114,1,-0.3175117153915442,-0.5225296497071114,0.3338744357063372,0.690814967567067,450
K190Q,0.8434663240000001,1198,1.2335441283456476,282,1,1.211685001466411,1.2371177502585384,1.2511905087480089,1.2341832529096326,190
T283N,0.8434551659999999,1199,1.1124341677634884,415,1,1.5807096138657248,1.9947950135605423,1.224611658420352,-0.3503796147926648,283
Q252E,0.8431878979999999,1200,0.8844684523135562,723,1,0.8958968902941421,0.6023720119974006,1.027464451705587,1.0121404552570945,252
N418G,0.84309224,1201,0.5213401352697336,1299,1,0.5268158437594047,0.5127443740183945,0.4081115478585713,0.6376887754425637,418
L17G,0.8428166359999999,1202,0.2212038721200122,1812,1,-0.4280143175378524,0.4892325265899794,0.5393513090101664,0.2842459704177557,17
V462C,0.84258882,1203,0.2517489601108508,1760,1,0.0254686447214367,0.1005762151220368,0.5785638468012716,0.3023871337986579,462
K138F,0.842445909,1204,-0.9471990443876428,3484,1,-1.4586183376941406,-1.2581569577138367,-1.6904865371525708,0.6184656550099774,138
N277C,0.841958289,1205,0.5979394014913121,1162,1,0.2120066571786555,0.8398873413460101,0.5619353405579528,0.77792826688263,277
S3Q,0.84148699,1206,1.1605832115253611,351,1,1.4544257798618023,0.6581069424604096,1.4253519249148043,1.1044481988644277,3
S336I,0.8406607420000001,1207,0.713350191139585,968,1,0.929677205061349,-0.0206769490302561,1.1584415992562411,0.7859589092710058,336
V60H,0.840482975,1208,0.7322196201995693,941,1,0.6823256426301721,1.1987816257210326,0.7327629971184839,0.3150082153285885,60
S336D,0.8403040540000001,1209,0.3278298065122309,1620,1,0.1789588553952116,-0.4163100682349239,0.5718564065904463,0.9768140322981896,336
S451Y,0.840236564,1210,-0.0497327333914135,2275,1,0.2567173460937587,-0.0990345548141418,0.6165319653389865,-0.9731456901842576,451
P221H,0.839858598,1211,0.6430888410654904,1092,1,0.305752627828012,1.404003830149977,0.6770578818470195,0.1855410244369526,221
E81S,0.839775828,1212,0.4614427856126625,1405,1,-0.0388890247979281,0.1865026959607517,0.5198893386310316,1.178268132656795,81
P317Q,0.83970172,1213,0.3293229077219386,1616,1,0.3250987938991632,0.3914329671516339,0.2862663719407095,0.3144934978962479,317
T283H,0.839700497,1214,0.8161750778541821,824,1,1.010148652521177,1.9117417897596567,0.7154431345495574,-0.3726332654136626,283
S451F,0.8395212879999999,1215,0.0338127953831733,2137,1,0.4147831820228449,-0.2241273197084717,1.027690955614566,-1.0830956363962458,451
N466R,0.839458618,1216,0.5483853020611744,1244,1,0.6255873841048294,0.396086359200645,0.3373307849356834,0.8345366800035398,466
M271I,0.8393057309999999,1217,0.7999289222113719,844,1,1.1037722898795717,1.1548442256929687,0.8801145152455223,0.0609846580274248,271
E246R,0.8392253909999999,1218,0.850960451615052,773,1,0.356451002941884,0.9827708454668206,0.9891587541781898,1.0754612038733136,246
P221T,0.8390619990000001,1219,0.9015077334029616,698,1,0.7227238492054024,1.642981492531581,1.1618090278354276,0.0785165640394353,221
Q340K,0.83884349,1220,1.3799663014236512,181,1,1.135049169647155,2.345473292766482,0.6695156902915185,1.3698270529894494,340
R139H,0.83868737,1221,0.4171376651026502,1465,1,0.360001739625248,0.904060034439796,0.2532395977841145,0.1512492885614424,139
R329Y,0.8386400940000001,1222,0.3097596298565735,1651,1,0.4236714641206123,0.1914345819088264,0.0435664128180336,0.580366060578822,329
F219I,0.838513838,1223,1.090820884989551,451,1,1.223930915688917,1.7328836855996412,0.8474531470958878,0.5590157915737582,219
N398V,0.8382115370000001,1224,0.6662583156700397,1054,1,1.2594458210341517,0.9588252571797444,-0.2469992777900631,0.6937614622563262,398
Y80E,0.83807584,1225,-0.5710160320742581,3060,1,-0.5685769719984277,-1.0576852667339185,-0.3761212953344,-0.2816805942302864,80
T470N,0.837660835,1226,0.9239407270062044,663,1,0.7055113890405871,1.1774992022893978,1.078680075935749,0.7340722407590833,470
E400V,0.8369432640000001,1227,0.802218434929532,841,1,0.4761991847152172,0.1649239710874695,1.1526073880045755,1.4151431959108656,400
K138W,0.836926211,1228,-1.154628308083895,3683,1,-1.0722402461024343,-1.0265558078183383,-2.4672013903907604,-0.0525157880240478,138
A321Y,0.836874131,1229,0.0689168075014669,2081,1,-0.0524544647340455,-0.2776982990192401,-0.3682103626294056,0.974030356388559,321
V60M,0.836849202,1230,0.8303760966867323,804,1,1.3168589438698544,1.0845263571848407,0.4464833612638678,0.4736357244283659,60
N418E,0.836427137,1231,0.5554184445602763,1225,1,0.2781185941873357,0.5648239381649004,0.5051128065577734,0.8736184393310962,418
K465I,0.8362233090000001,1232,0.3346922625622716,1610,1,0.0651281679015606,0.1787347245463517,0.318054595751524,0.7768515620496498,465
A321I,0.835500535,1233,0.5247099558660466,1292,1,0.7353177634595304,0.3170147111265169,-0.0487809805779674,1.0952883294561062,321
D143L,0.835441435,1234,0.4832713945978923,1365,1,0.1511504448131443,0.4083072873915095,0.2978725180665408,1.0757553281203749,143
S140A,0.835380633,1235,0.2824407705218039,1702,1,0.6838451832047054,-0.1615526861975075,0.5375203897360872,0.0699501953439308,140
L11S,0.835305558,1236,0.5294407599569295,1280,1,0.1015806686464975,0.4821794008136076,0.856376323949801,0.6776266464178116,11
F126H,0.834231354,1237,-0.902507772535143,3427,1,-0.831693544527079,-1.214048879754123,-1.2992891182121258,-0.2649995476472443,126
R342V,0.8337905529999999,1238,-0.5981611583401505,3086,1,-0.9320194631427576,-0.9669704314181854,0.0313769043386252,-0.5250316431382843,342
P402L,0.833695237,1239,0.3457835397640548,1584,1,0.7887276993140172,0.1895321204608505,0.5306165603849493,-0.1257422211035979,402
I488T,0.833580865,1240,0.9393373627806438,643,1,1.422791030196489,0.5704766948593963,1.1127266775734117,0.6513550484932784,488
R144C,0.8335666759999999,1241,0.7497530465365753,914,1,0.8994328361385496,0.5928764411697249,1.2976582057300776,0.2090447031079486,144
Q193S,0.8334421679999999,1242,1.3454564692076436,195,1,1.8306539845395629,1.0856845169093106,1.092225371364135,1.3732620040175665,193
D224P,0.833379063,1243,0.3348347815851185,1609,1,0.4950697544658737,0.7640760802603864,0.2603957683914559,-0.1802024767772422,224
I50R,0.832201843,1244,0.2767908481924021,1714,1,0.0869928948562512,0.2030185891968812,0.0425062785197518,0.774645630196724,50
F219W,0.831768724,1245,0.287308727092456,1691,1,-0.3002457317943937,0.8751542421951977,0.5702285206534725,0.0040978773155472,219
L17R,0.8312406940000001,1246,0.2668447206240859,1728,1,-0.4976777311208493,0.1100420620816394,0.5687487695810441,0.8862657819545096,17
E92V,0.831162585,1247,0.1167349476926339,1999,1,-0.3532467173549812,-0.1898044194532002,0.3674596064971229,0.6425313210815942,92
Q22E,0.8304144440000001,1248,0.8889996384023935,713,1,0.6354193203319898,0.8269695758966482,1.138686872613643,0.954922784767293,22
V462E,0.830253185,1249,0.9787583470287484,583,1,1.36477888885321,0.9521938889908962,0.8208939150993885,0.7771666951714991,462
G27I,0.82965325,1250,0.3498001638492902,1573,1,0.028702219469691,-0.0081265143559327,0.7532578799050043,0.6253670703783983,27
V5E,0.829573274,1251,0.1340036953989579,1974,1,-0.625405999787474,0.6564985063020217,-0.3499352390626007,0.8548575141438849,5
H78Y,0.8295583329999999,1252,0.8557980157656377,764,1,1.2645326411369406,0.3266965247491912,0.863830782385073,0.968132114791346,78
D397S,0.8294680459999999,1253,-0.3500834207538902,2764,1,-0.1464729665378196,-0.9921315518507636,0.5448476617870017,-0.8065768264139792,397
D143V,0.829427248,1254,0.60114511536067,1156,1,0.5978491235612291,0.7482886226289944,0.5219326807971716,0.5365100344552848,143
K59L,0.82917487,1255,0.1665930187540955,1907,1,-0.1245608586417248,0.3044097826940595,-0.0465046624948308,0.5330278134588782,59
S343F,0.829020735,1256,0.5264181561360497,1290,1,0.7928553694580209,0.640884170118461,-0.0374379712573657,0.7093710562250828,343
T348M,0.8288308240000001,1257,0.5596366278285015,1219,1,0.8089401520492512,-0.0846361524499766,1.1493224621044589,0.3649200496102728,348
K52E,0.828619234,1258,0.9093810380317988,684,1,0.7957848629848059,0.5619229154192258,1.14011003074289,1.1397063429802738,52
V330W,0.828525044,1259,-1.1963973054329633,3707,1,-1.5377714251176142,-0.8097094789212878,-1.6291522362090285,-0.808956081483923,330
S58N,0.828238358,1260,-0.0372615088262833,2255,1,0.2509541539782902,-0.2818047451174467,0.3479798362489146,-0.4661752804148913,58
D463P,0.82704809,1261,0.0261331799233651,2153,1,-0.3283275809443115,0.293879767700921,0.5685058312810674,-0.4295252983442161,463
T320S,0.8269887159999999,1262,0.9686865277816322,597,1,1.2726694592704044,0.4783151640728074,1.25355699060555,0.8702044971777672,320
R377G,0.8264569490000001,1263,0.157890690304397,1933,1,0.0877095560253515,0.1022098228443784,0.4619210520070819,-0.0202776696592239,377
S220A,0.8257179090000001,1264,1.179571290740985,338,1,1.5366590752031624,1.4822048667977008,0.2411415528902197,1.4582796680728574,220
G25R,0.825613005,1265,1.5201654711789383,122,1,1.5508606677965715,1.4388272997578375,1.3953149728394647,1.6956589443218792,25
P227I,0.8249367390000001,1266,-0.7164173860333358,3233,1,-1.0242935812835314,-0.2389223080962068,-0.3730207010095699,-1.2294329537440352,227
I374F,0.8246269620000001,1267,0.1539732228733622,1938,1,0.286406182552728,0.2077513787853849,0.1148957946797344,0.0068395354756016,374
T34Q,0.823550515,1268,0.2645343885037085,1731,1,0.0234116920313182,-0.3506991817676825,0.4784497634727127,0.9069752802784856,34
V330R,0.823332807,1269,-0.7117328882486009,3228,1,-1.018249370207996,-0.3596443254708152,-1.4549893190315333,-0.0140485382840589,330
T34C,0.8227860309999999,1270,0.2906224103417496,1687,1,-0.013168474803525,-0.1518162449254018,0.5762431218523223,0.7512312392436032,34
F376I,0.822020218,1271,0.045502969727429,2115,1,0.2451283642961578,-0.1129719694405787,0.5306686979787641,-0.480813213924627,376
M129I,0.821578435,1272,1.0376498095676865,503,1,1.147352823284407,1.2015061462636112,1.0980521131282734,0.7036881555944545,129
T469M,0.821504802,1273,1.1888863738659337,324,1,2.3612448988471444,1.2082643429841362,1.1749109076997388,0.0111253459327153,469
K72N,0.820468002,1274,0.8960411572486776,706,1,1.023277438133278,0.802975318122885,1.120097044047246,0.6378148286913016,72
H276W,0.820450702,1275,0.2749269085421756,1716,1,-0.0031498068520796,0.3663749430182276,-0.0277322258610898,0.7642147238636445,276
P63Q,0.82032591,1276,0.1003071621655562,2031,1,0.205351603300503,-0.1358936240290556,0.2592836524159879,0.0724870169747898,63
N196H,0.8202463640000001,1277,1.1753125810017695,344,1,1.2567922509920024,1.0196991364826071,1.1778968276872446,1.2468621088452234,196
N133M,0.8196292690000001,1278,-0.7347026317385202,3258,1,-0.7536303862783832,-1.0103517474143815,-0.0694738540253497,-1.1053545392359665,133
N56V,0.8195292040000001,1279,0.4514816580185737,1427,1,0.3151128905527494,0.8230233976817006,0.5539316001854115,0.1138587436544336,56
D89N,0.819074188,1280,0.989585560642558,569,1,0.9728696377409316,0.779951504474319,0.9509802477741116,1.2545408525808688,89
M269D,0.818843313,1281,0.9003050959355103,701,1,1.0933331125831125,0.9902023480502852,0.838834509734326,0.6788504133743175,269
T159Y,0.818559969,1282,-0.2662723540676706,2643,1,-0.2634937008553588,-0.6085742226703331,0.2945618310806061,-0.4875833238255966,159
K465R,0.818482301,1283,0.9556275666314044,622,1,0.8124322000238161,0.8375764444946244,1.0281523176983831,1.144349304308794,465
K270E,0.818438392,1284,0.99001898202088,567,1,0.6825975734957034,1.1434770888342445,0.9954241497932442,1.1385771159603282,270
N334A,0.81829327,1285,0.9990411049051888,555,1,0.8154680842855573,1.3138152713159768,0.5557212938800624,1.3111597701391584,334
R329V,0.818094067,1286,0.2551181453777298,1755,1,0.1002923090942547,0.3653512101565749,0.4570998822254669,0.097729180034623,329
N277V,0.8176687690000001,1287,0.6689634375552366,1048,1,0.1347786264127769,0.950862005307756,0.8087185951222341,0.7814945233781795,277
L43V,0.8176396990000001,1288,0.3310295826888108,1613,1,0.4226782931381962,-0.0427763771600083,0.4681961830600694,0.4760202317169856,43
S53Y,0.81736852,1289,-0.2047594379422006,2534,1,0.2486489888137559,-0.6338156778814878,0.9368465740038148,-1.3707176367048852,53
N418Q,0.817297915,1290,0.8086814373818855,834,1,0.5372613729498941,1.0941313841483264,0.5338960834019678,1.0694369090273534,418
M255R,0.8168318179999999,1291,0.9466064671540984,633,1,1.3051420028180076,0.9140925763166032,0.3422729503544123,1.2249183391273708,255
I50Q,0.8161425590000001,1292,0.3805970688816822,1530,1,-0.1127962853647539,0.5227598447547541,0.3590243105711001,0.7534004055656287,50
M136N,0.8161035409999999,1293,-0.3543150253244291,2771,1,-1.1623809096205937,-0.1474987861421355,-0.6337694145603281,0.5263890090253409,136
V5S,0.8155682259999999,1294,0.7792736818826459,868,1,0.0888556610717284,1.5682563016899258,-0.0515701575519571,1.5115529223208866,5
N418S,0.815556548,1295,0.9855155362059268,574,1,1.183260052317409,0.7924848010625463,0.9653010353878086,1.0010162560559428,418
R139M,0.815381617,1296,0.1668581552920108,1906,1,-0.1321033628572567,0.7095408827697604,-0.103408494571475,0.1934035958270145,139
Y358M,0.815093519,1297,0.1985330211309956,1852,1,-0.1029646702223468,0.5803521152984387,0.6129686272513524,-0.2962239878034616,358
Q192V,0.8149551559999999,1298,0.8431739413594317,785,1,1.0064812364305484,0.7435638665183485,0.2928665248485871,1.3297841376402426,192
Q44D,0.814494772,1299,0.4762495308565662,1379,1,0.0206467614206421,0.4680781032388758,0.4417281849458377,0.9745450738209088,44
L380D,0.814450523,1300,0.7858164311437061,865,1,0.2864430235381038,1.2744521670528508,0.4742877997808336,1.1080827342030362,380
F376M,0.814240552,1301,-0.2258994865094681,2574,1,-0.3602584265928848,-0.6036349727008893,0.2195048118995242,-0.1592093586436224,376
K48Q,0.814164324,1302,0.9159649488873406,678,1,0.669668565421011,0.8483532880949376,0.9731791789454748,1.1726587630879388,48
N259D,0.813989285,1303,1.2170842903298584,294,1,0.8917333144986088,1.685831785704146,1.0374654799297052,1.2533065811869732,259
C151N,0.81387172,1304,0.6672403259497315,1051,1,0.3509610679115793,0.163016020096291,0.9472353795855848,1.207748836205471,151
V330Y,0.813728881,1305,-0.7309830873045754,3251,1,-0.9378153221418106,-0.3884755402626356,-1.321433704466288,-0.276207782347567,330
I331L,0.813125089,1306,0.2940734416187728,1679,1,0.6453410346481808,0.0995411015000858,0.7796063221413518,-0.3481946918145271,331
T167H,0.8126636290000001,1307,0.379353055509274,1534,1,-0.1395093362516533,0.1137906167412903,0.7407535966282855,0.8023773449191736,167
V490C,0.812350782,1308,1.4200401913133198,160,1,1.5380045459608511,1.4705619473386902,1.4253519249148043,1.2462423470389332,490
S53E,0.8119800340000001,1309,-0.1954520960939231,2518,1,-0.1457892374962304,-0.6952096579299809,0.8987302620095714,-0.8395397509590525,53
S451T,0.811950266,1310,1.2848257501330975,234,1,2.4679447302291,1.534218012492378,1.1334730624285445,0.0036671953823683,451
K72T,0.811628502,1311,0.918012571997673,672,1,0.9604091970226803,0.7215031329736102,0.9758230841965494,1.014314873797852,72
M136Y,0.811202775,1312,-0.7186364530594167,3240,1,-1.3528879205129167,-0.3062755220194629,-0.8115404207915009,-0.4038419489137865,136
R26F,0.8106140909999999,1313,0.1518933171527459,1942,1,-0.5316183160406169,0.2213575463414938,0.2802082894919168,0.6376257488181902,26
R342I,0.810568418,1314,-0.2570351370752288,2629,1,-0.3963471801930875,-0.3569026333693161,0.0621850100935584,-0.3370757448320702,342
Y225K,0.8105559790000001,1315,0.4771113600567435,1377,1,0.1987217057147518,0.3524242731533256,0.5436403506776563,0.8136591106812403,225
C266Q,0.810342525,1316,-0.3619627823555968,2787,1,-0.2259930677943853,-0.4706224036606506,-0.2553275675063177,-0.4959080904610336,266
F401Y,0.809909833,1317,0.8544832815092629,767,1,0.6999628979234465,0.7337443456960652,0.6878353512555492,1.2963905311619903,401
Y379H,0.8092818159999999,1318,0.4113682814715748,1473,1,0.6243975696514001,0.1584068121754966,0.0423918378193845,0.8202769062400176,379
K421I,0.8091869190000001,1319,0.0017535295622217,2200,1,-0.0006561230568085,-0.3136537358664722,-0.0890277641708508,0.4103517413430187,421
G27P,0.809140917,1320,0.1277602550210949,1979,1,-0.0136907400948838,-0.0823723183897067,0.5792504160849514,0.0278536624840188,27
D256S,0.808835599,1321,0.0777915842043797,2068,1,0.1891238681930739,-0.583341872067417,0.4320682373834611,0.2733161033084008,256
D89T,0.808155905,1322,0.5032170836791086,1337,1,0.0986957779799915,-0.0127936972085994,0.4614122629762453,1.4655539909687971,89
V462Q,0.80782056,1323,0.5724814012440329,1202,1,0.7295836364943282,0.2991210764378101,0.7829264496310137,0.4782944424129796,462
G135S,0.8077485640000001,1324,-0.125963964495941,2409,1,0.0315262017545391,-0.1066090533034716,0.0654963917926009,-0.4942693982274327,135
Q278I,0.8073219229999999,1325,1.115963943458056,412,1,1.3053355890037626,1.6765710371999405,0.6027528520407653,0.8791962955877559,278
T450I,0.807257131,1326,0.1091331349822783,2012,1,0.4854068903015734,0.0563026475184568,0.6674127213320027,-0.7725897192229195,450
Q278Y,0.8071643890000001,1327,0.8499545021543896,775,1,1.002036655635155,1.267643459840296,0.7443455264282673,0.3857923667138401,278
S18D,0.807004572,1328,0.3407455851745345,1595,1,-0.3766986081252664,0.1082001195001906,0.4248086979507138,1.2066721313725002,18
K399M,0.806878242,1329,0.447767557390201,1429,1,0.1271741668000878,0.5866001527021822,0.2398442486779217,0.8374516613806121,399
M269H,0.806874153,1330,0.8716077161519993,746,1,1.0031832074081448,0.6398283033453775,0.8616839926367973,0.9817353612176776,269
R21D,0.806756303,1331,0.1458173367907822,1950,1,-0.2453682710953893,-0.1346782927204993,0.7413244887818998,0.2219914221971178,21
H276L,0.806318223,1332,1.13257414449807,387,1,0.9831102729782716,1.2991751282139468,0.967471841666914,1.2805393351331475,276
R139S,0.80602411,1333,0.6286804832819778,1120,1,0.3994676347389967,0.9623702301213544,0.7778587498834555,0.3750253183841045,139
T450S,0.8059823070000001,1334,0.6584217268173308,1068,1,0.6942160392497703,0.4985411851661687,0.812159174759065,0.6287705080943192,450
K273G,0.8052270770000001,1335,0.4263953591876969,1454,1,0.5387098351322177,0.3639473599009604,-0.0248213195101352,0.8277455612277446,273
T469A,0.804813145,1336,0.7350546110272298,933,1,1.2013802679401913,0.624760712275675,0.9989424310951384,0.1151350327979145,469
S140M,0.804799431,1337,-0.0834936421205612,2333,1,-0.0525923078146069,-0.2642033951314589,0.019438456490736,-0.0366173220269153,140
R329I,0.8040867070000001,1338,0.2276368333987014,1804,1,0.2778531827383149,0.3552262163387567,0.2459219622894092,0.0315459722283249,329
M255G,0.803901537,1339,0.0252002802727886,2155,1,0.356061052489249,-0.055911113457174,-0.2828654941803015,0.083516676239381,255
P402G,0.8038794890000001,1340,-0.39879323415925,2844,1,0.0636920814424412,-0.95260925083476,-0.2841886194508122,-0.4220671477938691,402
R335K,0.803675118,1341,0.2675086371163263,1725,1,0.3124675989131497,0.1984137996889085,0.2806110889508982,0.2785420609123487,335
E272D,0.8034288409999999,1342,0.9910716066309352,561,1,1.1771823402359411,0.6563032927900821,1.0558017848697796,1.0749990086279386,272
C372V,0.803336568,1343,0.6031606060516806,1153,1,0.5921390919127221,0.6801019353780129,0.1725161364034134,0.9678852605125744,372
I42F,0.8028059009999999,1344,0.9589546260301238,614,1,1.033482453903325,1.3573413238049077,0.8332203980228164,0.6117743283894467,42
Q193C,0.802740248,1345,0.9261014806342596,657,1,1.1088016218513346,0.6127376084770538,1.0752821545612732,0.9075845376473772,193
S254G,0.802689195,1346,0.3905996215089472,1503,1,0.2396002620608445,0.4940630568257508,0.1779841238061121,0.6507510433430814,254
V8T,0.80170029,1347,0.8472992237813088,779,1,0.5821146932964429,1.2451137720256211,0.7126204930728967,0.8493479367302746,8
T34I,0.8016599,1348,1.0263840652310985,518,1,1.0316309535746224,0.7390519306252797,1.0199330179979775,1.314920358726514,34
D468T,0.8014068609999999,1349,-0.0326846287733257,2248,1,-0.623702100723788,-0.0676789534968701,0.2074244327749573,0.3532181063523977,468
I42T,0.8007817840000001,1350,0.8063377851587998,838,1,0.8526421741525456,0.7777089591303717,0.829682317562175,0.7653176897901074,42
R342Q,0.8007253679999999,1351,0.1766536454501589,1886,1,0.139523951940248,0.4353810450106836,0.0201355563286351,0.111574028521069,342
C338M,0.8006415029999999,1352,-0.0879438891976795,2346,1,-0.2615320963767287,-0.5560565661979929,0.1162820569572076,0.3495310488267957,338
C338R,0.800620856,1353,0.5794223874942268,1193,1,0.6406145693599073,0.4138914917416205,0.7122351052208599,0.5509483836545196,338
M136S,0.800620427,1354,-0.3266080054788651,2731,1,-0.8870024872935326,-0.1949151841749037,-0.3106676404725101,0.0861532900254857,136
C372Y,0.7996536609999999,1355,0.6813635708620502,1015,1,0.9944770780868778,0.7422745602678535,0.5903732323488605,0.3983294127446091,372
K190S,0.799498397,1356,1.0139988282134909,537,1,0.853646457459463,0.8229273976213023,1.1634318904314611,1.215989567341737,190
I45V,0.7989515859999999,1357,1.4068447877500214,166,1,1.6045387443204813,1.7225997962843649,1.1074868585709292,1.19275375182431,45
L7E,0.798910879,1358,-1.057142737179642,3600,1,-1.7970807002849032,-1.176501475378111,-0.8413934540206388,-0.4135953190349156,7
S53D,0.7987613109999999,1359,-0.0047891411697934,2211,1,-0.0231552576429583,0.3921583902021746,0.2836819629304385,-0.6718416601688287,53
Q44A,0.79859186,1360,-0.0753702814249413,2323,1,-0.5600332557214436,-0.6029955078634248,0.1675130602565037,0.6940345776285992,44
E325V,0.7985876359999999,1361,-0.0022836798190345,2207,1,0.1770253388523812,-0.265277203338424,-0.1255209464108964,0.2046380916208011,325
T348V,0.7985819690000001,1362,0.1821513107866766,1875,1,0.5136957693162594,-0.3105376836968093,0.6420610225347199,-0.1166138650074632,348
S140E,0.798448897,1363,-0.2244284496009816,2570,1,-0.3294198275133939,-1.1496667137251997,0.6976819791576704,-0.1163092363230034,140
V330N,0.798089478,1364,-0.2715314287366994,2649,1,-0.6852172208834472,0.0664382187487876,-0.8292729977648812,0.3619262849527428,330
D89S,0.797897668,1365,0.4025980987422173,1484,1,0.2537195452757861,-0.012868408552675,0.1723021116538526,1.1972391465919057,89
L461Q,0.79779041,1366,0.4386665727690233,1437,1,0.5563376672859964,0.116287555550728,0.9528458459884328,0.1291952222509359,461
K138H,0.797310173,1367,-0.1848902875614262,2501,1,-0.5461183080513851,-0.2929185261682371,-0.6876492178479157,0.7871249018218329,138
K399V,0.79617508,1368,0.5393821411741928,1254,1,-0.0833471456541375,0.6667830985466108,0.2902443788917712,1.2838482329125267,399
L461H,0.795841955,1369,0.1127298621874479,2006,1,0.4209999691731118,-0.1416868326947617,0.7958786276976387,-0.6242723154261973,461
R139E,0.7951507729999999,1370,0.1799035643013004,1880,1,-0.1620511332293566,0.3426573046653608,0.4192721093923296,0.119735976376868,139
P227L,0.7949567359999999,1371,-0.1270635755089862,2413,1,-0.1360739527559217,0.6959213260838889,0.0011596169833051,-1.0692612923472171,227
V462D,0.794751234,1372,0.6987310608322496,992,1,1.1150446402299157,0.4506442512662188,1.2387197120688695,-0.0094843602360056,462
L11A,0.794293108,1373,0.8835669980229737,724,1,0.5913250164215479,0.9086159536241352,0.9215540565463652,1.1127729654998462,11
T386S,0.794235262,1374,1.1900202209132629,323,1,1.6732728129859122,1.232842567652498,1.0863893591846334,0.7675761438300079,386
N133T,0.79415129,1375,0.0592219469204519,2095,1,0.4135813478314812,-0.3972069934547566,0.9285586369552962,-0.708045203650213,133
V6R,0.79370351,1376,0.0067886855461821,2189,1,-0.0965814494882787,-0.6324269573425051,0.0650593094200882,0.6911038395954241,6
Q278F,0.793470935,1377,0.934890835430988,649,1,1.098752716092264,1.5136982757330544,0.7823398112117066,0.344772538686927,278
K158A,0.793403392,1378,0.5122561458191728,1321,1,0.1520772210526852,0.0877107342243981,0.8812052029631477,0.9280314250364602,158
E85D,0.793297041,1379,0.5837033891185021,1186,1,0.7018620653777897,0.5592612903137074,0.2520897354307512,0.8216004653517599,85
I45T,0.793256726,1380,0.3038409451722312,1662,1,0.5444546416555148,0.0780435147531651,0.634992523720771,-0.0421268994405256,45
K59D,0.793212164,1381,0.2803906044569825,1704,1,0.2526076846163464,0.0909521086486395,0.5289990416049504,0.2490035829579937,59
K459H,0.7931696840000001,1382,0.480604273117407,1368,1,0.1384943866990693,0.3281110863086159,0.51724949593712,0.9385621235248228,459
L453C,0.7923169109999999,1383,-0.8177803087920996,3337,1,-0.8168543474148855,-1.232164907888187,-0.730295872206989,-0.4918061076583367,453
K465T,0.792024698,1384,0.8638524633399933,754,1,1.5980215998338718,0.3461572231853191,0.5967135640127971,0.9145174663279848,465
M136P,0.79201891,1385,-1.04472958771819,3587,1,-1.44037541883492,-1.1961336885664982,-0.8609717797423186,-0.6814374637290238,136
R333Y,0.792012458,1386,0.3600638769974698,1560,1,0.1587236614833284,0.0512885523136397,0.3494083063715446,0.8808349878213663,333
H276R,0.791289432,1387,1.1210070206768692,409,1,1.5041056043375507,0.9877137105013004,0.9704462479578444,1.0217625199107816,276
Y225V,0.7911717629999999,1388,0.3711782355731907,1546,1,-0.2054920296670748,0.357285866170146,0.7650323168359502,0.5678867889537413,225
T34F,0.7908095409999999,1389,0.7580728678677359,901,1,0.4210644653278812,0.3327144030123147,0.8276333112025677,1.45087929192818,34
N455T,0.79043423,1390,0.5088581782722656,1327,1,0.5857544472375745,0.6876307099892034,0.966835668362188,-0.2047881124999035,455
P402C,0.790399402,1391,-0.2152443284476714,2557,1,0.0195726631202179,-0.6214639378928423,0.1697879842076777,-0.428874023225739,402
N196G,0.789897794,1392,1.1051286171503578,424,1,1.3798242921779793,0.9882060957483222,1.0313045570397572,1.021179523635373,196
A161M,0.78949081,1393,0.0355315616933914,2133,1,0.2914404005968219,-0.2852185715330312,-0.2260953983047305,0.3619998160145057,161
N277A,0.788533265,1394,0.5179582708324872,1304,1,0.2484267423237279,0.8072913041018772,0.2939128104014398,0.7222022265029036,277
K28E,0.788116466,1395,0.6735623749779203,1037,1,0.3510046656369788,0.2790223859684919,1.0609687470851643,1.003253701221046,28
S51M,0.7878356879999999,1396,0.5288270948266641,1284,1,0.2237540733616412,1.1577567630902392,0.7214116644346825,0.0123858784200934,51
I50T,0.787425377,1397,0.9748619781034882,587,1,1.2808405078305984,1.0589252030026124,0.8627168859189865,0.6969653156617557,50
P464V,0.787199315,1398,0.2742084698333611,1717,1,0.4453103288917501,-0.0896211932432087,1.0059709681151294,-0.2648262244302263,464
I264L,0.7871881559999999,1399,0.3010305053359393,1668,1,0.5490671916574422,0.1613862952215805,0.8301507785839972,-0.3364822441192626,264
E318H,0.786692353,1400,0.9735036317472112,588,1,1.0413343442188567,1.110627628836529,1.0734387148004243,0.6686138391330346,318
L7R,0.786471088,1401,-0.9674803516664836,3508,1,-1.240427231860057,-1.0942641014629002,-1.3545443924455818,-0.180685680897396,7
L17C,0.7862520159999999,1402,0.5820824240953211,1190,1,0.2672046442225749,0.496253250672326,0.7646793795453383,0.8001924219410452,17
F376V,0.78584914,1403,-0.1045200161817847,2375,1,0.0383713378065751,-0.5200410121581264,0.5243078348126683,-0.4607182251882559,376
V8L,0.785686674,1404,1.5494830835726905,109,1,1.5111423651663056,2.00826558270498,1.114727644715261,1.5637967417042156,8
Q192G,0.785455282,1405,0.661835903001957,1061,1,1.141795732679964,0.8136623206624907,0.4418472886239942,0.250038270041379,192
R329T,0.78526533,1406,0.8593633367978095,758,1,0.711648784495578,0.979733186651918,0.7048546380776772,1.0412167379660648,329
K465M,0.7849645129999999,1407,0.3710287210633847,1547,1,0.2593590639204533,0.1269199973865509,0.4566858353823615,0.641149987564173,465
G137M,0.784696328,1408,-0.9755534281697888,3515,1,-0.8415929225126143,-0.508535732953076,-0.8621480725162226,-1.689936984697242,137
L7P,0.7836516990000001,1409,-0.6612572871238495,3169,1,-0.5958672634705133,-0.8618430012607374,-0.1924395126099082,-0.9948793711542387,7
D89C,0.783639394,1410,-0.2029719654712355,2532,1,-0.2576268402452324,-0.714735561428053,-0.0202186867908841,0.1806932265792275,89
S53C,0.7829677279999999,1411,0.3494171256335928,1574,1,0.5259713140774013,0.3290516726744425,1.024393624635294,-0.4817481088527665,53
A321E,0.7817896540000001,1412,1.2238819366053963,288,1,1.332925654973563,0.9976228715473446,0.8908123544886843,1.6741668654119937,321
C338N,0.7817583909999999,1413,0.8241297567270052,813,1,0.6930732986131986,0.7945074299501417,0.5215605744674855,1.2873777238771948,338
L461S,0.781590372,1414,0.5349024843994135,1266,1,1.1976066495773965,0.478904017999769,0.9317168321296784,-0.46861756210919,461
M136H,0.781315317,1415,-0.7787132412408493,3307,1,-1.6652221369554228,-0.3522417434076378,-0.7621778774058603,-0.3352112071944764,136
N259R,0.78125218,1416,0.5103427450932334,1325,1,0.4643092487824392,0.0826955678891999,0.4570885897583076,1.0372775739429871,259
T371G,0.7805596859999999,1417,-0.1791326621166925,2496,1,-0.2270993304109543,-0.1247349893935603,0.1101083470725047,-0.4748046757347601,371
Q340E,0.780029585,1418,1.6002189026002205,82,1,1.5549927982266034,2.495012667183606,0.9164145409293544,1.4344556040613177,340
E81P,0.7798503290000001,1419,-0.3073071396194105,2694,1,-0.3366822062220853,-0.4634501146293909,-0.1460553187532461,-0.2830409188729196,81
K28P,0.77905466,1420,0.2245159006312042,1807,1,-0.0947944453143455,-0.1941806565161244,0.487877961278004,0.6991607430772827,28
Y347W,0.779047875,1421,-0.8888913017385905,3418,1,-1.080891944577934,-1.0469134440572667,-0.986873970932402,-0.4408858473867593,347
M136A,0.778623559,1422,-0.3576618140946815,2778,1,-0.5015341544494486,-0.0251107593511597,-0.5899575767342697,-0.314044765843848,136
K383R,0.778530963,1423,0.814844222607188,826,1,0.732796689738792,0.8443170010366872,0.8021635224495549,0.8800996772037181,383
L14N,0.778393015,1424,-0.8652161356618601,3390,1,-1.9143003117065207,-1.0934487034603544,-0.6486515240987236,0.1955359966181586,14
F226C,0.7781198909999999,1425,0.4632011009594327,1400,1,0.2929329421316746,0.3556173128191239,0.7693482851334295,0.4349058637535027,226
R26A,0.7780472759999999,1426,0.656241380123353,1071,1,0.3421967524489532,0.6467777972573868,0.7178022035895972,0.9181887671974748,26
P227N,0.777786882,1427,-0.7352896956190123,3260,1,-1.2009617834729214,-0.3361737165620694,-0.5042615918972757,-0.8997616905437826,227
K459V,0.777656885,1428,0.1447498793033402,1952,1,-0.0805621402662842,-0.2805943677869026,0.4146546412010756,0.5255013840654722,459
E415G,0.775758418,1429,0.8326752767590163,802,1,0.7803877322532367,0.5881597854825852,1.138798882903553,0.8233547063966905,415
S422C,0.7753450959999999,1430,0.399413428376157,1490,1,0.4151436345588074,0.1017847179744141,0.3656503952409074,0.7150749657304991,422
T320G,0.774859573,1431,-0.0459007873166157,2270,1,0.5345359706643757,-0.0788138893726855,-0.4664023288955547,-0.1729229016625985,320
I284V,0.774843953,1432,1.3395271516768492,199,1,1.6820296597379754,1.5119202997190468,1.142207047466473,1.0219515997839024,284
M406G,0.774825538,1433,0.8071093356882775,837,1,0.9213050736844236,1.1989685714453435,0.4035248904446454,0.7046388071786969,406
L461D,0.774184315,1434,-0.1452520313639498,2446,1,0.2015368372285777,-0.1863544423872566,0.1447388246177078,-0.7409293449148285,461
N277I,0.773899617,1435,0.8383459790478434,793,1,0.4005728503400663,1.2689638288718406,0.84384299731193,0.8400042396675365,277
Q22D,0.77382308,1436,0.60385583470888,1152,1,0.1038190342221634,0.7819408613744545,0.5910120319962419,0.9386514112426604,22
D468E,0.7728646379999999,1437,0.5388717257802225,1256,1,0.2777739725257257,0.2317420214941123,0.9802405380329215,0.6657303710681303,468
D468A,0.772334305,1438,-0.2000948748143639,2526,1,-0.6121112203380813,-0.3498116163557158,-0.0781218006776181,0.2396651381139596,468
I47D,0.772249385,1439,0.5485188988614128,1243,1,0.4711056916336445,0.7906644819256643,0.186294888027983,0.7460105338583594,47
S58G,0.772029085,1440,0.3236209241522471,1628,1,0.8354321849443089,0.1104248573015538,0.4643318855359227,-0.1157052311727971,58
P227Y,0.7719184490000001,1441,-0.71078197145549,3226,1,-1.0906654294198084,-0.3202038320376613,-0.8869534170541414,-0.5453052073103493,227
W212I,0.771794867,1442,0.8260206501891001,811,1,0.2622885016064115,0.2623776893040459,1.0095593719854736,1.7698570378604692,212
K270H,0.7716776,1443,0.322824589205407,1630,1,0.1860192857543585,0.1892826809733722,0.4144608799447962,0.5015355101491011,270
E81Q,0.771627745,1444,0.960969212493461,610,1,0.9086187079616896,0.3361302377973635,1.2966132860516038,1.302514618163187,81
D256N,0.771553652,1445,0.9412034073941322,640,1,1.1388828797195178,0.6441470340959713,0.9151567437368092,1.0666269720242307,256
E325I,0.771440446,1446,-0.4707232697987698,2948,1,-0.438002538278572,-0.9830668432188502,-0.7052284155241838,0.2434047178265271,325
L380W,0.7713273509999999,1447,0.1584835906289989,1931,1,0.1854115700380333,-0.0747277947517181,0.0696940948816016,0.4535564923480789,380
S58E,0.7711797490000001,1448,-0.1862317318846053,2505,1,-0.2241481985638464,-0.763384696638069,0.0890299462190921,0.1535760214444018,58
V330A,0.770645393,1449,0.0248400625769644,2157,1,0.3695660168101151,0.1791615700031852,-0.2361546652148469,-0.2132126712905956,330
K247A,0.770540965,1450,0.5388168228407364,1257,1,0.5206693253093612,0.541012575903695,0.5071530169755402,0.586432373174349,247
E325M,0.770054625,1451,-0.084107080926638,2337,1,-0.1588472937212883,-0.484717408344394,-0.2109856384364528,0.5181220167955829,325
K459E,0.770052985,1452,0.903472248109296,696,1,0.7062245810983324,0.3826494302447359,1.130602292382005,1.3944126887121109,459
L67C,0.769960856,1453,0.208307172100408,1835,1,0.0660643393601836,0.1840551630401384,0.7946253906526167,-0.2115162046513064,67
E272H,0.769884584,1454,0.5326439642044435,1271,1,0.1700984657903509,-0.2163983106616808,0.7464800626808977,1.4303956390082062,272
M406Y,0.7697458629999999,1455,0.6400252432937433,1098,1,0.5111763987407335,0.9866573081630268,0.0306463318653431,1.0316209344058698,406
D408N,0.769461732,1456,1.4024070015715937,168,1,1.4079442247716654,1.898683706230382,0.932621539331656,1.3703785359526717,408
N403C,0.769075407,1457,0.228719532849032,1801,1,0.1456326591705528,-0.1643366879490566,0.0379989422508856,0.8955832179237463,403
T371P,0.768801647,1458,-0.5537152207065337,3047,1,-0.0964191202052355,-0.7864024851782416,0.2258779380760152,-1.5579172155186725,371
S460G,0.768628877,1459,0.2336616104031105,1792,1,-0.0753506555180208,0.8794421779473371,-0.1317787948289451,0.262333714012071,460
K423P,0.7679760720000001,1460,0.8557176937739339,765,1,1.8108182270407407,1.2235756162155194,0.0263825758884377,0.362094355951038,423
Q261N,0.767305705,1461,0.5429247602133638,1249,1,0.7816160908372545,-0.1255490484831298,0.4570251644260579,1.0586068340732724,261
C266S,0.767075585,1462,1.0116954190153586,540,1,1.1071026716809098,0.9950259159385798,1.0034385944749429,0.9412144939670024,266
K375H,0.7669335629999999,1463,0.8447240211376918,782,1,0.6879697123022107,0.6365990460835714,0.8803555084026842,1.1739718177623013,375
Y225C,0.7659777259999999,1464,0.7982051989548705,846,1,0.8361272775941194,0.8637452308331407,0.9029706665971022,0.5899776207951198,225
E81K,0.7658014679999999,1465,0.916299430631658,677,1,0.7858169124641569,0.5996467215798611,0.8970863696527431,1.3826477188298714,81
M339Y,0.765618557,1466,-0.069884010904208,2310,1,-0.6425738431318042,-0.2801693968082359,0.4546408939165384,0.1885663024066694,339
D224F,0.7655841320000001,1467,0.6734388965081902,1039,1,0.449665578324726,0.7806162747670349,0.3099067848182056,1.1535669481227944,224
N56L,0.7655133740000001,1468,0.5643454082126739,1211,1,0.2031717170305362,0.6889528865532657,0.4905041106971478,0.8747529185697458,56
S422G,0.765422545,1469,0.0696750425460043,2080,1,0.4290435052056729,-0.0627830843078573,0.379035207196883,-0.4665954579106809,422
Q252Y,0.76451412,1470,-0.193799728601649,2514,1,-0.4338849753241899,-0.5392894928875162,0.2375078572090977,-0.0395323034039877,252
Q146E,0.764473278,1471,0.2598744774497252,1742,1,0.4355230234452821,-0.1621956322087103,0.0500030913427749,0.716167427219554,146
T320A,0.763939528,1472,1.1457910459599217,367,1,1.5316620611098173,0.8613872711906393,1.2362477627301198,0.9538670888091104,320
G46H,0.7639060059999999,1473,1.2527692772737953,264,1,1.2352519033992648,1.5100326165230469,0.4917862985414331,1.7740062906314369,46
C13E,0.76388441,1474,-0.6923914657361735,3206,1,-1.773889362811721,-0.823749320390409,-0.3863606592340706,0.2144334794915064,13
D463E,0.763621276,1475,1.0018554990860942,549,1,0.7720353126881153,1.3947725105345796,0.9428722933132904,0.8977418798083918,463
K48P,0.7634417520000001,1476,-0.0825426365664184,2330,1,-0.3504377841729125,-0.1896951641543369,0.4134269554497461,-0.2034645533881706,48
P404S,0.763212204,1477,0.3908281460061834,1502,1,0.593628171316323,0.872290842904156,0.4694438389425083,-0.3720502691382537,404
N378K,0.762763458,1478,0.8476030278253932,778,1,1.165047852892944,0.8089122590965931,0.2286563419381045,1.187795657373931,378
Q340I,0.762354506,1479,0.221814910303875,1809,1,-0.1533235331102464,0.7998152157163029,-0.2350211754848545,0.475789134094298,340
G135C,0.762273428,1480,-0.702370430190747,3217,1,-0.5820781251828756,-0.6802580167240228,-0.4207033815499526,-1.1264421973061371,135
S422R,0.7622575859999999,1481,0.4344520910200219,1442,1,0.2747715229589355,0.145538787343203,0.3989311268342611,0.9185669269436882,422
K52H,0.7616946170000001,1482,0.5542588812280527,1228,1,0.288250758618927,0.375110546840575,0.7704989860913429,0.7831752333613659,52
L314M,0.761647401,1483,1.0325662980317547,509,1,1.4562499042252448,1.4028502059932144,1.0138524889712313,0.257312592937328,314
M255A,0.761483837,1484,0.3873648070232297,1510,1,0.7143262893120458,0.1857867791923427,-0.0966013476454554,0.7459475072339857,255
S286T,0.7613377309999999,1485,1.3008919632196267,225,1,1.656820046327227,1.3757862559115914,0.9780659889105572,1.1928955617291317,286
N466Y,0.761145718,1486,0.7906170887477917,861,1,0.2533724805780107,1.0561361133817535,0.4926077105721237,1.3603520504592788,466
V330M,0.760610494,1487,0.1130733109058555,2004,1,0.0096717495119503,0.4267793324859628,0.1705976388137036,-0.1547554771881948,330
H410G,0.7605968390000001,1488,2.2339380904700903,5,1,3.679187483142564,3.258699842216525,0.8437886231848409,1.154076413336431,410
E93S,0.7604546320000001,1489,0.1065260238135055,2017,1,-0.0203983541511117,-0.6062279115707252,0.4779106433415098,0.574819717634349,93
E400G,0.7596298709999999,1490,-0.1216024306623806,2403,1,0.0320715991083341,-0.4631757713605539,0.1950613159589007,-0.2503668663562034,400
P227S,0.7594057470000001,1491,0.1836884068147115,1871,1,0.1786985813022413,0.8030551842819192,0.5856959716709775,-0.8326961099962918,227
S343W,0.7589936840000001,1492,-0.0342524587991481,2253,1,0.0295445224987317,-0.0257494208408384,-0.3396760923455159,0.1988711554910299,343
Y225H,0.758837518,1493,0.979594486612668,580,1,1.226981946774884,0.8933680109765294,0.7628828155474251,1.0351451731518335,225
N403R,0.7584593479999999,1494,0.6283287564957958,1121,1,0.6200103862456893,0.1870936921484756,0.5927079236902278,1.1135030238987902,403
P35R,0.758428002,1495,-0.0564203759301962,2286,1,0.1690541725311458,-0.1417772093206596,-0.0051126655498426,-0.2478458013814285,35
K421H,0.757080955,1496,0.0479054169086821,2111,1,-0.0514888651597833,-0.3289139965134596,-0.2423121175852382,0.8143366468932096,421
K399Y,0.756946613,1497,-0.0172135490506373,2225,1,-0.7673476574221355,-0.2976458262135381,0.2702500034046374,0.7258892840284868,399
E81T,0.7567907840000001,1498,0.314436927179345,1642,1,-0.0645031840573753,0.1732130474322323,0.3247377395802851,0.8243001057622381,81
K52D,0.756564508,1499,0.4557528483590285,1417,1,0.1059718376912097,0.0294822122343921,0.7961128739203441,0.8914444695901679,52
Q146L,0.756534844,1500,0.3410954305278907,1594,1,0.4447941642107014,0.1066603695774851,0.3586668986698362,0.4542602896535402,146
V319Y,0.7563946090000001,1501,-0.3234623754077487,2721,1,-0.5462410182679269,-0.3923495510681625,-0.2126255758603658,-0.1426333564345395,319
Q192D,0.756188002,1502,0.9927697245128564,559,1,1.227240015155202,0.976594506852956,0.7339374794355263,1.0333068966077414,192
M255H,0.7557658979999999,1503,0.6771183398274361,1027,1,0.8891968077694077,0.1556845343121533,0.0186957666169566,1.6448962506112264,255
N259K,0.755460879,1504,0.7090968226591299,976,1,0.7957884088772976,0.5546147267208752,0.2659241182060998,1.220060036832247,259
N455Q,0.7554218490000001,1505,0.5290071127550866,1282,1,0.3869245007365948,0.5994914746202629,0.9144331811169444,0.2151792945465439,455
S58R,0.755051982,1506,0.1266462140728458,1980,1,0.2082294719830589,-0.021863761492418,0.3563690203635974,-0.0361498745628549,58
L9R,0.754586815,1507,-0.8603552877044067,3381,1,-1.3928631956472783,-1.2483502235104758,-0.600388218047728,-0.1998195136121447,9
K420I,0.754272314,1508,0.0705828260257478,2078,1,0.2225505779056851,0.4082266848303383,0.4032241735180304,-0.7516701321510627,420
V323A,0.754160935,1509,0.7144682019882784,966,1,0.6282499026394475,0.6069838307984989,1.0366058699618292,0.5860332045533382,323
Q44N,0.753242194,1510,0.5613073699139226,1217,1,0.2647465729144933,0.7380229090573707,0.4607028633707725,0.7817571343130538,44
G135P,0.7528498920000001,1511,-1.7979618529643622,4028,1,-1.5923075866841927,-1.5715332887651376,-1.4183325267291922,-2.6096740096789257,135
H276C,0.7527148220000001,1512,0.972938285678414,589,1,1.0015998966095887,0.8955345060634246,1.022552713444933,0.9720660265957102,276
P221A,0.752452922,1513,0.8298724636822328,806,1,0.6477376601066481,1.619743633246257,1.0985158112102071,-0.0465072498341809,221
M269F,0.752311167,1514,0.6777850542423915,1025,1,1.0885235701050051,0.779462466509738,0.1832695286969215,0.6598846516579014,269
Q340H,0.751727055,1515,0.7693071647743457,883,1,0.8387684370125477,0.8593321736633692,0.2773637333114137,1.1017643151100522,340
Q146C,0.751317075,1516,-0.0981722398657467,2367,1,-0.4837841425669811,-0.5277788580305607,-0.1353404583291798,0.7542144994637345,146
P35A,0.751307561,1517,0.4294790553149902,1448,1,0.7373255203813788,0.2862412691713256,0.5033933697932633,0.1909560619139932,35
E272K,0.751288685,1518,0.8272385281298662,809,1,0.8202512280128703,0.3898344389492704,1.027729817671996,1.071138627885328,272
F219Y,0.750834859,1519,0.8742483594151091,741,1,0.6442777834283313,1.0748793552995497,0.9617086454635342,0.8161276534690217,219
I374C,0.7507012,1520,0.3202834419436077,1633,1,0.1581616375234016,0.4755444175597234,0.1114586567618536,0.535969055929452,374
D256H,0.750540407,1521,0.0679728032398196,2082,1,0.0705839283459614,-0.3997050033945754,0.8338367439146868,-0.2328244559067941,256
K375T,0.7501898920000001,1522,0.9985977300123536,556,1,0.8740845908955632,1.0720762070924397,0.8990015065827058,1.149228615478706,375
K465G,0.7492146829999999,1523,0.424442831367847,1456,1,0.2024030401314203,0.6650862271861405,0.33927724649307,0.4910048116607572,465
K273L,0.748938674,1524,0.3779493278825074,1537,1,0.3607641623517798,0.243851686016649,-0.0955890339392913,1.0027704971008922,273
W212V,0.7487051159999999,1525,0.8329719410010237,801,1,0.3704949568816881,0.3034836565883766,1.014325954597166,1.643583195936864,212
K84A,0.7485800979999999,1526,-0.7620804487179181,3291,1,-0.7855502033636949,-1.4070162312846666,-0.6863724539627791,-0.1693829062605317,84
S53V,0.7484987059999999,1527,-0.5007031626949318,2988,1,0.0627602516080895,-0.4415639753367579,0.6442708672949329,-2.268279794345992,53
N56E,0.748489996,1528,1.4640010543842972,145,1,1.5373728117089671,1.7923468359814738,0.9657389515162418,1.560545618330506,56
K59F,0.748160741,1529,-0.4317111816605673,2898,1,-0.9806894062687171,-0.3204721501981049,-0.4230424509022115,-0.0026407192732355,59
N259G,0.7479452109999999,1530,0.0868437621796201,2050,1,0.1941826003600631,0.1124210426578682,0.1685619920961575,-0.1277905863956084,259
S51F,0.747924035,1531,0.9121591415253608,680,1,0.9230211879289368,1.335667201382066,1.084483242835072,0.3054649339553683,51
S51D,0.7478727340000001,1532,0.8208207035108942,817,1,0.1367738051884247,1.114405170962116,0.9600775850478492,1.0720262528451872,51
T385S,0.747538822,1533,0.5275455724641946,1288,1,0.7046543649736231,0.6517689301046607,0.7306165724660456,0.023142422312449,385
N259C,0.747353079,1534,0.8555599486993298,766,1,0.8688446552461266,0.8221454724431633,0.9212566050775935,0.8099930620304358,259
D224M,0.7470175379999999,1535,0.5580119723065207,1222,1,0.3346486083099306,0.5540065924470554,0.391700018200697,0.9516926702683994,224
S254L,0.7467917279999999,1536,0.7525218373830362,910,1,0.7398524713491214,0.682090355039065,0.856104891020783,0.7320396321231756,254
F219V,0.746652636,1537,0.8773157470320432,736,1,1.0538048572262133,1.4798531498369512,0.618747087155289,0.3568578939097195,219
R139G,0.745783229,1538,0.1263495096427107,1981,1,0.1877259768593764,0.5289037816745928,0.2611254218586309,-0.4723571418217575,139
G171H,0.7450489220000001,1539,0.3231069453697054,1629,1,0.0758300344067417,0.6783286790322468,0.7049996038581672,-0.1667305358183337,171
S286L,0.7447587859999999,1540,-0.0486994880805294,2274,1,0.6744627935524121,0.9066916678946462,-0.1651138426552053,-1.6108385711139708,286
A321M,0.744584197,1541,0.5032702785766004,1336,1,0.6257847953872093,0.302049011334308,-0.087894659623208,1.1731419672080927,321
M406F,0.744553334,1542,0.6447082790126606,1087,1,0.6313826009343761,0.930498544797381,0.0519764389646886,0.9649755313541966,406
S254I,0.7444791590000001,1543,0.6953894714268931,997,1,0.4487616409832811,1.3002518820294595,0.5511301023755845,0.4814142603192474,254
P227V,0.7440514420000001,1544,-0.7238170066221614,3247,1,-1.0466000370973594,-0.2035334992205302,-0.4645839358436867,-1.1805505543270691,227
R150N,0.744011045,1545,0.8582273182899743,761,1,1.1500827765972963,0.1887152496540309,0.9332174537028706,1.1608937932056995,150
C266R,0.7436398540000001,1546,0.0834598697702712,2058,1,0.1645506098626135,0.5051594320078497,0.3577940660672693,-0.6936646288566476,266
K158N,0.742445302,1547,0.9522241037450866,626,1,1.0390505381705124,1.0206150199040218,1.0870562378958235,0.6621746190099889,158
E246S,0.7423763870000001,1548,0.8730866278123732,742,1,0.4910810023383441,1.0561542556525818,0.9670839584412704,0.9780272948172968,246
G46F,0.742220973,1549,0.2459203695571983,1772,1,-0.1943159070212383,0.2439274684911057,0.0192215606530169,0.9148483561059088,46
K423A,0.7421774409999999,1550,1.1754202707868462,343,1,1.8979300422413143,1.260799137542573,0.381112710792269,1.1618391925712284,423
N56Y,0.742165234,1551,0.4701383185112043,1390,1,0.510167438764585,0.452844888634009,0.565656903842967,0.3518840428032567,56
K118N,0.7419818909999999,1552,1.418978444146044,161,1,1.909256921158873,1.5315671572681124,1.4069344638710553,0.8281552342861354,118
K52V,0.7418065640000001,1553,0.3089371158022214,1654,1,0.0693319072116548,0.2200259973865976,0.5523627129792218,0.3940278456314114,52
K84Q,0.740391735,1554,0.1934928160929671,1858,1,0.4256343389780487,0.0164160282816112,-0.0105038998169707,0.3424247969291794,84
Q252A,0.7398114990000001,1555,-0.0406577563290066,2260,1,-0.3493622898518222,-0.6115932036492169,0.6691975247771355,0.129126943407877,252
I39A,0.7394640729999999,1556,0.1647036497542076,1910,1,0.2243625010485062,0.1467838425198324,0.3500949801545652,-0.0624267247060733,39
H78V,0.739107733,1557,0.1320424551930242,1976,1,-0.1003906035571266,-0.7070734980300754,0.3019803793175215,1.0336535430417777,78
E93H,0.739049588,1558,0.0855147068946599,2052,1,-0.0826245793176202,-0.3302166249480684,0.5196835229670926,0.235216508877236,93
K59Y,0.739023359,1559,-0.2006780547699654,2530,1,-0.5886564816856377,0.0479297552213798,-0.3852667166132335,0.1232812239976294,59
E400Y,0.738887252,1560,0.0520171177929353,2106,1,0.2606387890848767,-0.3869011124938449,0.4662286159976911,-0.1318978214169813,400
F168Q,0.7387475490000001,1561,0.2633975422433244,1736,1,-0.0326260852044429,-0.1998482751446567,0.6728931107594364,0.6131714185629613,168
K375P,0.7387411859999999,1562,0.1599113367977945,1926,1,0.1688089196205419,0.23557988164928,0.2971738054137928,-0.0619172594924368,375
D256P,0.738664915,1563,-1.4982625679247294,3904,1,-1.1900475263836146,-2.305749516386176,-0.5999323889638701,-1.8973208399652568,256
G27M,0.7383153840000001,1564,0.4441048466327946,1431,1,-0.1428969479201946,0.1389586995213456,1.0083853840502708,0.7719722508797566,27
K270S,0.737946953,1565,0.1039249281778094,2023,1,0.1966053942259149,-0.6410201008241778,0.2412548478972069,0.6188595714122936,270
K160H,0.736895909,1566,0.8690480767927002,749,1,1.006864109058407,0.4007973245076354,0.8929623813584422,1.1755684922463163,160
E81N,0.73682034,1567,0.7594096279660865,900,1,0.3975897915003269,0.5796512613010124,0.8733161034319263,1.1870813556310804,81
K84C,0.7367382990000001,1568,-0.9254258908469308,3455,1,-1.2301786811855409,-1.0756395541804502,-1.1252448974934546,-0.2706404305282778,84
T469E,0.736645118,1569,0.0643801012304282,2088,1,-0.2784902015761981,-0.0665594883574145,0.6655010325563688,-0.0629309377010433,469
S422M,0.736587813,1570,-0.217028905449809,2558,1,-0.4240780418271582,-0.6834896170835375,0.0655236682145258,0.1739283688969338,422
E325Y,0.7365165920000001,1571,-0.6507286447932458,3164,1,-0.6351724766056052,-0.8083373609032107,-1.2924813535324926,0.1330766118683253,325
M136F,0.7363032009999999,1572,-0.0326379720390564,2247,1,-0.3351066852188452,0.1892348817801196,-0.0159581937922656,0.0312781090747652,136
D397A,0.736274474,1573,-0.750111190009487,3277,1,-0.6158506571348694,-0.8488914282587248,-0.4425858049734007,-1.0931168696709532,397
H276V,0.7357907770000001,1574,0.7489274436983335,916,1,0.5957711049192606,1.063057824849505,0.5560060834526797,0.7808747615718892,276
K375W,0.735656187,1575,0.028989001331939,2145,1,-0.5410893111245817,-0.1398237352882881,0.4878746268205894,0.3089944249200363,375
N418M,0.7356481979999999,1576,0.1585586645432118,1930,1,0.0196553075436454,0.2161201204522355,-0.0567937288103829,0.4552529589873493,418
L71E,0.7354281029999999,1577,0.9090412582748184,686,1,0.6688659791799179,0.947995124842976,0.6331949981248993,1.3861089309514805,71
F126V,0.733867666,1578,-0.7772987193915967,3306,1,-0.2783139679273216,-0.6797709201832574,0.0864548299476309,-2.2375648194034388,126
E415R,0.7337418379999999,1579,0.6210245553054108,1130,1,0.1862410017565336,0.4714753271335545,1.0159161306183453,0.8104657617132096,415
S140C,0.733370937,1580,0.2452450504680089,1774,1,0.3112000121484168,0.3089184382503364,0.4219018904432397,-0.0610401389699574,140
W212L,0.73293968,1581,1.0678304819343087,473,1,0.7394712041450286,0.9347367399324522,0.6143792697737721,1.9827347138859817,212
K270T,0.732714008,1582,0.452608849305267,1425,1,0.550459080102276,0.099494775111107,0.1691398727923949,0.99134166921529,270
I39M,0.732232966,1583,0.3993345245157746,1491,1,0.5831901247966034,0.3847548708999139,0.3629469011144145,0.2664462012521667,39
N398F,0.7319008020000001,1584,0.052327572691276,2103,1,0.4460085346676459,0.4218556139070436,-1.3129131753977925,0.6543593175882071,398
R150H,0.731636985,1585,1.25204318645417,266,1,1.5771108959520703,1.014149810815528,1.3120384104701592,1.1048736285789214,150
Q44L,0.7311821709999999,1586,0.4086102270041744,1475,1,0.1565692525905161,-0.1169459970454327,0.8348362168781086,0.7599814355935057,44
L314I,0.731063885,1587,0.7320713161076204,942,1,1.1283248871041751,1.276878444729966,1.0499255911852343,-0.5268436585888938,314
W212F,0.73069084,1588,0.8228025751322989,814,1,0.4866442671790936,0.577993887873342,0.4509691803613078,1.7756029651154523,212
K160C,0.730500794,1589,0.5399974657903586,1252,1,0.4146316300193432,0.0492793795014553,0.7982371816769888,0.8978416719636468,160
S280V,0.729953037,1590,-0.1863399612855312,2506,1,-0.0653760040981749,-0.4496586415173669,0.9644168497209312,-1.194742049247514,280
H410Y,0.729807733,1591,0.9632212288227336,608,1,1.538445520968829,1.4084950296283258,-0.0815159149040933,0.9874602795978726,410
E325F,0.7294222509999999,1592,-0.8890758298388557,3419,1,-1.0674914584437116,-1.338002229705651,-1.211048474178438,0.0602388429723779,325
N378Q,0.729267689,1593,0.97080909551192,594,1,0.8318119264317779,1.2795098438750454,0.5799697015959476,1.1919449101449082,378
D256E,0.7290558659999999,1594,0.594025373768221,1166,1,0.7067583914805992,0.5799608849267734,0.8968032211740012,0.19257899749151,256
F168R,0.7289895890000001,1595,0.3086011415123623,1656,1,0.0497443831275582,-0.2223669169272776,0.7688446158490522,0.6381824840001163,168
K421T,0.7288498809999999,1596,0.3898638714079881,1506,1,0.5062618755085426,0.0805978929292846,0.273014796621053,0.6995809205730723,421
E253C,0.728834255,1597,0.2640215734047099,1734,1,-0.3099912962229484,0.1299699072551864,0.4677804714828616,0.7683272111037401,253
D89P,0.7283984929999999,1598,-1.233938571813006,3733,1,-1.045166044669239,-1.830976866219484,-0.7344199713277323,-1.3251914050355695,89
H78F,0.728283505,1599,0.1398222152342843,1962,1,0.4146712351256377,-0.7892356250360197,0.2639053481653531,0.6699479026821663,78
T283S,0.7282377059999999,1600,1.2752473633756918,244,1,1.5858278514136026,1.753092058146334,1.0427087677552362,0.7193607761875941,283
T371A,0.7278221220000001,1601,0.6158465248582613,1139,1,0.7409118137111059,0.4309924899483778,0.8948015796999331,0.3966802160736282,371
K273H,0.7275106109999999,1602,0.6022936829523757,1154,1,0.9667186869252736,0.2470459307041259,0.4153021765380307,0.7801079376420729,273
K247H,0.727179903,1603,0.5289755730679686,1283,1,0.459581331632673,0.3423727856579044,0.574208790247679,0.7397393847336182,247
N403M,0.727168853,1604,-0.1953027529119509,2517,1,-0.3376598674149018,-0.3656548397125692,-0.5131225536143887,0.4352262490940559,403
L313F,0.726942167,1605,0.1347657667588398,1971,1,0.3066284353530369,0.4479790110956644,-0.3145445963727513,0.0990002169594092,313
E81G,0.7263563609999999,1606,0.2366753274438259,1785,1,0.3448809093038943,0.0730237961138476,0.2052010114586712,0.3235955928988905,81
K59I,0.7246824609999999,1607,-0.1780062860537677,2493,1,0.0303273829678139,-0.2819788038043613,-0.1948594582989292,-0.2655142650795943,59
K465C,0.7244101890000001,1608,0.285509479656024,1699,1,-0.0931728695893341,0.2745182827163344,0.2372034854133128,0.7234890200837831,465
F376C,0.7241298970000001,1609,-0.5654991749188831,3054,1,-0.1446891034103852,-0.596541411752634,-1.0628736529834732,-0.4578925315290399,376
K190E,0.723756208,1610,1.0912929816654282,450,1,1.2331016476679335,0.7853374158126452,1.2746278270554887,1.0721050361256448,190
Q261V,0.72360641,1611,0.1598503677848256,1927,1,0.0904542164159576,-0.2154790130121771,-0.1259730103338618,0.8903992780693839,261
N56I,0.7233710309999999,1612,0.43531905486062,1441,1,0.4412008349368176,0.5023744930172173,0.7506766307587961,0.047024260729649,56
N259S,0.723290193,1613,1.258305076288114,260,1,1.335400010862714,1.611575270366562,1.0017815172024598,1.08446350672072,259
N56M,0.7232718140000001,1614,0.5862943218507565,1183,1,0.4068938504330506,0.5814952122519255,0.5713965550663782,0.7853916696516716,56
A149C,0.723165318,1615,0.2727599207265206,1720,1,-0.0164841774475599,0.2222396222102573,0.5544090701298606,0.3308751680135248,149
H411R,0.722849546,1616,0.3258980747420105,1625,1,0.5788583005904029,0.9230170338142528,0.9080379120396608,-1.106320947476274,411
K375Q,0.7227499690000001,1617,1.219357837102048,292,1,1.2386690827855118,0.980472132723519,1.2477793938794266,1.410510739019735,375
F419L,0.7225609740000001,1618,0.8059406408652193,839,1,0.7137623667640131,1.2409934012324613,0.8140794740362922,0.4549273214281107,419
L380Q,0.721943856,1619,0.6901862690598641,1006,1,0.6779572566427293,0.5643216449618546,0.4016069829884136,1.116859191646459,380
E400M,0.7218787729999999,1620,0.23470896874194,1790,1,-0.0596519843225943,-0.3728137396140662,0.566912654224137,0.8043889446802838,400
R333G,0.7217014979999999,1621,0.5635799264819231,1212,1,0.7878160559384961,0.2273755584959148,0.8964039180983463,0.3427241733949352,333
S286I,0.721384226,1622,0.3931649974671615,1499,1,1.11540905746457,0.860499638833024,0.93914371484069,-1.3423924212696376,286
F482W,0.721161905,1623,0.4392847266388148,1435,1,0.9120294098120464,0.670626782973225,-0.4989894276581706,0.6734721414281585,482
L29Y,0.7209901009999999,1624,0.1728771679865716,1896,1,0.0176763365679298,0.3695653048580733,-0.0087821072341698,0.3130491377544531,29
T386N,0.7206179220000001,1625,1.0227492794759194,524,1,1.4800227820272644,1.3383536633232942,1.1430420383372657,0.1295786342158534,386
D89E,0.720401181,1626,0.8961388223984673,705,1,0.9679697168849072,0.5488275431635622,0.8061266817229988,1.261631347822401,89
Q192I,0.71984155,1627,0.7661512871593333,889,1,1.0524044670155237,0.6587912608825789,0.1042258312297422,1.2491835895094885,192
K399I,0.719314507,1628,0.5096388595095593,1326,1,0.0597546330743872,0.5423778654655932,0.2025443152730745,1.2338786242251822,399
Q193W,0.719079357,1629,0.4544292816950405,1420,1,0.3508659011827779,0.2086618396092456,0.4186683504407559,0.8395210355473826,193
P346H,0.7190525190000001,1630,-0.2416974050753522,2605,1,0.3447306695598189,-0.206443091009253,-0.3979091157242319,-0.7071680831277429,346
E92I,0.719048426,1631,-0.3879824191513936,2823,1,-1.0617101180595845,-0.8793792800760787,-0.107606774041745,0.4967664955718337,92
P227G,0.718595385,1632,-0.4451622171629726,2914,1,-1.000023371119248,0.7258236712567216,-0.7274885082864583,-0.7789606605029064,227
N398I,0.718594055,1633,0.4671765277692892,1394,1,0.9393300737176808,0.7085085139194105,-0.3197497460366109,0.5406172694766763,398
E405K,0.718002224,1634,0.9563628182100622,618,1,0.982922675721174,1.0168057455408974,0.8948814895385948,0.9308413620395828,405
K84S,0.7177977990000001,1635,-0.2980911164480305,2684,1,-0.35395285252826,-0.6900569852321203,-0.2555588105965356,0.1072041825647937,84
P337V,0.717707317,1636,0.0283477917914906,2149,1,-0.1435934784712912,-0.3925789068609969,0.7437189303555019,-0.0941553778572512,337
C151E,0.717389594,1637,0.1593006100355707,1929,1,-0.3647363304015757,-0.6038984707746183,0.5432754865660615,1.062561754752415,151
L195R,0.7167342040000001,1638,0.8286840849213505,808,1,0.480492674193929,0.805602667056211,1.0421313704216222,0.9865096280136396,195
D89H,0.7166055570000001,1639,0.436046284139011,1439,1,0.3686761094763636,0.0404188550984226,0.4572436965987271,0.8778464753825309,89
I284F,0.7166055570000001,1639,1.2015708269026302,314,1,1.8057196245235303,1.1372033443013565,0.9796208740245936,0.8837394647610399,284
H276I,0.7164589020000001,1641,0.7051649629751353,982,1,0.6700288504344935,0.9228902387554004,0.5711702610508108,0.6565705016598369,276
E400K,0.716365548,1642,0.4603611051877431,1408,1,0.4022387078406035,0.4083094296522715,0.2216175229705124,0.809278760287585,400
L314V,0.716169747,1643,0.6743672867081739,1035,1,0.9300495935740056,1.3892278877993294,0.8391619971450923,-0.4609703316857316,314
L43Y,0.7161584059999999,1644,0.3816419414082898,1525,1,0.1531788768010563,0.5143889608271415,0.349706890839748,0.5092930371652133,43
R333L,0.715640183,1645,0.4102632848292941,1474,1,0.4149594017115146,0.1984247787753139,0.2884390393103663,0.7392299195199816,333
Q193L,0.715397695,1646,1.1499482996266237,362,1,1.2206114298288768,1.5433875078010963,0.7215244130479054,1.1142698478286155,193
N403S,0.7153676290000001,1647,0.6864910845346094,1012,1,0.8276232432045665,0.4192537043202666,0.4657017107254053,1.033385679888199,403
M255P,0.714808263,1648,-0.1119243309857409,2392,1,0.8986246797749994,-0.5296989931298232,0.3248195233178529,-1.1414425339059928,255
C338V,0.7147808529999999,1649,0.199799614965786,1848,1,0.2139259901515192,-0.2624519630672058,0.1130061691199557,0.734718263658875,338
A321F,0.7147493229999999,1650,0.1626958966615911,1917,1,0.1206713629357698,-0.0514586922459003,-0.4098390321018537,0.991409948058349,321
K84T,0.714108455,1651,-0.1558374294199991,2462,1,-0.0269613963071679,-0.4405020834552813,-0.1610345589725921,0.0051483210550446,84
E274S,0.714021707,1652,0.1446120701386379,1953,1,0.1604742713984984,-0.6198489410608706,0.7963195355588719,0.2415034146580519,274
E272T,0.712738558,1653,0.0986863384504132,2033,1,-0.1189406748832818,-0.6239594038980061,0.2685649102064341,0.8690805223765069,272
R150L,0.712624237,1654,1.145184672289416,371,1,1.1340580438350143,0.9259987260667476,1.270321832758187,1.2503600864977142,150
C151Q,0.712490145,1655,0.3261085356777773,1623,1,-0.0356649429902027,-0.1690151176707239,0.5208870998443189,0.9882271035277168,151
K48F,0.712466499,1656,-0.1061406576863157,2381,1,-1.3077896404201044,-0.1702039385023502,0.3318327268244944,0.7215982213526972,48
V6E,0.712258093,1657,-0.0641229352097482,2301,1,-0.2653062103268598,-0.7458931375161348,0.4002447248203194,0.3544628821836824,6
C266E,0.7118506609999999,1658,-0.4613321802252366,2935,1,-0.6957606948838635,-0.6525154720732039,0.1512118964921908,-0.6482644504360698,266
K160S,0.711833396,1659,1.0140508034095508,536,1,1.2429877843974515,0.4644969127012581,1.2049417040687092,1.143776812470784,160
G79S,0.711060145,1660,0.6559532949721878,1072,1,0.396080916523682,0.26621970008944,0.7980346784707809,1.1634778848048482,79
L4H,0.7108948009999999,1661,0.6460376143113211,1084,1,0.6280705279440726,0.1163270534835279,1.1350878075455046,0.7046650682721796,4
S51E,0.710764815,1662,0.6785760400596573,1021,1,0.196266803373582,1.2481750961273792,0.4937144959934705,0.7761477647441978,51
I50K,0.7106573070000001,1663,0.3400029480986459,1598,1,0.0593788801519254,-0.0211600288320928,0.198515538180053,1.123277402894698,50
G137Q,0.710327626,1664,-0.882654724027436,3407,1,-0.8684180459385806,-0.2322221197803783,-0.910675826735618,-1.519302903655167,137
D89V,0.710068887,1665,0.1207568743679619,1989,1,0.2064742551996908,-0.4038372905132239,-0.2067996396598883,0.8871901724452691,89
E415V,0.709847345,1666,0.4906273943927685,1358,1,0.3087848126349884,0.3322190052110964,0.5135715674239438,0.8079341923010452,415
V64M,0.7097832070000001,1667,0.1490016820650153,1947,1,0.160773424667017,-0.0075570746671272,0.8987711021833563,-0.4559807239231846,64
W20A,0.7091356740000001,1668,0.2320581245979048,1796,1,-1.006228292093854,0.1655705321637081,0.5479005787800735,1.220989679541692,20
T371R,0.708899974,1669,0.2388651750804466,1782,1,0.0463471947572482,0.2836385562367629,0.3677736922068257,0.2577012571209495,371
M136K,0.708840768,1670,-0.1504533268836788,2455,1,-0.6628151934948242,0.6876944422468736,-0.3391819993023336,-0.2875105569844312,136
T386P,0.70878993,1671,0.3173496330600599,1636,1,0.661350781128613,0.7934804836973461,0.8744848626987782,-1.0599175952844977,386
K399L,0.708703413,1672,0.3999919143179926,1489,1,-0.196916442238286,0.2541674749335851,0.3345738719688938,1.2081427526077777,399
S422H,0.7086951359999999,1673,0.3469799033783614,1581,1,0.0789705643776067,-0.4266360328904794,0.4630973981563345,1.2724876838699837,422
S12R,0.708629585,1674,-0.2336272917667727,2588,1,-0.7865694380519456,-0.4283414063483491,-0.1624928110590985,0.4428944883923024,12
S162Y,0.708224043,1675,0.2568906174194316,1750,1,0.3157953492155326,0.09613637969274,-0.2900682503655509,0.9056989911350048,162
N258Q,0.7081357070000001,1676,0.7001771606718392,988,1,0.2935940695986814,0.8057718387107622,0.5865214035860665,1.114821330791847,258
D256K,0.708106755,1677,-0.0037124757360916,2208,1,0.0675491329803397,-0.316685972083821,0.2698223011343645,-0.0355353649752499,256
V60Y,0.707175297,1678,0.4278008439844787,1450,1,0.3075528662778589,0.8028785816603498,0.6345477997113028,-0.0337758717115965,60
N133A,0.706896118,1679,-0.1673968884509377,2473,1,-0.3570075132679589,0.0141887465455933,0.0188102998218344,-0.3455790869032198,133
Q146A,0.7060767309999999,1680,-0.0899153750725416,2350,1,-0.4400963459142728,-0.6619850679891401,0.0346455318721789,0.7077743817410674,146
V330S,0.705695645,1681,-0.3394667887598984,2751,1,-0.4015163375947574,-0.1518890817913104,-0.876349999696804,0.0718882640432782,330
P337S,0.705684945,1682,-0.0348544173175848,2254,1,-0.064540848694944,-0.1060014545948423,-0.366627034668448,0.3977516686878949,337
E274G,0.705626385,1683,-0.0587740730857228,2293,1,0.77408588556379,-0.6666206524955669,0.7149978236782277,-1.057559349089342,274
R150M,0.705607915,1684,0.5869599938291206,1180,1,0.4424568068096092,0.2264187712830754,0.5950156079354463,1.0839487892883513,150
S162D,0.7056014840000001,1685,0.5486516679456517,1242,1,0.6326295545136653,0.067237951469511,0.4096558972724387,1.0850832685269916,162
G137A,0.705437674,1686,-0.3607944717828822,2784,1,0.3721682551723752,0.0133488464355819,-0.5512515038822511,-1.277443484857235,137
M255T,0.704590212,1687,0.2950381140573181,1677,1,0.719653504173521,0.2624225428887508,-0.0553390374968351,0.2534154466638358,255
L36A,0.7045205840000001,1688,-0.072893642454037,2315,1,-0.2320257756596327,-0.3191023083320875,-0.2909799442018525,0.5505334583774247,36
N258M,0.702644023,1689,0.1733082372172481,1894,1,-0.2687056602506487,0.2903458407913655,-0.1223022433945454,0.7938950117228213,258
Q340F,0.70191639,1690,-0.0564038879238875,2285,1,-0.5460804479709231,0.2528498506736421,-0.6368241772664652,0.704439222868196,340
I74T,0.7017486279999999,1691,1.6990244691809084,48,1,2.5432487199424187,1.8638503788757337,1.12880653800618,1.2601922398993008,74
K375S,0.7017289940000001,1692,0.6931780180399142,1000,1,0.4989859833198045,0.4997861064515005,0.6270433520113095,1.1468966303770425,375
Q146S,0.701605027,1693,0.0074338247013563,2188,1,-0.3580190419221329,-0.4691114403669346,-0.106544589087847,0.96341037018234,146
T386V,0.701590506,1694,0.9198180271233796,670,1,0.9051735104406756,0.9721930312804292,1.0630170414677822,0.7388885253046309,386
G137V,0.7004363109999999,1695,-0.6496277224951673,3162,1,0.0466863160974343,-0.0444774660963538,-0.3706130711286675,-2.2301066688530824,137
R333S,0.699732738,1696,0.8500686810283171,774,1,1.1114487562382134,0.4089932125092503,0.7964301968219901,1.0834025585438145,333
L43N,0.699571484,1697,0.1445195118489489,1954,1,-0.5277009982905672,0.4817243042929749,0.0559316025982738,0.5681231387951142,43
L9H,0.699358185,1698,-0.8450037039721491,3363,1,-1.3343578681231127,-1.2923051298257051,-0.4151310894316599,-0.3382207285081186,9
N259T,0.699316451,1699,0.5970529331036709,1165,1,0.5034392613239471,0.8016046059634331,0.463583487534779,0.6195843775925244,259
E318L,0.6991497329999999,1700,0.031920592205274,2140,1,0.0145309065645272,0.1096330241673903,-0.1195632015979408,0.1230816396871193,318
E400S,0.698413301,1701,-0.0322832559241097,2246,1,-0.1447427943651997,-0.9394970082755956,0.2861147800651081,0.6689919988792481,400
F239I,0.6984033159999999,1702,0.7655510587364642,890,1,1.3870069999872616,1.426029986267103,1.0612956702686485,-0.8121284215771564,239
D468I,0.6983692020000001,1703,-0.3251434357318838,2729,1,-1.57530841055673,-0.3615803936344953,0.1807364647170836,0.4555785965466066,468
S140V,0.698307573,1704,-0.2636544846094479,2640,1,-0.0281358684934779,-0.6982886222102014,0.1114213627278791,-0.4396148104619918,140
R342C,0.697682189,1705,-0.2229440078613384,2566,1,-0.0819355174770867,0.240616604483396,-0.303046535664222,-0.7474105827874411,342
P337I,0.697678806,1706,-0.5224934534955907,3013,1,-0.3010577132545691,-1.11776604093529,-0.0540365184508978,-0.6171135413416061,337
N418C,0.69734173,1707,0.6113656826335241,1144,1,0.6784217127183092,0.51041252317893,0.6118387195153625,0.6447897751214948,418
K375N,0.696742147,1708,1.0729212542343785,466,1,0.9670349414469503,1.0392389646756326,1.0828357100264323,1.202575400788498,375
K52L,0.69632212,1709,0.5774531014924449,1196,1,0.1649439386852605,0.3847436240309132,0.7193440394394143,1.0407808038141912,52
M339N,0.696033762,1710,0.1003362632888723,2030,1,-0.6202900586935919,-0.2317063705019208,0.458506323481356,0.7948351588696462,339
L67M,0.694996279,1711,0.7378925304672451,931,1,1.2181856205583863,0.9214451499801172,0.5901317567877759,0.2218075945427011,67
V323T,0.6949905690000001,1712,0.0859594880627971,2051,1,0.1810408526960781,-0.2152598329579621,0.2365557618540648,0.141501170659008,323
F239G,0.6949053270000001,1713,0.5514376671218796,1236,1,1.378737755333421,1.4002631918132984,0.90769567184865,-1.4809459505078508,239
K59V,0.6943555140000001,1714,-0.0236461712389768,2233,1,-0.102174969252001,-0.0873827985294879,0.2893512978671844,-0.1943782150416027,59
V490Y,0.692714449,1715,1.3139709844891567,217,1,1.5424086979977574,0.9854196170077668,1.4253519249148043,1.3027036980362985,490
F219A,0.692575176,1716,0.6343281953736557,1108,1,0.5244510754925356,1.1723252408752145,0.5962966445274424,0.2442398205994303,219
G135M,0.692563375,1717,-1.1303006977767291,3671,1,-1.511462131327736,-1.4485897469803093,-0.804218057512988,-0.7569328552858827,135
Q193H,0.692379698,1718,1.4674941481371209,143,1,1.879719525021752,1.4208718574988644,1.191590541274424,1.3777946687534424,193
P63H,0.691520637,1719,0.0338483536268756,2136,1,0.1316701909570236,-0.0192938519257737,-0.110437696138286,0.1334547716145387,63
R157M,0.690931559,1720,0.4870531761670451,1363,1,0.3835520079718665,0.1432213967638824,0.7739236233069757,0.6475156766254558,157
N277G,0.690185012,1721,0.2599201516508683,1741,1,0.5747981699262206,-0.2675903093962204,0.8281985373212757,-0.0957257912478026,277
E85A,0.6894393259999999,1722,-0.0070049160263606,2214,1,-0.1756890824788663,-0.3505405205799947,-0.186570229330299,0.6847801682837173,85
A321W,0.6893368959999999,1723,-0.2673047079295094,2644,1,-0.4870160420904357,-0.1665481705119545,-0.8927305467908251,0.4770759276751776,321
M271S,0.6892926779999999,1724,-0.3510822458140323,2765,1,-0.0752139850948189,-0.705819472136505,0.2680363535096093,-0.8913318795344146,271
I222P,0.6884024209999999,1725,-0.1180035104478716,2398,1,-0.0331287643258581,0.7045012143270964,0.1668045766429891,-1.310191068435714,222
G171T,0.687500476,1726,0.9367212029561912,644,1,0.7413490194632855,1.0684719203059814,1.0418062916909911,0.8952575803645076,171
K59H,0.687272709,1727,0.4923208034733541,1354,1,0.1059297616283363,0.821768367603398,0.4039278225312959,0.6376572621303863,59
W212M,0.6864397659999999,1728,0.7047680753126018,984,1,0.440659374361301,0.3334963281904538,0.5815422784892887,1.4633743202093634,212
F226W,0.6861545809999999,1729,0.1424958364734396,1957,1,0.105189158704814,0.1283582577056555,0.0753732523959946,0.2610626770872942,226
Y424T,0.686101495,1730,0.2292419417284907,1800,1,0.1851676014664423,0.222678651775175,0.3940547597174899,0.1150667539548556,424
P63T,0.686019453,1731,0.1228219762998149,1986,1,0.1933431172927676,-0.0313371063646877,0.2290211448243927,0.1002607494467873,63
K270C,0.6857829459999999,1732,-0.0899228380918689,2351,1,-0.4688396017353304,-0.7389805976022708,0.3973770394064651,0.4507518075636603,270
P163A,0.6857343029999999,1733,0.5932208640093629,1168,1,0.3173884321587508,0.2439095270572237,0.7208665976321188,1.0907188991893584,163
K52C,0.68566255,1734,0.2278248073529818,1802,1,-0.4156902750187735,-0.0035277499563532,0.7927939574126714,0.5377232969743827,52
D143I,0.6853051290000001,1735,0.2885147440476696,1689,1,0.0497565285073525,0.1566189616782891,0.512184121538708,0.435499364466329,143
R150G,0.684810995,1736,0.9716378929289762,592,1,0.9521917517156518,0.8204310613227039,0.7687818813473208,1.3451468773302275,150
N133K,0.684789396,1737,0.2448507643977295,1777,1,0.4373224382429359,0.3156109947622001,0.6556325198398781,-0.429162895254096,133
S12Y,0.684717402,1738,0.218278072330079,1819,1,-0.4000529170509976,-0.049955092973554,0.3916276621867985,0.9314926371580694,12
P260C,0.6843210590000001,1739,0.0669263221551369,2084,1,-0.3138931739844324,-0.3053915716725324,0.2518906026527825,0.6350994316247299,260
P227D,0.684289258,1740,-0.9613870257089064,3496,1,-1.2024510583194157,-0.6095342232743156,-0.9682091796055584,-1.0653536416363358,227
E415P,0.6839816870000001,1741,0.1051277923371469,2021,1,0.1659230377793631,0.1942764247009501,0.4862339831860596,-0.425922276317785,415
K322M,0.683580506,1742,-0.0745986515015534,2320,1,0.0423169389353183,0.0654752725362573,-0.6011975922262183,0.1950107747484286,322
K52I,0.68289624,1743,0.2858756730216807,1697,1,0.1203168016070177,0.0920062348348534,0.6736254606474279,0.2575541949974236,52
K420H,0.6828436090000001,1744,0.1987633034652895,1851,1,-0.2384467447925097,0.0466398464600455,0.0342483036531953,0.9526118085404268,420
N258L,0.6827963509999999,1745,0.3596159653883973,1562,1,-0.2830360636709103,0.7004028686523963,0.1080764725728882,0.9130205839992152,258
Q324H,0.682790041,1746,0.8372468592647234,795,1,1.3927388235183653,1.2334037730264995,0.9830123469596416,-0.2601675064456127,324
H344Y,0.682240373,1747,0.9053227635638578,693,1,1.065157646287333,1.118562361862123,0.4975908235328595,0.9399802225731164,344
S140I,0.682217785,1748,-0.1486918071575557,2452,1,0.2809037810578757,-0.3853420822242812,0.057092923981601,-0.5474218514454187,140
N196V,0.682136108,1749,0.8723573367414544,745,1,1.2810053499508405,1.1567069883711982,1.0319832762659733,0.0197337323778053,196
S140G,0.681781073,1750,0.4047288493039231,1480,1,0.5309684119319866,0.6850084489251871,0.7748312389358576,-0.3718927025773385,140
D89M,0.6817441679999999,1751,-0.5195778914119719,3007,1,-0.8086864259409831,-1.3256799458024824,-0.4378387258487593,0.4938935319443375,89
C266V,0.681662854,1752,0.3350594430792659,1607,1,0.1346420676712284,0.7716448214239183,0.5699769485350777,-0.136026065313161,266
L14H,0.6812534640000001,1753,-0.4869868531570699,2971,1,-1.1402814557511205,-0.7584347353648149,-0.2347302281997209,0.1854990066873765,14
R150S,0.680798646,1754,1.1227315504145077,404,1,1.20658044492106,0.6019001790645646,1.179863444886729,1.5025821327856763,150
G137K,0.6798015609999999,1755,-0.7203354486944769,3241,1,-0.5272216327142742,-0.3541032341185399,-0.8175230526999911,-1.1824938752451022,137
I284W,0.6786757109999999,1756,0.4877222922679405,1361,1,0.8311391980330367,0.5357912169701522,0.3842577480233349,0.1997010060452385,284
L313C,0.678182935,1757,-0.757281844788836,3287,1,-0.8774988811668102,-0.6057975849401535,-1.27269567863882,-0.2731352344095606,313
Q192N,0.6781213159999999,1758,1.126109289246093,396,1,1.5037029500968548,1.0897487872487648,0.8830567949771704,1.0279286246615824,192
H396G,0.678121265,1759,-0.2820395508905284,2664,1,-0.026645672273344,-0.208607577726684,0.0064943338915674,-0.8993992874536533,396
F219C,0.677332348,1760,0.6296269032050499,1116,1,0.5223825916717159,0.9890742469221326,0.759013599508674,0.2480371747176768,219
G137I,0.67723896,1761,-1.077830105201523,3619,1,-0.6925622719359793,-0.6674154312382782,-0.8280661770844716,-2.1232765405473617,137
K270V,0.677234405,1762,-0.1272017381887047,2414,1,-0.3406067553591853,-0.2135540578261997,0.1037836467079015,-0.0584297862773355,270
I488S,0.677162145,1763,0.6791999522178909,1019,1,1.5104145846926005,0.3292700493808714,0.7609191938232902,0.1161959809748012,488
N133C,0.676809522,1764,-0.3150394950961685,2709,1,-0.5159636194961698,-0.3513185629105027,-0.2008190636006638,-0.1920567343773379,133
R139W,0.6765357470000001,1765,-0.2226149973575412,2565,1,-0.5058666208251551,0.3484215928107795,-0.0704539716853159,-0.6625609897304735,139
G137F,0.676531083,1766,-1.4270013561908192,3852,1,-0.9970464408102316,-1.0526032886412051,-1.5828743449110652,-2.075481350400775,137
C338G,0.676109117,1767,0.540997285162966,1250,1,0.7435548996380532,0.7841373481120183,0.2692759558125433,0.3670209370892489,338
K158S,0.675592801,1768,0.5399150690449251,1253,1,0.4342660743580244,0.2409600356618082,0.5551842263855871,0.9292499397742808,158
Q146T,0.6754572790000001,1769,0.0180448005521192,2167,1,-0.3850613861637297,-0.4823795323965366,0.0086789665739053,0.930941154194838,146
I42S,0.6752120709999999,1770,0.459859633444047,1411,1,0.4225959279189019,0.3456177751471817,0.8821595675271693,0.1890652631829354,42
E400T,0.675202595,1771,0.087547894181757,2048,1,-0.1345465386248321,-0.6633403157037162,-0.0997080682803973,1.2477864993359735,400
E154T,0.6751708540000001,1772,0.0872685681548459,2049,1,-0.1040876292460813,-0.2791906514225857,0.3942765934403401,0.3380759598477109,154
G137E,0.675167978,1773,-0.5392604518142097,3031,1,-0.0225508923762315,-0.021243844784407,-0.6550222176734357,-1.4582248524227643,137
G46Y,0.674850271,1774,0.887302905247986,718,1,0.5887137178851654,1.0565739379249923,0.855585218661993,1.0483387465197933,46
S286W,0.674565999,1775,-0.5131366592237252,3001,1,-0.2484590608499245,-0.146126132558868,-0.2313234343096813,-1.426638009176427,286
E281C,0.67418033,1776,0.9657509837293716,606,1,-0.0311850289117526,1.6612258957464123,0.5993380787962874,1.6336249892865395,281
V351L,0.6740924159999999,1777,0.37951450437309,1533,1,0.4183622439655219,0.6080344758109743,0.836515578438834,-0.3448542807229705,351
D397H,0.673823809,1778,-0.4177382412117066,2879,1,-0.3513986093564971,-0.3586220654134364,-0.1353371797595136,-0.8255951103173795,397
F239V,0.67329995,1779,0.7959137877619834,852,1,1.4007229867920017,1.615828145427187,0.8707478632105056,-0.7036438443817602,239
G137P,0.672582,1780,-1.8868322597647795,4059,1,-1.1972328447515417,-1.5118338369794058,-1.9072365988657252,-2.9310257584624453,137
D463H,0.671909286,1781,0.5501590103152121,1239,1,0.0006631025123598,0.3283609274699871,0.9238217395023072,0.947790271776194,463
D224C,0.671728922,1782,0.8815254794497369,728,1,0.8160800718251205,0.8945257020814574,0.8155513404506937,0.999944803441676,224
S254F,0.671386492,1783,0.4020371987795005,1485,1,0.3628346285219453,0.1675775627151303,0.5365625992223145,0.5411740046586119,254
C338I,0.6711841159999999,1784,0.0124678883645333,2178,1,0.0053469054090799,-0.4371294955593661,-0.1458295709050389,0.6274837145134584,338
N277L,0.669439337,1785,0.8608404030869339,757,1,-0.0103916780171876,1.6762021729511338,0.6880402285248526,1.0895108888889364,277
Q193R,0.668523836,1786,1.3852146016422564,180,1,1.5844309652147848,1.187007158062104,1.1943102625136586,1.5751100207784785,193
T470H,0.668212273,1787,0.3619409889185481,1558,1,-0.2675867496868456,0.7219273006044912,0.3133387199883342,0.6800846847682128,470
Q340Y,0.667711535,1788,0.0296135950697105,2142,1,-0.0799880965684229,0.4037776109015052,-0.8634970579793882,0.6581619239251483,340
V472N,0.66737549,1789,1.0091686456473652,543,1,1.584697423679305,1.0105502771701356,1.0009169006363472,0.4405099811036733,472
K423S,0.667238577,1790,1.3449170454252155,196,1,1.95376207395132,1.6723273211408938,0.3885102437590766,1.3650685428495712,423
D463S,0.667210206,1791,0.5035238514959038,1335,1,0.3367964140249925,0.2766837066728487,0.7820340814644575,0.6185812038213165,463
M136E,0.667090815,1792,-0.6941143350822837,3209,1,-1.230831544210205,-0.278174818147493,-0.6203735289609918,-0.6470774490104453,136
N466G,0.66682836,1793,0.6432480263905661,1091,1,0.6468234271127915,1.1762642559057392,0.5422673140466797,0.207637108497054,466
V319W,0.666434664,1794,-0.9358592786037122,3468,1,-1.2337105297092943,-1.1987044014809285,-0.573554050431407,-0.7374681327932194,319
R342A,0.666305589,1795,-0.6934350734306715,3208,1,-0.9754242305656402,-1.089350826405196,-0.5036991723504682,-0.2052660644013814,342
T386K,0.665820667,1796,0.6642659098812682,1058,1,0.8353951066354197,0.5562173386078163,0.926203989664604,0.3392472046172326,386
I327V,0.665772755,1797,0.6669782342438259,1052,1,0.7440595052679875,0.592767721436052,0.8129899545691636,0.5180957557021001,327
D256R,0.665631808,1798,-0.3948915716297901,2832,1,-0.5323157958857663,-0.9281767668438649,-0.0107951298548831,-0.1082785939346463,256
K52M,0.665530515,1799,0.5572243983119377,1223,1,0.3046333403386293,0.2609655377879785,0.741422890398066,0.9218758247230768,52
Q193F,0.664825776,1800,1.0937489571728078,442,1,0.9963751217445848,0.990426482082512,0.9492164605043304,1.438977764359804,193
Q278W,0.663868248,1801,0.5551774782118108,1226,1,0.342654354063063,1.029272230371609,0.7924416317136761,0.0563416966988951,278
K160M,0.663274593,1802,0.4409448162253716,1433,1,0.3074666061609066,0.1107143302870224,0.4451463037972886,0.9004520246562687,160
S451C,0.662708851,1803,0.3441525919008374,1590,1,0.8315858408849185,0.5738156760396076,0.392656236666402,-0.4214473859875787,451
P346A,0.662423934,1804,-0.194216652564643,2515,1,0.2487214143659081,-0.0916006421873198,-0.1306826882716694,-0.8033046941654909,346
I374Y,0.662204763,1805,-0.3011270374673888,2688,1,-0.4079049190481831,-0.3588641408795452,-0.4861499364075921,0.0484108464657649,374
T386Y,0.661492859,1806,0.2862796025970859,1695,1,0.5633509959078725,0.4008322701363161,0.5235624843394026,-0.3426273399952473,386
T159M,0.6608699889999999,1807,0.5517553568172477,1233,1,0.7003550540887339,0.3515314859807517,0.6728697674512705,0.4822651197482346,159
N455C,0.660465302,1808,0.2545926206702408,1758,1,0.1700996663681236,0.5886153506227596,0.2335560442509919,0.0260994214390882,455
N403T,0.6598311920000001,1809,0.383481682598237,1518,1,0.4974459142613775,0.0668108382300823,0.4587750140335553,0.5108949638679328,403
K375A,0.659083712,1810,0.3704656351051384,1549,1,0.0506797728146083,0.0616083579695046,0.4860923035915712,0.8834821060448697,375
K383E,0.658506591,1811,0.5353550344746549,1263,1,0.3195149066780364,0.5742772662881751,0.5294121724208435,0.7182157925115644,383
K270N,0.658428565,1812,0.5932009546718713,1169,1,0.7459095956158174,0.1756663376786438,1.010323987887053,0.4409038975059708,270
G135D,0.658176274,1813,-0.251450344573993,2616,1,-0.2434546897276695,-0.2616779374756267,0.6378430447801604,-1.1385117958728364,135
F401W,0.657765797,1814,-0.3317142147297778,2744,1,-0.1570186183304751,-0.3137554932526684,-0.0349677795674986,-0.8211149677684692,401
D397C,0.657609006,1815,-0.8502586330756752,3369,1,-0.7282824760803565,-0.8148324277510752,-1.4044599695228686,-0.4534596589484003,397
H78R,0.657549974,1816,0.3482787525363756,1578,1,0.6141767858279307,0.2249250799667535,0.3090852831020195,0.2449278612487983,78
Q192C,0.657177789,1817,0.5181958205357511,1303,1,0.4717813237553711,0.4123059509951267,0.3239012954730756,0.8647947119194307,192
E274A,0.656777098,1818,0.2109518617030658,1828,1,0.7417907064418028,-0.6789343673556866,0.8538770176083965,-0.0729259098822493,274
E250Q,0.656721252,1819,1.0446273486900048,490,1,0.8256976211586026,1.2130796765576268,1.0446170908046923,1.0951150062390975,250
E285D,0.6551491620000001,1820,1.3090628441862149,221,1,1.407159053888381,1.3921110025839467,1.1227857677262574,1.314195552546274,285
K423H,0.65513149,1821,1.2514149729023865,267,1,1.8588316914485117,1.5514235881707878,0.4686082225682605,1.126796389421986,423
E285Q,0.654728767,1822,0.9661776252826444,604,1,0.912409685841466,0.848171731495356,0.9543594897891976,1.1497695940045574,285
T469P,0.654490283,1823,0.1643545455425465,1911,1,0.3493110692058082,0.697835837748651,0.5355167308794387,-0.9252454556637116,469
L195C,0.654186166,1824,0.4123901712333732,1471,1,-0.0136545273188079,0.0006319848783087,0.6224904642091684,1.0400927631648234,195
S24E,0.653939578,1825,0.7679783748739165,885,1,0.4247427284990845,0.9241877123750508,0.7595201662522164,0.9634628923693148,24
G228S,0.653766024,1826,0.2500274373840357,1765,1,0.5329824649070387,0.7068514082743356,-0.1419447148867607,-0.0977794087584703,228
S280M,0.653702518,1827,-0.1958604083396914,2521,1,-0.2463940112399431,-0.5921681202982576,1.0049988595340882,-0.9498783613546532,280
P317E,0.652648274,1828,-0.575177918656021,3067,1,-0.4337290956566241,-0.6066448490715344,-1.076658284340971,-0.1836794455549541,317
K421L,0.65231028,1829,-0.130439289672385,2419,1,-0.3598259393905564,-0.4990617186243181,-0.060300784022026,0.3974312833473604,421
E400C,0.652235628,1830,-0.0855518273184682,2340,1,-0.3927513939228316,-1.110133701405386,0.2594904507804466,0.9011873352738982,400
N403V,0.651969248,1831,-0.2900665839832467,2674,1,-0.3631249037468061,-0.3594728107185556,-0.4443033204140315,0.0066346989464062,403
I50S,0.6516962820000001,1832,0.5000671498443557,1340,1,0.7395215027696248,0.6006230569221537,0.6943305933304292,-0.0342065536447848,50
P260R,0.651080096,1833,-0.0612105468570184,2295,1,0.3240189579538017,-0.5689154864220479,0.0621816892805086,-0.0621273482403363,260
E85L,0.651035923,1834,-0.525655779735925,3019,1,-0.9499749413468482,-1.0610737876942518,-0.3180301979925253,0.2264558080899254,85
E400L,0.650802212,1835,0.0176162837046664,2168,1,0.0448880739571397,-0.621761979921359,0.6387505164810285,0.0085885243018563,400
K158E,0.650393196,1836,0.7626713140527004,893,1,0.7561249907995158,0.3831651795231937,1.025013755122253,0.8863813307658392,158
C338D,0.650278236,1837,0.3153458504222214,1639,1,0.2817172143795436,-0.2261654130409432,0.4588021360646435,0.7470294642856419,338
G384N,0.649987299,1838,0.6097729314299267,1147,1,0.4125974324660808,0.9274426098203524,-0.0849571242598187,1.1840088076930928,384
K423G,0.64993294,1839,1.2043877467389543,310,1,2.0081370788922164,1.6040344915637188,0.7957997513053738,0.4095796651945078,423
H410V,0.649816112,1840,1.0352702300629515,506,1,1.920321362151429,1.5068803969666122,0.2925555349318145,0.4213236262019497,410
K459M,0.6497210520000001,1841,0.1809781172680065,1877,1,-0.0488315956628694,-0.1567044823104497,0.3772658919969305,0.5521826550484149,459
N378S,0.64963778,1842,0.8992780727222611,702,1,1.1275904685522031,0.7782208255611981,0.5999675879987081,1.0913334087769353,378
K190W,0.649502033,1843,-0.1250165669171029,2406,1,-0.643439710989687,-0.3218174899566566,0.4180406192995452,0.0471503139783868,190
L7N,0.649493847,1844,-1.069094395560253,3614,1,-1.7835702914834397,-1.161839039375026,-1.1420681004423574,-0.1889001509401885,7
I264M,0.649489446,1845,0.2556604183678044,1754,1,0.4779644807677938,0.4178120967187215,0.1156294534593517,0.0112356425253504,264
S140N,0.64948933,1846,0.5349118643093055,1265,1,0.881315335775963,0.5595555164402419,0.9661186422073236,-0.2673420371863066,140
E253Y,0.649070213,1847,0.035042305071295,2134,1,-0.3299211664549695,0.0578219120726254,-0.1509963618324661,0.5632648364999904,253
F239N,0.648927997,1848,0.95894774741281,615,1,1.7075707163752472,1.4272424556491727,1.2667771822945595,-0.5657993646677405,239
R342M,0.648363334,1849,-0.2883988405234436,2671,1,-0.4187844989841469,-0.4001977233698411,-0.1668741779315317,-0.1677389618082549,342
T470M,0.647652619,1850,0.2673662191026339,1726,1,-0.318189176300343,0.1831124344135498,0.7990954492176954,0.4054461690796335,470
K421V,0.647291927,1851,-0.0728562404640347,2314,1,-0.3309844037146124,-0.5057943086341721,-0.0981754921414524,0.6435292426340979,421
I50H,0.646952738,1852,0.2084835262174351,1834,1,-0.2146425542469515,0.1653533604789579,0.2828200237282198,0.6004032749095142,50
G79N,0.646074826,1853,0.1092572030670149,2011,1,-0.2774578442936874,-0.1511978010216645,0.1905683717029669,0.6751160858804447,79
S140L,0.645875599,1854,0.1363224249072432,1968,1,0.1666744040222202,0.1050591635491693,0.0789760392423524,0.194580092815231,140
M136D,0.6452546029999999,1855,-1.1162587678019822,3658,1,-1.9408194553229128,-1.1075501349263843,-0.7098282876088218,-0.7068371933498097,136
D49S,0.645066086,1856,0.759871119124392,899,1,0.7613921069713194,0.6749084927800252,0.8166577278559022,0.7865261488903212,49
D397G,0.644882921,1857,-0.6865111800807108,3199,1,-0.1756825211817361,-0.2236147838211572,-0.8233057633312136,-1.5234416519887362,397
Q44R,0.644126303,1858,0.4929166375466405,1351,1,0.4039248914020377,0.2758732626483152,0.5857011933165559,0.7061672028196533,44
K118V,0.644028164,1859,0.8873951611395374,717,1,1.219062014412091,0.8976900890095636,0.4985259669752938,0.9343025741612012,118
H78I,0.643572809,1860,-0.1284688349073973,2418,1,-0.1921467980308132,-0.8197984559800444,0.4787983772488379,0.0192715371324303,78
I488K,0.643395159,1861,0.5154552002910813,1314,1,0.897799031272504,-0.1457090611667612,0.511150840257655,0.7985799908009271,488
N418L,0.64296528,1862,0.287158053048861,1692,1,0.0803398512478578,0.4241818413120075,0.169644944653023,0.4744655749825557,418
D256G,0.642616829,1863,-0.316564265146325,2710,1,0.1205384059275394,-0.4870036022513673,0.0317877671513446,-0.9315796314128169,256
K48Y,0.6423379579999999,1864,-0.0037897133767507,2209,1,-0.7702763412569342,-0.1275939702717803,0.1901895193779845,0.6925219386437268,48
K247M,0.642039486,1865,0.9334039075268924,652,1,1.1989582558459126,0.9742344049496928,0.7888761481467014,0.7715468211652631,247
I74C,0.641794544,1866,0.7728066763969781,877,1,0.9780411404573208,0.5883510492012447,0.4447828729144785,1.0800516430148683,74
G332S,0.6417380739999999,1867,-0.0415169680954341,2264,1,0.1225895232512739,-0.3377517593958961,-0.1445560863429006,0.1936504501057861,332
R333C,0.641633955,1868,0.5701616923386909,1206,1,0.7159853900725596,0.3475861111135898,0.5945811614177118,0.6224941067509021,333
V479D,0.641543815,1869,0.0757557276661759,2072,1,-0.1999820477800063,-0.4022208208769782,0.4456817576585214,0.459544021663167,479
N455K,0.641255404,1870,0.6607572215740013,1062,1,0.8244784972512902,0.5312589295998444,1.1190512433972502,0.1682402160476202,455
Y358I,0.641081273,1871,0.338449392543892,1603,1,0.1475489348581579,0.8257601358051875,0.7064452973618267,-0.3259567978496039,358
L11Q,0.6406229520000001,1872,-0.9042638473788536,3430,1,-1.3966802511930956,-1.4182839873277275,-0.7271904068821122,-0.0749007441124781,11
Y80G,0.639382769,1873,-0.8707622788258813,3397,1,-0.7530775900150585,-1.1598346866495568,-0.8777695078005409,-0.6923673308383693,80
N133H,0.6393811420000001,1874,0.2850065132093111,1700,1,0.5171887386644639,-0.0965890302629926,0.8776745470577734,-0.1582482026220001,133
N259Y,0.638358486,1875,0.3898638252118117,1507,1,0.3543132625358239,0.5117049758749195,0.1524573898697072,0.5409796725667964,259
P480V,0.6379403060000001,1876,-0.688535833276729,3200,1,-1.7378545793704665,-0.2977127718623514,-0.2102989163806188,-0.5082770654934793,480
K158M,0.637861947,1877,0.3053887941060637,1659,1,-0.0011005322756246,0.3039009957630786,0.2690803744266995,0.6496743385101014,158
T386H,0.637707505,1878,0.6398658667168212,1100,1,0.6819420021909474,1.0299238793171577,0.8667722890919414,-0.0191747037327611,386
Y225R,0.637482374,1879,0.7095336946800339,975,1,0.4959307083310122,0.5064682194421494,1.0077749487526166,0.8279609021943574,225
S422A,0.637200475,1880,0.1717171956093764,1898,1,0.4404799577853061,-0.5613151469122761,0.3303759373918224,0.4773280341726532,422
S51I,0.63699082,1881,0.5065097013366389,1330,1,0.4519050048760979,1.0708956875212663,1.0767004646964744,-0.573462351747283,51
T386L,0.636763855,1882,0.6053157440272984,1150,1,0.6994217723928896,0.8325643576592717,0.8267060179829909,0.0625708280740414,386
M136R,0.636382992,1883,-0.2445347123518443,2606,1,-0.799786096184868,0.3233748155463739,-0.446596175833519,-0.0551313929353644,136
L461K,0.635969305,1884,-0.0833696851090759,2331,1,0.2951989907971472,-0.15252600269412,-0.1043483136798674,-0.3718034148594634,461
K52Y,0.635968826,1885,0.1503173702070091,1944,1,-0.4257261279846168,-0.2575830060290159,0.8366787620307079,0.4478998528109614,52
P31H,0.635569966,1886,-0.6623432411158768,3171,1,-0.3646643515760366,-0.6426559846985792,-1.0881495388708329,-0.5539030893180593,31
F239L,0.635068923,1887,0.9250916358507668,659,1,1.6929367901417829,1.244644650391562,1.28546900425024,-0.522683901380518,239
E85S,0.6349095260000001,1888,-0.3293527504296032,2739,1,-0.6699423815622199,-0.8503476300117113,-0.412645402683904,0.6155244125394222,85
T348S,0.634392874,1889,0.2417529716090748,1780,1,0.2694268857595484,0.0848506822157971,-0.0476597984106029,0.6603941168715567,348
N418D,0.634350622,1890,0.5300543897458743,1277,1,0.623256895125414,0.3220459444174303,0.5190375106488877,0.6558772087917649,418
E272C,0.633470243,1891,-0.2086300315376631,2543,1,-1.0545477781918198,-1.2290192657417487,0.6411862565436429,0.8078606612392729,272
K459G,0.633135001,1892,-0.0101157799094406,2218,1,-0.1773547584967168,0.0883072199553244,0.1005959939327264,-0.0520115750290965,459
R333F,0.633069631,1893,0.0662823302139077,2085,1,-0.1664404734869964,-0.3063306852340851,-0.111715320307131,0.8496157998838436,333
M255E,0.63304296,1894,-0.1058160541487349,2378,1,-0.0759350856096371,-0.3515139103137398,-0.3451361807504589,0.3493209600788962,255
Y379M,0.6328277520000001,1895,-0.8060564214040769,3327,1,-0.844322505880027,-1.3462215486843498,-0.6788061170542707,-0.3548755139976591,379
I215C,0.632733042,1896,0.3121010203489034,1648,1,0.2311092734844153,0.7245180302679165,0.0535738347746882,0.2392029428685938,215
P260E,0.632445315,1897,-0.5015113602278629,2989,1,-0.6069517513198335,-1.2429187891309568,0.1517247695071832,-0.3078996699678447,260
T386C,0.632010926,1898,0.4602546851467496,1409,1,0.4785081470559629,0.352191436186753,0.5988224323252063,0.4114967250190764,386
T386I,0.63161722,1899,0.9440151994271616,635,1,1.0429006794061144,0.9681329785168504,1.1507107375466714,0.6143164022390097,386
F419I,0.630696083,1900,0.1174224121161496,1998,1,0.1641300446767729,0.4966298868925496,0.0913298650870891,-0.2824001481918131,419
M271G,0.630017374,1901,-0.5915639308372889,3080,1,-0.851382266149254,-1.1953051692167855,0.6506098986371035,-0.9701781866202196,271
S280R,0.629770112,1902,-0.2281565677049411,2576,1,0.0414927841749356,-0.8252288192291826,0.5646378354049932,-0.6935280711705111,280
P221L,0.629052253,1903,0.492128516586685,1356,1,-0.4960831683957252,1.5295822355172108,0.8813204207498718,0.0536945784753824,221
S18K,0.6289626620000001,1904,0.3871020648021302,1511,1,0.1918861463644849,0.4626181500129622,0.5943162615981304,0.2995877012329433,18
N418Y,0.6288134329999999,1905,0.1702586696630872,1901,1,0.3597405999994651,0.3367663553523873,-0.5097439683900732,0.4942716916905696,418
R144S,0.627729149,1906,0.6324644850702666,1112,1,0.5175677024344576,0.8446730179970763,0.904810806154688,0.2628064136948449,144
E92C,0.627164359,1907,-0.6980019641466868,3215,1,-1.2633177827205415,-1.2417416168422244,-0.3635637178949505,0.0766152608709695,92
F168Y,0.6269200779999999,1908,0.9927154563488616,560,1,1.1104549221459812,0.5586972062768066,1.0250885169878006,1.276621179984858,168
F69P,0.626547879,1909,-0.3487859845535854,2762,1,-0.4149011045362808,-0.4798488529800969,0.3035252230551133,-0.8039192037530771,69
S58C,0.626160584,1910,0.3416908309097282,1592,1,0.5960098244531474,0.1007421064397961,0.430204444727169,0.2398069480188001,58
D143Y,0.626034579,1911,0.317717561346079,1634,1,0.2311438389561055,0.4434765145390785,0.0806909578178909,0.5155589340712411,143
K421E,0.625741764,1912,0.5167306802969263,1311,1,0.472127676482607,-0.0154503683361057,0.7932931612366774,0.8169522518045261,421
K273V,0.625154113,1913,-0.029866810866022,2243,1,-0.0587001215916854,0.1686018311419735,-0.1147719399867272,-0.1145970130276489,273
K375V,0.6250090970000001,1914,0.4940397514670344,1348,1,0.1329276426117208,0.1611724708192708,0.6810951585681684,1.0009637338689774,375
Q252S,0.624448966,1915,0.0698084364017921,2079,1,-0.085595548618392,-0.2659299234143534,0.1905118474711152,0.440247370168799,252
P404Q,0.62385792,1916,-0.8150044752537879,3335,1,-0.2663577768537347,-0.2476933931124252,-1.4487328861398363,-1.2972338449091554,404
C266G,0.623491883,1917,0.1600459583754522,1925,1,0.2154009418259802,0.3909405149589634,0.1151350709841279,-0.0812926942672624,266
G384D,0.622974928,1918,1.115416521954917,413,1,0.8783141705481854,1.5758101307101846,0.99916191989155,1.008379866669748,384
F126Q,0.62115185,1919,-1.4729261451609998,3881,1,-1.6618926835078278,-1.8078586592060903,-1.1379917496693426,-1.2839614882607382,126
K190M,0.621058688,1920,0.478604693032588,1373,1,0.2760339444472038,0.043900698293201,0.897875964599626,0.696608164790321,190
M339W,0.620879621,1921,-0.2118752019894265,2550,1,-0.7566366051009716,0.0062990679416506,0.0370245179706835,-0.1341877887690687,339
T283V,0.619080146,1922,-0.0662488393831398,2305,1,0.0325162596108699,0.117016459775007,0.1631307975680947,-0.577658874486531,283
D143F,0.618289905,1923,0.1111886910319473,2008,1,-0.3062021610904508,0.1708671380065173,-0.0829829611955333,0.6630727484072563,143
K465L,0.617935243,1924,0.2109241564564379,1829,1,-0.2912699052406611,0.082408638838386,0.1907516927474501,0.8618061994805766,465
T469D,0.617617457,1925,-0.1046758600198876,2376,1,-0.4474745943382429,-0.0588963538290558,0.1581196229635026,-0.0704521148757545,469
C266T,0.617023341,1926,0.3483060229121008,1577,1,0.13913317783542,0.5094495769664,0.4919559485816818,0.2526853882649011,266
K158L,0.616645031,1927,0.2471314458333104,1770,1,-0.2502294104973119,0.1960387019603109,0.1173636983694632,0.9253527935007794,158
D373P,0.616332844,1928,-0.6060027407884577,3099,1,-0.6918947786147354,-0.9574014881594096,0.2482745492431878,-1.0229892456228735,373
D143G,0.6163277629999999,1929,0.7181743833444891,962,1,1.0457979388157217,1.0786788555979472,0.4362850715736959,0.3119356673905915,143
P337C,0.615950868,1930,-0.5762218674471461,3068,1,-0.6796655538192916,-1.1141863232019469,-0.7608375129673522,0.2498019202000061,337
K383S,0.615684917,1931,-0.0881502975283304,2347,1,-0.1390986828125413,-0.035601811976689,-0.3219281831765598,0.1440274878524682,383
N398L,0.6156812620000001,1932,0.43074392278041,1445,1,0.9241984381963724,0.4498064934169694,-0.2052077386451523,0.5541784981534505,398
E318V,0.615598446,1933,-0.0499008283286456,2276,1,0.2517639018053995,-0.1186497638077307,-0.1083753286018093,-0.2243421227104419,318
S53P,0.615223548,1934,-0.415894528259726,2875,1,0.4072950248918404,-0.7095178175595458,0.0933085277747012,-1.4546638481459002,53
Q192M,0.6149300320000001,1935,0.6379248708165137,1103,1,0.9291825809791768,0.5477555424891153,0.0595693654774405,1.015191994320322,192
K84Y,0.614627688,1936,-0.6775533699503814,3189,1,-1.1315601237648003,-1.141158992891413,-0.5578290924536922,0.1203347293083796,84
G137H,0.61398315,1937,-1.2065353841000692,3715,1,-0.892061051938042,-0.8260150289288457,-1.343678270800072,-1.7643871847333168,137
T320N,0.613538699,1938,0.0755113732416012,2073,1,0.6753669821775771,-0.2406351794667434,-0.2129361059540067,0.0802497962095779,320
E272F,0.613383887,1939,-0.4527524215011298,2929,1,-1.1728076204525049,-1.3050754140107312,-0.2032523654385928,0.8701257138973095,272
R150I,0.613338656,1940,0.6371844461114725,1106,1,0.4799418323595369,0.0550051069531578,0.8759858053213968,1.1378050398117985,150
V394S,0.613272861,1941,-0.3099934949225675,2701,1,-0.3728649399335233,-0.5510630902530103,-0.0728641183256163,-0.2431818311781201,394
I50G,0.6132648479999999,1942,0.0921045692437308,2040,1,0.2477949592111207,-0.0291359334317071,0.7226438588860786,-0.5728846076905688,50
G137L,0.613228576,1943,-0.8738702661261801,3398,1,-0.7386188922955909,-0.6454409236892117,-0.6650033837289782,-1.4464178647909396,137
E400R,0.613069405,1944,-0.119183822726467,2400,1,-0.3193782508628196,-0.8421481269450607,0.066173117549814,0.618617969352198,400
L11P,0.6130623510000001,1945,-1.0487878161327415,3592,1,-0.9411288330334,-1.4471469343570849,-0.1471177610786554,-1.6597577360618274,11
K423N,0.612958263,1946,2.0112240976998303,13,1,2.453478043781371,2.402741680261208,1.554001233730716,1.6346754330260276,423
K421Y,0.612734144,1947,-0.3596955320343933,2782,1,-0.7330097371004096,-1.031179074325383,-0.0817989790550487,0.4072056623432681,421
K72S,0.612732742,1948,0.6958085358282862,996,1,0.635333136996174,0.5814653544925548,0.8284400036983296,0.7379956481260863,72
N133R,0.612732535,1949,-0.2243051167251291,2569,1,-0.1687274345420459,0.059973277442889,-0.2106656254100068,-0.5778006843913528,133
E281D,0.612383795,1950,1.397435499304549,171,1,1.346770201321435,1.729264503406322,1.0085988425113024,1.5051084499791367,281
T371C,0.6119849620000001,1951,0.0933713647496963,2039,1,-0.2346398801975538,-0.059357743240677,0.2870479787945377,0.3804351036424784,371
V462G,0.611904198,1952,0.2844088692672982,1701,1,0.7932196750110218,0.4098897486381576,1.069314026236366,-1.1347879728163528,462
D188S,0.6114572429999999,1953,0.5633907445977313,1213,1,0.6779759074788271,0.348678128537032,0.4910929650084137,0.7358159773666526,188
P402F,0.61133537,1954,-0.711575275652889,3227,1,-0.1759267131166338,-0.7183942750269964,-1.402520402167896,-0.5494597123000304,402
L54A,0.610829983,1955,0.1761995671267248,1888,1,-0.2567712191790382,-0.3323699986877967,0.3535390863048192,0.9404004000689152,54
K459C,0.610809496,1956,0.108034222363636,2014,1,-0.4389846108966934,-0.2884464229362123,0.4287047881524813,0.7308631351349685,459
Y80N,0.6103586120000001,1957,-0.1061482322848473,2382,1,0.2150231925939656,-0.258411927052622,-0.2593065976636524,-0.1218975970170807,80
E93T,0.610159538,1958,0.0287490568596393,2146,1,-0.0053266637572013,-0.8245368690030485,0.536272764338118,0.4085869958606893,93
Q193I,0.610143297,1959,1.243887908939768,274,1,1.453628400777794,1.373177635023521,1.0858477032086862,1.0628978967490712,193
L43S,0.6098359529999999,1960,0.2120025428829581,1827,1,0.2524399387731193,0.0913648955192222,-0.1324645077757717,0.6366698450152626,43
M129P,0.609657651,1961,-0.4882568380845754,2973,1,-0.3111675553157108,-0.3662467731393762,0.559080360333904,-1.8346933842171187,129
V330F,0.609256844,1962,-0.2782677488301888,2657,1,-0.1849050525075651,-0.0181063700071238,-0.6627494977317573,-0.2473100750743092,330
L43K,0.608904551,1963,-0.1809118561603898,2498,1,-0.4723098299068857,-0.6179830319371469,-0.2118403290826802,0.5784857662851536,43
N258Y,0.608467011,1964,0.3489073381651225,1575,1,0.0701737216334624,0.5406193371625659,-0.140059556609628,0.9248958504740896,258
P227Q,0.608405737,1965,-0.232143981840889,2585,1,-0.5137993128168357,0.2156144130211,0.4723899245063867,-1.1027809520742071,227
T371H,0.608253069,1966,-0.1928902998788012,2513,1,-0.3992057558700393,-0.2680898578276651,0.437967073554861,-0.5422326593723616,371
N258C,0.608250251,1967,0.3399901791802232,1599,1,-0.1335253495076494,0.3768787153170314,0.4821014199995793,0.6345059309119317,258
Q252I,0.607951502,1968,-0.1060217181635176,2380,1,-0.3219826111764919,-0.4147198412930132,0.307451502104287,0.0051640777111474,252
T470D,0.607884654,1969,0.3570045403686936,1566,1,0.0590625697894218,0.0106509367884067,0.9119069366334582,0.4463977182634877,470
V490F,0.607779536,1970,1.3358166393723088,202,1,1.8376506516547904,0.8130337679657829,1.4253519249148043,1.2672302129538582,490
D397Y,0.607748762,1971,-0.9625978234117424,3498,1,-0.6463817407820529,-0.0896297622862568,-1.73086249690815,-1.3835172936705098,397
I488A,0.60766686,1972,0.6590125626244118,1065,1,1.2399603321005332,0.6572635611766598,0.6408240618135583,0.098002295406896,488
K247S,0.606096746,1973,0.6016985037856968,1155,1,0.6354278081376391,0.9487155939155046,0.5544921885421222,0.2681584245475212,247
P404E,0.605786536,1974,-1.2119373259246682,3719,1,-1.1104485499594186,-0.2659654046082245,-2.2239398074417864,-1.2473955416892433,404
F168T,0.605061283,1975,0.2798503919951844,1705,1,0.2539353281901304,-0.335041263966744,0.6932575796654443,0.507249924091907,168
D463A,0.604636202,1976,0.3019134173731576,1665,1,-0.1192757477635362,0.4097268029289463,0.6459506329669232,0.2712519813602969,463
P211H,0.60460544,1977,0.0715889765462726,2076,1,0.0499068520126677,-0.0025901091990744,0.6766108607601824,-0.4375716973886853,211
E285K,0.604443951,1978,0.9553939408224552,624,1,0.9342242118930072,1.037846963799858,0.8010082745162468,1.0484963130807086,285
Q484T,0.603333631,1979,0.4149340085881137,1467,1,0.2601476759946795,-0.005386830623898,0.5263566374506318,0.8786185515310417,484
Y68H,0.603246469,1980,1.0552723141490057,483,1,1.16115295523479,1.1758971259676472,0.9124038307310532,0.9716353446625312,68
I222A,0.60289475,1981,0.6661922683253969,1055,1,0.7044628169780406,0.769965222040842,0.495429336131636,0.6949116981510692,222
N258P,0.6026384889999999,1982,-0.6789783723557772,3193,1,-0.9200753336877248,-0.4213524145035403,-0.2946779937401887,-1.0798077474916548,258
K421D,0.601952677,1983,-0.2361002938008799,2591,1,-0.2849293748185596,-0.7846219987024037,-0.2179678914797893,0.3431180897972327,421
L36H,0.601831876,1984,-0.3228505871392555,2720,1,-0.5503146344917428,-0.5878273644292045,-0.5718160565844872,0.4185557069484126,36
S51V,0.601119925,1985,0.6435439074885562,1089,1,0.5368065982776329,1.3661164925057034,0.8475841307681302,-0.1763315915972421,51
R139Y,0.600869046,1986,-0.2328035684312467,2587,1,-0.7030729394507444,0.5764244810282122,-0.657709675035194,-0.1468561402672608,139
K185N,0.600683859,1987,1.5437433894472137,116,1,2.544136254041038,1.6410784960414275,1.2281912020662475,0.7615676056401411,185
V319M,0.6004597079999999,1988,0.2065671831301404,1838,1,0.4968245524430418,0.037344978687512,0.3715536191131592,-0.0794544177231514,319
K315T,0.599968006,1989,-0.0234215105934708,2232,1,0.1904128978352363,-0.4191249988762248,0.6470794694040335,-0.5120534107369283,315
N403Y,0.5999241479999999,1990,0.1805691341364932,1878,1,0.3262011755782807,-0.0221872428674837,-0.2680827256203793,0.6863453294555554,403
P260G,0.599841539,1991,-0.3831579787587283,2818,1,-0.6069855070995376,-0.9333323851502736,-0.1779023171903347,0.1855882944052328,260
R335Q,0.599578159,1992,0.3846975951524792,1514,1,0.4475610352901033,0.4837091088889911,0.8218726391787436,-0.2143524027479212,335
E272V,0.5987905729999999,1993,0.1550810527117945,1936,1,-0.1160433456726414,-0.3416454522221741,0.3305423580857557,0.7474706506562382,272
S422V,0.59828619,1994,-0.2795899574140767,2659,1,-0.2635471963672802,-0.9488107547210938,0.2175134018079418,-0.1235152803758748,422
Q44W,0.598145775,1995,-0.3447545945585996,2759,1,-0.6793245338909998,-0.7443721323750971,0.0809121980936964,-0.0362339100619978,44
R150V,0.597852626,1996,0.723035394868979,955,1,0.452585830194702,0.2285555425018977,0.8811845558268872,1.3298156509524293,150
T371L,0.597130797,1997,0.3487705465795537,1576,1,0.4125528435660086,0.4561331250124197,0.6847021947674472,-0.1583059770276603,371
I222S,0.596782834,1998,0.5219288507229902,1297,1,0.3888185657354038,0.8091486441825528,0.6584393348076498,0.2313088581663545,222
L29W,0.59636133,1999,-0.205242117388782,2535,1,-0.1182904084570566,-0.4798568864579545,0.0851415219521014,-0.3079626965922182,29
N277Y,0.5963378,2000,0.2770956355179323,1713,1,0.042766904316385,0.3387917290115841,0.1004589168128393,0.6263649919309208,277
K420Y,0.595809929,2001,-0.236909662509123,2592,1,-0.960178540155918,-0.4470152256283257,-0.2393850341442328,0.6989401498919845,420
D341M,0.5956577789999999,2002,-1.490438683606861,3893,1,-2.123619203640703,-1.4468277375035432,-1.1013535234886858,-1.2899542697945117,341
N403G,0.595033558,2003,-0.0737670151031303,2318,1,-0.3416502249661974,0.2145884040073877,-0.4564907503602822,0.2884845109065704,403
N418T,0.594858499,2004,0.5345687450738512,1267,1,0.7671773422531043,0.3630419869464096,0.5463897330789786,0.4616659180169123,418
L11H,0.5946743729999999,2005,-0.98993223539287,3535,1,-1.487514848663912,-1.391838313785719,-0.7999452129415607,-0.2804305661802883,11
K423T,0.593928991,2006,0.8216213953587048,815,1,1.489532377082644,1.1135922834214005,-0.1478931223868592,0.8312540433176339,423
T386M,0.593606902,2007,1.0335669707411794,507,1,0.9092898309366648,1.193462994759764,1.1355536795983288,0.8959613776699596,386
G46T,0.593332769,2008,0.9793036622011152,581,1,0.810759404300569,0.983536837580542,0.4463565297853278,1.6765618771380213,46
T470G,0.593235646,2009,-0.0248428303392045,2237,1,-0.3729969476477009,0.2017707223030017,0.0365220820787178,0.0353328219091633,470
P382R,0.593227225,2010,-0.1316310061685519,2422,1,-0.0201989884397993,-0.3363874070730814,-0.1735260412632375,0.0035884121019107,382
V319T,0.5932109560000001,2011,0.3894030150175524,1509,1,0.5176335248088598,0.1110928409854127,0.0273201992558255,0.9015654950201116,319
E147V,0.592920141,2012,0.0816498517479395,2061,1,0.0864123177816732,-0.2087582054365142,0.5617407966610374,-0.1127955020144381,147
S254Y,0.592645246,2013,0.2655164664087761,1729,1,0.1768314036614598,0.0562035679582132,0.2657135353284661,0.5633173586869652,254
N277F,0.5925965320000001,2014,0.2243369682411047,1808,1,-0.3837306713444804,0.583994360267774,-0.0034001181479181,0.7004843021890438,277
D89Y,0.592360816,2015,0.0135909997895688,2176,1,0.2497588810840566,-0.1401466810981633,-0.372168223762071,0.3169200229344531,89
Q340P,0.591475941,2016,-0.1914555505896746,2510,1,0.0960722223821616,0.3352551242760763,-0.5629505402525735,-0.6341990087643631,340
Y243T,0.590702855,2017,0.42517591460094,1455,1,0.0853040309351384,0.5014546598025228,-0.0425894840207335,1.1565344516868323,243
F239R,0.590507647,2018,0.5889391500435067,1176,1,1.0348739654225785,1.0232103688172152,1.1536357047601482,-0.8559634388259149,239
P31K,0.589747114,2019,-0.648032314092749,3160,1,-0.6211659779002704,-0.8095798721451852,-1.0362924603404289,-0.1250909459851114,31
V472T,0.58956171,2020,1.2709348366149744,246,1,1.7226560738114771,1.313095036553219,1.2439774511611303,0.8040107849340704,472
C164Q,0.588956351,2021,-0.1771235162598732,2491,1,-0.467217649084739,-0.4079359709161682,0.0616297909373599,0.1050297640240547,164
T320E,0.588551375,2022,0.8133847765269211,829,1,0.9107854018363626,0.5644177789135503,0.9170601999656196,0.8612757253921519,320
M136W,0.5881051270000001,2023,-0.777257026587698,3305,1,-1.2916362852937602,-0.2211116860120286,-0.6702836121075595,-0.9259965229374436,136
Y225P,0.586951594,2024,-0.3640805491422537,2791,1,-0.5001562820521016,-0.2870522128540269,0.4463040885973452,-1.1154177902602314,225
K72C,0.5869228120000001,2025,0.1597845654132415,1928,1,-0.2660592797149296,0.3451267957587851,0.547206915287558,0.0128638303215525,72
P63C,0.5865391289999999,2026,-0.3672985637204649,2795,1,-0.5486733888355471,-0.6294395747098612,0.057554586848663,-0.3486358781851141,63
S422P,0.586411624,2027,-0.1357931631934224,2426,1,0.2807534994331803,0.0395844445316138,0.3405068707286814,-1.204017467467165,422
R144Y,0.586347584,2028,0.0825440206162095,2059,1,0.1662585294658173,-0.1595962665565882,0.2597244767437657,0.0637893428118434,144
M271H,0.5860050520000001,2029,-0.7285111669129934,3250,1,-1.0167090568459525,-1.2717595102049095,0.2646843263190174,-0.8902604269201292,271
K273I,0.5859721379999999,2030,-0.0619302280479264,2296,1,-0.0792151199256559,0.0519699251272613,-0.1237520045930234,-0.0967237128002876,273
K158G,0.584799489,2031,0.1366407142662963,1966,1,0.0069513519605195,0.1560264926862916,0.3774440220295202,0.0061409903888537,158
K459S,0.584311084,2032,0.4265999192414205,1452,1,0.523904421720141,-0.2903921312733215,0.5112102485066747,0.961677138012188,459
K459Y,0.58324181,2033,-0.3676172750311839,2796,1,-0.8006859990265885,-0.6618731348643243,-0.1765966208707157,0.1686866546368925,459
E272I,0.583163969,2034,-0.1061842205931601,2383,1,-0.5414217315655707,-0.579823208765791,0.211490775613033,0.4850172823456877,272
T283D,0.583114097,2035,0.5297992820652198,1279,1,1.0869822306677723,0.8940842624731826,0.7135363077852495,-0.575405672665325,283
I488N,0.583080429,2036,0.5701812158348895,1205,1,1.244837888705488,0.1931952524726156,0.5526683111765284,0.2900234109849256,488
E246G,0.583031736,2037,0.8816391149555655,727,1,0.8944400519878227,1.0400041534415685,0.8718060788397388,0.7203061755531324,246
C164F,0.582892871,2038,0.7483928576027647,917,1,1.5220669318682314,0.6628033136159588,1.0183003297536253,-0.2095991448267565,164
I488H,0.582833456,2039,0.5632930479706966,1214,1,0.9368307918795388,0.1211144707214632,0.6531180296950326,0.5421088995867513,488
D256V,0.582538029,2040,-0.2613657963155569,2637,1,0.052189513324066,-0.4266640161716836,-0.0426721585913763,-0.628316523823234,256
S280L,0.582506089,2041,-0.1560251492437478,2463,1,0.261659817659683,-0.5842097554586324,1.0150271071957333,-1.3165777663717757,280
K52P,0.582044082,2042,-0.2107115531318903,2547,1,-0.2868146728075861,-0.8355772776227395,0.5555329270650329,-0.2759871891622688,52
E93Q,0.581895002,2043,0.714089490566489,967,1,0.8206227509927143,0.2549188728958654,0.953690538955922,0.8271257994214541,93
D89I,0.581280744,2044,-0.1112337174000251,2391,1,-0.1766295536811407,-0.7682805658270818,-0.267968549230682,0.767943799138804,89
S336R,0.5812616070000001,2045,0.8253581324486396,812,1,0.6577346967178737,0.6486447775114916,1.1221804312891253,0.872872624276068,336
Y358V,0.580734516,2046,0.3826689924853737,1520,1,0.0550310994295127,0.735128313093982,0.9382719490820504,-0.1977553916640502,358
L287F,0.580645175,2047,0.0005002511783673,2203,1,0.3091125145261265,-0.1365032311071493,0.1459102821448258,-0.3165185608503335,287
N259V,0.579794839,2048,0.282327875416234,1703,1,-0.0844160228372711,0.5776183227834997,0.2664989208116436,0.369610280907064,259
S140H,0.5793000070000001,2049,-0.1356726192930116,2425,1,-0.1938806556979914,-0.1979057801986906,0.0903082078912214,-0.241212249166586,140
R144F,0.57914724,2050,-0.202016464027878,2531,1,-0.1938694316918367,-0.6503916883102514,0.097834155792045,-0.061638891901469,144
E92L,0.579014864,2051,-0.2000732910587055,2525,1,-1.0757179011039328,-0.7026020642545386,0.2403252772446246,0.7377015238790251,92
K399W,0.576949142,2052,-0.3349476531044614,2746,1,-1.1042696508100276,-0.4700674242319885,0.0955611047212427,0.1389853579029277,399
D373N,0.57688947,2053,0.7770891365984469,873,1,0.6712225737457878,0.6054931520363734,0.8620170757102052,0.9696237449014208,373
E81H,0.576861586,2054,0.2345706023458826,1791,1,0.0120268922163274,-0.3850216803490608,0.4213296102548564,0.8899475872614075,81
F219S,0.576338985,2055,0.5492868930667802,1241,1,0.4596594529491429,1.391897763956064,0.4762959231345948,-0.1307055677726808,219
F419V,0.576290131,2056,-0.007920869951239,2215,1,0.0700514860639471,0.179265603541441,0.239761019926929,-0.5207615893372735,419
K399F,0.575986193,2057,-0.2587385699400018,2632,1,-1.043581058645884,-0.473173166771734,-0.1971239987784787,0.6789239444360898,399
E415M,0.575065608,2058,0.2217761788822215,1810,1,-0.3627707612242541,0.0605890435206736,0.5407150606488283,0.6485713725836385,415
Y225S,0.574768487,2059,0.4784745290976192,1375,1,0.3614665841100871,0.4424162293531737,0.5489038760931577,0.5611114268340582,225
S460T,0.574226739,2060,0.7634004256066719,891,1,1.0184379998726083,0.6629976568344638,0.9349492057392468,0.4372168399803688,460
D349G,0.574186663,2061,0.0959254757831062,2035,1,0.1080339137771724,0.3946805005755661,-0.4069665480384499,0.2879540368181364,349
E253T,0.5738174460000001,2062,0.8446127730534887,783,1,0.6181251091969729,0.8809860785002691,1.024482390372828,0.8548575141438849,253
Q252V,0.57363257,2063,-0.0382015358537577,2256,1,-0.4262597708444041,-0.5074125188572868,0.8771906904659555,-0.0963245441792955,252
F65M,0.5735681260000001,2064,0.1404941579399503,1961,1,-0.0796591661790989,0.0892993544707372,0.1715231800794711,0.3808132633886919,65
R335A,0.573091742,2065,-0.7161447137878793,3232,1,-0.8186331011066822,-1.191607894924125,-0.0470257220890825,-0.8073121370316274,335
P227R,0.5730511079999999,2066,-0.3736972316808188,2803,1,-0.5584794288793531,0.3436211881169744,-0.4040298249595444,-0.875900861001352,227
T159F,0.572723186,2067,-0.0764557360862756,2324,1,-0.0917602083569904,-0.2289366951192178,0.2359019318434641,-0.2210279727123586,159
Q252T,0.5727036329999999,2068,-0.0069630607926755,2213,1,-0.0293599273338443,-0.304264474729112,0.105346346666785,0.2004258122254692,252
E81C,0.572299123,2069,-0.5078951011610207,2995,1,-1.0682412611434229,-1.1241041871823367,0.0766968844790644,0.0840681592026124,81
K185T,0.572244694,2070,1.2450743760108614,272,1,1.5986109962690074,1.1525000233812983,1.0375146896205047,1.1916717947726352,185
V319A,0.572186703,2071,0.4199216998776443,1459,1,0.76023054797617,0.2931669304323572,0.6173121326165816,0.0089771884854685,319
L413I,0.571790692,2072,0.0440530451236532,2119,1,0.3726463643300685,0.6211774464229443,0.0174322214956582,-0.8350438517540582,413
D256A,0.570996419,2073,-0.253028112734316,2620,1,-0.061120458461165,-0.7216100762133911,0.1916873099786387,-0.4210692262413466,256
R150C,0.5706855820000001,2074,1.1034380171316616,428,1,1.1292528429811786,0.8241209715939943,1.3525003562776323,1.1078778976738408,150
T348A,0.570479043,2075,0.2474608495238272,1769,1,0.4139478870175474,0.1056829631048115,0.0473920394422213,0.4228205085307288,348
S162F,0.570442585,2076,0.6256923577928131,1125,1,0.5030215440202651,0.6019939029729032,0.4882418822687395,0.9095121019093444,162
R333D,0.569717367,2077,0.0580006503841843,2097,1,-0.037994343073499,-0.5562394617105508,0.5291330045317281,0.2971034017890592,333
H410L,0.56950534,2078,0.9200901638353172,668,1,1.7115756204618824,1.3682551382026926,-0.0987253863371395,0.6992552830138337,410
P31N,0.56906044,2079,-0.8262741859779565,3347,1,-1.0236189682568912,-1.233837477978138,-0.945018343279296,-0.1026219543975007,31
L314A,0.5690257639999999,2080,0.2101206388420146,1831,1,0.2832680956180284,0.2825655513775836,0.3861733734621075,-0.1115244650896613,314
E154G,0.568925482,2081,0.4375551932946535,1438,1,0.3750222798219559,0.3322330637973472,0.6766692986503116,0.3662961309089994,154
F219T,0.568875751,2082,0.4803040652857783,1370,1,0.2875125289305369,1.2832584654803452,0.5470766835950214,-0.1966314168627899,219
T371V,0.5686193970000001,2083,0.6760871908438217,1030,1,0.684977132601529,0.46229841759423,0.7530781849015604,0.8039950282779676,371
T385A,0.5684088860000001,2084,0.292773665212256,1683,1,0.5697724536479823,0.7562486611098398,0.2970258182734338,-0.4519522721822319,385
R342H,0.568280339,2085,-0.1727559467101265,2482,1,-0.0506263477514987,0.3010947680561235,-0.1786663624807205,-0.7628258446644104,342
V462S,0.567470342,2086,0.648594316722069,1078,1,0.82435229000298,1.0151897445241935,0.830114136219794,-0.0752789038586915,462
R377D,0.567303291,2087,-0.4306934355699626,2896,1,-1.0612094492079291,-0.9661737781973068,0.0251535381596945,0.2794559469656908,377
N133L,0.56660379,2088,-0.9213529561644732,3451,1,-0.8385521102979221,-1.1774293420706627,-0.0826784761217423,-1.586751896167566,133
V472S,0.56625658,2089,1.1064986282733682,420,1,1.77163054488552,1.019032357820427,1.200987734034635,0.4343438763528913,472
E285T,0.566156847,2090,0.5812489777716967,1192,1,0.2412982838775262,0.6178592183938649,0.5695829068983655,0.8962555019170302,285
T470C,0.566035567,2091,0.1134099416178127,2003,1,-0.8972220007381965,0.5157618821930042,0.4642605849341785,0.3708393000822646,470
Q252L,0.565957609,2092,0.3743046224642412,1542,1,0.143361640671509,0.0685992242924803,0.5485697792225473,0.736687845670428,252
K72Y,0.565910148,2093,0.1797301600244478,1881,1,-0.1176972951168978,0.0001541268370795,0.5769400313686707,0.259523777008939,72
R150T,0.56566477,2094,0.7222845276635578,956,1,0.7433426346957872,0.1783744230644386,0.7565629032196558,1.2108581496743491,150
T386R,0.565158818,2095,0.6470136921131651,1080,1,0.7940279151358121,0.483876606902322,1.02466475238419,0.2854854940303363,386
Q324S,0.56513944,2096,-0.2643491116333856,2641,1,-0.0613266786339474,-0.5978439062959452,-0.370353483707961,-0.0278723778956887,324
V462M,0.564938773,2097,0.6621406552967959,1060,1,0.8562963838876737,0.7084920452898027,0.9890860466008944,0.0946881454088128,462
R335H,0.564511697,2098,0.2644870751170532,1732,1,0.3936853171404039,0.1965535139996851,0.8730115350397893,-0.4053020657116654,335
F69H,0.564246909,2099,0.1258861286432994,1983,1,-0.19336278787173,0.5386021308725242,0.2651394053652549,-0.1068342337928514,69
E272L,0.564148923,2100,0.1412992332465318,1959,1,-0.3805903228563021,-0.6212390005128295,0.5924391647847742,0.9745870915704852,272
K421F,0.562757824,2101,-0.697092334998149,3214,1,-1.0514910792619487,-1.1685448511253542,-0.986290363622194,0.417956954016901,421
K273Y,0.562514143,2102,-0.0972193363703132,2366,1,-0.0503288836679862,-0.3687193437326459,-0.3349487520013945,0.3651196339207736,273
E85T,0.562155107,2103,-0.3117012833162602,2703,1,-0.6132175108750639,-0.5258296685197131,-0.6409800994209575,0.5332221455506936,85
P260N,0.561821746,2104,-0.4262694308801248,2891,1,-0.443543428063186,-1.1545052774388287,-0.0593610278521617,-0.0476679901663227,260
C338H,0.561299825,2105,0.248502653786057,1768,1,0.2916135630002332,-0.1803887817302075,0.3158181831925259,0.5669676506816764,338
V462A,0.5607280579999999,2106,0.7269122790371847,949,1,1.232528036736479,0.8641624361165452,1.126925721182817,-0.315967077887102,462
K158H,0.5598398,2107,0.2166976574452714,1820,1,-0.0223334761177078,0.0711319120783843,0.5927496482495819,0.2252425455708275,158
C338L,0.559488285,2108,-0.0511384456090777,2278,1,0.2055733193026779,-0.4563609720939574,0.1276263567774764,-0.0813924864225081,338
Q192L,0.558922658,2109,0.8303220517597952,805,1,0.9236590018508212,0.8936659860593973,0.3193609107230619,1.1846023084059003,192
S53I,0.5579933220000001,2110,-0.762768172464792,3292,1,0.1003655443383935,-0.8638660987678747,0.5086921956941249,-2.796264331123812,53
E93C,0.557758051,2111,-0.4644255724317834,2938,1,-0.8563401218629181,-1.230010061344185,0.372678340088014,-0.1440304466080448,93
P31G,0.55668721,2112,-0.9887615284421752,3532,1,-1.127668241511285,-1.0747481059208526,-1.6701973406119754,-0.082432425724588,31
E147L,0.556432905,2113,-0.0748330431314942,2321,1,-0.4812529616566205,-0.5094269134300784,-0.4145763697576687,1.1059240723183907,147
Y225T,0.5549822179999999,2114,0.0094611910803876,2182,1,-0.2404837623075175,-0.1300112437591302,0.1054326669384864,0.3029071034497119,225
N455V,0.554133772,2115,-0.4151929242276099,2871,1,-0.4825235638259918,0.2332915454815445,-0.0510428594463058,-1.3604968191196865,455
S58V,0.554098348,2116,-0.3224730304442899,2717,1,0.1345056485317465,-0.587868736840171,0.0160729853908165,-0.8526020188595514,58
L195T,0.55349018,2117,0.4657628786805612,1396,1,0.379566955299102,0.076514743916865,0.5304416470168041,0.8765281684894739,195
P317G,0.553332001,2118,-0.90817571144684,3434,1,-0.8640846861096476,-0.443925951718188,-1.780915396290131,-0.5437768116693928,317
P260Q,0.552642017,2119,0.2633292248383133,1737,1,0.3399400850423558,0.2752205425723857,0.4335961991775801,0.0045600725609317,260
M339S,0.5515248939999999,2120,0.1891154631239603,1865,1,-0.3094672021445169,-0.0871425975415458,0.3636462785705945,0.7894253736113096,339
G46E,0.551413784,2121,1.5954384410986993,85,1,1.4558011673423643,2.027089159401352,0.7819030227335948,2.1169604149174868,46
E85Y,0.551348963,2122,-0.8209450815480397,3342,1,-1.1709497403093578,-1.0894314289663676,-0.9395223710500312,-0.0838767858664016,85
W212R,0.549874126,2123,0.6578626746287941,1070,1,1.0684887609995206,0.3186540761746566,0.4398821511298338,0.8044257102111653,212
K273C,0.549078401,2124,-0.0266202714213266,2238,1,-0.3993947770682164,-0.3153666072370089,0.0837138094825955,0.5245664891373233,273
D341Y,0.549047651,2125,-0.6701028327893381,3180,1,-0.5242710592754325,-0.122456962855742,-0.6225025794762962,-1.4111807295498815,341
S451G,0.548998535,2126,0.4391677526994879,1436,1,0.5475410479051589,0.6661624454364629,0.4388516394856266,0.1041158779707033,451
K28W,0.548782378,2127,-0.0418110961202463,2266,1,-0.6407335528490494,-0.0215650500074131,-0.0679269983148506,0.562981216690328,28
N334F,0.547989875,2128,0.5768477008505446,1197,1,0.7669455469817208,0.7581112898967719,-0.0247861318792539,0.8071200984029395,334
K399P,0.54628409,2129,-0.9000154965686089,3425,0,-1.028597345474345,-0.6397510791052733,-0.4222638203160252,-1.5094497413787924,399
D256T,0.546180441,2130,-0.400595760526273,2847,0,-0.2921967792016486,-0.9284873946543584,0.0949178229363032,-0.4766166911853884,256
N418F,0.54601603,2131,-0.0216867453476518,2229,0,-0.0794549283556623,0.075516584293059,-0.4963432232016735,0.4135345858736695,418
P260S,0.545281539,2132,0.5467204831800102,1247,0,0.7327736274773895,-0.0709203279211116,0.9141051642032848,0.6109234689604781,260
T386F,0.545026683,2133,0.3145684219096438,1641,0,0.5628968145443944,0.457239468804708,0.4662611244620773,-0.2281237201726043,386
L36T,0.544992786,2134,-0.4314330130171044,2897,0,-0.5354120022004857,-1.131876577009559,-0.290713487046369,0.2322700141879955,36
I284T,0.54481094,2135,1.1468654838775831,365,0,1.516890515159098,1.2001765052597062,1.0451073922141847,0.8252875228773432,284
C10Y,0.544436877,2136,0.4356980509005159,1440,0,0.1407471033671815,-0.0572011561098059,0.9155519509318896,0.7436943054127986,10
E250K,0.543879304,2137,0.9056193331120432,691,0,0.6996465037997032,1.0990376633857293,0.9938521766194696,0.8299409886432715,250
P63A,0.543773343,2138,0.1202476723328739,1992,0,0.3451229513669663,-0.0213635436044851,0.2250940526269447,-0.0678627710579301,63
E400F,0.543770212,2139,-0.3113090378505256,2702,0,-0.1874130873952831,-1.2030237347423611,0.4304737825548697,-0.2852731118193281,400
K247I,0.543696198,2140,0.8956272840775815,707,0,1.0623066440224938,1.0174496287911834,0.857658459690694,0.6450944038059546,247
P464I,0.5435101139999999,2141,0.1300672938521521,1978,0,0.4911832050113025,-0.3697576707457399,1.0455691915007792,-0.6467255503577334,464
N133P,0.5430859929999999,2142,-1.5515057244633217,3930,0,-1.3956113460895487,-1.6488919315774315,-0.4072677864232447,-2.7542518337630617,133
E147I,0.542920715,2143,-0.4474154255400486,2919,0,-0.4930702765943531,-0.8095557717116125,-0.4833234819667078,-0.003712171887521,147
T470V,0.542699875,2144,0.1380554077800119,1963,0,-0.4957021943559724,0.2670184955710801,0.4481603720351266,0.3327449578698133,470
P31Q,0.541509445,2145,-0.5082372410312953,2996,0,-0.2147814024623923,-0.4473431254162132,-0.8676682839830946,-0.5031561522634812,31
E272P,0.541149134,2146,-1.198655007410828,3710,0,-0.8969144294650618,-2.351178298105677,-0.4105103100810186,-1.1360169919915537,272
I50N,0.54066845,2147,0.09429166723527,2038,0,0.1605111123838746,0.0491378563998643,0.0275396729205857,0.1399780272367555,50
L268I,0.5403370270000001,2148,0.6463682810662353,1083,0,0.6224350298389234,0.315981739765328,0.6200048505215868,1.027051504139103,268
P31D,0.539995904,2149,-1.050434097412786,3594,0,-1.0053827502968675,-1.6333342983584156,-1.3734521582811017,-0.1895671827147591,31
K84M,0.539672249,2150,-0.4696163604357558,2946,0,-0.3171395921228139,-0.619517158425352,-0.59619809097946,-0.3456106002153973,84
K270L,0.539187939,2151,-0.0046284062703906,2210,0,-0.1149197723998142,-0.3387542035412261,0.1333089433679486,0.3018514074915292,270
K383Q,0.5387935070000001,2152,0.4926930177998558,1352,0,0.4688426304523972,0.7472148813676782,-0.0998278216426878,0.8545423810220357,383
N133Y,0.5384412789999999,2153,-0.2143496594213903,2555,0,0.0186275012885058,-0.5289738378618777,0.5215742369932321,-0.8686265381054217,133
W212S,0.538343047,2154,1.0245998990003788,521,0,1.3670586604018296,0.5935193202352789,1.009334011521845,1.1284876038425615,212
V248A,0.538036499,2155,0.6652649749657047,1056,0,0.7498873959612221,1.0140319864736167,0.7324350445637224,0.1647054728642575,248
E81R,0.53756064,2156,0.2333892555234192,1793,0,-0.0885226968304581,-0.3629545200220367,0.3717488000130198,1.013285438933152,81
K423V,0.537323192,2157,1.0263699488856577,519,0,1.4432926825728924,1.1014214640486728,0.9497161267118494,0.6110495222092159,423
T469S,0.535996015,2158,0.6290369663515294,1119,0,0.6234393271060474,0.5515618042980432,0.9927396599764916,0.3484070740255354,469
D408S,0.53499322,2159,0.3349965688691271,1608,0,0.1805505702381771,0.5237211842717129,0.0032779642214947,0.6324365567451238,408
D468R,0.534944981,2160,-0.1626374698279024,2471,0,-1.0045627277576556,-0.4149106363921311,0.4190247807025477,0.3498987041356291,468
I374R,0.5345353589999999,2161,-0.2622996660667383,2638,0,0.0328404714503429,-0.0342100119378609,-0.720170607071857,-0.3276585167075784,374
D49H,0.534462553,2162,0.7234101002818722,954,0,0.6053599799882629,0.629548263404908,1.045124805019464,0.6136073527148537,49
T371M,0.5342445379999999,2163,0.7337870093791958,935,0,0.6798829275494166,0.9140220825484028,1.0508099433756568,0.2904330840433071,371
P464E,0.534205822,2164,0.0245485549815602,2158,0,-0.0272013164188274,-0.233102455062273,0.621569974792628,-0.2630719833852863,464
C486I,0.5340073989999999,2165,-0.2371435063328335,2593,0,-0.3776352542309156,-0.7648109067403871,0.296084416979088,-0.1022122813391192,486
K84N,0.533880659,2166,0.1031408077249245,2026,0,0.3279119709840566,-0.117895286345605,-0.141448664058456,0.3439952103197026,84
N56F,0.532564441,2167,-0.0499274407980704,2277,0,-0.1822609893661516,0.0227237812040961,-0.2566649042511231,0.2164923492208968,56
N378H,0.532244464,2168,0.7798242305057391,867,0,0.9576058828237924,0.8025686233063442,0.3976291055350297,0.96149331035779,378
F134D,0.531600484,2169,-0.6240603539403946,3121,0,-1.549635422986417,-0.1377802863039115,-0.617567309335915,-0.1912583971353348,134
P227E,0.531441041,2170,-0.8069896053904879,3328,0,-1.2595971642823316,-0.4042069643859708,-0.5552620022546786,-1.0088922906389706,227
M271K,0.531197365,2171,0.3825226445461738,1521,0,0.5972310074909419,0.0180529832863935,0.980190311240091,-0.0653837238327313,271
V8H,0.530521464,2172,-0.7735471890978552,3301,0,-1.619717391485496,-0.7218371558541657,-0.7310749980303598,-0.0215592110213995,8
V490W,0.530469749,2173,1.0086571691595625,545,0,1.3756029909279068,0.4507611383690468,1.4253519249148043,0.7829126224264915,490
C151S,0.529683983,2174,0.76187782080981,896,0,0.7264445444247492,0.2440162384214321,1.0871794524130651,0.9898710479799938,151
C372F,0.529226077,2175,0.0801505475471528,2065,0,0.5073260620622383,0.0111523596980182,-0.2739084961671872,0.0760322645955419,372
R342S,0.528335817,2176,-0.2287477507472554,2577,0,-0.2443053409602931,-0.2588893834199583,-0.3469167677709901,-0.06487951083778,342
E285A,0.5277017479999999,2177,0.7728381241875704,876,0,0.4733785947605874,0.6903394648314863,0.9338767473421112,0.9937576898160966,285
V479W,0.526994205,2178,-0.3246754911313668,2727,0,-1.019200897893945,-0.4116343163392091,-0.1457785449609633,0.2779117946686503,479
E285R,0.5269554,2179,0.5044029004059637,1332,0,0.3423093694360797,0.3693229616093692,0.5738240896438724,0.7321551809345334,285
I215H,0.526507001,2180,-0.0221329817874584,2231,0,-0.5394543475613831,0.7287602421419164,-0.075003534585895,-0.2028342871444722,215
G137R,0.5261641770000001,2181,-0.3310182409295308,2743,0,0.050405259310845,0.0461424402893628,-0.3102870207572072,-1.110333642561124,137
P464H,0.526056251,2182,0.5058488730839035,1331,0,0.6822298197716578,0.0996918631012133,0.6865915140038493,0.5548822954588932,464
L43R,0.52529895,2183,0.2956871321677805,1676,0,0.0973214933557561,-0.0555145274336041,0.5574346753890737,0.5835068873598966,43
S393A,0.5251777120000001,2184,0.1206460366094019,1991,0,0.5694230157150747,-0.5802157780504321,0.2922472992420535,0.2011296095309118,393
P31R,0.523973287,2185,-0.2567160115446666,2628,0,-0.1298832153512822,-0.1961615782645094,-0.5445879019206985,-0.1562313506421764,31
W212C,0.523968951,2186,0.6992284956791331,991,0,0.9648334587372804,0.6324356961838735,0.5038034869348647,0.6958413408605141,212
E250S,0.523420419,2187,0.5581965915062521,1221,0,0.1698598998187372,0.7497484394470167,0.5661958324418649,0.7469821943173898,250
I374A,0.523096893,2188,0.6873293810633945,1010,0,1.0078763078025006,1.3200130660102858,0.4504980341995035,-0.029069883758712,374
K247C,0.5224023329999999,2189,0.4593146174506252,1413,0,0.3459884702196829,0.5643247914073487,0.4831578426046036,0.4437873655708658,247
K270Y,0.5222400070000001,2190,-0.2953739834011846,2680,0,-0.541556419639427,-0.5181821992731769,-0.1390067476260556,0.0172494329339212,270
H78G,0.521785921,2191,-0.4303305596273946,2895,0,-0.0178481454790735,-1.3584830459383952,-0.0233515730117967,-0.3216394740803128,78
I42G,0.521681311,2192,-0.290662565235501,2676,0,-0.1203704234085774,-0.2325889819358751,-0.1882179727370688,-0.6214728828604827,42
S53M,0.521227788,2193,-0.6253459481876451,3127,0,-0.2605030337029896,-1.0756834705260718,0.200866882417438,-1.366064170938957,53
W212T,0.5208149679999999,2194,0.6905348340275914,1005,0,0.6935476524753004,0.1859009884692182,0.4450785076673801,1.4376121874984669,212
N277P,0.520675233,2195,-0.6540800375370475,3165,0,-0.2736603330371938,-1.283430279053826,0.0472752370735397,-1.1065047751307096,277
P464A,0.520496325,2196,0.530921981135989,1275,0,0.5279737102798925,0.4948971996099642,1.0245641568732495,0.0762528577808494,464
K459A,0.520208319,2197,0.182276359719012,1874,0,-0.1994584562690145,-0.5104186462715983,0.4882090094203263,0.9507735319963346,459
L54T,0.519838302,2198,0.1802777660041096,1879,0,-0.2569820741404316,0.2267065036816749,0.0883611560362191,0.6630254784389761,54
Q193P,0.519823575,2199,0.3667802256939222,1553,0,1.3697857239519402,-0.0267683336157766,0.5396474046111872,-0.4155438921716616,193
F126T,0.5197151210000001,2200,-1.1938878464600764,3706,0,-0.997399689879558,-1.217330287676354,-0.7772478686493529,-1.7835735396350405,126
K84E,0.5196465339999999,2201,-0.0382774937578867,2257,0,0.1943304668690063,-0.2520203581778228,-0.1226329755256805,0.0272128918029498,84
K420S,0.5192756279999999,2202,0.1007049648491971,2029,0,-0.1563764767445259,-0.1561863229886349,0.1077575835114797,0.6076250756184696,420
P346S,0.51892509,2203,-0.0334683853259581,2250,0,0.4508033351675201,0.3102767654647578,-0.3666078487997523,-0.5283457931363582,346
M339C,0.518634921,2204,-0.0575665054218364,2288,0,-1.0315366390662055,-0.3572623992860386,0.3007079989569754,0.8578250177079229,339
E81V,0.517309617,2205,-0.1074647771780665,2387,0,-0.2137499665535211,-0.2167304949710923,-0.1716052972266121,0.1722266500389593,81
E326D,0.517256159,2206,-0.2397320679509539,2599,0,0.0165567838346205,0.1011672113097604,-0.5117772927712063,-0.5648749741769904,326
L36R,0.517253991,2207,-0.219265852016922,2559,0,-0.4084145224321016,-0.4688293314028354,-0.5322748758536096,0.5324553216208586,36
E81W,0.5170516860000001,2208,-0.8005140223330703,3323,0,-1.2516860268497343,-1.1900121784390114,-0.8023137537301617,0.0419558696866258,81
E274P,0.5165346820000001,2209,-1.4972495700148398,3902,0,-0.5723334542075474,-2.61454730062384,-0.3187173574726522,-2.4834001677553204,274
S451V,0.515808727,2210,-0.0628775307717363,2298,0,0.8527588535598104,0.0403497671888472,0.6246897698172205,-1.7693085136528235,451
C486H,0.5158023820000001,2211,0.4977371541714729,1344,0,0.1565119878227967,0.6663733242302247,0.9231301911653864,0.2449331134674836,486
L4K,0.515297704,2212,0.8190513683056247,819,0,0.9013565526163048,0.1282119145173496,1.1350878075455046,1.11154919854334,4
T167R,0.515032315,2213,0.6167133005506504,1138,0,0.3052359186989037,0.4179261721042993,0.7029575775534876,1.0407335338459112,167
M339H,0.513924715,2214,-0.3044087166843518,2690,0,-1.0446133880079809,-0.6311766804052683,0.3413604677695289,0.1167947339063128,339
R335G,0.5130792160000001,2215,-0.5305993223235326,3026,0,-0.0297308500248019,-0.8220424741282656,-0.0403086386558629,-1.2303153264851998,335
K84L,0.511975748,2216,-0.7767809239400512,3303,0,-0.8367346589132634,-1.1745887043002177,-0.7451055846322189,-0.3506947479145046,84
S280G,0.51197113,2217,0.3051136093025928,1660,0,0.7401061143439276,0.2628050703260698,0.9231829400271604,-0.7056396874867865,280
V319D,0.510539186,2218,-0.6119099947986942,3108,0,-0.5849407213993453,-0.6316953752922736,-0.9214024936773388,-0.3096013888258191,319
E154M,0.510472949,2219,0.0607116148961871,2094,0,-0.4920544481965282,-0.6061221374456003,0.5288450602183131,0.8121779850085641,154
M271T,0.509955115,2220,0.0060895782262984,2192,0,0.5540803995905128,-0.1510564118113708,0.4498234079457155,-0.8284890828196638,271
V462L,0.509951464,2221,0.6503095148768846,1075,0,0.7648591522157563,0.6203311195306467,0.9546174553650264,0.2614303323961089,462
A161T,0.508604931,2222,0.5546885322540389,1227,0,1.002548408890899,0.5151155888993608,0.7920731689899138,-0.0909830377640179,161
T283A,0.508478871,2223,0.2936078986058866,1681,0,0.5752682659252911,0.0229373378238105,0.9721370893551108,-0.3959110986806657,283
K423I,0.507513718,2224,0.4705852036906688,1388,0,0.9913252961894446,0.7593642446599611,-0.4188926889015538,0.5505439628148234,423
P260T,0.507351905,2225,0.1750977154654824,1891,0,0.4680747772054744,-0.459014965395511,0.533043788435976,0.1582872616159904,260
F126C,0.5071307939999999,2226,-0.5738834751296372,3065,0,-0.3521978311877849,-0.8381846767527191,0.5294114503922108,-1.6345628429702557,126
Y358H,0.505732615,2227,0.8785030118327168,733,0,0.6449505955883125,0.94580158371396,0.6759985905623607,1.2472612774662344,358
Y61F,0.50560576,2228,0.3803062359513476,1531,0,0.4452133612962895,0.1144749351634596,0.2064187662659446,0.7551178810796966,61
R377A,0.504954504,2229,-0.5405438531267429,3032,0,-0.9587254780855003,-1.0427791485691538,-0.0157264531909119,-0.1449443326614056,377
N259L,0.504932696,2230,0.1996278513129882,1849,0,-0.1849163602749598,0.4732819224124298,-0.064285210336235,0.5744310534507181,259
R377S,0.504765011,2231,0.0434776124896015,2121,0,-0.0287675678448452,-0.297261156515457,0.1927357559745027,0.3072034183442055,377
F183W,0.504743543,2232,-0.4486710014912195,2922,0,-0.7865838729056319,-0.2853389398095974,-0.3215085881536866,-0.401252605095962,183
N418V,0.504056763,2233,0.1350466462286471,1970,0,0.2576040984208051,0.080065675021219,0.1104390187563734,0.0920777927161908,418
K420N,0.503526803,2234,0.524497679292911,1293,0,0.3747933603531443,0.4418292499043789,0.654666972986572,0.6267011339275488,420
N258V,0.503234989,2235,0.2213073785756412,1811,0,-0.3547624886737163,0.4766440667871303,0.3850977555248005,0.3782501806643502,258
P409V,0.503230525,2236,-1.1249330520196383,3667,0,-0.639460465762893,-1.1419326168090993,-1.404198388610389,-1.3141407368961715,409
P260K,0.5019021020000001,2237,-0.3087411641412888,2698,0,-0.4017703575151439,-0.8875171931458206,0.0202138391431426,0.0341090549526666,260
G137Y,0.501900459,2238,-1.4689600593500298,3877,0,-1.0468653368647274,-1.0132293391829714,-1.6941287219134382,-2.1216168394389823,137
D224L,0.501496493,2239,0.8558394974482193,763,0,0.5810219371798174,0.8587772611803559,0.7709253918386267,1.2126333995940777,224
R144H,0.5013703829999999,2240,0.5240667375071888,1295,0,0.8359938040582428,0.227868144579883,1.0505345136025874,-0.0181295122119584,144
I284Q,0.500642302,2241,0.9641073346555652,607,0,1.1923678935654225,1.0543702880030053,0.972858493258951,0.6368326637948819,284
P346Q,0.500637537,2242,-0.416675418041916,2876,0,0.2198959887684498,-0.2289293310978483,-0.7455376642620467,-0.9121306655762188,346
P382E,0.5001707679999999,2243,-0.423815536922629,2887,0,-0.4326317675723174,-0.6725600704582813,-0.6938080278844072,0.1037377182244898,382
P317S,0.499922551,2244,0.2868275814501043,1693,0,0.4678159968546171,0.4392019009710528,0.1332458119708874,0.1070466160038597,317
F282C,0.499784491,2245,-0.295129221784584,2679,0,-0.2354403584474411,-0.7171560483065459,0.5658829501574885,-0.7938034305418374,282
E415Y,0.4996854639999999,2246,-0.142070639784554,2436,0,-0.3118628015277948,-0.4134912547459919,-0.3422160634110194,0.4992875605465899,415
F226A,0.4996001020000001,2247,0.0266359486940201,2151,0,-0.1484483637006302,-0.0739169490532917,0.1351693697063693,0.1937397378236331,226
Q324T,0.499516423,2248,-0.2100292263374762,2545,0,-0.3155830011598048,-0.2889704734751227,-0.0283435409581646,-0.2072198897568128,324
P471A,0.499384303,2249,0.5821991459524338,1189,0,0.2763403151425652,0.8338221325091757,0.9328177523497247,0.2858163838082696,471
E81M,0.499230369,2250,-0.2142046735446275,2554,0,-0.6309098112631989,-0.4975369645269465,-0.2444298132358625,0.5160578948474978,81
V323S,0.498141202,2251,-0.4252080619370195,2890,0,-0.6525319377465513,-0.7877831722393668,-0.297236545407439,0.0367194076452792,323
L67A,0.4977167489999999,2252,0.3146419021429234,1640,0,0.8537833512459715,1.09168147465718,0.1752323262452483,-0.8621295435767063,67
I284E,0.497580226,2253,1.0524413837809687,488,0,1.0422456944300382,1.587839728236741,0.8083959022267262,0.77128421023037,284
E147K,0.497133707,2254,0.4492181652597862,1428,0,0.2328763564434444,0.3260452774775357,0.786579457748214,0.4513715693699506,147
E147M,0.4966590999999999,2255,-0.2037912045511589,2533,0,-0.5232862225363929,-0.6699245541558,-0.4182283083052082,0.796274266792765,147
W212G,0.496515149,2256,0.8583734189919858,760,0,1.4425380426615737,0.3711825778421045,0.7700942289560387,0.8496788265082266,212
M339T,0.49621384,2257,0.7088250083890224,977,0,0.4866447976669465,0.693401491862557,0.6630664676010132,0.9921872764255733,339
N378R,0.496149076,2258,0.3642916458949243,1555,0,0.5671696429172493,0.5737285797505015,-0.5993573235611867,0.9156256844731332,378
P221I,0.4956310439999999,2259,0.5206797173029156,1300,0,-0.3984095215229767,1.3436061519835354,0.8952887656940985,0.2422334730570053,221
Q252N,0.495443466,2260,0.0521341607662821,2105,0,-0.0656671023274501,-0.3448711613645933,0.2143903093886694,0.4046845973685026,252
K273F,0.495329492,2261,-0.4780706693693892,2958,0,-0.7203226175265157,-0.7058732964381508,-0.6730931569664257,0.1870063934535355,273
R333V,0.495217991,2262,0.1360449965436578,1969,0,0.0340116071472612,-0.3614546697060239,0.1818637771245097,0.6897592716088843,333
K247T,0.494622692,2263,0.8532790328976126,771,0,1.0844806314353248,1.1677231961388432,1.0459821077475824,0.1149301962687003,247
N258I,0.494118547,2264,0.2049851543213988,1842,0,-0.1433902737031473,0.2355693042367675,0.551548502721658,0.1762130840303172,258
E285N,0.4938352479999999,2265,0.8540897551737092,768,0,0.6213478508248588,1.0210090619929368,0.6792127391971822,1.094789368679859,285
D397T,0.49320645,2266,-1.2495813473139727,3743,0,-1.0118799421581084,-1.4941572400841523,-0.6355670175794976,-1.856721189434133,397
T167G,0.492049684,2267,0.3039794921356604,1661,0,0.2451198625303018,0.2600549430728203,0.4654739074753984,0.2452692554641209,167
K423L,0.490342199,2268,0.478516497147946,1374,0,0.8676533889312046,0.5187419008042786,-0.3487681819153171,0.8764388807716176,423
Q484M,0.489078059,2269,0.2437930102388813,1779,0,-0.3336500493355223,-0.4436238929507425,0.7305731667383454,1.0218728165034447,484
N41S,0.489006129,2270,0.1517602685597906,1943,0,0.3640133166906666,-0.2720225130215525,0.4215648832429441,0.0934853873271042,41
I374H,0.4885362829999999,2271,-0.3630879146912593,2789,0,-0.5269466445634845,-0.5437318722514679,-0.4463238486283143,0.0646507066782294,374
F168S,0.488126485,2272,0.6327500791702937,1111,0,0.7845613873179785,0.1921294777435082,1.1676977387890288,0.3866117128306592,168
L67W,0.487462946,2273,-0.5983016163808236,3088,0,-0.381637450037459,-0.9047246349341916,-0.1569502625409066,-0.9498941180107372,67
K423Y,0.487403955,2274,1.1028771193638236,429,0,1.4572882783568262,1.3996281788614802,0.8655470503709546,0.6890449698660336,423
P471M,0.487010645,2275,-0.4783617494760196,2959,0,-1.447362893154062,-0.2432085702071259,-0.0383032118093919,-0.1845723227334988,471
L9D,0.486819835,2276,-1.207450584718175,3716,0,-2.01286663003394,-1.5210147632576592,-0.4762188246422287,-0.8197021209388705,9
H78L,0.486262861,2277,0.1829482378286056,1873,0,0.2999824556092134,-0.5381641365309647,0.8105213780693374,0.1594532541668362,78
L314T,0.4861778089999999,2278,0.2560761369559508,1752,0,0.3797043376928435,0.5110309670826674,0.5201996712906027,-0.3866304282423105,314
I74H,0.485739577,2279,0.551564033477146,1234,0,0.5099133490431655,0.1443257321867063,0.343490888106026,1.208526164572686,74
T34E,0.485294496,2280,-0.0902817152105593,2354,0,-0.2478805498859317,-0.9706776136668696,0.1292205380177938,0.7282107646927704,34
E415C,0.485111501,2281,0.0561827869251576,2100,0,-0.4201331107883342,-0.335242368695779,0.3433579988890236,0.6367486282957202,415
V8D,0.484663281,2282,-1.0326640550584654,3577,0,-1.7141613166270284,-0.934923281548672,-0.8304814779628752,-0.6510901440952859,8
Q193Y,0.4846490429999999,2283,1.15192470863634,358,0,1.3928108512046278,0.8834782641686408,0.9092285502066682,1.422181168965423,193
N258F,0.483530878,2284,0.1527172489046651,1940,0,-0.4648474572775825,0.3517078208197259,-0.128059953939033,0.8520685860155502,258
P402Y,0.483524095,2285,-0.712366103235598,3229,0,-0.308744817290686,-0.8828532236842974,-1.1214846842239798,-0.5363816877434288,402
C266I,0.4825391470000001,2286,-0.2001429109363615,2527,0,-0.0056376832013807,0.1300217231873679,0.3931557305000027,-1.318111414231436,266
K459T,0.482444473,2287,0.5388786574178402,1255,0,0.8397741233202344,-0.2344085646706201,1.0119793354580728,0.5381697355636738,459
F219G,0.48174028,2288,-0.1900398374322341,2508,0,-0.6842857121338485,0.9218063217554646,-0.1867648002924848,-0.8109151590580678,219
Q44C,0.481000242,2289,-0.2295149199103143,2578,0,-0.5833336782494672,-0.4534370539363885,-0.0839206915337965,0.2026317440783949,44
M271V,0.480329842,2290,0.3395076017962322,1600,0,0.522193724035812,0.2081739397206944,0.9117330971660328,-0.2840703537376101,271
R335T,0.480003752,2291,-0.3814680171266585,2815,0,-0.4444163597856386,-0.7507212577085487,-0.0517534971926577,-0.2789809538197894,335
N403F,0.479856001,2292,-0.2004872935439395,2529,0,-0.2347295605651381,-0.5837389936561774,-0.5124064506106427,0.5289258306561999,403
Q324N,0.479478379,2293,-0.0907203727848664,2356,0,0.3589005864443165,-0.2583747052718818,-0.127497620030648,-0.3359097522812524,324
K420L,0.479448008,2294,0.3954433927308505,1493,0,-0.3119293637931499,0.2583975026995011,0.6468945008349359,0.988410931182115,420
F168L,0.479389326,2295,0.8410544759733406,790,0,0.9563938995621868,0.6717763067089981,1.0425330896446323,0.6935146079775453,168
L461F,0.4788067379999999,2296,0.1841774499994524,1870,0,0.4566283430780795,0.4431330833606663,0.4056469629477741,-0.5686985893887102,461
T320P,0.478529321,2297,-0.5643841016034044,3051,0,0.3323961848061581,-0.6070799957888207,-0.5307938477589822,-1.4520587476719728,320
K48L,0.476730101,2298,0.1746689070011637,1892,0,-0.8090838730245947,0.0844111170856891,0.4585199147128992,0.9648284692306612,48
F168M,0.476181465,2299,0.2583213219512565,1746,0,0.0745902284532627,-0.1085615900967598,0.4960557104967173,0.5712009389518059,168
T320V,0.4759653029999999,2300,0.610047937206056,1146,0,1.0524946778709607,0.4935250815918872,0.8948798921539586,-0.0007079027925829,320
R150Y,0.4756531779999999,2301,0.6183371671274905,1135,0,0.7911237803244251,0.1198848130440609,0.8851125973446567,0.6772274777968194,150
I42K,0.475441581,2302,-0.4033754704523183,2851,0,-0.4460042774523929,-0.5166044242219454,-0.4919726935196881,-0.1589204866152466,42
E85G,0.4752946389999999,2303,-0.3726331700249616,2800,0,-0.0911740471997481,-0.180273501322951,-0.8878340972805273,-0.33125103429662,85
L36S,0.474978536,2304,-0.154236962338513,2460,0,-0.1676053689715375,-0.6571617678834408,-0.3230288551985184,0.5308481426994445,36
P221V,0.47445339,2305,0.5893817558626296,1175,0,-0.1456691936791606,1.4737296480764126,0.9154660154940109,0.1140005535592555,221
I42R,0.4740717820000001,2306,-0.2379121855067409,2594,0,-0.4348638650151929,-0.4105886253047457,-0.095950319759907,-0.0102459319471178,42
G70C,0.4739499179999999,2307,-0.4423380765537115,2911,0,-0.0261369902630652,-0.5898987966947851,-0.3312614043416734,-0.8220551149153221,70
R335N,0.473566427,2308,-0.2508174363542859,2615,0,-0.2819961678768032,-0.7195470790995611,0.6988920679712641,-0.7006185664120433,335
T386G,0.4735477529999999,2309,0.6204301805040406,1131,0,0.7991298960230339,1.158056010140435,0.8736906636888434,-0.3491558478361494,386
P35C,0.472417317,2310,-0.5021059174626639,2992,0,-0.2487537328921047,-0.8347787499236947,0.0578555589283098,-0.982746745963166,35
F126Y,0.472312616,2311,0.0345220062175422,2135,0,0.3126889519499514,0.0307810917126674,-0.036414037808994,-0.1689679809834555,126
S451I,0.471921039,2312,0.220003897890347,1816,0,1.1454360520094655,0.2763841918400581,1.021007631056533,-1.5628122833446685,451
C10Q,0.471651022,2313,-0.5290208100279894,3024,0,-1.211926911555298,-0.7598970961174922,-0.5407241075461827,0.3964648751070153,10
H316Q,0.471290507,2314,0.2606968121354995,1739,0,0.3973752510443751,-0.6770719394057011,0.8321724181106296,0.4903115187926945,316
R150F,0.471140527,2315,0.54626829849525,1248,0,0.4244832361776876,0.0264012395847073,0.910177484484724,0.8240112337338811,150
P404T,0.470789103,2316,-0.3425862245844848,2755,0,0.0703217556648857,0.2672376756252948,-0.3942100313212205,-1.313694298306899,404
Q484S,0.47046481,2317,0.4653394947123224,1398,0,0.3441530520490528,0.2391972228372569,0.6303764785261662,0.6476312254368136,484
P464T,0.469892715,2318,0.3949147814001026,1494,0,0.394226554352614,0.2630365683796662,1.0541992843485606,-0.1318032814804303,464
F219N,0.4698208920000001,2319,0.0166975264927007,2171,0,-0.4803129092605459,1.0908389301940402,0.1162935053556177,-0.6600294203183091,219
V64T,0.469633592,2320,0.0625726866992748,2090,0,-0.1074977726881717,-0.1660139442344246,-0.2227858141953776,0.7465882779150735,64
K52F,0.469619193,2321,-0.1099234998898692,2389,0,-0.7395210008499633,-0.3742918995398634,0.2721234394349266,0.401995461395423,52
R377E,0.4694720229999999,2322,-0.0751649179625531,2322,0,-0.758245016351103,-0.5213858163514876,0.4007217444086345,0.5782494164437433,377
V462N,0.468690152,2323,0.2452045191950485,1775,0,0.5912539868900615,0.163865024814541,0.5481999030222904,-0.3225008379466988,462
P31E,0.468589911,2324,-0.7629499777052944,3293,0,-0.9025412582818748,-1.4704673172298943,-0.2564300632684688,-0.4223612720409396,31
P31S,0.468486998,2325,0.258703450123168,1745,0,0.2154769411910373,0.0600363402440711,0.7053433296473066,0.0539571894102567,31
V8R,0.468356052,2326,-0.7176200193826221,3236,0,-1.607451451346536,-0.6024050472408916,-0.5551969397611225,-0.1054266391819381,8
Q146Y,0.4683440679999999,2327,-0.5797513318643981,3072,0,-0.5128686975204635,-0.8112312874101113,-0.3805387115641513,-0.6143666309628664,146
S53L,0.468227758,2328,-0.4724050311952239,2950,0,0.1115967539597105,-0.9050821246988544,1.004583507200171,-2.100718261241923,53
V351A,0.467532502,2329,0.3310698822278829,1612,0,0.3683975475126689,0.4293053257069855,0.6940425021278589,-0.1674658464359818,351
I215A,0.467498344,2330,0.7571511407096526,904,0,0.7285641784427713,1.1672284008484644,0.7961173572170855,0.3366946263302896,215
T283L,0.467161518,2331,0.177596436955472,1882,0,0.0558453843237865,0.3921456705289001,0.1663777362299329,0.0960169567392685,283
Y225G,0.466755791,2332,-0.2074804725472022,2541,0,-0.4792128170553207,-0.2219056614069541,-0.1042346793915204,-0.0245687323350135,225
K247V,0.466754186,2333,0.7325183394830919,939,0,0.7917849077914317,0.7960381422102576,0.8539136233682123,0.4883366845624657,247
Y225Q,0.4666873039999999,2334,0.1760230930239183,1889,0,0.0255583809298477,-0.008852472971664,0.2826545968007069,0.4047318673367827,225
P317R,0.465816066,2335,0.0816402081875119,2062,0,-0.0990239830863478,-0.1248026044988617,0.2899655139290508,0.2604219064062065,317
P346T,0.464630635,2336,-0.2585400358249858,2631,0,0.1963450642921182,-0.264214106435269,0.2301264058552131,-1.1964175070120058,346
F219D,0.46425815,2337,-0.6312378900503848,3132,0,-1.165235716041747,0.9108994027595072,-1.0784100193026442,-1.192205227616655,219
E285H,0.464004776,2338,0.5994512952849893,1160,0,0.2668144704066331,0.4490014050443409,0.8563078664093241,0.8256814392796593,285
Y68R,0.463895502,2339,0.5154452973526014,1315,0,0.1700363847513335,0.5130183156133384,0.4973977926668146,0.8813286963789188,68
R335S,0.463401256,2340,-0.1548054039770643,2461,0,0.1141394660007721,-0.4786762329954835,0.1226596566717237,-0.3773445055852699,335
K48V,0.463382497,2341,0.0336178399506424,2139,0,-0.7144499215500059,-0.200956761197707,0.7129103008477387,0.3369677417025439,48
S451M,0.463283566,2342,0.3405583185145852,1596,0,0.8671449023638189,0.2178206738233905,0.6312923524398032,-0.3540246545686719,451
T283I,0.46292604,2343,0.2082801972656322,1836,0,0.2901785095964068,0.40863050098398,0.7868200216257307,-0.6525082431435886,283
T159Q,0.462836596,2344,0.2792521776252987,1707,0,-0.024229258221936,-0.2425322852628141,0.5600268834056239,0.8237433705803213,159
V76Y,0.462546695,2345,-0.5990586771790216,3089,0,-0.6559734078923869,-0.8270095734876158,-0.1220533972681735,-0.7911983300679102,76
L485A,0.462228132,2346,0.5586514406442276,1220,0,-0.2490948924224631,1.018789679843479,0.836818003273544,0.62809297188235,485
N259I,0.46216975,2347,0.332902139194225,1611,0,0.0704173272396803,0.3618368313764729,0.6573572749451237,0.2419971232156231,259
C486L,0.462125196,2348,0.1331645640886529,1975,0,-0.2703901267066638,0.1718216490672971,0.280666250302483,0.3505604836914956,486
I327L,0.4618482279999999,2349,0.2301226578916367,1799,0,0.560625991488244,0.4083558899325477,0.4286454109821787,-0.4771366608364237,327
E93I,0.461829837,2350,-0.1399615197468914,2432,0,-0.3851554779566184,-1.2564158352795003,0.9379551051122548,0.1437701291362979,93
V472P,0.4615850829999999,2351,0.2410832955798671,1781,0,1.1021167350115495,-0.1202282083154502,0.8629622168597681,-0.8805175612363989,472
K270G,0.460417178,2352,-0.3072271964585858,2693,0,-0.30563451116724,-0.583832717564516,0.1132670345720899,-0.4527085916746775,270
A161K,0.460099527,2353,0.3690022456574119,1550,0,0.6808099690328839,-0.0384188848787518,0.2189706064585725,0.6146472920169429,161
L453M,0.459953582,2354,0.2738666624391355,1718,0,0.4690176076826743,0.0004528383220844,0.4421411415167022,0.1838550622350809,453
L170I,0.4597907189999999,2355,0.5852039530691677,1184,0,0.8815720081356146,1.0703132603765908,0.7342155064206147,-0.3452849626561494,170
D468L,0.459345892,2356,-0.6678456346713867,3176,0,-1.9677492523784164,-0.732015572299737,-0.1633458520699159,0.1917281380625228,468
R377M,0.459147598,2357,-0.2109478590426528,2548,0,-0.3837253385455362,-0.4867632673721279,0.0322056004290992,-0.0055084306820465,377
D188A,0.459078026,2358,0.2639825045653161,1735,0,0.3580092551694857,-0.030039833581984,0.3118786847318355,0.4160819119419272,188
Q44F,0.458678511,2359,-0.2231783727450416,2567,0,-0.7310474625318597,-0.6482089923763432,-0.1013232649507182,0.5878662288787545,44
K375L,0.4585378129999999,2360,0.3086080736222009,1655,0,0.0617926138436547,-0.1109318677386428,0.6154304089335307,0.6681411394502609,375
P260A,0.457105625,2361,0.4596833235350354,1412,0,0.3858177634729993,-0.0234709926291272,1.0198887884776353,0.456497734818634,260
S280Y,0.456880335,2362,-0.3762452949091973,2809,0,-0.0473548570819558,-0.7685727166385029,0.7105512336244137,-1.3996048395407443,280
P471G,0.456414063,2363,-0.2132343429891412,2551,0,-0.7766295754670957,0.7305192390644853,-0.1090499194572207,-0.6977771160967339,471
E154V,0.4561202139999999,2364,-0.0390409560946815,2259,0,-0.0845507109111271,-0.2738169241923437,0.3133448638494887,-0.1111410531247438,154
H410I,0.455557914,2365,0.6780442224512542,1024,0,1.3768269520468266,1.1854024373872254,-0.0581780644649378,0.2081255648359024,410
P260D,0.4554899129999999,2366,-0.878202400902691,3403,0,-0.79409161620658,-1.858775645215306,-0.1512458634201781,-0.7086964787686995,260
P382A,0.454750021,2367,-0.2066874299218408,2539,0,0.0512556034189219,-0.3666884805302463,-0.3234933964688116,-0.1878234461072272,382
E285S,0.454584542,2368,0.7390879740706919,930,0,0.3385241710818604,0.7570206113863059,0.7491266098038006,1.1116805040108009,285
T470L,0.4543382689999999,2369,0.0746443670228262,2074,0,-0.8705152319442931,0.1111613933297975,0.7848883187696728,0.2730429879361277,470
R157G,0.453504251,2370,0.3014181032581165,1667,0,0.6901476999840719,0.2828432419288611,0.4171855150099731,-0.1845040438904399,157
E415L,0.453417165,2371,0.1345848993406233,1972,0,-0.2976465367571858,-0.1024295025567609,0.2035555631127246,0.7348600735637156,415
D256Y,0.453313312,2372,-0.6040850914017859,3096,0,-0.2693483323244507,-0.5410877869059385,-0.70604801589643,-0.8998562304803243,256
N196Y,0.451728998,2373,0.9843248122698556,576,0,1.1278629997066207,0.9263810526671202,0.9581698506689716,0.9248853460367096,196
N378T,0.45152341,2374,0.2450623623565375,1776,0,0.4291515292848085,-0.0196376847780788,-0.012624220316941,0.5833598252363614,378
N133I,0.451496126,2375,-0.474792238304992,2953,0,-0.2790382792896717,-0.9424319055195696,0.6472090168151805,-1.3249077852259072,133
I215T,0.4508137829999999,2376,0.6141891085150967,1141,0,0.5020164091407415,1.029839728636599,0.6907499878013824,0.234150308481664,215
P337T,0.4506520579999999,2377,-0.2395616379268935,2598,0,-0.234849143695388,-0.3722045342098653,-0.2244632355836178,-0.126729638218703,337
M271E,0.448948533,2378,-0.3731661928099948,2802,0,-0.5887880426732018,-0.7033556044775809,0.1172054470615306,-0.3177265711507273,271
P260H,0.447879755,2379,-0.072369111734336,2313,0,0.2231380792427664,-0.368289418775967,0.0895182789299515,-0.2338433863340953,260
N259F,0.4476825239999999,2380,0.2561785397359534,1751,0,-0.1615902788870951,0.5798727844529356,0.1822613246420098,0.4241703287359633,259
G46W,0.44757623,2381,0.3636481711952557,1557,0,-0.5022688522055538,0.3548056637729117,0.3129344127289197,1.2891214604847454,46
F183M,0.447024631,2382,0.0286479580833519,2147,0,-0.2816391216312658,0.4501172551187606,-0.3348916526355319,0.2810053514814447,183
E85V,0.44620565,2383,-0.5470474396558438,3040,0,-0.4739603172198902,-0.4870293093805118,-0.7845705480286633,-0.4426295839943099,85
D414S,0.446062823,2384,-0.0579565946870577,2290,0,-0.1208485884070974,-0.1640374408988613,0.0976025705990599,-0.0445429200413321,414
L7D,0.445336513,2385,-1.4831842420993877,3888,0,-2.020193337374921,-1.5977355479280604,-1.5054580852083388,-0.8093499978862299,7
K273P,0.44516936,2386,-0.6718729164861186,3182,0,-0.0717668191846661,-1.30351397369781,-0.0937603086142927,-1.2184505644477055,273
T385C,0.445150991,2387,-0.0412221534667541,2262,0,-0.3826763965375134,-0.3251412075289384,0.074624267748967,0.4683047224504683,385
K465Y,0.445007462,2388,-0.0778220976708756,2325,0,-0.6350277651033673,-0.277135420004018,0.0264437409731647,0.5744310534507181,465
D414N,0.444881505,2389,0.6407253593013058,1097,0,0.661145789454017,0.5829475311572806,0.784020809871394,0.5347873067225315,414
P163V,0.4447962239999999,2390,-0.1071159536693386,2385,0,-0.4274245267268788,-0.264806039862076,0.1216300627901991,0.1421366891214011,163
D256C,0.444495677,2391,-0.2732470378141711,2650,0,-0.4058160254052265,-0.8568169897304315,0.079452617675155,0.0901922462038184,256
M271Y,0.444177234,2392,-0.6826472525879239,3196,0,-0.9696971395445936,-0.7965043158015704,-0.1711881296139097,-0.7931994253916218,271
F69T,0.443592605,2393,0.4070508765042047,1477,0,0.289437557667718,0.7234497785498029,0.3688966784404341,0.2464194913588639,69
F69S,0.443038859,2394,0.5168573912900005,1308,0,0.5988444583756775,0.6278123627311795,0.5325346386255356,0.3082381054276095,69
K465W,0.442609013,2395,-0.2560047329602918,2627,0,-1.129211291073834,-0.2653453540089159,0.2737854458846847,0.0967522673568979,465
Q324V,0.44228551,2396,-0.2266714763062933,2575,0,-0.5299065154999616,-0.4409445941939374,0.1462719926340751,-0.0821067881653495,324
I374S,0.441597487,2397,0.5379051918655278,1258,0,0.7387599036952858,0.9077982125238808,0.3787719059316822,0.1262907453112622,374
K383T,0.441399152,2398,-0.1257636737030945,2408,0,-0.0925338271692637,0.0612299811624119,-0.7074348051468509,0.2356839563413245,383
V462R,0.440975767,2399,0.1063236639453788,2018,0,0.1825056971809171,-0.1263228062921137,0.4780153728523525,-0.1089036079596406,462
V8N,0.44050782,2400,-0.6453124799262774,3153,0,-1.4669244372935644,-0.4845981111982087,-0.5804994720938799,-0.0492278991194566,8
P31M,0.440392897,2401,-1.3268410194504183,3791,0,-1.2621734366602038,-1.3847032465352,-1.8505701571007247,-0.8099172375055452,31
T34G,0.44026246,2402,0.2014802495028325,1845,0,0.086455929467279,-0.4787447853398683,0.4590061954574391,0.7392036584264802,34
S286F,0.439633004,2403,0.0291745576292081,2144,0,0.652450618894978,0.5367814100617494,-0.2245064620657951,-0.8480273363740994,286
P31C,0.437757575,2404,-1.0122715796362307,3562,0,-0.8889207034498636,-1.1366310569882774,-1.3784109344517677,-0.645123623655014,31
W212H,0.437610737,2405,0.3575470010561211,1565,0,0.4057348182353066,0.0099071706300911,0.5581533249143932,0.4563926904446936,212
P402W,0.4370317729999999,2406,-1.1092499049406452,3651,0,-0.8555685691612304,-1.1321462340829782,-1.4385279882418174,-1.0107568282765549,402
A161R,0.437028306,2407,0.3935350390485342,1498,0,0.606721086177411,0.2613925171361096,0.2231994457317515,0.4828271071488648,161
V319S,0.436577893,2408,-0.0902558875353404,2353,0,-0.2118230392282343,-0.377428169295468,0.3360072915407398,-0.107779633158399,319
K84F,0.435646847,2409,-1.1631436507276236,3686,0,-1.661206958156686,-1.5729742269101947,-1.1831004191490384,-0.2352929986945754,84
T167Y,0.4353883639999999,2410,0.0796138771875804,2066,0,-0.3446870445617848,-0.2914837470228709,0.2240152716974846,0.7306110286374928,167
H78D,0.435316452,2411,0.1915629543315974,1861,0,0.1990111566396414,-0.5632193489471211,0.0814279702460231,1.0490320393878465,78
F168V,0.4342020889999999,2412,0.4534711889695133,1423,0,0.5507734220756402,0.1315578580450374,0.6783646387181116,0.4531888370392641,168
C151T,0.43414015,2413,0.3974855571594484,1492,0,-0.1326819017416626,-0.266564702056401,1.0023220535507829,0.9868667788850743,151
T386A,0.434063451,2414,0.9684664715018984,598,0,1.187535498229013,0.9845166540965732,1.1541479867133846,0.5476657469686231,386
E85N,0.433296196,2415,-0.1986177172798195,2523,0,-0.3766016126093925,-0.5405706987145048,-0.1300994948716207,0.2528009370762402,85
D191E,0.433166282,2416,0.5325362774413377,1272,0,0.4974346413944995,0.6682222961047987,0.7301225228178039,0.2343656494482487,191
F168A,0.433025554,2417,0.1963494961175165,1854,0,0.225241184376103,-0.5017968500522335,0.7038562326238964,0.3580974175223002,168
D373E,0.432286971,2418,0.3237601837959953,1627,0,0.4368631195234068,-0.1314013032110892,0.8829787414570763,0.1066001774145874,373
F183L,0.431894571,2419,0.6066617217113356,1148,0,0.672733486912605,0.950473720544639,0.6689974906584356,0.1344421887296625,183
I488Y,0.431267125,2420,0.3301782849931328,1615,0,1.0595509760089366,-0.0586915001436872,0.2279334379520063,0.0919202261552756,488
K270W,0.430985694,2421,-0.4585837782122921,2933,0,-0.638150272447434,-0.5116263457761899,-0.2825810833493332,-0.4019774112762114,270
N133V,0.4309244270000001,2422,-0.7052103859484824,3221,0,-0.7097626425618273,-0.6556854824358104,-0.2476206149604564,-1.2077728038358355,133
L467M,0.430631673,2423,0.3787065052778759,1535,0,0.7237301497621823,0.3837210961909392,0.5632122093982612,-0.155837434239879,467
S140K,0.4306133729999999,2424,0.315540162803945,1638,0,0.0715213562231838,0.6305691176036619,0.1537101222559495,0.4063600551329849,140
T470I,0.430415685,2425,0.2908241162007132,1685,0,-0.3902919405542907,0.4107502680080037,0.9466928833620708,0.1961452539870689,470
N403L,0.429287846,2426,-0.3965916311851118,2839,0,-0.3857134674168204,-0.6239802909404358,-1.0559073559430143,0.4792345895598232,403
C372I,0.429080217,2427,0.4193808242340022,1460,0,0.2468260929484998,0.601240697478105,0.1180580938671083,0.7113984126422959,372
K459I,0.4286607289999999,2428,-0.0986734637232304,2368,0,-0.040180371834396,-0.599390350783532,0.371869116878593,-0.1269922491535867,459
F376T,0.427874406,2429,-1.1369132758602642,3677,0,-1.2581544048444286,-1.2108253128724655,-0.9804828727915108,-1.0981905129326526,376
K185S,0.4269555579999999,2430,1.2950647615532758,228,0,1.8712771040042933,1.27735633624402,1.1037832608014229,0.9278423451633676,185
C266D,0.426827541,2431,-0.3248706150215521,2728,0,-0.2604583052008508,-0.2535954554031017,0.1127363165775112,-0.8981650160597673,266
Y358C,0.42655887,2432,0.5522473233003675,1232,0,0.7152356362335716,0.7629350586220128,0.3730993405697991,0.3577192577760868,358
I381F,0.425801639,2433,-0.1312103327993692,2421,0,0.2530275797122672,0.1990118921154064,0.1668779593264029,-1.1437587623515535,381
P480A,0.425577661,2434,0.2354392865788804,1788,0,-0.5261533418598203,0.6641846701335721,0.4589270182613604,0.3447987997804097,480
D256L,0.4253520879999999,2435,-0.6758488560793161,3188,0,-0.711971231016687,-1.3629459106708837,-0.0761613633582696,-0.5523169192714239,256
E81L,0.425279425,2436,-0.2135943329427422,2552,0,-0.5654980065389336,-0.8839176595004287,0.0181072247176787,0.5769311095507144,81
S140P,0.424746446,2437,0.0123375298703155,2179,0,0.0008609605213528,1.0390388641313295,0.1452256847600376,-1.135775389931458,140
E250T,0.4247092879999999,2438,0.5175546553816669,1305,0,0.0236715752385017,0.6658510142781834,0.5664381683972304,0.814257863612752,250
E415I,0.424350612,2439,0.2009226124934265,1846,0,-0.2331284644632969,0.1114736278358626,0.2735490517372748,0.6517962348638654,415
Q484N,0.423851251,2440,0.6729282246024759,1040,0,0.7556046659768823,0.3752448398120944,1.0352254508693184,0.5256379417516088,484
P471R,0.423117054,2441,-0.0181196539914827,2227,0,-0.8854252631450806,0.7883084637069785,0.1123648456437751,-0.0877266621716042,471
M255D,0.42305767,2442,-0.3299013113887444,2740,0,-0.4134808210311002,-0.7410971512351514,-0.3919715377175281,0.226944264428802,255
I45S,0.4224380479999999,2443,-0.5128955448166383,3000,0,0.0805608413192864,-0.7588096309981693,0.1078909285111387,-1.4812243180988092,45
F226P,0.4221464170000001,2444,-0.6779077917298882,3191,0,-0.7193052814263714,0.0672196083617362,-0.9487969260166988,-1.110748567838219,226
T348L,0.422022844,2445,-0.1200115069929814,2402,0,0.1800595339291164,-0.7489198841902809,0.3752324177845872,-0.2864180954953483,348
V330L,0.421738287,2446,-0.1197428016589619,2401,0,0.0176408497226001,0.2092721161438274,-0.1807474849900506,-0.5251366875122246,330
K84G,0.420699183,2447,-0.991905892652843,3537,0,-0.7162656418690384,-1.042753709222605,-0.8911230715320008,-1.3174811479877282,84
P31L,0.419250031,2448,-0.1758809096167765,2486,0,-0.0466046076556314,0.0889536471402654,-0.4626636880804973,-0.2832089898712429,31
S422I,0.41883393,2449,-0.160711526320695,2469,0,-0.0954171682528308,-0.389301381786396,0.1083321092015888,-0.2664596644451419,422
D468H,0.41819373,2450,0.0763824869304567,2071,0,-0.5911517011036419,-0.2775233030932422,0.9717570354947328,0.2024479164239782,468
V248M,0.417708147,2451,0.6134393449673761,1143,0,0.6391544155045062,0.50070848360085,1.04332003561582,0.2705744451483277,248
P163Y,0.4176288379999999,2452,-0.4756140094749306,2955,0,-0.9316380702968048,-0.8033472322406688,-0.1589737922413667,-0.0084969431208818,163
P31T,0.4169027829999999,2453,-0.4302466271112947,2894,0,-0.338696636122717,-0.5895548299511824,-0.3047052799563915,-0.4880297624148877,31
K270I,0.416600639,2454,-0.1773153028530508,2492,0,-0.0693988610105749,-0.1856592787699795,-0.2295983379863232,-0.2246047336453256,270
F219H,0.416533727,2455,-0.0622175306666932,2297,0,-0.3886570607523322,0.7562230878719933,-0.2786933731797935,-0.3377427766066407,219
F419S,0.416470874,2456,-0.1537633609364746,2459,0,0.0701581699632433,-0.3598304343745161,0.1485673847524429,-0.4739485640870688,419
L54Y,0.4156819020000001,2457,0.4663826618474935,1395,0,0.312932976362369,0.1716911050521112,0.352998950188709,1.027907615786785,54
G137W,0.4154040879999999,2458,-1.2591321985482056,3752,0,-0.7708864581288049,-0.4440107049095856,-1.3824603970501674,-2.4391712341042644,137
F226Y,0.415321207,2459,0.4602454891105917,1410,0,0.1979296594296873,-0.0064665300479586,0.8678509804654406,0.7816678465951975,226
T469H,0.41474219,2460,-0.1762153286228976,2488,0,-0.2211378754404996,-0.0272714971122572,-0.1695926600728891,-0.2868592818659448,469
P346M,0.4131308489999999,2461,-1.1458388616463304,3680,0,-0.5685885170893356,-1.1297956384618466,-1.5725427774333225,-1.3124285136008171,346
L90P,0.412649628,2462,0.0394787413985731,2130,0,0.7072178777226081,0.3350600446554345,1.0075165846109644,-1.8918795413947145,90
G171Y,0.4125615620000001,2463,0.1729373876195473,1895,0,-0.2865510203446045,0.350163920266794,1.0061639445719242,-0.3780272940159244,171
K84V,0.412023433,2464,-0.7385171834162305,3265,0,-0.9035192545196512,-1.1710579907818053,-0.7175509759971782,-0.1619405123662875,84
F69N,0.4102396789999999,2465,-0.0683042619456962,2309,0,-0.366122858127052,0.0024870488069247,0.2881689009826978,-0.1977501394453555,69
F126A,0.410158257,2466,-1.0701133695009315,3615,0,-1.1018506541203872,-1.3459427870026914,-0.1833962337762827,-1.649263803104365,126
S140R,0.4096861639999999,2467,0.4987851804429701,1342,0,0.2492846249434012,0.7318030557717777,0.8838231317223805,0.1302299093343212,140
L14D,0.4089351679999999,2468,-1.30133347718341,3774,0,-2.524661654716393,-1.6435978696692772,-0.8048486813726881,-0.2322257029752825,14
C338W,0.408108497,2469,-0.4847671752270466,2967,0,-0.1611424354574407,-0.7274308664864083,-0.4051721909988227,-0.6453232079655147,338
P31I,0.407864937,2470,-1.1670428595561149,3689,0,-0.9533864528891904,-1.300024230916472,-1.5435921424638126,-0.8711686119549847,31
K459L,0.406692511,2471,-0.0240601373055907,2236,0,-0.5468547927139423,-0.2395506599559682,0.1779201193743899,0.5122447840731579,459
K185D,0.405796681,2472,1.3775185398569354,182,0,2.035668351451668,1.88194712666294,1.1497900383248332,0.4426686429883001,185
R342T,0.405663197,2473,-0.6353573265981323,3136,0,-0.5748670641938662,-0.5371707969938735,-0.6495379075233195,-0.7798535376814698,342
K375F,0.4053622389999999,2474,-0.0883646378951035,2348,0,-0.6076401570306538,-0.3380795252924859,0.1041870571151248,0.4880740736276007,375
L312H,0.405166898,2475,-0.2325105678638095,2586,0,-0.2842136071026856,-0.3546907491325253,0.207601121118917,-0.4987390363389444,312
E250V,0.404764106,2476,0.5665534931882545,1209,0,0.1644951599217597,0.617286632259565,0.4611202561451576,1.0233119244265356,250
I284R,0.404732041,2477,0.9051249221111765,694,0,1.134020763103129,0.8965058874277053,0.96628667751865,0.6236863603952213,284
E253P,0.403950498,2478,-0.5057577334704642,2993,0,-0.7580759024076229,-0.3561340973209396,0.1879987496993453,-1.0968196838526394,253
S53F,0.4035493020000001,2479,-0.2769184503374773,2656,0,0.2175082071009013,-0.6404545439830033,0.9229072532407152,-1.6076347177085226,53
E154I,0.403222925,2480,-0.4687828463872981,2944,0,-0.716676574512284,-0.9231590565740112,-0.0417526421941791,-0.1935431122687182,154
E147Y,0.403131607,2481,-0.4352741773971446,2903,0,-0.7958887973711685,-0.5073898912279878,-0.9650841505372424,0.5272661295478204,147
R335C,0.402866262,2482,-0.0804643304924189,2327,0,0.1343708208558236,-0.0923753372353871,0.1711317919797829,-0.5349845975698954,335
K247N,0.402584183,2483,0.8271731998551692,810,0,0.8150317859468108,0.9878444553534328,0.9602727075055748,0.545543850614859,247
E85F,0.402269136,2484,-1.2172010384145928,3722,0,-1.6799927056916764,-1.5137217042759403,-1.2849193200463578,-0.3901704236443959,85
T167F,0.402260779,2485,0.1341389028774919,1973,0,-0.1675422409170208,-0.1645498428948781,0.209992062839166,0.6586556324827008,167
T320I,0.401983746,2486,0.4627363323672083,1403,0,1.042225131045628,0.1626784801349744,1.2933240038278808,-0.6472822855396501,320
I215R,0.401734949,2487,0.1032753483419877,2025,0,-0.5400494432508878,0.4936180021524401,0.0977220983250134,0.361810736141385,215
P471K,0.401003757,2488,-0.0870353461255119,2343,0,-1.2216372962630684,0.3927408173468502,0.3895491700017454,0.0912059244124249,471
E400P,0.400774066,2489,-1.0665374071650564,3613,0,-1.1736123705256294,-1.541195395201125,-0.5879810561825203,-0.9633608067509508,400
K158D,0.4007176,2490,0.3033198486036026,1663,0,0.0972838007977739,-0.1307199303974676,0.6767856219870751,0.5699299020270291,158
E318F,0.399814856,2491,-0.4078039772987715,2856,0,-0.4565191051087429,-0.6659704763542924,-0.3327571392249376,-0.1759691885071128,318
G332C,0.3996868189999999,2492,-0.5266726371871826,3021,0,-0.365053841341852,-0.6438101276841202,-0.6622402210017003,-0.4355863587210578,332
R144N,0.39967201,2493,0.2714902715942525,1721,0,0.0914734231837944,0.3111688831808437,0.7859039688790102,-0.102585188866638,144
F168G,0.398778057,2494,-0.0993836023279074,2370,0,-0.3515807621329972,-0.7334840920521052,0.5256926834180168,0.1618377614554559,168
Y243H,0.398389005,2495,0.6964524758993007,994,0,0.604099429167687,0.7424723177144478,0.6703016882424361,0.7689364684726318,243
F126E,0.397341835,2496,-1.7392704602868296,4004,0,-2.019515820625296,-1.9193694908691823,-1.3586488823389131,-1.659547647313928,126
N418I,0.396520646,2497,0.0124746821373513,2177,0,0.4854279143728034,0.1557165343322861,-0.3882748753250849,-0.2029708448305993,418
L195G,0.395441017,2498,-0.2412784905653866,2603,0,-0.4770704558208561,-0.4121117727065455,0.2210643302178464,-0.2969960639519913,195
I50D,0.394929595,2499,-0.3236280644602405,2724,0,-0.6072156550665349,-0.6709134752800697,0.2344774474193982,-0.2508605749137559,50
H396V,0.393844473,2500,-0.2881252329049343,2670,0,-0.2289925857177769,-0.1968745494243708,0.1077587801579822,-0.8343925766355716,396
M339V,0.3928972570000001,2501,0.8365962118834981,796,0,0.9583439589499092,0.7780032522025551,0.9224317744385948,0.6876058619429335,339
F419T,0.3928067179999999,2502,-0.7440753902610391,3270,0,-0.7191792207602311,-0.6868079790039142,-0.6114179404218584,-0.9588964208581526,419
A149S,0.392477219,2503,1.0933424212662812,443,0,0.9641063483534948,1.225975182578758,0.7668056424541615,1.4164825116787103,149
I284C,0.391855241,2504,0.6413246938546173,1096,0,0.790411523600526,0.4326566248865783,1.0034193564660243,0.3388112704653403,284
I45A,0.391667556,2505,-0.1747927820809025,2485,0,0.4972736802117091,-0.2085619207941934,0.110171067505409,-1.0980539552465347,45
P31V,0.3914782679999999,2506,-0.9885477810085964,3531,0,-0.8699177630196566,-0.8673989545470492,-1.612371442218597,-0.6045029642490836,31
P346V,0.3914288429999999,2507,-0.6420398537675144,3150,0,-0.0465360630409306,-0.5922219445999035,-0.5571606273020857,-1.3722407801271377,346
P404D,0.391338588,2508,-1.435344440480467,3858,0,-1.3702860793467255,-0.4568941272411063,-2.4680055359470896,-1.4461920193869466,404
P471C,0.391217811,2509,-0.1374475813459544,2428,0,-1.1567165278478644,0.5343369566409812,0.0439004805661435,0.028688765256922,471
F69K,0.391145056,2510,-0.1675476231651248,2474,0,-0.7520478851718131,-0.0580656922185806,0.0507655256094612,0.0891575591204331,69
H316R,0.391040981,2511,-0.0485929931975776,2273,0,0.3745184559635947,-0.624817379333197,-0.4063482248065123,0.462275175385804,316
D408T,0.39099601,2512,-0.2318432320521795,2584,0,-0.4584907050953418,-0.0262195131868053,-0.2701389768849646,-0.1725237330416063,408
H184L,0.390855561,2513,0.2783357328394894,1710,0,0.8268227719347825,1.3112618303789405,-1.396226993937803,0.3714853229820377,184
N403I,0.3900878679999999,2514,-0.2814953996224867,2662,0,-0.1392402951489009,-0.468849281206182,-0.4311527770783647,-0.0867392450564991,403
P404R,0.3890192839999999,2515,-1.040311871258535,3584,0,-0.2518383801557094,-0.521978687017378,-1.849765757639676,-1.5376646602213768,404
Y424V,0.388638672,2516,0.0223847784833901,2162,0,0.2661700533069985,0.1641320040620084,0.1012783920647504,-0.442041335500197,424
I169M,0.38817699,2517,0.6705394041715697,1044,0,0.8450594505816261,0.6343348772950576,1.051209371563702,0.1515539172458928,169
I284A,0.387507587,2518,0.6585847428277543,1067,0,1.1274030388175853,0.7075007810678244,0.6126913689069272,0.1867437825186799,284
E285P,0.38686076,2519,0.0010708441611393,2201,0,-0.0427667095212702,0.4076173455348398,0.1789762640302698,-0.5395435233992821,285
I374Q,0.386433446,2520,-0.4079211792199869,2857,0,-0.5722224426441863,-0.4323011075843571,-0.3155009080961851,-0.311660258555219,374
T159S,0.3862367889999999,2521,0.7021773295556732,987,0,1.022022003728443,0.2126647877343869,0.9619908396542274,0.6120316871056357,159
L67Y,0.386195574,2522,-0.403537432805755,2852,0,-0.219903430206378,-0.3149998789728097,-0.2339607438297875,-0.845285678214045,67
Y379L,0.385941535,2523,-0.5125008788003285,2999,0,0.0082691954692282,-0.928454725177738,-0.2571682478651428,-0.872649737627661,379
K270D,0.385894909,2524,-0.5236910057332836,3015,0,-0.6653694925074136,-0.8168868558218573,-0.171537791717943,-0.4409698828859209,270
G70L,0.385858064,2525,-0.7549493997224519,3282,0,-0.5899863588924873,-1.3125114688983153,-0.4574804395285957,-0.6598193315704097,70
K48I,0.385727222,2526,0.0113498887323265,2181,0,-0.665902130232321,-0.2517849772765953,0.6925279739459788,0.2705586884922437,48
V319E,0.385477191,2527,-0.1477992871530791,2450,0,-0.1397496193286863,-0.2413828284726901,-0.2997579862384927,0.0896932854275524,319
Q146G,0.383644809,2528,-0.3236231717534119,2723,0,-0.4748820259044135,-0.5115528394537929,-0.4782466108398077,0.1701887891843663,146
K160L,0.382912295,2529,0.3415442184509268,1593,0,0.0118210070885049,-0.3429325492662582,0.8036590234131648,0.8936293925682961,160
Q146N,0.381965028,2530,-0.0192568651227322,2228,0,-0.1403455945112104,-0.523809382729826,0.0583014782491533,0.5288260385009542,146
D188Q,0.381749736,2531,0.4804076739137283,1369,0,0.3027466602891436,0.2218268353396749,0.9891109748465028,0.4079462251795922,188
K84I,0.381692729,2532,-0.7347129341061776,3259,0,-0.5479405338267214,-0.9292586085286876,-0.8670343054087888,-0.5946182886605126,84
F219R,0.380834656,2533,-0.1064127734887756,2384,0,-0.6388905822066165,0.8405430070304871,0.0779002345559396,-0.7052037533349128,219
L461G,0.38045249,2534,-0.1761720055269955,2487,0,-0.1074369061871339,-0.1773143697541064,-0.2230374661503735,-0.1968992800163683,461
E81I,0.3803980079999999,2535,-0.4993407878449275,2986,0,-0.7887387145648508,-0.6929337736529246,-0.5178347151220506,0.0021440519601159,81
F168N,0.380205861,2536,0.3650889456715745,1554,0,0.0569995025287864,-0.2791933292485383,1.2794826953963605,0.4030669140096897,168
C486V,0.379483136,2537,-0.3048943145100553,2691,0,-0.3227196542473159,-0.7791902965402893,0.1327310724157741,-0.2503983796683902,486
E246C,0.379110421,2538,0.1627640497907271,1915,0,-0.6177114410010007,0.0944212321701437,0.5278706706703991,0.6464757373233665,246
E81Y,0.378715398,2539,-0.4049939222533852,2854,0,-0.6811460895764163,-0.6912188939129237,-0.6255772663788797,0.3779665608546784,81
R335V,0.378659096,2540,-0.6922648310147639,3205,0,-1.048315523132573,-1.0804965948931513,-0.3428309645855503,-0.2974162414477809,335
Q324A,0.377774261,2541,-0.5290516837252601,3025,0,-0.3940204883898833,-0.8803593643747051,-0.6669449028997088,-0.1748819792367433,324
D463T,0.377580783,2542,-0.1897522904542162,2507,0,-0.603766981454063,-0.3266051749771872,0.0830457904855592,0.0883172041288259,463
M129D,0.377495098,2543,0.091956820866428,2042,0,0.148033982238561,-0.3125402958354097,0.1922775507659172,0.3400560462966437,129
N455M,0.3774219929999999,2544,-0.2210646557436752,2562,0,-0.3110350450340934,-0.1344804013826072,0.1859072986144105,-0.6246504751724107,455
C372L,0.377403334,2545,0.4297755782164493,1446,0,0.7245229917790269,0.4588319718986783,-0.1042629069187366,0.6400102561068286,372
F226T,0.376988899,2546,-0.0120565493074368,2221,0,-0.317381829628779,0.0328628336081652,-0.122077734103707,0.3583705328945732,226
Q252G,0.375502582,2547,-0.0419413336051433,2267,0,-0.2555363551387168,-0.3903442611036095,0.4583815494439476,0.0197337323778053,252
C486Y,0.375026907,2548,0.4036614484038574,1483,0,0.6152480502064032,0.7813663338163389,0.6976681265290888,-0.4796367169364012,486
C151R,0.374911755,2549,0.4719518257126568,1386,0,0.3920322053085474,-0.0980141692349297,0.8954688786913153,0.6983203880856942,151
F376H,0.374473812,2550,-0.6422673736308223,3151,0,-0.998718426841492,-1.0054301710962243,-0.9486333846952436,0.3837124881096709,376
Y379T,0.374288432,2551,-0.9402558214346688,3477,0,-0.9502291846305404,-1.0325021881285292,-1.1027474386290912,-0.6755444743505148,379
D188G,0.37311839,2552,0.5336235780597062,1268,0,0.5607558214101824,0.571541666240718,0.6017402632708566,0.4004565613170678,188
P346C,0.372847825,2553,-0.8692490248170914,3394,0,-0.4570105043831766,-0.7394184221455096,-1.2501407854412463,-1.0304263872984325,346
P471S,0.3726383339999999,2554,0.6693779534614763,1047,0,0.1849573328337285,1.0707988841130822,0.9428203838050272,0.4789352130940673,471
M271F,0.37230796,2555,-0.4774378520132695,2956,0,-0.520554405535914,-0.5168795708385681,-0.0303931734309051,-0.8419242582476909,271
N133W,0.372117443,2556,-1.2441275799424407,3739,0,-1.7835042317855243,-1.2307448567855597,-0.7972414875599271,-1.1650197436387515,133
E253W,0.37105641,2557,-0.385573140918968,2820,0,-1.032842532638013,-0.4701345037720991,-0.2079286508408986,0.168613123575139,253
S422Y,0.370993191,2558,-0.3533097965400141,2768,0,-0.1822585602901927,-0.5862242839227216,-0.5128059983431955,-0.1319503436039468,422
K375G,0.3706733339999999,2559,0.0674727134296299,2083,0,-0.0646558249569961,-0.1779198262019737,-0.0008602362473429,0.5133267411248327,375
F126N,0.37058691,2560,-1.3757429594573811,3825,0,-1.3601219320816755,-1.457837886689971,-1.2290246118002264,-1.455987407257652,126
G79T,0.370535507,2561,-0.2381167602690667,2595,0,-0.7627402587364657,-0.6999263805627695,-0.1459874914719322,0.6561870896949007,79
T159K,0.370515792,2562,0.4727591561569824,1385,0,0.4213256607944905,0.0843531421538165,0.6297777453545506,0.7555800763250717,159
K158C,0.369889376,2563,-0.1446634968062815,2444,0,-0.6909619017648844,-0.418404262021101,0.1770318749631051,0.3536803015977541,158
R335E,0.368377771,2564,-0.6340662559660314,3134,0,-0.8588751278699029,-1.0002153728362648,-0.0603866193755809,-0.6167879037823769,335
K190L,0.366923275,2565,0.3714583408762271,1545,0,-0.0842840151230935,0.0896632710176862,0.7019953666392519,0.7784587409710639,190
F376A,0.366884271,2566,-1.102647943331506,3647,0,-1.1703117030241676,-1.607455252787963,-0.8151973229605253,-0.8176274945533679,376
T283F,0.366635487,2567,0.0508807367043732,2107,0,-0.0346211383382307,0.7333904040507893,0.3882387459053714,-0.8834850648004368,283
C486T,0.3664163179999999,2568,-0.1469550161554562,2449,0,-0.1108019581617123,-0.7057680578782163,0.2008700278405831,0.0278799235775203,486
G25S,0.3647735829999999,2569,1.5429111972626843,117,0,1.407293546519344,1.7277710296633586,1.315159135835269,1.7214210770327665,25
N455R,0.364571452,2570,0.4610044964102244,1407,0,0.4449936555638735,0.4692898194823962,0.7890736949272085,0.1406608156674194,455
K84D,0.364556617,2571,-0.6336451966219423,3133,0,-0.8832473313040456,-1.3833897729054836,-0.0926625344204952,-0.1752811478577448,84
F69R,0.3639157629999999,2572,0.043429234187252,2122,0,-0.3684096237392084,0.2463771436724812,0.1088375632987601,0.1869118535169751,69
Q44I,0.363878679,2573,-0.4004638526368612,2846,0,-0.8650523517944959,-0.871691777331552,0.1321721747804771,0.002716543798126,44
F419C,0.363713725,2574,-0.274328375977668,2651,0,0.0381976169948974,-0.2128804507078405,-0.5020499002952217,-0.4205807699025075,419
K420T,0.3628469789999999,2575,-0.0333589761952805,2249,0,0.1825433059776594,-0.2580335502455293,0.2150740250849694,-0.2730196855982215,420
R335D,0.362652928,2576,-0.9344200739627064,3464,0,-1.0432432216447107,-1.3080084367765388,-0.206912770185911,-1.1795158672436654,335
Q324G,0.362392277,2577,-0.9068616963395127,3432,0,-0.371224755253034,-0.8810588125135063,-1.570913124060482,-0.8042500935310292,324
Q192Y,0.361700125,2578,0.3671484903736591,1552,0,0.5026710730320646,0.2642821591214861,-0.1004792568619078,0.8021199862029939,192
P163E,0.361620829,2579,-0.3652998336317914,2792,0,-0.9133279749231358,-0.9031840816637,-0.1367057678096938,0.4920184898693637,163
L458V,0.361475771,2580,0.0608146208664408,2092,0,0.6671508002692509,0.2642881842298793,0.334477854811564,-1.022658355844931,458
P346K,0.361174145,2581,-0.678632988110774,3192,0,-0.1947808656642579,-0.7065569454038321,-0.9849991828024032,-0.8281949585726027,346
P346G,0.361162176,2582,-1.2957877000104503,3771,0,-0.8762107449778742,-1.053443858207705,-1.855687616109994,-1.3978085807462282,346
C338F,0.360812667,2583,-0.1080760534769193,2388,0,0.3350637010947606,-0.4281368204455757,-0.1652840102482583,-0.1739470843086037,338
S336K,0.360081235,2584,0.6765931291653362,1028,0,0.3147940394326338,0.3911006489509248,0.9840200492514009,1.0164577790263856,336
F456Y,0.360052287,2585,0.0494701343814633,2110,0,0.2736314208014224,0.1077526547835229,-0.03340677885552,-0.1500967592035718,456
C172L,0.35968115,2586,0.4320172487260734,1443,0,0.2209071684174571,0.4160029575051914,0.8661894387830814,0.2249694301985638,172
G46L,0.358931034,2587,0.3499922569052883,1572,0,-0.2603083725813219,0.103529053799893,0.3799403305436661,1.176808015858916,46
K383M,0.358729497,2588,0.0081150985028257,2186,0,-0.3082136035068576,-0.0459723624343543,0.2162789953324454,0.1703673646200696,383
D463K,0.358666324,2589,0.1768954938604758,1885,0,-0.2663838265993625,0.415421199817004,0.3284595110143947,0.2300850912098672,463
I284P,0.358035017,2590,0.5272743414716674,1289,0,1.1436087726393185,0.6244356242050376,0.9115373127881417,-0.5704843437458276,284
F219P,0.356919081,2591,-0.5155623158261261,3006,0,-0.7349096653860155,1.2022981132890722,-0.447627852965884,-2.082009858241677,219
N455G,0.356715923,2592,-0.0906058812179672,2355,0,0.2204069602526209,0.0361724925941961,0.0576549669956903,-0.6766579447143763,455
D468G,0.355626757,2593,-0.2501786042726198,2612,0,-0.546892624873991,0.0658429380395399,-0.2300585380113251,-0.2896061922447032,468
T283R,0.3553535679999999,2594,0.5886016214173321,1177,0,0.4774076360445379,0.8860684582668756,0.6268191834270433,0.3641112079308711,283
V248F,0.355128022,2595,-0.0656193365392898,2302,0,0.2061242448983101,0.0957960280141733,-0.000247451072902,-0.5641501679967409,248
I39C,0.354974214,2596,-0.3124087401862242,2705,0,-0.4831556540631457,-0.3208983261984502,-0.2135758706933163,-0.2320051097899843,39
P404F,0.354611536,2597,-1.1149676277408689,3655,0,-0.659077627365729,-0.5025623066007645,-2.171483751006384,-1.126746825990597,404
E250L,0.353686941,2598,0.6247650027920612,1126,0,0.0489805085395335,0.8491229622193439,0.4505041579741458,1.1504523824352213,250
D463C,0.353246695,2599,-0.3533993944274824,2769,0,-0.9635475289087748,-0.6192199197446211,-0.1929770071945564,0.3621468781380223,463
L195S,0.3530101539999999,2600,0.4957287485668719,1346,0,0.5410228598931014,0.0524056074097381,0.926896218456976,0.4625903085076719,195
P346N,0.352932288,2601,-0.7851052681950129,3314,0,-0.5153582211741503,-0.9001867910750322,-0.7821144555112406,-0.9427616050196288,346
I327C,0.352802787,2602,-1.1169198114755683,3659,0,-1.229960650677924,-1.18118204736054,-1.42945429543447,-0.6270822524293387,327
K273W,0.3511990229999999,2603,-0.3938333633603171,2830,0,-0.3842877673514563,-0.5656608567593414,-0.6397718030742945,0.0143869737438237,273
T450G,0.351080998,2604,-0.7710336986158403,3298,0,-0.7557747857030204,-0.912006179264314,-0.0021688308512067,-1.4141849986448198,450
E154L,0.35100092,2605,-0.0737941089495483,2319,0,-0.4977124641150197,-0.7456258904860723,0.1457267994780649,0.8024351193248337,154
D463L,0.350253748,2606,-0.4861519152566594,2970,0,-1.6163999996564553,-0.3304363405674736,-0.1184894620759967,0.1207181412732877,463
F219Q,0.350093796,2607,-0.1762646585119611,2489,0,-0.7914689959425966,0.8220452548068897,-0.1501449603477408,-0.5854899325643966,219
K190F,0.350022667,2608,-0.0132469235810899,2223,0,-0.5861116756135771,-0.3803796690603477,0.4374361486642991,0.4760675016852658,190
S58D,0.349773921,2609,-0.5968284674499271,3084,0,-0.3348919772404136,-1.4327479964277297,-0.2643939612942098,-0.3552799348373553,58
T385Q,0.34899444,2610,-0.9437145100948156,3478,0,-0.977215743886324,-1.162020863757203,-0.962729328827419,-0.6728921039083168,385
V76F,0.348871932,2611,0.0884197222611825,2047,0,0.4835974520755376,0.1199466708235643,-0.1568968574227263,-0.0929683764316454,76
L152V,0.348514613,2612,0.0844657918650331,2054,0,0.4486780891464207,0.489870250840575,0.2336601341404285,-0.8343453066672915,152
E93L,0.348106044,2613,-0.4157723034671238,2873,0,-0.5557837408937105,-1.3291000651090557,0.3700268137002677,-0.1482322215659967,93
Q44V,0.347923061,2614,-0.3804667110276998,2814,0,-0.8457804540227762,-0.8001215230982497,0.1153940865213952,0.0086410464888312,44
P337G,0.346988819,2615,-1.1733791709806891,3692,0,-1.6566034962492948,-1.539653503017658,-1.4235459419689416,-0.0737137426868629,337
P317V,0.3469307379999999,2616,-0.439463872390675,2908,0,-0.9043904272560652,-0.6734919538897621,0.0474415622315663,-0.2274146706484389,317
I284N,0.3467896829999999,2617,1.068775306402948,471,0,1.25327390198809,0.9269735216591176,1.1971014177187933,0.8977523842457905,284
D49T,0.3459447579999999,2618,0.3912037858558276,1500,0,0.2097223625230781,0.522764932624064,0.8470276616787138,-0.0146998134025454,49
S286R,0.345429706,2619,0.2912010039811106,1684,0,0.7883612857698108,0.8757752969792385,-0.0839567456512591,-0.4153758211733477,286
T66S,0.34531416,2620,0.4748218321944512,1384,0,0.6823973282913712,0.3320124109388586,0.3371960859228492,0.5476815036247259,66
P260M,0.345174537,2621,-0.5420389961719398,3036,0,-0.4192763170647805,-1.2340583986192224,-0.1719680836045164,-0.3428531853992401,260
L314C,0.345090061,2622,-0.0443313139050046,2269,0,-0.2778342952264823,-0.3177957970498475,-0.0260497685338887,0.4443546051902,314
L268M,0.344475752,2623,0.2165016959681831,1821,0,0.3661267802973451,0.0031233002532461,0.5322710594225938,-0.0355143561004525,268
C10R,0.342779925,2624,-0.3895985855451421,2825,0,-0.7640355704716253,-0.573653497771159,-0.3609774254215913,0.1402721514838073,10
R377W,0.3424730029999999,2625,-0.3483727524067462,2761,0,-0.4657861694938175,-0.3022143311798541,-0.2022048464216424,-0.423285662531671,377
L447T,0.34115103,2626,-0.4716878263232436,2949,0,-0.781469244071176,-0.8084707166356468,-0.4165998431499946,0.1197884985638428,447
L311I,0.341008126,2627,0.0607414231577078,2093,0,0.5989771920206011,-0.0677804431004711,0.0588239040678842,-0.3470549603571828,311
D224V,0.340487469,2628,0.7164305940518488,964,0,0.3893236180919512,0.6256401103184862,0.7073757517284903,1.1433828960684678,224
F419K,0.3402348289999999,2629,-0.9513005711423808,3490,0,-1.3306792419865363,-1.089962441852754,-0.816644591927432,-0.5679160088028006,419
F126S,0.339440767,2630,-0.6141847907857836,3112,0,-0.3531567857036773,-0.6653283336908754,0.0006321394302387,-1.4388861831788202,126
F126D,0.337900485,2631,-1.6682703569982524,3975,0,-1.7564592351046615,-1.875498936071458,-1.247670293812002,-1.7934529630048883,126
I264V,0.3377057229999999,2632,0.8297738693330033,807,0,0.9390123673345112,0.9431919084319208,0.7546636115688163,0.682227589996765,264
G384H,0.3374583579999999,2633,0.0035590776188212,2196,0,-0.3752190775030211,0.0571511166715164,-0.196674081536385,0.5289783528431748,384
Y68S,0.337032709,2634,0.218417087236192,1818,0,0.4106966944884883,0.1161610282744709,0.3896728362399638,-0.042862210058155,68
V479P,0.33679955,2635,0.4081382158717154,1476,0,1.2258345992701143,0.1003972024571101,0.9597694520500696,-0.6534483902904322,479
E85I,0.336218543,2636,-0.9988360772965936,3546,0,-1.09161193143136,-1.137522773030471,-1.0777079068474709,-0.6885016978770734,85
K160F,0.335880227,2637,0.0086589588852898,2183,0,-0.3642915861377998,-0.7739414898907327,0.3617203614258278,0.8111485501438641,160
V153C,0.335372497,2638,-0.1422926486547032,2438,0,-0.4507498821839972,-0.3765562691653238,0.1705956809688878,0.0875398757616203,153
D188P,0.334458058,2639,-0.2465058861208845,2609,0,-0.1620110953566555,-0.6983188816434649,0.2928703504392661,-0.4185639179226837,188
H410F,0.334262045,2640,0.7928620028844628,857,0,1.3171154905876463,1.1124149437685458,-0.1211123892554234,0.8630299664370826,410
Y379I,0.3335833239999999,2641,-0.9184986946007538,3449,0,-0.363191856897948,-0.9573615885527166,-0.920012205000166,-1.4334291279521847,379
L9S,0.333540896,2642,0.7189287170997367,960,0,0.4209935474780482,0.5678656806643808,1.0915267728293006,0.7953288674272174,9
M339G,0.33337685,2643,-0.3907705037641861,2827,0,-1.0090016267489392,-0.6444107640452729,-0.0763184180448319,0.1666487937822995,339
E147S,0.332483946,2644,-0.0409722797775136,2261,0,-0.4344457009848977,-0.4930434386873017,0.1336215021674039,0.6299785183947412,147
Y379V,0.332450456,2645,-0.80319575313092,3325,0,-0.556899719814115,-1.1584232045899772,-0.2244442236242973,-1.27301586449529,379
T385M,0.332085704,2646,0.0066408532122133,2190,0,0.1092810348789414,-0.1837119637372987,0.6108155594977307,-0.5098212177905198,385
K185V,0.331893596,2647,0.6389369723882141,1102,0,0.7498245122103218,0.908260070555044,0.5606640517727602,0.3369992550147307,185
D397F,0.33146776,2648,-1.7499248507014888,4008,0,-1.5971080550279717,-1.293028142832888,-2.3732911468991094,-1.7362720580459874,397
Y379C,0.331422728,2649,0.1128778263780144,2005,0,0.2474488298471914,-0.0540228444867466,0.0998505807225975,0.1582347394290156,379
K190V,0.331327416,2650,0.2031464252756867,1843,0,-0.1161660279687701,-0.1241166793811208,0.6608153970514552,0.3920530114011826,190
E93M,0.331239056,2651,-0.2756312733894961,2655,0,-0.5819486023854835,-1.3335977415789266,0.9114099165338064,-0.0983886661273807,93
Q252D,0.331063548,2652,-0.3214346175201734,2714,0,-0.626271197555437,-0.9882291560901398,0.3921707731673855,-0.0634088896025024,252
P163F,0.3302338039999999,2653,-0.2896246734841995,2672,0,-0.7466482447581855,-0.4833794326072118,0.0030441571012415,0.0684848263273573,163
K185C,0.329864388,2654,0.785926016482903,864,0,0.8691176610475704,0.6131435668914575,0.9653336339785192,0.6961092040140644,185
N334P,0.3293144839999999,2655,-0.1011657897723896,2372,0,0.5318036371362509,0.2196152188854793,-0.2669980851793853,-0.8890839299319034,334
P464S,0.32915391,2656,0.7891980553956814,862,0,0.753414742318327,0.9034036992988308,1.0774473956819006,0.4225263842836677,464
L287I,0.329092187,2657,0.1674829066356442,1904,0,0.6066157424579541,0.2675168389808462,0.2293002730019518,-0.4335012278981752,287
F168I,0.32880778,2658,0.4650623795518862,1399,0,0.4491282499703806,0.1325984612101911,0.8673517195671444,0.4111710874598285,168
D188C,0.3287840939999999,2659,-0.0665938410778224,2307,0,-0.0954707196055784,-0.3575109015344338,-0.019203079561619,0.2058093363903416,188
S286Y,0.328361431,2660,0.4052115586971263,1478,0,1.0942330154248328,1.3276068783192982,-0.139798246086489,-0.6611954128691363,286
P163I,0.328156786,2661,-0.3289434691863263,2738,0,-0.6681816086166009,-0.5000321627495153,0.1116409928260787,-0.2592010982052676,163
F419A,0.328139188,2662,-0.6067219056211772,3101,0,-0.68792619898583,-0.7456976562216001,-0.4759371289681319,-0.517326638309147,419
D143P,0.327607866,2663,-0.4369803491917986,2906,0,0.145606902589265,-1.1553276377888504,0.2809912299370179,-1.019191891504627,143
T450L,0.326864325,2664,-0.7724853468542736,3300,0,-0.5993413725795202,-0.9401790505457052,-0.5858836605527012,-0.9645373037391674,450
K459F,0.325440734,2665,-0.5550199285058862,3048,0,-1.2874475252854125,-0.8113276891444023,-0.0607318080878234,-0.0605726915059064,459
V248L,0.324808675,2666,0.535391265847717,1262,0,0.7609452407561313,0.4963621042972965,1.023997102269686,-0.1397393839322458,248
N41T,0.324788596,2667,-0.3562275965646015,2775,0,-0.2601447868796793,-0.9134597031913484,0.0270080258578591,-0.2783139220452376,41
I39T,0.3245268089999999,2668,0.0835406764880811,2057,0,0.1435438772092494,-0.1369324866073401,0.0405741912100038,0.2869771241404114,39
L453V,0.323750163,2669,-0.0131006117597288,2222,0,0.298290618164082,-0.2240847422758264,0.7865360208576637,-0.9131443437848348,453
D188K,0.32364616,2670,0.32592865527859,1624,0,0.2214593364714822,0.3604124957523215,0.4386682710870863,0.2831745178034702,188
P464D,0.323479215,2671,-0.3242928536299144,2726,0,-0.4645512496126694,-0.6316610991200812,0.2150365171927311,-0.415995582979638,464
I488F,0.322643046,2672,0.4811334100263476,1367,0,1.380966460446078,0.106915432499464,0.488201126943551,-0.0515493797837027,488
P260V,0.322323136,2673,-0.4269349370695232,2892,0,-0.0462049827797809,-0.6109141069876549,-0.1253962117217429,-0.925224446788914,260
E81F,0.322020567,2674,-0.8270635093802764,3349,0,-1.2997662629259603,-1.4490489941311688,-0.7122427257598579,0.1528039452958816,81
E285G,0.319531539,2675,0.6190497042410026,1134,0,0.632714530291605,0.6765713557508982,0.7529791764268271,0.4139337544946804,285
D414K,0.318658244,2676,-0.6003337008772128,3090,0,-0.6592410734653049,-0.4636836210524516,0.0871288400781134,-1.3655389490692085,414
H184Y,0.31850127,2677,0.4050418903087499,1479,0,0.7808440076477139,1.3057558185466434,-1.426680799485844,0.9602485345264866,184
T348I,0.318095736,2678,0.1408189502385667,1960,0,0.7149737776571455,0.0621844922231917,0.4096545358824974,-0.6235370048085679,348
P464C,0.317727949,2679,0.095758348095864,2036,0,0.0601641976173799,-0.1841234116949052,0.3113620699062622,0.195630536554719,464
M339A,0.317186418,2680,0.1634052468594539,1914,0,-0.0816927076026483,0.0212894037326228,0.4220365505300857,0.2919877407777557,339
G46V,0.316457775,2681,0.6782158739588058,1023,0,0.3108673404237081,0.7737584963939,0.600067432295956,1.0281702267216593,46
P73R,0.315930061,2682,0.4114667987093677,1472,0,0.5537496055135998,0.281620680490233,1.2300429916527416,-0.4195460828191035,73
D165N,0.315775469,2683,1.0386966070445744,500,0,0.9329025991285004,0.9869159861500412,1.017449879917072,1.217517962982684,165
I488R,0.315399111,2684,0.4153860704354613,1466,0,0.8279941728756273,-0.3194943420515381,0.7007484910570458,0.4522959598607101,488
K160W,0.314685974,2685,-0.05806298373204,2291,0,-0.6928006564249061,-0.4004884013769884,0.5414594772783788,0.3195776455953552,160
T159W,0.3141649019999999,2686,-0.6472194110236371,3157,0,-0.7736991605666718,-0.9085172398307616,-0.1226689576820761,-0.7839922860150388,159
K158T,0.313972969,2687,0.4005313458157589,1488,0,0.4714520164404672,0.1352109482094805,0.7792904547327254,0.2161719638803623,158
F401M,0.313782124,2688,-1.367789928126943,3815,0,-1.029143692122193,-1.2649813971538622,-2.443510906680279,-0.7335237165514378,401
P464R,0.313454193,2689,0.1860078477182592,1868,0,0.2753305175540171,-0.0968265534249821,0.5691345542575825,-0.0036071275135806,464
Y358T,0.312175002,2690,0.1372339573781972,1965,0,-0.2461996014019953,0.2925313484425239,0.2670094138488111,0.2355946686234494,358
N258W,0.311924632,2691,-0.3722873295021143,2799,0,-1.3115066292045825,-0.152249918838414,-0.2759089919083173,0.2505162219428568,258
P317M,0.311902338,2692,-0.9676946805981304,3509,0,-1.1705513718521074,-0.7145207997866599,-1.4430327050108054,-0.5426738457429486,317
G79H,0.311866212,2693,-0.382461106719591,2817,0,-1.0420813136443947,-0.4791461914501527,-0.7401786020055422,0.7315616802217257,79
T470Y,0.311527608,2694,-0.1457770592650221,2447,0,-1.2598681598140165,0.3713119168356118,0.1152167501845538,0.1902312557337624,470
S393N,0.311357614,2695,-0.5069655508660528,2994,0,0.1321947876028948,-0.9382992167270282,-0.5522743603663952,-0.6694834139736824,393
P481H,0.310383327,2696,0.5375650034695585,1259,0,1.294521112491558,0.2869569181571396,1.239431389754046,-0.6706494065245096,481
P260L,0.309567227,2697,-0.0050819360667047,2212,0,0.4942327981959836,-0.1632761349805566,0.3391763679689722,-0.6904607754512181,260
I331A,0.308401947,2698,-0.2303148177052415,2580,0,-0.1465342518450572,-0.7123281958967274,0.8456108508195712,-0.9080076738987528,331
C151I,0.30820315,2699,0.4942544796399997,1347,0,0.1230329692158304,-0.1335436978644118,0.5878269742681572,1.3997016729404228,151
P382S,0.3081648939999999,2700,0.0836004231078168,2056,0,0.4827291272212825,0.2086376052843751,-0.3946613603973946,0.0376963203230042,382
F226G,0.307679646,2701,-0.7044182050769968,3219,0,-1.2034437406945984,-0.4157141180691881,-0.6353994806308637,-0.563115480913337,226
I39S,0.307212332,2702,-0.3242093485228816,2725,0,-0.5456433539003969,-0.3648735839909182,-0.1691003420434981,-0.2172201141567134,39
I215S,0.306764867,2703,0.2332940561564647,1794,0,-0.0269894842429678,1.0509286121975148,0.1084578573519449,-0.1992207606806331,215
D262T,0.305338249,2704,-0.9124675750906776,3441,0,-0.8625413015021389,-0.7895328637167507,-0.4886510224494795,-1.5091451126943418,262
L54W,0.304615506,2705,0.1134453110063612,2002,0,-0.0150050935519278,-0.3085100338855526,0.0772112378948833,0.7000851335680423,54
K383V,0.304275223,2706,-0.6404923204816164,3145,0,-0.8260153700701701,-0.5015861051497693,-1.482814654482594,0.2484468477760676,383
V248H,0.303736744,2707,-1.0824246232031811,3624,0,-1.5576699686458892,-1.3096314670863678,-0.6675957049861262,-0.7948013520943412,248
V64S,0.303409091,2708,-0.6312208072577314,3131,0,-0.8361635468588007,-0.8354305327605408,-0.5240969848443547,-0.3291921645672296,64
I215N,0.303028265,2709,-0.1961248079563229,2522,0,-0.7420085142338912,0.7826145354384626,-0.2460335317137334,-0.5790717213161296,215
K247L,0.302973609,2710,0.75740603268053,902,0,0.8599815503810706,0.6180609925793884,0.6851271747338505,0.8664544130278102,247
Q192F,0.302524623,2711,0.2465536521597447,1771,0,0.2152818473029633,0.0853604063858614,-0.0735949867452645,0.7591673416954187,192
K383H,0.302176076,2712,-0.3666695042944363,2794,0,-0.6201079338375052,-0.0833558838620714,-1.0518352680708758,0.288621068592707,383
D224I,0.301553792,2713,0.718615859130844,961,0,0.3741272072117399,0.6658038175957701,0.7879689151158099,1.046563496600056,224
K72A,0.301486626,2714,0.256050211947941,1753,0,0.0240808605773611,-0.152262102946498,0.6881215761074692,0.4642605140534315,72
R342F,0.301260861,2715,-1.1024517894904258,3646,0,-1.24506274640194,-1.1097807639448425,-0.913578888114588,-1.1413847595003326,342
C151G,0.30123006,2716,0.1062453951657517,2019,0,0.2574796012978107,-0.3367442273812562,0.2613562063522566,0.2428900003941959,151
R342E,0.300446804,2717,-0.9638704774380156,3500,0,-1.195316108377117,-0.9148612772949032,-0.8881908493593839,-0.8571136747206579,342
K459D,0.299050605,2718,0.0055827683127206,2193,0,-0.365427332710835,-0.5420346661627533,0.4319708805944544,0.4978221915300164,459
L36N,0.298244859,2719,-0.7131951039782918,3230,0,-1.3088553067557065,-1.4561781701645924,-0.3886634515562672,0.300916512563399,36
F412Y,0.297393577,2720,-0.2299822738017743,2579,0,0.0028433936283198,-0.2895692353581087,-0.8978637003723484,0.2646604468950399,412
R157V,0.296052848,2721,0.1773689301660223,1883,0,-0.0349936943733677,-0.1566827919202342,0.3871584340582882,0.5139937728994032,157
P317C,0.294999529,2722,-0.8026092513260246,3324,0,-1.0655281228994553,-0.848372197806529,-0.763726505568929,-0.5328101790291846,317
Y379A,0.293719983,2723,-1.0460959016024776,3589,0,-1.177617916781771,-1.3624114166107586,-1.0810234511374497,-0.5633308218799311,379
L447F,0.293549726,2724,-0.3077916273854639,2695,0,0.1260161397372232,0.1040984934886987,-0.2304038288819476,-1.23087731388583,447
P163L,0.293256321,2725,0.38085077406067,1529,0,-0.0299960381105161,0.4946635592956059,0.8040228303754763,0.2547127446821142,163
P260Y,0.292504606,2726,-0.7278180329197848,3249,0,-0.5812090464774605,-0.88962651664863,-0.4102780444081852,-1.0301585241448634,260
G79Q,0.292343132,2727,-0.152607051281158,2457,0,-1.063859319795313,-0.4450937516160869,0.0182151003351313,0.8803097659516362,79
I284S,0.292174351,2728,0.8626942785733464,756,0,1.255382982089877,0.7618716939362629,1.0372676519081108,0.3962547863591346,284
V394G,0.292137345,2729,-0.8851026965153775,3410,0,-0.5661180072371196,-0.6685221767044593,-1.5895949639260871,-0.7161756381938439,394
I284D,0.291823646,2730,0.8824800902503666,726,0,0.9634984581345865,0.7174570718506331,1.212877982276393,0.6360868487398538,284
E285C,0.29166136,2731,-0.053192383656096,2281,0,-0.7399307049950226,-0.0771373025438057,0.2145144199905516,0.3897840529238926,285
D341L,0.291513742,2732,-1.4295625270157328,3854,0,-1.959543219540332,-1.2433793751947926,-0.7312445084791294,-1.784083004848677,341
S58M,0.290223254,2733,-0.3616505113150668,2786,0,-0.3896225486449412,-0.7438547764010681,0.0198437895964203,-0.3329685098106786,58
P35V,0.289933318,2734,-0.622842674472692,3118,0,-0.3880430629430099,-1.0839453669374164,-0.1573052466206197,-0.8620770213897221,35
Q454G,0.289904382,2735,-1.052669053988104,3597,0,-0.917543510607858,-1.22335030820024,-0.9614235888134416,-1.1083588083308764,454
L67T,0.28944845,2736,0.2773878502215822,1712,0,0.5401530552569402,0.8397033747030712,-0.1505135717542722,-0.11979145731941,67
I42P,0.2894282689999999,2737,-0.8650102537417487,3389,0,-0.4846456548403861,-0.8279318167456676,-0.5470663830374671,-1.600397160343474,42
H316T,0.289335377,2738,-0.4814997757945367,2960,0,-0.7053891890193668,-1.0552538007690204,-0.4430945848414013,0.2777384714516416,316
A321P,0.289179507,2739,-0.3951634420722049,2833,0,0.0273925008012583,-0.6861288823423523,-0.4152737612691435,-0.5066436254785824,321
T283P,0.2873636639999999,2740,-0.6405178823892504,3146,0,0.2380857750811223,-0.2716668977350566,0.2123945302750354,-2.740884937178103,283
F194I,0.287140531,2741,-0.0823760710111946,2329,0,-0.1792312615555476,0.0329805240587789,0.5688157542240447,-0.7520693007720548,194
R377C,0.2867474989999999,2742,0.0521530805990103,2104,0,0.0966512359135938,-0.0338404719564116,0.2316374218793961,-0.085835863440537,377
N259M,0.286643155,2743,0.1684353025805194,1903,0,-0.233226437193637,0.2691724048759986,0.1267847299604628,0.5110105126792531,259
D373T,0.285380852,2744,-0.2409352222740156,2601,0,-0.8248047409486106,-0.3958319298281318,-0.0926300149274306,0.3495257966081104,373
Q324C,0.285368678,2745,-0.1781240905008043,2494,0,-0.1084216870853471,-0.5156230010103428,-0.0921031126338023,0.0036514387262749,324
D262A,0.284543472,2746,-0.6628119711967042,3172,0,-0.6613241317418774,-0.4938639245591573,-0.6975451577723468,-0.7985146707134353,262
P35Q,0.284110553,2747,-0.3708582833823206,2798,0,-0.0099984329557806,-0.7012189671500563,0.0040557911063719,-0.7762715245298175,35
L268V,0.284105176,2748,0.0824262526399139,2060,0,0.065679456462566,-0.1663465302177289,0.0892130720917123,0.3411590122231066,268
H316M,0.283240279,2749,-0.8155802691752271,3336,0,-1.0709993512528355,-0.9464245440147936,-1.1704901458783532,-0.0744070355549256,316
S393T,0.282840663,2750,0.1182509152513958,1996,0,0.5471588034866002,0.1355444714318683,0.2483819974892476,-0.4580816114021325,393
R335M,0.282575082,2751,-0.8482486070851432,3365,0,-0.8743701754909862,-1.0250639909801833,-0.8927706162394045,-0.6007896456299988,335
D373S,0.2825432639999999,2752,-0.2749303497652751,2652,0,-0.3739616816891503,-0.5009088829663741,-0.3436414114168963,0.1187905770113203,373
W212N,0.282084668,2753,0.1894259211821332,1864,0,0.5484701694594186,-0.3219212557123171,0.2151643907564231,0.3159903802250082,212
N133F,0.282069074,2754,-0.8388548166743658,3359,0,-0.8285300779366714,-0.9913357019776718,-0.3229433895269391,-1.2126100972561806,133
Q484H,0.28112082,2755,0.7614000222598705,898,0,0.885320574907558,0.5924627170600588,1.157937755411601,0.4098790416602637,484
F226S,0.281065618,2756,0.1642553923069052,1912,0,-0.2277579729611755,0.1711765607953323,0.7972854351680502,-0.0836824537745861,226
I215G,0.280804332,2757,-0.0735010166921315,2317,0,-0.4020253267295832,0.850787231048842,-0.4963592776294381,-0.2464066934583471,215
I264C,0.279976901,2758,-0.7269554434435759,3248,0,-1.1913803910746892,-0.6834068722616042,-0.6271336917948329,-0.405900818643177,264
F69G,0.279869603,2759,-0.0958055129037281,2365,0,-0.1668036343030507,-0.4653239233396744,0.0097655897836016,0.2391399162442109,69
E285M,0.2795863,2760,0.1457047268734881,1951,0,-0.3779070036137601,-0.0524245840669786,0.3719847509544247,0.6411657442202664,285
Q324E,0.278536268,2761,-0.0569402837831959,2287,0,0.3260289903893356,-0.0730899025078524,-0.2429701948440873,-0.2377300281701794,324
F69Q,0.278274218,2762,0.2603135280630164,1740,0,-0.2953033439897096,0.9785566168740244,0.241594769645069,0.1164060697226819,69
Y347I,0.278115028,2763,-0.907378731307294,3433,0,-0.987137430282101,-0.8667246779722019,-0.9693491059331578,-0.8063037110417156,347
N378I,0.277369846,2764,-0.7226500339163071,3245,0,-0.6976032467200965,-0.335030150989041,-1.4784320571740075,-0.3795346807820835,378
P37V,0.2772328639999999,2765,-0.9819686873475972,3520,0,-0.7921508682766998,-1.2893351530617532,-1.01807296844929,-0.8283157596026459,37
T283Y,0.277212891,2766,0.1836856024018371,1872,0,0.2024536598407696,1.0915426293815411,0.295086623633445,-0.8543405032484074,283
P346R,0.277061666,2767,-0.6561404814798798,3166,0,0.1375656420703893,-0.5866808532476282,-1.0473238074529665,-1.1281229072893142,346
P163W,0.276177004,2768,-1.043247078862392,3586,0,-1.740271649551587,-1.2230407515201274,-1.3336766923370371,0.1240007779591842,163
V330G,0.276046591,2769,-0.778797103415681,3308,0,-0.5870681172922704,-0.1839785413108732,-1.4996439096501486,-0.8444978454094314,330
Q44P,0.275801066,2770,-0.5914950893252938,3079,0,-0.1567340255575033,-1.2472565993914626,-0.3965527707746074,-0.5654369615776018,44
Y379S,0.27498574,2771,-0.2479893022334268,2611,0,-0.4038518243281574,-0.3786453750821911,-0.0613223278939225,-0.1481376816294363,379
P63K,0.274611595,2772,-0.2595195519509108,2634,0,-0.3681160126727341,-0.7099010144533531,-0.1558440315744956,0.1957828508969395,63
T167C,0.2740108189999999,2773,0.084618054927305,2053,0,-0.2662540525182505,-0.0940338487390873,0.3258304378427069,0.3729296831238513,167
R342W,0.27373648,2774,-0.5445051749037891,3038,0,-0.4613534409138784,-0.0437328965902524,-0.040535433244101,-1.6323989288669247,342
I331S,0.273330709,2775,-0.6416537176787916,3148,0,-0.4281775123537084,-0.9725697654849276,-0.2493933424375376,-0.9164742504389928,331
R144E,0.273207087,2776,-0.0911487025389668,2357,0,-0.545690232274361,-0.3526157018019088,0.4500158722452995,0.083695251675103,144
T159H,0.272901514,2777,-0.1466833136172521,2448,0,-0.0821108018319102,-0.8018189969695593,0.3477532547823548,-0.0505567104498936,159
R377Y,0.272850501,2778,-0.2576535546555116,2630,0,-0.6608829054501802,-0.4308222782020717,-0.0007025346766115,0.0617934997068171,377
E154C,0.272398905,2779,-0.4105771901329887,2860,0,-1.0448814239758544,-1.15588730341293,0.2243021621573989,0.3341578046994307,154
E93F,0.271408961,2780,-0.7039854368504408,3218,0,-1.1920435008910415,-1.3499228397159386,-0.0210507099329323,-0.2529246968618505,93
E250F,0.271402577,2781,-0.0221239636900007,2230,0,-0.5863519586906099,-0.0363557538736241,0.0263159108125509,0.50789594699168,250
P464K,0.2713930989999999,2782,0.0364008400886171,2132,0,-0.1116293237696268,-0.1833230095176936,0.4155224725982822,0.0250332210435068,464
Y379K,0.271023213,2783,-1.2034295951624283,3714,0,-1.2989632718388744,-1.438271548020016,-1.0283571964820566,-1.0481263643087664,379
T470F,0.270511375,2784,-0.3140635452749789,2707,0,-1.529088567460849,0.1881013580544131,-0.0089519433310845,0.093684971637605,470
P471Q,0.270432701,2785,-0.0523190884350298,2280,0,-0.7234587221118696,0.3834181001844103,0.1396866410227152,-0.0089223728353754,471
K383N,0.270061605,2786,0.2706723215386102,1723,0,0.2316758903523335,0.1894859279631694,0.350011977944136,0.3115154898948019,383
V490D,0.269628074,2787,0.7835892850118429,866,0,1.1890018783365843,0.028756923075149,1.4253519249148043,0.4912464137208341,490
E93K,0.26937447,2788,0.5561195645379167,1224,0,0.647703241217128,-0.1242760100252965,1.158579724282964,0.5424713026768714,93
F168P,0.26762254,2789,-0.3260655195232506,2730,0,0.0508925263641074,-0.7767773075744634,0.860824019418023,-1.4392013163006694,168
V323F,0.26738682,2790,-0.6360358104026171,3139,0,-0.5070801815901133,-0.5917557351015678,-1.277883496232391,-0.1674238286863963,323
A350S,0.2668350889999999,2791,0.1882159113591266,1866,0,0.2967783648174253,0.1862638338857861,-0.3407553757931471,0.6105768225264422,350
G384S,0.266491539,2792,0.2136333315635734,1823,0,0.2510812197793098,0.2749089775228087,-0.3365989936218517,0.6651421225740267,384
I45D,0.266291077,2793,-1.2183164302173706,3724,0,-1.14976981733217,-2.0035667655990506,-0.0201284865272368,-1.6998006514110249,45
P63R,0.266261772,2794,-0.1718038293275097,2479,0,0.0174399065079353,-0.623355286363115,-0.2299073600115024,0.148607422556643,63
P163M,0.265226073,2795,-0.6092182571439654,3105,0,-1.185282405283099,-0.8872619963325449,-0.2116477761575065,-0.152680850802711,163
F401H,0.264781788,2796,-0.6058438412823929,3098,0,-0.8711929441368116,-0.479080852496911,-0.7501227786476817,-0.3229787898481673,401
P464F,0.264503073,2797,0.220094862521055,1815,0,0.7354450665840635,-0.5126044217053519,0.4376535227060612,0.2198852824994471,464
E246V,0.264217483,2798,0.250025027455684,1766,0,-0.1216230448317705,0.2203913867378205,0.3740761428062834,0.5272556251104029,246
L311M,0.264204356,2799,0.4541529555855069,1421,0,0.664183725866137,-0.133001170326429,0.7900020869983309,0.4954271798039886,311
K72G,0.264194846,2800,0.0197364354679162,2165,0,0.0684448617202686,-0.1444595875773101,0.5007443911611217,-0.3457839234324153,72
I327T,0.26390416,2801,-0.1279871801638752,2417,0,0.1057798150486007,-0.0066545134298263,-0.5462732947169527,-0.0648007275573224,327
S162W,0.263764768,2802,-0.1129568949774536,2393,0,-0.2697942492455862,-0.6249879568463733,0.1212288231395427,0.321725803042602,162
D408C,0.263572036,2803,0.1724562004450968,1897,0,-0.0800040949652552,0.3818891954568126,-0.1207860962570398,0.5087257975458698,408
L413Y,0.263243875,2804,-1.3563499479049197,3806,0,-1.1355103596821543,-1.2958492324738795,-1.3180005854397852,-1.6760396140238585,413
Q324Y,0.262163386,2805,-0.0086238247670999,2216,0,0.5445309481451186,0.0141256837444112,0.7016711455691046,-1.2948230765270343,324
R335I,0.261989053,2806,-0.5774537217236696,3070,0,-0.8546775729313595,-0.8250697563676022,-0.3939604650030354,-0.2361070925926812,335
Q484L,0.261753417,2807,0.1206475487799329,1990,0,-0.2253500327552101,-0.3919920613034994,0.8646790147703144,0.2352532744081268,484
S242Y,0.261730151,2808,0.4592440177397126,1414,0,0.3816468166883496,0.376191183503719,0.6585812684946389,0.4205568022721429,242
G384K,0.261338861,2809,0.1424506902958339,1958,0,-0.0284618672394033,0.2121181095661776,-0.5529986009436704,0.9391451198002316,384
C164H,0.260783721,2810,-0.2550670848937559,2624,0,0.0240473002405503,-0.738142973644319,-0.2127631033690318,-0.0934095628022231,164
K383G,0.25869531,2811,-0.5713279847112942,3061,0,-0.5296093585409961,-0.6196799702432659,-0.4862612772960847,-0.6497613327648302,383
F401I,0.258504702,2812,-0.8754047898739585,3400,0,-0.5964843046048875,-0.9401295107655838,-1.1525250238954756,-0.812480320229887,401
E415F,0.2582849869999999,2813,-0.2313132562845541,2582,0,-0.831949016308958,-0.6704202197396135,0.1489647004017473,0.4281515105086076,415
T469Y,0.257973695,2814,0.0449361715944702,2117,0,0.6343114243712416,-0.1115820438799174,0.1547038984860227,-0.4976885925994657,469
P63V,0.257788741,2815,-0.8195009533764921,3340,0,-0.9115208540914054,-1.1389733513489575,-0.2951789093790657,-0.9323306986865396,63
L29I,0.257464891,2816,0.0496814252619059,2109,0,0.4009840761476516,-0.0755706404702773,0.4128085188012514,-0.5394962534310019,29
Q454H,0.257324467,2817,-0.0342446049389278,2252,0,0.2709481853201207,-0.0327880863570668,0.1422406417773565,-0.5173791604961219,454
V351Y,0.257252294,2818,-1.06505486489123,3611,0,-1.3396966420357026,-1.3957838225441797,-1.2095229843716682,-0.3152160106133698,351
I45N,0.257185401,2819,-0.6909430617807424,3204,0,-0.5635113295291417,-1.2915973804264516,0.0591616554763822,-0.9678251926437584,45
D89R,0.256853573,2820,-0.0304253452057742,2244,0,-0.493010331466955,-0.833666113240418,0.1736692626002646,1.0313058012840113,89
P337L,0.256746165,2821,-0.083925559060567,2335,0,0.2084868144326304,-0.3078791380911362,0.3262908508972246,-0.562600763480987,337
G332V,0.25654943,2822,-0.8610980904391976,3384,0,-0.6438982758580564,-0.7025260139974868,-0.8422004936083148,-1.2557675782929325,332
L461R,0.256468204,2823,-0.1349604792979516,2424,0,0.2905525593736562,-0.1793791074548056,-0.2229344309082267,-0.4280809382024306,461
E415W,0.255394574,2824,-0.5446839381681708,3039,0,-1.120478679240532,-0.7800546987577663,-0.3112189681379877,0.0330165934636025,415
T371Y,0.255250083,2825,-0.4959512789263427,2983,0,-0.6820268669350121,-0.4130553046809198,0.0225253487456246,-0.9112482928350636,371
S393D,0.255150837,2826,-0.7639275774367258,3294,0,-0.5540202596679998,-1.3922116027235023,-0.7324963448602605,-0.3769821024951404,393
Q324D,0.255031053,2827,-0.6623046250337433,3170,0,-0.284743369025021,-0.9024085832678472,-0.2309003619279178,-1.2311661859141871,324
F282M,0.254666387,2828,-0.0267049282625975,2239,0,-0.0676308845983197,-0.7013100132324424,0.6303913848976301,0.0317297998827416,282
L54H,0.254511992,2829,0.0250197773615594,2156,0,-0.5150483604271235,-0.6081776366467633,0.5692819309285546,0.6540231755915699,54
D188T,0.253848693,2830,0.1604299530470712,1924,0,0.0798336541543644,-0.1448691610567498,0.6075817789142433,0.0991735401764272,188
L152I,0.253799688,2831,0.1437932553912422,1955,0,0.3373326255628051,0.0865607418690835,0.830332610573475,-0.6790529564403948,152
V462F,0.253663294,2832,0.0524855011213247,2102,0,-0.0648377822906032,0.2484343834605133,0.4602983220215309,-0.4339529187061422,462
M271P,0.253320901,2833,-1.611182698372922,3954,0,-1.2032573440152736,-2.134045977396897,-0.2599645130931698,-2.847462958986348,271
T66R,0.253305056,2834,-0.1496862126090175,2453,0,-0.0119706471914726,-0.4284827955586428,0.214809305191787,-0.3731007128777417,66
Y379R,0.253096599,2835,-0.9657863012933108,3505,0,-0.9493950902030156,-1.206477862438531,-0.6265401145492915,-1.0807321379824049,379
I327M,0.253087116,2836,0.0653914489641704,2086,0,0.4831020322615854,0.2209934959032471,0.2228569510815384,-0.6653866833896895,327
Q192W,0.253044437,2837,0.0769717997567891,2069,0,0.2348062712529565,0.1310119832246139,-0.2648906277354987,0.2069595722850847,192
D463G,0.252563088,2838,0.2068069924850736,1837,0,0.6529789568762342,0.0152280107977707,0.6575079321077582,-0.4984869298414687,463
V319N,0.251736915,2839,-0.6003343060387091,3091,0,-0.5126797880039393,-0.5814083478383919,-1.0814573532415646,-0.2257917350709407,319
K375D,0.250680486,2840,0.3005865848124516,1670,0,-0.0842382814860752,-0.1002581873831509,0.4710175393353991,0.9158252687836338,375
T371W,0.2495683239999999,2841,-1.0321001308595734,3576,0,-1.406538446568984,-0.8528532717554947,-0.4456534326232935,-1.4233553724905212,371
E142A,0.249343866,2842,-0.2382896035600452,2596,0,-0.3920506473893238,0.0960425218931038,-0.27810931651943,-0.379040972224531,142
L54S,0.2481802669999999,2843,0.0892469779579113,2045,0,-0.3567763880864951,-0.5091402521618599,0.7783503625793091,0.4445541895006913,54
Y347L,0.24794561,2844,-0.5019556340509365,2991,0,-0.3967345480074907,-0.4003597318399692,-0.7668959142802582,-0.4438323420760278,347
P63M,0.246555813,2845,-1.0390545078773583,3582,0,-1.2052519225020346,-1.3107015263369988,-0.9086474215061138,-0.7316171611642865,63
T66C,0.245904762,2846,-0.3556121570931766,2774,0,-0.6108700742047632,-0.6623693360133284,-0.1046662981132825,-0.0445429200413321,66
L311F,0.24520458,2847,-0.0240292489725442,2235,0,0.5649683137698526,-0.2816280086045797,0.6918313477089805,-1.0712886487644302,311
T469Q,0.2450794919999999,2848,-0.1813356276691019,2499,0,-0.3345565693151993,-0.0144094973883568,-0.1701807368620253,-0.2061957071108263,469
V248S,0.244990707,2849,-0.28609871057769,2667,0,-0.372230253097931,0.0870202568025379,-0.1548844742964162,-0.7043003717189508,248
F183C,0.244974105,2850,-0.123696344830706,2404,0,-0.0949826707807431,0.3011239563590061,-0.4569832620118267,-0.2439434028892604,183
H411K,0.244713486,2851,-0.5671045941668429,3055,0,-0.6217520832166857,-0.5713690444510546,-0.3976518871701498,-0.6776453618294814,411
T450M,0.244556062,2852,-0.3609696830630109,2785,0,-0.1273866278330255,-0.5944348999670753,-0.1165668230877542,-0.6054903813641886,450
P163C,0.244430727,2853,-0.3284573119153705,2737,0,-0.6712785408620665,-0.7757203696709993,0.059458878940288,0.0737107839312958,163
D397I,0.2443466789999999,2854,-1.5857462163640776,3946,0,-1.4045904393316404,-1.6314142971504506,-1.1571378662552447,-2.1498422627189746,397
I39R,0.244104827,2855,-0.9445290893848616,3481,0,-1.1315784953967651,-1.136076747016104,-0.79844523414111,-0.712015880985468,39
F226Q,0.243283633,2856,-0.6638996578281473,3174,0,-0.9857332568554068,-0.5287576034162108,-0.8610763734816846,-0.2800313975592868,226
P464W,0.243229639,2857,-0.2526592841330315,2618,0,0.2893831128617438,-0.82046550242482,-0.2071495709584426,-0.2724051760106071,464
P464M,0.243120361,2858,-0.2814424567760567,2661,0,0.1316617450319943,-0.7347705196397012,0.1756622943447599,-0.6983233468412801,464
L287M,0.243047807,2859,0.4985125988054191,1343,0,0.698965245714693,0.1464148381035736,0.5772802925785021,0.5713900188249079,287
N41C,0.243045936,2860,-0.5350974527587994,3029,0,-0.754485169732178,-1.073721427450652,-0.3195742322912007,0.0073910184388331,41
C10H,0.242940397,2861,-0.4738672509589685,2952,0,-0.7812238236380923,-0.6936174226186058,-0.5227162791326754,0.1020885215534996,10
E93R,0.242508405,2862,-0.1486140397287594,2451,0,-0.2093022167912158,-1.0830228558967694,0.6376615841127472,0.0602073296602005,93
K249P,0.241701865,2863,-1.0519913716807392,3595,0,-1.451218534711088,-1.372284293115146,0.0055988992708013,-1.390061558167524,249
F282V,0.2409850589999999,2864,-0.3850573600374631,2819,0,-0.0669765138713364,-0.679809748659569,0.1515926380966847,-0.945035815715632,282
Q484A,0.240753219,2865,-0.1567619709146277,2466,0,-0.4818950753221563,-0.7790625642423535,0.5274934061458284,0.1064163497601706,484
P163T,0.240362058,2866,-0.0012086524319378,2206,0,-0.0237311161676856,-0.1215531965967627,0.1688525550208383,-0.0284028519841415,163
T469F,0.240236292,2867,0.5866823500753485,1181,0,1.6513286733956358,0.7422665267899958,0.5176257623278168,-0.5644915622120542,469
G417W,0.239811045,2868,-0.7160097183059395,3231,0,0.0676188921330201,-0.4802044682665931,-1.491390883681224,-0.960062413408961,417
L268F,0.239116445,2869,-0.3276613136902634,2735,0,0.2675966468255891,-0.2152689375662007,-0.4240402264312375,-0.9389327375892048,268
T283M,0.238588242,2870,0.1624519278219467,1920,0,0.052462882090883,-0.0336494090746984,0.5921634387099486,0.0388307995616539,283
N41H,0.237352681,2871,-0.2587388504389029,2633,0,-0.0598190042350752,-0.6822762941444456,-0.0263689256187716,-0.2664911777573194,41
L11N,0.2372628339999999,2872,-0.9653984939205178,3504,0,-1.7657222789502187,-1.3781498030815704,-0.6270014668211475,-0.0907204268291342,11
R342Y,0.2371713889999999,2873,-0.9938583436506828,3539,0,-0.9895041878784196,-0.7646170321414237,-0.888898948838354,-1.3324132057445344,342
T385V,0.237132235,2874,-0.0876916949735186,2345,0,0.0359278828348665,-0.1105466624753712,-0.3150208175647998,0.03887281731123,385
S58F,0.236718661,2875,-0.3084738466570961,2696,0,0.0873447758253244,-0.4231790934770594,-0.0017448338983919,-0.8963162350782575,58
K315L,0.236705928,2876,-0.3349638869146227,2747,0,-0.2703395069973143,-0.5176556047996116,-0.104682430475286,-0.4471780053862791,315
I50E,0.236317138,2877,-0.0945327403463346,2362,0,-0.4571884132568524,-0.2191789651307892,0.0443535228743972,0.2538828941279056,50
L447Q,0.235482066,2878,-0.7066895284086966,3222,0,-0.9395879612630904,-0.7169985921405371,-0.6683862370477002,-0.5017853231834587,447
P163S,0.235173358,2879,0.6697210529475445,1046,0,0.5500084725517027,0.388676145333503,0.958715574964182,0.7814840189407901,163
F69D,0.235069922,2880,-0.5693683411135727,3058,0,-1.084266573254281,-0.3961622396593765,0.0285242976832545,-0.8255688492238874,69
G384E,0.234962135,2881,0.5332365648464226,1269,0,0.5837192445494325,1.0364060926004497,-0.1724004324185056,0.6852213546543138,384
K72V,0.234824836,2882,0.3099743195977667,1650,0,0.0053539971940633,0.0702721960563239,0.6078236285099484,0.5564474566307311,72
L195Y,0.234755515,2883,-0.066715541038359,2308,0,-0.1885386430174565,-0.2817036571877387,-0.0050395530312044,0.2084196890829636,195
P464Q,0.234173192,2884,0.2000760118249036,1847,0,0.4062622627633365,0.0230278483410061,0.6456197918401103,-0.2746058556448382,464
T385H,0.233376776,2885,-0.6474859381414603,3158,0,-1.1930076486038113,-1.1526832846607264,0.4221685511717716,-0.6664213704730748,385
G46I,0.233130215,2886,0.3590590429538464,1563,0,-0.0310597779375988,0.391001971064574,0.1015703294317889,0.9747236492566216,46
K158F,0.23274573,2887,-0.6187361370449762,3114,0,-1.3464758859123027,-0.8484675284104392,-0.3341579075779206,0.0541567737207575,158
V490E,0.231963743,2888,0.8750383793661395,739,0,1.2498426646737362,0.1967609116197086,1.4253519249148043,0.6281980162563091,490
T159R,0.2319462239999999,2889,0.2388137526803412,1783,0,0.2634952777109329,-0.2932270117179687,0.3295979922754844,0.6553887524529164,159
P346I,0.231755065,2890,-0.7679776293900331,3297,0,-0.1647410975302685,-1.0521196732741778,-0.2788653146073553,-1.5761844321483311,346
P480T,0.2316044789999999,2891,-0.3545400588340922,2772,0,-1.115015994533628,0.2065930851696175,-0.3134578077622804,-0.1962795182100779,480
P260I,0.231547112,2892,-0.3768291072188298,2810,0,-0.0360614966205883,-0.6810776992480926,0.5493212157607242,-1.339498448767363,260
K247G,0.23151185,2893,-0.0295061686759878,2242,0,-0.000494826829058,0.1992353566911451,0.093857358686126,-0.4106225632521643,247
F401C,0.231489906,2894,-0.8872125916257066,3414,0,-0.5671923847416771,-0.4059867814053208,-1.6070896882196433,-0.9685815121361854,401
T470W,0.2312640489999999,2895,-0.7948200694815504,3318,0,-1.854620763279766,-0.4484146574711185,-0.435474558599897,-0.4407702985754201,470
N455W,0.231100356,2896,-0.6266833072651512,3128,0,-1.164169965944905,-0.8217736204026315,0.2739591871943076,-0.7947488299073757,455
D414R,0.2307243939999999,2897,-0.9953049185063996,3542,0,-1.0619740776471134,-0.8922392714305142,-0.5584135928164723,-1.4685927321314984,414
F376S,0.230659346,2898,-0.6235855086472925,3119,0,-0.5456889200149351,-0.6215193688900597,-0.6846309791592007,-0.6425027665249745,376
L447H,0.230261671,2899,-0.9652770210370494,3503,0,-1.0672861038037422,-0.7343257327489857,-0.953926367392928,-1.1055698802025418,447
L380G,0.230205151,2900,-0.0923194583300091,2358,0,-0.2612305838332848,0.0046270334168901,-0.3783273991324817,0.2656531162288397,380
Q324M,0.229485209,2901,-0.1743653799876643,2484,0,-0.5477047738566464,-0.4436157255815873,0.0957809090198545,0.1980780704677216,324
P471T,0.229400915,2902,0.21947112202222,1817,0,-0.236520180432596,0.3883062036781608,0.5233249108600893,0.2027735539832261,471
T159N,0.22928757,2903,0.4580439032237422,1415,0,0.6988764867207482,-0.0120586339846296,1.002548787044184,0.1428089731146663,159
S254P,0.229254036,2904,-0.6792816413911318,3194,0,-0.2872053073103476,-0.6292823863264476,-0.3380179124552189,-1.462620959472513,254
D373G,0.2292328589999999,2905,-0.1797814137166686,2497,0,-0.23396574181794,-0.4674768954055098,0.5416456135892742,-0.5593286312324987,373
T320Y,0.2291150639999999,2906,-0.4106987105040672,2861,0,-0.0476897903601438,-0.4786281660196356,-0.3354468509668034,-0.7810300346696862,320
S422F,0.22872033,2907,-0.3728445833472222,2801,0,-0.2989819980466995,-0.5522110742388604,-0.2704722292854334,-0.3697130318178955,422
R377L,0.227783003,2908,-0.2255326630544761,2573,0,-0.2831957125942746,-0.4391584842835991,-0.026281510639214,-0.1534949447008167,377
D397M,0.227509254,2909,-1.3688121399629418,3818,0,-1.7979565636507548,-1.524506380517165,-0.3014899681641635,-1.8512956475196845,397
F69E,0.227233534,2910,-0.2466473027395832,2610,0,-1.002794751345401,0.0369429031207394,0.3012907755302723,-0.3220281382639437,69
V60P,0.227190804,2911,-0.2502701442488588,2613,0,0.0087349638042342,-0.2877511254276376,0.6628919862215966,-1.3849564015936286,60
I215P,0.227157658,2912,-0.0901167289288586,2352,0,0.0675139951401764,0.6750162083289657,0.6852141295602705,-1.7882112487448474,215
T348F,0.226983966,2913,-0.7332911185681161,3254,0,-0.569944444041813,-1.4020060189274806,-1.2069664708874548,0.245752459584284,348
V490P,0.226923412,2914,0.629635510662396,1115,0,1.6180055344562356,0.0005208551012787,1.4253519249148043,-0.5253362718227348,490
T469G,0.226893878,2915,-0.5211123879449262,3010,0,-0.4119311264101818,-0.3787836847926393,-0.3880432951236915,-0.905691445453192,469
V323Y,0.226580413,2916,-1.6185032395053889,3959,0,-1.763674204951536,-1.60916022457194,-2.188764243112189,-0.9124142853858908,323
Q484D,0.22638846,2917,0.2730496598184305,1719,0,0.3498601520541611,-0.0261892537535417,0.7481952556637859,0.020332485309317,484
D463R,0.2263323639999999,2918,-0.3037169112650765,2689,0,-1.1209123111798065,-0.2773449598848036,0.2841575472016286,-0.1007679211973244,463
Y379N,0.2261496,2919,-0.3975040688827678,2841,0,-0.3324723663016805,-0.3715148601357909,-0.912580161340655,0.0265511122470552,379
K465F,0.225695452,2920,-0.3777504265672446,2812,0,-1.216448734174142,-0.6633885165708617,-0.1106301427064763,0.4794656871825013,465
G417V,0.225581435,2921,-0.2932921259705637,2677,0,0.3607081540026598,-0.2489791512435331,-0.0730174677841545,-1.211880038857227,417
L447S,0.225423653,2922,-0.710129009733918,3225,0,-0.8125353386783991,-0.6009769626604068,-0.6009411798154262,-0.82606255778144,447
D373A,0.2253852019999999,2923,-0.6080963246807484,3102,0,-0.6685523358646649,-0.8936354898821645,-0.5266825080210482,-0.343514964955116,373
P464N,0.224389826,2924,0.0428184904614812,2123,0,-0.4399690288295334,0.094336077304853,0.2978829947375442,0.2190239186330611,464
T159G,0.22428897,2925,-0.2903375521453958,2675,0,-0.1474895487868045,-0.5468429704431187,-0.3838079352598476,-0.0832097540918123,159
P471N,0.224273652,2926,-0.0268515605785414,2240,0,-1.218612901251409,0.1972805437457973,0.6756370583762035,0.2382890568152424,471
Q454S,0.2242474589999999,2927,-0.8319851955183198,3354,0,-0.7710247479359795,-0.8384296978273758,-0.9099136667909186,-0.8085726695190055,454
S451R,0.223940205,2928,0.0390074808519838,2131,0,0.2208023970664734,0.2432193174179588,0.3081710986808855,-0.6161628897573825,451
D463M,0.223783807,2929,-0.7831163247559793,3310,0,-1.973063009600672,-0.7919560284211962,-0.2248234090049084,-0.1426228519971407,463
C10D,0.22374636,2930,-0.8286162863440341,3352,0,-1.1274362787174208,-0.9098347301994074,-0.8566658887437755,-0.4205282477155326,10
Q324I,0.223267635,2931,-0.2860219827746687,2666,0,-0.5616745292980521,-0.4970382194432878,0.0858722615407904,-0.1712474438981255,324
E285L,0.222989149,2932,0.3249585725812178,1626,0,-0.1848118681281093,0.3464587463875742,0.4498042217552394,0.6883831903101671,285
T159C,0.222771648,2933,0.1554682132595039,1935,0,0.0419681292117104,-0.489706465876555,0.1885923742270773,0.881018815475783,159
S58I,0.222467019,2934,-0.7179171152492739,3238,0,-0.1141220024300187,-1.1884823364723307,0.0570636576474372,-1.6261277797421836,58
R377F,0.222188076,2935,-0.837287499415412,3357,0,-1.136463841797036,-1.2783515143522552,-0.6367975990345515,-0.2975370424778052,377
K383D,0.221514774,2936,-0.6086338163354172,3103,0,-0.9017417293260408,-0.7700913117361834,-0.6880378300083393,-0.0746643942711052,383
I284G,0.2214597089999999,2937,0.2249459221012522,1805,0,0.4374472424904768,0.3526805410969829,0.259595097460215,-0.1499391926426659,284
G384A,0.221182101,2938,-0.0863748787681605,2342,0,-0.0053812900458622,0.0603701312490542,-0.7424089402100621,0.3419205839342281,384
V370G,0.221135433,2939,-0.4121551954879525,2863,0,-0.349415031512584,0.0711221380136576,-0.7065378795472282,-0.6637900089056554,370
Q146H,0.220745746,2940,0.257262063995952,1749,0,0.5468146983526365,0.1853061094338634,0.4279271402170315,-0.1309996920197232,146
D408Q,0.2204744189999999,2941,0.0792449345251223,2067,0,-0.0942722358638131,0.2024253168570977,-0.0079860774542453,0.2168127345614501,408
K315S,0.219834232,2942,-0.4127602163334999,2865,0,-0.2299933370924095,-0.8663208618185602,-0.4795212936261108,-0.0752053727969192,315
T385N,0.217991976,2943,-0.421731604192227,2882,0,-0.2964122590455441,-0.2941202005644355,-0.6472831352919964,-0.4491108218669318,385
D414A,0.217674917,2944,-0.624509996221225,3123,0,-0.242641814814268,-0.6122886350490891,-0.386632907204445,-1.2564766278170978,414
A161L,0.216190698,2945,-0.1764318225647487,2490,0,0.3022573550457088,-0.4098585160587878,-0.3732115146974546,-0.2249146145484614,161
F65I,0.215603538,2946,-0.1376912429382819,2429,0,0.3021524301324517,-0.2215540628593868,0.4259806690965739,-1.0573440081227667,65
T159A,0.214920768,2947,0.5070615837738703,1329,0,0.8372262809032253,0.1629003380151416,0.624779686795152,0.4033400293819628,159
Y347V,0.212812925,2948,-1.1169978483850669,3660,0,-1.3440049851743008,-0.9038508603258808,-0.891272842135017,-1.3288627059050688,347
F183T,0.2126011,2949,-0.3545650192005946,2773,0,-0.8600898333718077,0.3043443098495201,-0.7675923514929952,-0.0949222017870956,183
K158Y,0.212131081,2950,-0.3598274995579353,2783,0,-0.9688249058324736,-0.6357643318271448,0.0630856735004373,0.1021935659274399,158
A161H,0.211629686,2951,0.0499477298521494,2108,0,0.2709794282626258,-0.3965694030954589,-0.2307251681739497,0.5561060624153805,161
P409I,0.211483903,2952,-1.370669128956353,3820,0,-0.7320910996613513,-1.4559543039149612,-1.6106553957734258,-1.683975716475674,409
K160V,0.211257337,2953,0.3009705742648232,1669,0,0.1403511779460959,-0.335680862695506,0.8773818986127394,0.5218300831959636,160
D191S,0.2102283989999999,2954,0.1435201314302639,1956,0,0.4001986470005436,-0.0203095513095688,0.0311509104929163,0.1630405195371645,191
V462Y,0.209708124,2955,-0.2782842942122616,2658,0,-0.3045694870011447,-0.1728871201067865,-0.2219171797078762,-0.4137633900332389,462
I452M,0.209068196,2956,0.2517090139970439,1761,0,0.5614801886133592,0.3074378682811818,0.1725079647033556,-0.034589965609721,452
D188R,0.20893303,2957,-0.1035441745600739,2373,0,-0.2658384850863943,-0.2746659289105937,0.0400798857946368,0.0862478299620554,188
T385Y,0.2087597719999999,2958,-0.929303274012746,3459,0,-1.3351595748711862,-1.2408070555847903,-0.3638089485143632,-0.7774375170806446,385
D341V,0.208690956,2959,-1.141508565782099,3679,0,-1.1557568474012256,-0.9352954993560734,-0.7573762435757794,-1.7176056727953175,341
E147F,0.20836177,2960,-0.4018097191456757,2849,0,-1.1524211956218733,-0.885339852863818,-0.4465942450805987,0.8771164169835868,147
S451E,0.208319296,2961,-0.2447308015221507,2608,0,0.1302131921083271,-0.6392682670860319,-0.1186954312949249,-0.3511726998159731,451
D265K,0.2082536639999999,2962,-1.020405939733211,3570,0,-0.894186465481622,-1.0041134840753647,-1.0682736744244412,-1.1150501349514166,265
P382G,0.208151864,2963,-0.9369010655512472,3470,0,-0.8260544586488183,-1.0543120093815153,-1.3628211094237772,-0.504416684750878,382
L268T,0.207860232,2964,-0.9314182866990686,3462,0,-1.1592317103613925,-1.1055034725508643,-1.0261867079358626,-0.4347512559481546,268
E142S,0.20773364,2965,-0.4730942574062756,2951,0,-1.1103714337778292,-0.2509694453827519,-0.4744446407312779,-0.0565915097332432,142
E142V,0.20722279,2966,-0.3944909628313116,2831,0,-0.6003487131716962,-0.2111781567498164,-0.5525415216824836,-0.2138954597212502,142
C164S,0.206801176,2967,0.667672889923441,1049,0,0.7822813365652258,0.402337476104234,0.8296282986132053,0.6564444484110991,164
T159I,0.205468715,2968,0.3465297665670609,1583,0,0.7995114005506399,0.2710123390879829,0.631200001426603,-0.315604674796982,159
L413V,0.205206868,2969,-0.3405539071641382,2752,0,0.0229522057893093,-0.1092460424102268,-0.0662161717191377,-1.2097056203164975,413
E85R,0.205041434,2970,-0.4826111593564826,2964,0,-0.8097473178859073,-0.7644183374557459,-0.5411949924962448,0.1849160104119676,85
P260F,0.204836027,2971,-0.7610341305807716,3289,0,-0.3922929965769423,-1.1799020465552306,-0.4364519530681716,-1.0354895261227424,260
C172Y,0.204786428,2972,0.6759994406617476,1032,0,0.7461054991958778,1.0161735108335048,0.809020300495496,0.1326984521221119,172
R335L,0.204014014,2973,-0.3973436904063039,2840,0,-0.5106140962244516,-0.5128873340172369,0.2079401547958984,-0.7738134861794255,335
A149G,0.203674668,2974,0.4317466399871584,1444,0,0.480676362593162,0.4131333992144589,0.0757689497092286,0.757407848431784,149
P337M,0.203258928,2975,-0.9543928249849029,3491,0,-1.1429723693460845,-1.6403887630477638,-0.2325126523016862,-0.8016975152440767,337
G79K,0.202980954,2976,-0.1073248907438084,2386,0,-0.8503018578354201,-0.017111691557056,-0.7765520218127427,1.2146660082299852,79
D191C,0.202562555,2977,-0.5608751021172179,3050,0,-0.4667886798544892,-0.7903817345437031,-0.9657844612579052,-0.0205455328127742,191
V76M,0.20198371,2978,0.4776319637960313,1376,0,0.6384261952842913,0.2157092080598196,0.5742533853405175,0.4821390664994968,76
D414Y,0.201933345,2979,-1.017474483129322,3566,0,-0.5951438734818033,-0.5489517583807371,-1.34581000995078,-1.579992290703967,414
I327A,0.201843062,2980,-0.9838654415367514,3523,0,-0.7437484864715868,-0.8194888992999318,-1.207834902980415,-1.164389477395072,327
Q454L,0.201721353,2981,-0.5433747389525694,3037,0,-0.3498926381028375,-0.1961945155237255,-0.7919687818086456,-0.835443020375069,454
T167M,0.201506916,2982,0.5863719364365435,1182,0,0.607024441468134,0.4037366401644315,0.7480894544100546,0.5866372097035538,167
T66M,0.201290882,2983,-0.1414924866042697,2434,0,0.2445597371584805,-0.4569138092618574,0.2656930944434497,-0.6193089687571518,66
L268A,0.201277043,2984,-1.154143583677566,3682,0,-1.2785235190188018,-1.4609773698367188,-1.1520005491874712,-0.7250728966672723,268
L268N,0.201102625,2985,-1.318868169003818,3788,0,-1.900654991467895,-1.2476671101099857,-1.5373013003541465,-0.5898492740832452,268
I331Q,0.2008750769999999,2986,-1.089530392374352,3632,0,-1.4491227726464548,-1.4982784142250978,-0.7485375526416046,-0.6621828299842507,331
D463I,0.200161596,2987,-0.8854574909691878,3411,0,-1.9395066374886016,-0.7501016087831329,-0.7669530937838137,-0.0852686238212028,463
P489E,0.200018388,2988,-0.4467353575236688,2917,0,0.9747752897112684,-0.7930584893658533,-2.503970759032352,0.5353125285922615,489
E285V,0.199870739,2989,0.3068238498474995,1658,0,0.022433276987342,0.0846601548992745,0.4166608740324436,0.703541093470938,285
F226K,0.199754739,2990,-0.6629148735798422,3173,0,-1.3563581486844731,-0.574802954561283,-0.5391982005886023,-0.1813001904850104,226
K72F,0.1992137269999999,2991,-0.0955466910926028,2363,0,-0.4822991395437246,-0.4373676881778438,0.4663061010507296,0.0711739623004274,72
L485T,0.198946908,2992,0.2489378076479473,1767,0,-0.3597097346303181,0.3645627243048521,0.143835019320364,0.8470632215968913,485
R144D,0.198917082,2993,-0.3960778413981717,2836,0,-0.8032985400213636,-0.777902530039717,0.1386301837243511,-0.1417404792559574,144
F126G,0.198910232,2994,-1.8495351332531764,4047,0,-1.7914030842362612,-2.029688154418207,-1.6443967792153726,-1.9326525151428653,126
C172V,0.198339994,2995,0.2700069532487862,1724,0,-0.0446216580210178,0.6326943072252393,-0.0083880927138494,0.5003432565047726,172
D463V,0.197902223,2996,-0.4394779458395599,2909,0,-1.3580330942795455,-0.2040424200428088,-0.1276478604187166,-0.0681884086171686,463
F168C,0.197832133,2997,0.2277804991073255,1803,0,0.2629882988458666,-0.0118280731701167,0.6698820651414313,-0.0099202943878792,168
G40K,0.197320713,2998,-1.7639385150605875,4015,0,-1.0845071355354472,-2.232459294543563,-1.3521228263772886,-2.386664803786052,40
T469W,0.197279448,2999,-0.449924516218581,2926,0,0.0253140493928833,-0.8794073972485803,0.0653674522245312,-1.0109721692431586,469
L312C,0.197263291,3000,-0.2754708291729675,2653,0,-0.3166349306520531,-0.4029453066884358,-0.278236764812067,-0.1040663145393143,312
P471V,0.197262035,3001,-0.2118708416946433,2549,0,-0.9298936307929776,0.0592951180204105,-0.0253377182213658,0.0484528642153598,471
L195F,0.197254815,3002,0.3076624259182283,1657,0,0.5504772004505205,0.3718002183980559,0.0719740267401801,0.2363982580841565,195
P464G,0.197212181,3003,-0.0338663833966666,2251,0,-0.2450149941056499,0.0298048902616721,0.9000454441276934,-0.8203008738703821,464
Q454R,0.197093165,3004,-0.1167863983500091,2396,0,0.004575241025739,-0.1603885013646446,-0.2048815112331781,-0.1064508218279527,454
V490G,0.197045356,3005,1.0578276432901492,481,0,1.50199687324093,0.6035720127523788,1.4253519249148043,0.7003897622524834,490
K190I,0.196772417,3006,0.0984577962399547,2034,0,-0.1203314744319959,-0.2764990346663989,0.5395572236212441,0.2511044704369697,190
E285W,0.1965785719999999,3007,-0.2967618308633085,2683,0,-0.7540522358032368,-0.5784304714878795,0.0832322110726742,0.062203172765208,285
Y243N,0.195668455,3008,0.1739192684166463,1893,0,0.0028081301462966,0.4184301389485657,-0.1070572472476234,0.3814960518193465,243
V319K,0.195366686,3009,-0.2141653559645703,2553,0,-0.3814889134385961,-0.2834576331866466,-0.4426932944212706,0.2509784171882319,319
V75M,0.1950066869999999,3010,-0.0538803482678361,2283,0,-0.0060571036502753,0.3383370341648445,0.0447528431265135,-0.5925541667124274,75
Y68T,0.194878797,3011,-0.3353518220931134,2748,0,-0.4785246626282204,-0.7604757743058342,0.1119192902160392,-0.2143261416544385,68
E142I,0.1935441219999999,3012,-0.8534443010213697,3371,0,-1.3428624260204154,-1.0322550247931102,-0.5397526459346852,-0.4989071073372677,142
T385F,0.193466391,3013,-0.9183492849691236,3447,0,-1.102267310448363,-1.0359362321300554,-0.5797268752493648,-0.9554667220487116,385
L458M,0.193309385,3014,0.1663012587887447,1908,0,0.5255849793182913,-0.3531361372757833,0.7405547245256193,-0.2477985314131483,458
E285F,0.192855902,3015,-0.11094037871635,2390,0,-0.6377593587405394,-0.1589375213722655,0.0039085294155603,0.3490268358318444,285
N418P,0.192703025,3016,-1.0132929617493414,3563,0,-1.1442807199142642,-1.0691147634645126,-0.5056351779225972,-1.3341411856959915,418
G384Y,0.192341294,3017,-0.604367506373681,3097,0,-0.8928697387894454,-0.2183042532833949,-1.279862763449276,-0.0264332699726073,384
Q252P,0.192320853,3018,-1.1374129872471628,3678,0,-0.8881309745591046,-1.634676960291014,-0.5469012374018897,-1.4799427767366429,252
M339R,0.1921166819999999,3019,0.0464417259245252,2113,0,-0.4929510843498895,-0.1296647330808727,0.1324105236007458,0.6759721975281172,339
E246I,0.1915763489999999,3020,0.0956894360576521,2037,0,-0.5064287425065289,0.0453967996528805,0.3344493799507632,0.5093403071334935,246
Y358S,0.191198592,3021,0.2577160173932943,1747,0,0.3878637015600629,0.5192560433871647,0.0460155933911185,0.0777287312348311,358
H316V,0.190988045,3022,-0.9184321523087586,3448,0,-0.9106980395108626,-1.1747713320301802,-1.108675042944565,-0.4795841947494263,316
E285Y,0.190731353,3023,0.0810701583685266,2063,0,-0.1645835984787297,0.1157657811638773,-0.0208716204367925,0.3939700712257512,285
K185M,0.1906901439999999,3024,0.6172485252757842,1136,0,0.5638270668753935,0.4019250909075441,0.9686332120333896,0.5346087312868095,185
L311Y,0.190675113,3025,-0.8107278984155424,3332,0,-0.3419961588872334,-1.2006948295114448,-0.197204831789041,-1.5030157734744505,311
F226R,0.190290361,3026,-0.4480893246502487,2921,0,-0.9310278417432816,-0.2543384182136315,-0.2618793992049506,-0.3451116394391313,226
H344P,0.190146182,3027,-0.5346639303572355,3028,0,-0.2755515222334309,-0.4572085040079335,-0.5548640897185398,-0.8510316054690376,344
P346E,0.189543287,3028,-1.0975549156463464,3641,0,-0.5550686711881696,-1.3896245550707624,-1.3947371971380904,-1.050789239188363,346
N455Y,0.189457023,3029,-0.0808594374892926,2328,0,0.297004492244905,0.0046068158309484,-0.094528846355927,-0.5305202116770972,455
V76A,0.1893498019999999,3030,0.3938274962544041,1496,0,0.6881392310916835,-0.0943103342686862,0.0861079590187724,0.8953731291758468,76
N41L,0.189117919,3031,-1.5133259664259653,3910,0,-1.6282247972649573,-2.159768370149126,-0.5218536050657157,-1.7434570932240614,41
L311V,0.1891052289999999,3032,-0.0657691586950325,2303,0,0.4698229022038593,0.0504833300497136,0.2318593560104661,-1.0152422230441691,311
L29R,0.189071829,3033,-0.066431908218827,2306,0,-0.0661125446015591,-0.4425605282649923,0.4063933391236899,-0.1634478991324465,29
I452L,0.188919874,3034,0.5299223692605514,1278,0,0.8706373412241705,1.0105973399612511,0.4248181251661134,-0.1863633293093296,452
T385I,0.188686887,3035,-0.2224488325192239,2564,0,0.2197455535814811,-0.1941876188636009,-0.3086496209114709,-0.6067036438833052,385
L380P,0.188241135,3036,-0.0717717949333335,2312,0,0.4925994121361379,0.2539181693374044,-0.0979283992100666,-0.9356763619968098,380
A350G,0.187891494,3037,-0.4541862823286926,2930,0,-0.0431853621587985,0.1760025387269841,-1.5758103178867278,-0.3737519879962283,350
L29Q,0.186348696,3038,-0.1369298310843672,2427,0,0.0681466437855967,-0.4703488637395995,0.4282446238295725,-0.5737617282130388,29
V394P,0.185495935,3039,-1.3716479292387365,3822,0,-0.778930608410459,-1.238545096002688,-1.3031862039525988,-2.1659298085892,394
K185I,0.185085749,3040,0.6925998822194934,1001,0,0.9657027747662084,0.7135826593712133,0.9076949666573632,0.1834191280831885,185
R377P,0.1850325689999999,3041,-1.1855423210904894,3699,0,-1.00263471153625,-0.8921484931307239,-0.9598186098508656,-1.887567469844118,377
V76T,0.184737465,3042,0.070727230799907,2077,0,0.1055769174050035,-0.2173496083313175,-0.156156472935933,0.5508380870618752,76
G171V,0.184313597,3043,-0.0281494847824316,2241,0,0.1475924488223174,0.2730450767685493,0.765831404513969,-1.2990668692345624,171
K383I,0.184277098,3044,-0.5568477257507994,3049,0,-0.6229314135549135,-0.3627465868368226,-1.3840859415742357,0.1423730389627739,383
L29H,0.18414564,3045,-0.1503868235990408,2454,0,-0.0257187983123568,-0.0892471009576404,-0.080517757703351,-0.406063637422815,29
F412M,0.183858066,3046,-1.0907553296800945,3634,0,-1.2917809688755852,-1.28552915903542,-2.262450976487912,0.4767397856785403,412
Y61Q,0.183669129,3047,-1.0073947751335706,3552,0,-1.1160226929562975,-1.1507975596249531,-1.0959120477654627,-0.6668468001875684,61
D373H,0.183321845,3048,-0.0994025371475923,2371,0,-0.3544343400559652,-0.5386726556793506,0.3065261238985809,0.1889707232463656,373
I42D,0.182698179,3049,-0.917528481147287,3446,0,-1.2970565868132442,-0.9058351293567064,-0.9307144674270308,-0.5365077409921666,42
P37M,0.18243941,3050,-1.4072062761853756,3842,0,-1.077416244005368,-1.8366313635008489,-1.474924141595551,-1.2398533556397346,37
K383F,0.182217692,3051,-1.2916717005050955,3767,0,-1.7009810387926614,-0.9110204715311878,-2.2623111801982745,-0.2923741114982591,383
L54G,0.18167997,3052,-0.7218237126619869,3243,0,-1.2468392664606718,-1.3420130774173518,-0.372226821762973,0.0737843149930494,54
R377T,0.181439671,3053,-0.4120758312509749,2862,0,-0.6800386822229015,-0.576191942882861,-0.0459578866877976,-0.3461148132103392,377
G384F,0.180938893,3054,-0.9346208864821994,3465,0,-1.259147980672838,-0.7521975431561791,-1.612976943224005,-0.1141610788757753,384
N41M,0.180775314,3055,-1.475635041639532,3883,0,-1.6165963918437485,-2.245674901184495,-0.7519165304380928,-1.2883523430917925,41
E147G,0.180761226,3056,0.1079607275462644,2015,0,0.1434115344501121,0.1051238330459227,0.2701203188072849,-0.0868127761182621,147
P481N,0.18052274,3057,0.2880318385072136,1690,0,1.050740417361749,-0.1399078190231975,0.7010990948252078,-0.4598043391349045,481
P37N,0.180232187,3058,-1.5733079879946243,3940,0,-1.5351555615936534,-1.7670638552974445,-1.6153788216817306,-1.375633713405669,37
G384R,0.180157775,3059,0.0439434852593336,2120,0,0.1800560159570382,0.0545339434768099,-0.5767804686311625,0.5179644502346489,384
K158V,0.179320708,3060,-0.1449207191936475,2445,0,-0.3206255953278951,-0.3630851979285202,0.265658547944958,-0.1616306314631329,158
S393P,0.178993306,3061,-0.9379634311305364,3473,0,0.1231002713721384,-1.0693000690204275,-0.277089930539331,-2.5285639963345257,393
C486G,0.178830743,3062,-0.239213465482205,2597,0,0.0543805119185342,-0.1646032655226311,-0.1107438933594446,-0.7358872149652786,486
F401T,0.178656833,3063,-1.4705230987366364,3879,0,-1.7776762363907397,-1.146903465124783,-1.7923879054183125,-1.165124788012711,401
L268S,0.178357658,3064,-0.8631354238185942,3386,0,-1.0467379639391607,-0.8311829652346358,-0.8922063896938313,-0.6824143764067488,268
D262P,0.177886576,3065,-1.7139471149239978,3998,0,-1.6792643179489808,-1.9394550599913336,-1.1323433776476364,-2.1047257041080405,262
N41P,0.177722052,3066,-1.7530504774482805,4009,0,-1.5542955074920224,-2.386161416349546,-0.9970041983871312,-2.074740787564423,41
P317F,0.177494575,3067,-1.1876874496394942,3702,0,-1.0859303506840257,-0.7667456359910909,-1.845451548369081,-1.0526222635137794,317
Q484C,0.177166877,3068,-0.0889850067720163,2349,0,-0.5326585189592705,-0.459459216721036,0.2913736565931369,0.3448040519991044,484
L268H,0.177007917,3069,-1.164698546677467,3688,0,-1.130685042170522,-1.0665512806801545,-1.562825608180109,-0.8987322556790828,268
P163R,0.175862044,3070,-0.240119349103725,2600,0,-0.4867510215272015,-0.421279711528929,0.0263302181524124,-0.0787768815111822,163
L268K,0.175197211,3071,-1.1253706914101698,3668,0,-1.539831281530717,-1.2740203986566307,-1.171150054354477,-0.5164810310988545,268
F219E,0.175156444,3072,-0.3993256222703069,2845,0,-1.3351375735854902,0.8606919067364158,-0.2383475747857113,-0.884509247446442,219
F226N,0.175145162,3073,-0.6104933885351823,3107,0,-1.4182589893541486,-0.577855542255871,-0.282358601211288,-0.1635004213194214,226
L29K,0.175035945,3074,-0.4694737917086437,2945,0,-0.4878352549376611,-1.0080581894860383,-0.0237910495403449,-0.3582106728705305,29
S393R,0.1749792539999999,3075,-1.1192115873252584,3662,0,-0.5506521364479564,-1.5498568232445873,-1.0955324847849008,-1.280804904823589,393
F401V,0.17467169,3076,-1.250890602814965,3745,0,-0.940596502433039,-0.9852811374989984,-2.036113175953459,-1.0415715953743627,401
D341S,0.1746601019999999,3077,-0.8282286567039552,3351,0,-1.1354059373363374,-0.5136799704991861,-0.6265429340630104,-1.0372857849172863,341
K270P,0.173873014,3078,-1.1352764445177912,3675,0,-1.183455405117085,-1.0645362166508747,-0.5247142764850474,-1.7683998798181575,270
I215E,0.173807932,3079,-0.2528053282848921,2619,0,-0.9269777345074798,0.3927767002146138,-0.0606780494330284,-0.416342229413674,215
K158I,0.173760412,3080,-0.1278881600357654,2416,0,-0.1231061492669208,-0.1602933046520321,-0.0123879366465702,-0.2157652495775386,158
T385E,0.173740168,3081,-0.9499360296956,3488,0,-0.951250038702764,-1.033088899794729,-0.9500717833027909,-0.8653333969821171,385
F267T,0.173664123,3082,-0.925553711640649,3456,0,-1.190135754889706,-1.3386063472405416,-0.1010916341788542,-1.0723811102534944,267
L413D,0.17365335,3083,-1.795739530872854,4026,0,-2.0247933371510607,-2.1589690391022964,-0.9874605751679876,-2.011735172070072,413
Q484V,0.173368063,3084,-0.1411912182594464,2433,0,-0.767128091291786,-0.6670394644745429,0.5128809308154796,0.3565217519130635,484
R144P,0.1732542889999999,3085,-0.8747641151915184,3399,0,-0.268826304356605,-1.2474354781650916,0.1384124881362139,-2.121207166380591,144
F183Q,0.173169477,3086,-0.9816519201196828,3519,0,-1.519121482473012,-0.9528904225597756,-0.858338794551812,-0.5962569808941323,183
D191A,0.172846124,3087,-0.3873776130400337,2821,0,-0.3482898388557837,-0.548987239574608,-0.4216043452384761,-0.2306290284912671,191
D408L,0.172725925,3088,-0.2602023154672727,2636,0,-0.4982591737282404,-0.1048201316758831,-0.4074940801554375,-0.0302358763095297,408
Y189N,0.172355021,3089,0.0424064827810617,2125,0,-0.0202514788168411,-0.6229362066015439,-0.0499222256473892,0.8627358421900214,189
R335Y,0.172318228,3090,-0.8315542150055854,3353,0,-0.8411664940399762,-0.8071690254401214,-0.7301616410722365,-0.9477196994700076,335
F65H,0.172207745,3091,-0.4037793653024172,2853,0,0.010366297713701,-0.821412381681635,-0.8554969972398272,0.0514256199980924,65
P73T,0.172158148,3092,-0.0595459232771491,2294,0,0.1110987654677331,-0.0907521730342603,0.3662935128473591,-0.6248237983894287,73
D265W,0.1719454819999999,3093,-1.883140007968217,4057,0,-2.0872279602825907,-1.914806207663474,-2.03361316857878,-1.4969126953480234,265
P404L,0.171797123,3094,-0.805810255128314,3326,0,0.0747674393166054,0.0254325360463791,-1.1770231797479933,-2.146417816128247,404
Y68V,0.171730161,3095,-0.7716375536154796,3299,0,-0.8711036546550147,-0.9821654870032286,-0.5204248368266186,-0.7128562359770565,68
E142M,0.171329415,3096,-0.9437619574737472,3479,0,-1.266896956344872,-0.8731661883010157,-1.097668102577542,-0.5373165826715589,142
Y483P,0.170926041,3097,-1.6866958102896787,3986,0,-2.0235656207365498,-1.5192824776489666,-0.7320740994961346,-2.4718610432770647,483
D414I,0.1708191369999999,3098,-1.2490077648424491,3742,0,-1.3131695690219285,-1.0090345248283312,-1.1091133790063936,-1.5647135865131436,414
I488W,0.170651275,3099,0.0810660479385025,2064,0,0.6671187476347595,-0.4728316100714889,0.1848773495034071,-0.0549002953126674,488
D341I,0.170443625,3100,-1.588693467854028,3947,0,-1.8613057478409976,-1.389229843525359,-1.0778074000642877,-2.026430879985467,341
A161D,0.170108606,3101,0.7215318833817048,958,0,1.271552133190057,0.6929121861153807,0.1858682457295268,0.7357949684918552,161
V394H,0.170103282,3102,-1.5337252896263205,3922,0,-1.9119858769647649,-1.307785106092097,-1.2398731420104716,-1.6752570334379489,394
L268Y,0.169675947,3103,-0.8965914624856586,3424,0,-0.950177950672098,-1.3505869405521664,-0.424926279720848,-0.8606746789975221,268
R342G,0.169664278,3104,-0.6408956829428811,3147,0,-0.3893309478482262,-0.1289915276364063,-0.857461640157394,-1.1877986161294982,342
L54N,0.1692252219999999,3105,-0.3632879861158969,2790,0,-1.1098053753181774,-0.8323502295673441,0.069008845550421,0.4199948148715127,54
L170V,0.169063257,3106,0.3565729702498967,1567,0,0.5399788179176163,0.8408988900995786,0.5548992487762934,-0.5094850757939012,170
L29A,0.168847168,3107,-0.4143767902063743,2867,0,-0.396035923425395,-0.8954655161381243,0.1396609915388792,-0.5056667128008574,29
F401L,0.168829045,3108,-0.7171863026743537,3235,0,-0.1144125143306144,-0.6778289608024817,-1.2479621305576798,-0.8285416050066388,401
L311C,0.168511655,3109,-0.6182998065528226,3113,0,-0.5306640800745761,-1.0267727117204934,-0.6260144322666961,-0.289748002149525,311
A149M,0.1685008489999999,3110,-0.2839715939177203,2665,0,-0.5749871219711427,-0.6726470998017385,0.3140201458458418,-0.202272299743842,149
L36G,0.1684374789999999,3111,-0.966554671535418,3506,0,-1.1237623432102828,-0.9497560272823384,-1.3797300106391206,-0.4129703050099306,36
I215D,0.168326868,3112,-0.540890558797916,3033,0,-1.2689735091651413,0.3676410191285844,-0.0818420096076755,-1.1803877355474317,215
N455F,0.168141003,3113,-0.3270674952433572,2734,0,-0.4959916452808622,0.2545814668258465,-0.2683818973358499,-0.7984779051825632,455
Y379G,0.167950729,3114,-1.5550258458867057,3934,0,-1.6514979694695806,-1.410761706444472,-1.5133699279804504,-1.6444737796523188,379
F267L,0.16794572,3115,0.1935366546184663,1857,0,0.6314045463792459,-0.0231394777762039,0.7046162315906945,-0.538734681719871,267
P382D,0.167836981,3116,-0.7796423946916068,3309,0,-0.7762179448135182,-0.9944240386487256,-1.021251243493015,-0.326676351811168,382
N196P,0.1677102419999999,3117,0.1261955042568519,1982,0,0.8596310305321467,-0.4268075476427392,0.6744236375324906,-0.6024651033944906,196
E155I,0.166919182,3118,-0.2248910292837433,2572,0,-0.5495905744131124,-0.2537203759837872,0.4890266770784234,-0.5852798438164972,155
R335F,0.166491304,3119,-1.1338533953130965,3673,0,-1.3176127677568623,-1.289406115449495,-0.7745201624832259,-1.1538745355628026,335
K383L,0.166440323,3120,-0.6383874041215118,3144,0,-0.9497511871545002,-0.6811580340266685,-0.8128701712601666,-0.1097702240447119,383
P346Y,0.166419401,3121,-1.2938251168687367,3769,0,-0.5220144756300755,-0.98990065504971,-2.1685787811448,-1.494806555650362,346
T66L,0.166006603,3122,-0.4828256915285283,2965,0,-0.4174552639468036,-0.909451801088195,0.0453341183735289,-0.6497298194526434,66
F376N,0.165881699,3123,-0.8099788242559676,3330,0,-1.585656274141426,-1.2685434412359191,0.2977387340623223,-0.6834543157088475,376
F226H,0.165653171,3124,-0.333219074282738,2745,0,-0.8703640429061653,-0.3655858856942915,-0.0088688165809581,-0.0880575519495374,226
L458F,0.165629099,3125,0.021187502591216,2163,0,0.8956689026691252,-0.2126046346347298,0.1841023627362801,-0.7824166204058115,458
M406P,0.165604367,3126,-0.3744891501140192,2807,0,0.0660899144587847,-0.113660974058165,-0.5654298548209634,-0.884955686035733,406
P37I,0.165136282,3127,-1.245444039574625,3741,0,-0.7798147920594802,-1.3449736817904705,-1.87953517493238,-0.9774525095161684,37
D165E,0.164700667,3128,0.3725417988812328,1543,0,0.3810215948728724,0.1688875551711086,0.4220887587170871,0.5181692867638631,165
N41G,0.16469845,3129,-0.9487949103238288,3487,0,-0.6554222030926212,-1.4931677833946926,-0.689967444645852,-0.9566222101621492,41
D262R,0.164395309,3130,-1.3101649573877472,3780,0,-1.405525103087944,-1.0005843772525238,-1.3877858379855643,-1.4467645112249568,262
Q484Y,0.164235035,3131,0.0042992366515181,2195,0,-0.0637116961805769,-0.3417999627796352,0.3006826618373385,0.122025943728946,484
Y189W,0.16404397,3132,-0.7089991918368828,3224,0,-0.7122897191714297,-1.2454126484405494,-0.5091538597556756,-0.369140539979876,189
N41E,0.163968279,3133,-1.1180285549870073,3661,0,-1.3120603468415466,-1.7039351795969016,-0.3474394998381516,-1.1086791936714298,41
G79C,0.163817699,3134,-0.3123408645740181,2704,0,-0.3160312633956591,-0.0822005358548518,-0.9779108606956628,0.1267792016501013,79
D408A,0.163804113,3135,-0.1329089078263368,2423,0,-0.074097447766148,-0.405987049187916,-0.1471216525012608,0.0955705181499774,408
D191H,0.163262042,3136,0.0268206712785712,2150,0,0.1361909805205742,-0.0214383888398584,-0.3231136403574031,0.3156437337909722,191
P489D,0.163195551,3137,-0.6487932018633201,3161,0,0.9714616671380256,-0.9774843794556076,-2.503970759032352,-0.0851793361033465,489
Q454V,0.163183211,3138,-1.390571833100511,3833,0,-1.3805827368933916,-1.1769502790077544,-1.21980469556714,-1.7849496209337576,454
P409E,0.162577842,3139,-1.866096770480267,4054,0,-1.5666354367262805,-1.3583518324667212,-3.1767233228489564,-1.3626764898791106,409
L29C,0.161830805,3140,-0.4166806781543286,2877,0,-0.4291183465213559,-0.6019415155685085,-0.0096573029311008,-0.6260055475963492,29
Q454F,0.161815865,3141,-1.5579985031034822,3937,0,-1.6248890896447783,-1.7855836995851504,-0.9254766723622244,-1.896044550821776,454
F194V,0.161668791,3142,-0.1735040769550894,2483,0,-0.2700085942586446,-0.3356903689776375,0.962172518138532,-1.0504898627226074,194
P37H,0.161643778,3143,-1.0652632289456505,3612,0,-0.7477486440879576,-1.0957066463035292,-1.319417616895843,-1.0981800084952724,37
P346F,0.161333494,3144,-1.1000854598212964,3643,0,-0.4024512526347813,-0.819181217097986,-1.8148248693728852,-1.3638845001795326,346
N378C,0.161259406,3145,-0.2532218848499341,2622,0,-0.1093442613026831,0.0217872115771983,-1.239477341136473,0.3141468514622212,378
V76E,0.160798433,3146,-0.8421221865995105,3360,0,-0.7327884957452611,-1.3912224138166374,-0.96164175449242,-0.2828360823437241,76
F183H,0.160711377,3147,-0.6852343066412899,3198,0,-0.8750713966715206,-0.6195059115563514,-0.9003816628130756,-0.345978255524212,183
V38T,0.160673409,3148,0.1201200394751628,1994,0,0.5389176467685591,-0.3953244818101271,-0.2153114187622982,0.5521984117045177,38
G79R,0.160630194,3149,0.3610854193004521,1559,0,-0.148892409954073,0.6176703647185628,-0.1472304763372255,1.1227941987745442,79
T66V,0.160587526,3150,-0.4957357825456228,2982,0,-0.2418885499833052,-0.9148727919464992,0.0556488276580554,-0.8818306159107425,66
P471L,0.160353007,3151,-0.0099563928409682,2217,0,-0.5899396480410031,0.2334962652756155,0.7583335093424824,-0.4417156979409678,471
L29T,0.160222637,3152,-0.4239326359754608,2888,0,-0.2487690611990175,-0.5766487799903628,-0.1265524119197424,-0.7437602907927205,29
D191Q,0.1601231619999999,3153,-0.5973748691728712,3085,0,-0.4692452015796315,-0.4690507876091098,-0.9430367186019178,-0.5081667689008256,191
A161Y,0.159901506,3154,-0.1528422143659219,2458,0,-0.0062251007772221,-0.3749841175485928,-0.5605516030312439,0.330391963893371,161
I169A,0.159685186,3155,0.2713630715949957,1722,0,0.3785282182021475,0.3016418478982257,0.4668843466501972,-0.0616021263705876,169
V330D,0.159681684,3156,-0.8546704686162172,3375,0,-0.785541603876393,-0.6145318498495246,-1.8035942384351449,-0.2150141823038064,330
L29N,0.159582802,3157,-0.5220861251047226,3012,0,-0.6771681845294619,-0.9227019516839148,0.0311159803622286,-0.5195903445677423,29
L29V,0.159538651,3158,-0.0931311474059792,2361,0,0.2529518037105167,-0.0511279807407627,0.2934167616453648,-0.8677651742390358,29
Y68D,0.159340242,3159,-0.2962074962083725,2681,0,-0.1971766884108425,-0.5844004166664526,0.0328219353037206,-0.4360748150599156,68
E246P,0.159060959,3160,-0.6902250457965774,3202,0,-0.7623565484962074,-0.6860209659564652,0.1586226416847857,-1.471145310418423,246
P404I,0.159056643,3161,-1.3744572319229302,3823,0,-0.6481423741256047,-0.927349586407128,-2.049333899762824,-1.873003067396164,404
L54K,0.159027348,3162,-0.6363539726944951,3140,0,-1.3123518359566084,-0.8219948088263106,-0.5035041895826874,0.0924349435876256,54
V248G,0.158765499,3163,-0.81904325330204,3339,0,-0.5601983491254051,-0.3222662935863008,-0.6369894250613836,-1.7567189454350705,248
K375C,0.158573746,3164,0.2309590117573912,1797,0,-0.2052121275235411,-0.2426736744731078,0.640018358899657,0.731703490126557,375
D414V,0.158444572,3165,-0.9249421063670352,3454,0,-0.736542451156975,-0.8628892278603914,-0.5191994720707777,-1.5811372743799967,414
Q324F,0.158298154,3166,-0.6471347950142247,3156,0,-0.2881436565612095,-0.8654990370337283,0.0848686124385907,-1.5197650989005516,324
F183S,0.158235042,3167,-0.0834453133915663,2332,0,-0.2370529298391568,0.5277262746576162,-0.6536055588870218,0.0291509605022971,183
G70S,0.15821327,3168,-0.2065203638535438,2538,0,0.3374225572141093,-0.3535581626459022,-0.3237123463620013,-0.4862335036203809,70
D49L,0.158143724,3169,-0.3266831062139725,2732,0,-0.9641798145888212,-0.4434616166980191,0.2458796001858386,-0.1449705937548883,49
V394Y,0.158071524,3170,-1.5070156104625407,3905,0,-1.555423268826848,-1.362918061280978,-1.3505283713007623,-1.7591927404415746,394
P481S,0.158064511,3171,0.7161450502427446,965,0,1.3312084867334468,0.9338183795220316,0.957060210280578,-0.3575068755650785,481
E142G,0.157959138,3172,-0.3143667778813018,2708,0,-0.3214123925752555,0.2084128017956601,-0.5663044332641393,-0.5781630874814728,142
H411Q,0.157909033,3173,-0.1722915189002179,2480,0,0.099871129659321,0.0632217481059047,-0.1070070324633017,-0.7452519209027956,411
C164K,0.1578881909999999,3174,-0.5515134739452878,3045,0,-0.7874522815211277,-0.8633907846613005,-0.0899862007680647,-0.4652246288306584,164
G40P,0.157705022,3175,-2.206149458880446,4108,0,-1.8536147907878435,-3.0193328272603663,-1.3444710116759309,-2.607179205797643,40
V153L,0.157061268,3176,0.4145211672757216,1468,0,0.8956574936902323,0.1772799955976391,1.1675803210974989,-0.5824331412824837,153
V153M,0.156835916,3177,0.4399605361915945,1434,0,0.7356504910250662,0.174079725801769,1.0068895093262464,-0.1567775813867038,153
V319L,0.15667473,3178,0.0157885969815835,2174,0,0.4471653890731509,-0.0767348253031403,0.3978855597416417,-0.7051617355853179,319
T385L,0.156475482,3179,-0.6420171052869367,3149,0,-0.6098542458069378,-0.8585026811675499,-0.3394434800145048,-0.760268014158754,385
R342N,0.15627499,3180,-0.7754935616041674,3302,0,-0.7459620447600176,-0.5819751097012451,-0.9821244601446456,-0.7919126318107609,342
E142C,0.1554402369999999,3181,-1.1831953969890674,3697,0,-1.675661523654982,-1.3035281661753593,-1.16362182301264,-0.5899700751132884,142
L413T,0.154818323,3182,-0.9470218180100872,3483,0,-0.8567308401269192,-0.9074139755383188,-1.4761424451834786,-0.5478000111916321,413
I39E,0.1547988619999999,3183,-1.1981283969706438,3709,0,-1.85370642558436,-1.4506717566584022,-0.6617629669552185,-0.8263724386845944,39
F126K,0.154589137,3184,-2.0044090406943718,4085,0,-2.1829580113433003,-2.1666664498028467,-1.393292687162282,-2.274719014469056,126
L156V,0.154487589,3185,0.1113374433653184,2007,0,0.3419659064716224,0.3582477412522953,0.2147831227112366,-0.4696469969738805,156
F376G,0.153572489,3186,-1.8575759670840335,4051,0,-1.9460327548980416,-2.1764517613985865,-1.551242216509267,-1.7565771355302393,376
N378A,0.153282391,3187,-0.1391397007358902,2431,0,0.1442054793232824,-0.322316770605506,-0.8657862746712899,0.4873387630099526,378
P489S,0.152980101,3188,0.040801060884413,2128,0,1.8250676473021672,0.3143842826933455,-2.503970759032352,0.5277230725744914,489
G384T,0.152115339,3189,-0.5509722627852766,3044,0,-0.6582364969940477,-0.3971204996764898,-1.1969008831867485,0.0483688287161794,384
F183N,0.152056923,3190,-0.909633642003652,3438,0,-1.210702545590385,-0.664678425332196,-1.085455713075571,-0.6776978840164563,183
T385G,0.1514966019999999,3191,-0.9067762750638492,3431,0,-0.902346150433594,-0.3519142452936433,-1.021045559571419,-1.35179914495674,385
Y68C,0.151496268,3192,0.1713790645754568,1899,0,0.4227719102840587,0.2314944564848008,0.5273365574297142,-0.4960866658967463,68
F65L,0.151116319,3193,0.3910751417048769,1501,0,0.5435748275511786,0.2468811105167476,0.7116309515489561,0.0622136772026254,65
C164A,0.151052405,3194,0.1364974752527822,1967,0,0.2035878149502456,0.1133060641351798,-0.2623499761056312,0.4914459980313349,164
F412H,0.150956043,3195,-0.6734281465881043,3184,0,-1.017555882981951,-0.9198506026096596,-1.7060344412363575,0.9497283404755508,412
T320D,0.1503904409999999,3196,-0.3442028348818955,2758,0,0.0171813495203845,-0.4344741633448362,-0.8880737414935576,-0.071444784209573,320
V462P,0.1501578459999999,3197,-0.4367472235471694,2905,0,0.3506902259421677,-0.9370757180493168,0.5378211680307603,-1.6984245701122889,462
P33Q,0.150003289,3198,-0.9037491186934596,3429,0,-0.5796597706627418,-1.4718905817236645,-0.6331900500863764,-0.9302560723010558,33
D188L,0.149912303,3199,-0.1784530265703409,2495,0,-0.4505417913435225,-0.4979824208741503,0.2537817652951114,-0.019069659358802,188
R144G,0.149326595,3200,0.1763579646865987,1887,0,0.1495412657516469,0.2706209748250204,0.5638566555872196,-0.2785870374174919,144
L268G,0.149123691,3201,-2.0025296026936203,4084,0,-2.215850156822485,-1.7582420254794255,-1.9831136618146536,-2.0529125666579184,268
P73S,0.148569638,3202,0.1637981312402956,1913,0,0.5479797194790376,0.0720869587043546,0.3117275455276551,-0.2766016987498644,73
D188V,0.148272503,3203,-0.1608701024059445,2470,0,-0.0500171243328541,-0.2124473123600186,-0.0427059567049493,-0.3383100162259562,188
I374G,0.147932815,3204,-0.527395664264205,3022,0,-0.3371493705777572,-0.2056642453309593,-0.6106930617304814,-0.956075979417622,374
L54P,0.147849299,3205,-0.6930601707096434,3207,0,-0.6470917568927831,-1.4583619372288814,0.1916712539902885,-0.8584582427071977,54
L29P,0.147704623,3206,-0.5109900977773996,2997,0,-0.0512163340053656,-0.9294969350384628,0.0362039233542884,-1.0994510454200586,29
F65T,0.147585992,3207,-0.6758157621343193,3187,0,-0.437629744919922,-0.9676730929481292,-0.2855594379403749,-1.0124007727288509,65
E285I,0.14757357,3208,0.1109896056035273,2009,0,-0.3431212957032068,-0.010518214605436,0.2078671662064135,0.5897307665163389,285
K185Y,0.147431735,3209,0.8879549626439964,714,0,1.3233903801180322,0.8945485305477028,0.9941872967037458,0.3396936432065049,185
F65C,0.147407753,3210,0.0425848891999696,2124,0,0.4277688406161637,-0.3132084134105663,0.3131892212237366,-0.2574100916294555,65
I74S,0.14734286,3211,1.1058240395864167,422,0,1.6605577799788016,0.9321673659309984,1.0300949706851688,0.8004760417506983,74
Q454N,0.147244186,3212,-0.7951920932122911,3319,0,-0.7155575522668275,-1.124523266943908,-0.5746000811629286,-0.7660874724755001,454
L170T,0.147050064,3213,-0.1379848923326626,2430,0,-0.5161448508990304,0.0350909186919688,0.6429737726246756,-0.7138594097482643,170
G70M,0.14683977,3214,-0.8828951426284893,3408,0,-0.8275123509507406,-1.300347444508942,-0.6246235568652317,-0.7790972181890429,70
L467F,0.146816796,3215,-0.1945735917167762,2516,0,0.2662413062017915,0.0149151068352174,0.2193215162835859,-1.2787722961877,467
L54Q,0.146766585,3216,-0.219330039967578,2560,0,-0.6507959302075471,-0.4693833735924144,-0.18552871642035,0.4283878603499992,54
S460M,0.146513484,3217,-0.3063321237649961,2692,0,-0.1954217787520208,-0.6928598656566348,0.1621701375890934,-0.4992169882404222,460
L413Q,0.145548428,3218,-0.5334607926893775,3027,0,-0.627762343069624,-0.6550125447739393,-0.8592418819387083,0.0081735990247614,413
G40Y,0.145494983,3219,-1.7891271454435445,4023,0,-1.7147718243846857,-2.618289830175097,-0.3430615329914014,-2.480385394222993,40
D265Y,0.145332791,3220,-0.6466381571802822,3154,0,-0.2894876614971992,-0.1608166857344543,-1.0803276246337152,-1.05592065685576,265
D397V,0.1453064319999999,3221,-1.2271295007736185,3727,0,-0.8672979906378316,-0.8887291771719368,-1.072350766899325,-2.0801400683853792,397
V76S,0.14527814,3222,-0.3932697541526954,2829,0,-0.359547126143142,-1.060050858180385,-0.529541037754763,0.3760600054675084,76
L453Y,0.144883549,3223,-1.0834850003362055,3625,0,-1.0232062487071931,-1.4168791998330297,-1.2245812275788164,-0.669273325225783,453
P33L,0.144699186,3224,-0.4323387763177167,2900,0,-0.1075473035014014,-0.6866526650986674,-0.4452713410557153,-0.4898837956150828,33
L453F,0.14442709,3225,-0.1167751967427992,2395,0,0.5559762096151543,-0.0860952998115108,-0.653630896998785,-0.2833507997760554,453
Y358N,0.143931866,3226,0.2028313097997431,1844,0,0.1496975642254131,0.2038563470461306,-0.0397777482303147,0.4975490761577433,358
L453T,0.143461344,3227,-0.9649852439154218,3502,0,-0.8509265770834573,-1.2009120011961945,-0.7794092422537551,-1.0286931551282803,453
D49C,0.143043911,3228,-0.0239744398107526,2234,0,-0.3439589639436365,-0.2956555320743193,0.2898811126153011,0.2538356241596441,49
F183A,0.142906003,3229,-0.343085324139145,2757,0,-0.9226652312272972,0.509210447108839,-0.8862232134907467,-0.0726632989473749,183
D262E,0.1428207,3230,-0.2412112792784418,2602,0,-0.0705168502007384,0.0686414000512326,-0.5567484629805316,-0.4062212039837302,262
T469N,0.142799451,3231,0.1655744422326799,1909,0,0.0785755324097471,-0.0884039874564856,0.7174044546364384,-0.0452782306589802,469
S460I,0.142736377,3232,-0.3129245579348294,2706,0,0.0683915895716539,-0.3456678145854713,0.2724693219687917,-1.2468913286942922,460
I39Q,0.142677508,3233,-1.0817047104430533,3623,0,-1.6650353493903114,-1.2184421210118457,-0.7636003742802931,-0.6797409970897628,39
D265L,0.142528286,3234,-1.662765366735833,3973,0,-1.656292742049042,-1.6684689815511968,-1.4551402047097348,-1.8711595386333584,265
C486F,0.142493884,3235,-0.0733888192800563,2316,0,0.1643946743542208,0.2530451980768793,-0.0413594212354223,-0.669635728315903,486
V38R,0.142384241,3236,-0.4158016501223402,2874,0,-0.5263187703087419,-0.817268446020093,-0.4680902490310142,0.1484708648704878,38
P346L,0.142368154,3237,-0.2351873609807573,2590,0,0.5544852874642744,-0.1324340067896829,-0.3278206636885151,-1.0349800609091058,346
F401S,0.142119778,3238,-0.9836450732633568,3522,0,-0.8168083904145607,-0.4534894054337602,-1.3215801950323045,-1.3427023021728015,401
Q484G,0.142065467,3239,-0.3875722986290846,2822,0,-0.3600141508967469,-0.5123462792835279,-0.0209613875183433,-0.6569673768177202,484
P317I,0.141982476,3240,-0.672056954658782,3183,0,-1.1278986407620022,-0.901547662224109,-0.3236228306415155,-0.3351586850075015,317
P163H,0.1414380969999999,3241,-0.04853617668271,2272,0,-0.478238617993756,-0.2488704315098603,0.4630929307093028,0.0698714120634732,163
T159E,0.141422799,3242,0.2100564566193858,1832,0,-0.0184222450177615,-0.0388439897487162,0.4198331372934345,0.4776589239505864,159
D341Q,0.1414193809999999,3243,-0.994934927623614,3541,0,-1.261895461025189,-0.9528593597787268,-0.4261219593855617,-1.3388629303049788,341
G40F,0.141091915,3244,-1.9566875848412804,4075,0,-1.6558810834750493,-2.4399289480852304,-1.4053640596885917,-2.32557624811625,40
S451D,0.140743729,3245,-0.3236040044448798,2722,0,0.032104824400185,-0.2393435301185399,0.0771543909282287,-1.1643317029893931,451
F126R,0.140554882,3246,-1.9862171045653945,4082,0,-1.735902439911952,-2.0010833498106733,-1.4818719747119584,-2.7260106538269944,126
L287V,0.140194271,3247,-0.053321539192153,2282,0,0.3935723511481108,0.1603683196857257,0.1852671386635208,-0.9524939662659696,287
L268R,0.140043389,3248,-0.9360724165639428,3469,0,-0.9475606911274712,-0.8104745337959259,-1.134429750840029,-0.8518246904923459,268
Y358E,0.139626757,3249,-0.8793742479709292,3406,0,-0.9057178753869564,-0.7159652191054553,-0.996067963503616,-0.8997459338876892,358
T470P,0.139209343,3250,-0.822942715115123,3344,0,-1.0850268461089876,-0.8528227445396359,0.0399691557860793,-1.3938904255979478,470
I169T,0.139105347,3251,0.8117505744980822,830,0,0.647429244241011,0.7106850508536281,0.927578520194298,0.961309482703392,169
L413A,0.138986621,3252,-1.3153806330788762,3785,0,-1.1762304956030694,-1.7964388026489262,-1.4144702642656968,-0.8743829697978129,413
P63Y,0.1389497469999999,3253,-0.7365184028622737,3262,0,-0.7719715570720773,-0.8778355134144444,-0.7899695619180169,-0.5062969790445558,63
P382V,0.138848016,3254,-1.0100349045633032,3556,0,-0.9985009268217292,-1.0583391918315264,-1.1269684054652092,-0.8563310941347484,382
D397P,0.1384835519999999,3255,-2.2796493809842437,4112,0,-1.7847935406318196,-2.4257803868824364,-2.5308232907294186,-2.3772003056932984,397
F239P,0.138457901,3256,-0.5265418488919917,3020,0,0.5510823893694403,-0.0364925907797985,0.3117864555083942,-2.932543649666003,239
L54R,0.138327536,3257,-0.3430638829501515,2756,0,-0.8591376355959388,-0.8081100134798409,0.2587979314996244,0.0361941857755492,54
K72L,0.137888159,3258,0.2906322369092525,1686,0,-0.0217559702885947,0.1180227867679683,0.7426980515709234,0.323564079586713,72
E325P,0.137619321,3259,-1.6369163267163858,3966,0,-1.5288530308540806,-2.181409756149698,-1.2879938986329462,-1.5494086212288187,325
I74E,0.137547558,3260,0.3309108769851917,1614,0,0.5068799636584164,0.0353376803534945,0.1649928175547861,0.6164330463740697,74
F65V,0.137490219,3261,-0.1698732454610804,2477,0,0.2612914915671641,-0.6372805168814679,0.9388914729592795,-1.2423954294892978,65
T159V,0.13723503,3262,0.251181756897874,1762,0,0.4324462916188535,-0.1548948075317291,0.3937898149534706,0.333385728550901,159
D408H,0.137191811,3263,0.5351378786699379,1264,0,0.4618597769616598,0.7053392399589412,0.3805124177739329,0.5928400799852174,408
G384C,0.1370961819999999,3264,-0.4702629708306161,2947,0,-0.3656685930023339,-0.4263740076210244,-1.0450493589331828,-0.0439599237659232,384
P409A,0.137019661,3265,-0.5278047622952173,3023,0,-0.2488017839234287,-0.3924462205850487,-1.2060954718263983,-0.2638755728459934,409
E142F,0.1369660909999999,3266,-1.371576563537969,3821,0,-1.9550761767724227,-1.6203886165734984,-0.5806499435704302,-1.3301915172355243,142
T66I,0.136942531,3267,-0.4080671768819245,2858,0,0.2767723556182803,-0.321167313815382,-0.2901934658321688,-1.2976802834984278,66
G384M,0.13681405,3268,-1.011160424464946,3560,0,-1.1931676325721354,-0.6277696824458627,-2.338408733706512,0.1147043508647262,384
I374N,0.1367660319999999,3269,-0.0662453714232584,2304,0,0.2138963945133999,0.3149497056432225,-0.4974880492348552,-0.2963395366148008,374
D397L,0.13659135,3270,-1.4733056629805676,3882,0,-1.5483213208130937,-1.456005450390654,-0.993413317297368,-1.895482563421155,397
G40H,0.136575358,3271,-2.025653129772473,4089,0,-1.6476365763074108,-2.350852406687255,-1.6461861245850444,-2.45793741151018,40
Y243G,0.136506164,3272,-0.3953896546992445,2834,0,-0.7113616167122563,-0.1994257142093473,-0.6436552294721124,-0.0271160584032619,243
T385W,0.136292919,3273,-1.250848055148122,3744,0,-1.6074927735582505,-1.7651331427856698,-0.261813413026031,-1.368952891222537,385
K185F,0.136176499,3274,0.2761824718707395,1715,0,0.5675512312060949,0.2132288717712876,0.3985458999336034,-0.0745961154280276,185
G40T,0.136142131,3275,-1.979422501986776,4081,0,-1.4898257654335905,-2.702202452006212,-1.3462187874301983,-2.379443003077105,40
Q324L,0.136021326,3276,0.0295778394559571,2143,0,0.2266930458687482,0.0403935496431711,0.7066682314867793,-0.8554434691748702,324
L314G,0.135826151,3277,-0.5675691198440846,3056,0,-0.725295550263372,-0.5279483644133559,-0.1404016452993146,-0.876630919400296,314
K160I,0.135776215,3278,0.0896868850528616,2044,0,0.2294972046601393,-0.731973262649687,0.5266456160057926,0.3345779821952015,160
K72I,0.135466878,3279,0.3390792994893254,1601,0,0.2147106933678806,0.0265783777714672,0.5926097951278588,0.5224183316900952,72
D397R,0.135378893,3280,-1.5837263234002317,3944,0,-1.3783120255188948,-1.6158100697598603,-1.3626044515099984,-1.978178746812172,397
Q146D,0.134650233,3281,-0.4933603270415298,2978,0,-0.6357333139479663,-1.0144595324255643,-0.1614865248620234,-0.1617619369305654,146
V351I,0.134221083,3282,0.5157647156595809,1313,0,0.7601915012781416,0.8530672659561248,0.5983999722788684,-0.1485998768748115,351
T348N,0.134050047,3283,-0.6961290259689087,3212,0,-0.5016956740405054,-0.4965532651632844,-1.0659947958940177,-0.7202723687778274,348
T385K,0.134024102,3284,-0.7771042255841667,3304,0,-0.4844700633610159,-0.9672700801422728,-0.990770105792644,-0.6659066530407342,385
L453A,0.133656416,3285,-1.1240038496511138,3665,0,-0.9264706439607604,-1.5167647856883972,-1.0549068331435378,-0.9978731358117594,453
R186T,0.133272664,3286,-0.1426449502794081,2440,0,-0.4663752902148716,-0.3396472584963953,-0.5764148520743949,0.8118575996680295,186
L54D,0.132861428,3287,-0.9478530505043709,3485,0,-1.8589016327316568,-1.7389054442761975,-0.1815629342679758,-0.0120421907416526,54
D408R,0.132490785,3288,0.0064316004493042,2191,0,-0.4285624231717395,0.0403181688426074,0.1447880489328226,0.2691826071935264,408
Y379E,0.132413138,3289,-1.4071666154029752,3841,0,-1.496892198681601,-1.6242385269454522,-1.3569123237957357,-1.1506234121891117,379
F401Q,0.132240386,3290,-1.7995553965128082,4029,0,-2.0503375557751413,-1.504075907412328,-2.1696060211634287,-1.4742021017003355,401
L458P,0.1318336819999999,3291,-0.6014735597299653,3093,0,-0.4485490835244535,-0.2693794988064041,-0.0013585785459101,-1.6866070780430933,458
I74R,0.131325495,3292,0.4538665629537252,1422,0,0.7441705028711415,0.0734568005703719,0.1391578190177826,0.8586811293556047,74
A161V,0.131160953,3293,0.0991013151135247,2032,0,0.8526760276536962,0.5738204961263221,-0.3560174102106822,-0.6740738531152372,161
F183G,0.130820883,3294,-1.09379695383251,3638,0,-1.6266345063630718,-0.3504813406264438,-1.6721954822125449,-0.7258764861279793,183
V248E,0.1307932269999999,3295,-0.5739331066622606,3066,0,-0.9415059261357012,-0.556165152040368,-0.3996239325988284,-0.3984374158741447,248
K315G,0.130655393,3296,-0.9236691474222078,3453,0,-0.566446853865204,-1.2107693463100575,-0.991778999697966,-0.9256813898156038,315
L268P,0.130610077,3297,-1.3328279637552622,3793,0,-1.185680327013738,-0.8888073696897506,-1.1748930833563502,-2.08193107496121,268
P63I,0.129903356,3298,-0.9861631887942992,3526,0,-1.1659642154660947,-1.3593115652881085,-0.3366174800233663,-1.0827594943996273,63
S460V,0.129851515,3299,-0.2069619266090447,2540,0,0.2681466510475819,-0.4156241431171828,0.3400034263449695,-1.0203736407115476,460
Y61C,0.129630842,3300,-0.4825041201590263,2961,0,-0.0806683215981404,-0.3656883125369758,-0.8805434679880214,-0.6031163785129676,61
R186V,0.12962495,3301,-0.8870034561835001,3413,0,-1.2216268540284871,-0.9200123432971924,-1.3069145086666738,-0.0994601187416474,186
V248P,0.129355702,3302,-1.6442768152513283,3968,0,-1.4777556032328312,-1.5818073035972138,-1.374813595572624,-2.142730758602645,248
L29S,0.129110242,3303,-0.1858999394704572,2504,0,0.0323593189675977,-0.4754684652869463,0.1705692322410174,-0.4710598438034979,29
L467T,0.129043154,3304,-0.2703232192949735,2647,0,-0.7522572882717139,-0.3698244825032555,0.5754320969496485,-0.5346432033545728,467
K84P,0.128631919,3305,-1.7483149190703786,4007,0,-1.6716847633449723,-1.7498623047261694,-1.266719805169323,-2.3049928030410496,84
S393H,0.128627209,3306,-0.9666390100906208,3507,0,-0.6517656340825679,-1.6097876391926178,-0.8864478738235287,-0.7185548932637689,393
P163G,0.128487983,3307,-0.4847722659277231,2968,0,-0.7836006046627924,-0.792262639492761,-0.4308492820163012,0.0676234624609619,163
R342P,0.128357025,3308,-1.302686805937496,3775,0,-0.9154422203013876,-0.7257066143555734,-1.2280764050113602,-2.341521984081663,342
D463Y,0.128280241,3309,-0.6205898688526408,3115,0,-1.032974205307231,-0.1021990756335455,-1.33064810452313,-0.0165380899466564,463
F376R,0.128147988,3310,-1.5554661821706106,3935,0,-1.6641090617580037,-1.7529396623108184,-1.5903991441255338,-1.214416860488086,376
G62S,0.127744819,3311,-0.7387216310926559,3266,0,-0.075824297409583,-0.7396829913496197,-0.7301996013852691,-1.4091796342261511,62
F194C,0.127522091,3312,-0.041797146979139,2265,0,-0.2766568913967736,-0.4101925748463663,0.2289441744736046,0.2907167038529789,194
V64K,0.127251547,3313,-1.3935958952903094,3835,0,-1.6249630228992498,-1.5658075613134352,-1.7616306488744242,-0.6219823480741287,64
D262H,0.127237269,3314,0.0019620028906726,2199,0,-0.3873152615289948,0.3179125861684007,-0.0225268584033487,0.0997775453266335,262
Y68G,0.127130091,3315,-0.7233962265986928,3246,0,-0.7148594302521716,-0.8457996104139323,-0.4237521992791064,-0.909173666449561,68
S460L,0.127072483,3316,0.167244734426389,1905,0,0.8471370922980148,-0.2362085992759116,0.3381028511175372,-0.2800524064340842,460
P73N,0.126750755,3317,-0.5202138436167507,3008,0,-0.2536027269142333,-0.9769142703103144,0.0442236167908715,-0.8945619940333269,73
D408M,0.126741726,3318,-0.1684229129702413,2476,0,-0.6726151748089394,-0.2191985132602427,0.1584714417099516,0.059650594478265,408
S460R,0.126458504,3319,-0.2554913310009187,2625,0,-0.1313788560520135,-0.2855765968628846,0.1779214667493848,-0.7829313378381615,460
G40L,0.126334055,3320,-1.9432358783183727,4072,0,-1.6772265186624,-2.455095083149986,-1.3999950485570705,-2.240626862904037,40
P33M,0.126326736,3321,-1.4325077259122725,3857,0,-1.3897202505606605,-1.8237550374081024,-1.5536780130495476,-0.9628776026307784,33
I331P,0.126152424,3322,-1.4409143724885234,3861,0,-1.407401131499748,-1.4324400464431886,-0.3685920535684765,-2.55522425844268,331
P37C,0.126091486,3323,-1.045315382379073,3588,0,-0.9730684456917555,-1.4086954959394995,-0.8255115427091722,-0.9739860451758646,37
L67H,0.126089338,3324,-0.6698578884606468,3179,0,-0.5709022817411723,-0.8214696871570192,-0.2329404391018653,-1.0541191458425303,67
D188Y,0.125949294,3325,-0.1309733927529289,2420,0,-0.0947505125439864,0.0244553973563005,-0.5488485886334729,0.0952501328094429,188
N403P,0.125874403,3326,-1.435391893573004,3859,0,-1.390171025633714,-1.542758174427023,-1.559141945063069,-1.24949642916821,403
L311A,0.125547831,3327,-0.5133228926717215,3002,0,-0.3912189261969315,-1.065237539267843,-0.3526763613662662,-0.2441587438558452,311
I331F,0.124873457,3328,-0.4857373845398089,2969,0,-0.0591716415318355,-0.9799402136366748,0.5847134801909886,-1.4885511631817143,331
F65S,0.1236573169999999,3329,-0.1417969656419993,2435,0,0.1502855681299344,-0.302082046577799,-0.0735781380229725,-0.3418132460971602,65
Y358R,0.123445151,3330,-0.0471374037668832,2271,0,-0.3485565346438176,0.3981785446173574,-0.0921138220158245,-0.1460578030252484,358
Y61E,0.123289398,3331,-1.4610524787509165,3871,0,-1.7611544993310495,-1.8207390020377665,-1.6123502443408049,-0.6499661692940443,61
C164W,0.123143055,3332,-0.5018541418689766,2990,0,0.1197240233118187,-0.8501529520649622,-0.1456661302467139,-1.131321508476049,164
C266P,0.122988465,3333,-1.0191120815633967,3569,0,-0.855137924706181,-0.5949311011160794,-0.5717124927284768,-2.054666807702849,266
F183Y,0.122481209,3334,0.574425084672173,1200,0,0.3872305643074099,0.4905687617402928,0.6568732902029697,0.76302772243802,183
F401N,0.122144863,3335,-1.2543704421692097,3748,0,-1.5724993936134208,-0.9337927034315128,-1.369011827108264,-1.142177844523641,401
P73L,0.121922541,3336,-0.4494446148432054,2923,0,-0.0494664500209418,-0.2933856729056562,0.3907704459420033,-1.845696782388227,73
S460N,0.121518309,3337,0.0258211228146129,2154,0,0.0808849693975193,0.0680283117994006,-0.0015480651424923,-0.0440807247959757,460
P37T,0.1211658819999999,3338,-0.8777980832511514,3402,0,-0.3926349099584604,-0.9752425035681492,-0.76580091177864,-1.3775140076993564,37
S460Q,0.1211319719999999,3339,-0.4621506543306875,2937,0,-0.1473758289433518,-0.947927072156759,-0.0603073713592757,-0.6929923448633637,460
L467Y,0.1211039719999999,3340,-1.0278665007867172,3572,0,-1.10816091881445,-0.958821271479442,-0.4272375349281561,-1.6172462779248205,467
V248N,0.121089777,3341,-0.7365082420110374,3261,0,-0.9983436232130836,-0.6772168097897331,-0.4019090235602845,-0.8685635114810482,248
D49I,0.120907146,3342,-0.2983072880199924,2685,0,-0.6509977110346118,-0.4388819987540002,0.2462948618836591,-0.3496443041750166,49
D188M,0.120741535,3343,-0.5717954307840015,3063,0,-0.8498429300016773,-0.7200625605954233,-0.6149116368575658,-0.1023645956813398,188
V76N,0.120660389,3344,-0.7990849199871928,3322,0,-0.8637317720852811,-1.121703516215893,-1.026762750847277,-0.1841416408003198,76
R186F,0.120220886,3345,-0.9871760218819848,3528,0,-1.2809119986966826,-1.2260037659366032,-1.1183263289263137,-0.3234619939683398,186
L11R,0.1200910459999999,3346,-0.8698923629628348,3395,0,-1.4707556205685215,-1.267390637163355,-0.2516444428783201,-0.4897787512411424,11
L54E,0.119951068,3347,-0.6239027522624362,3120,0,-1.482739061965509,-0.9955580979396226,-0.2031174845164404,0.185803635371827,54
K383Y,0.119718489,3348,-1.0628692046031032,3606,0,-1.3466919899114005,-0.6626896039972511,-2.023378228018269,-0.2187169964854925,383
D341E,0.119703264,3349,-0.1838772857574259,2500,0,0.054739596354244,-0.1772747379300089,-0.0685984368530343,-0.5443755646009044,341
N41I,0.119625445,3350,-1.1004498364271378,3645,0,-0.8100187043033786,-1.3966495636746323,-0.3058566368097437,-1.8892744409207969,41
S451L,0.119072614,3351,0.0261577008224485,2152,0,0.5614358370368001,-0.0591330736432596,0.4565582465520168,-0.854230206655763,451
P63F,0.1188017169999999,3352,-0.8125167065497649,3333,0,-0.791614293773515,-0.9967044752299012,-0.6531858921140364,-0.8085621650816068,63
T167V,0.1187521169999999,3353,0.4631604257322408,1401,0,0.4552030059780883,0.089441413137519,0.7029720564500911,0.605025227363265,167
E142Y,0.118676634,3354,-1.3610853508378624,3812,0,-1.6329528958974102,-1.354890206857884,-1.1802890871328156,-1.2762092134633396,142
H184V,0.118664664,3355,0.3705872347729411,1548,0,0.2119526870197078,2.072113723293319,-1.0591298563138365,0.2574123850925737,184
N41F,0.118637006,3356,-1.5303543389910683,3920,0,-1.552870952163604,-1.8461558548488115,-1.0868560455225813,-1.6355345034292768,41
V319P,0.118457454,3357,-1.1774041862997249,3694,0,-0.6180349548301405,-1.310433475959151,-0.9635614064900332,-1.8175869079195737,319
R335P,0.1183968719999999,3358,-1.0221198013591268,3571,0,-0.8318031600697742,-0.6574721279113392,-0.4759588902202097,-2.123245027235184,335
G32C,0.118350613,3359,-1.3758378641488098,3826,0,-0.5777697820442772,-2.228882522418767,-0.5770046247364577,-2.1196945273957373,32
E142T,0.117848048,3360,-0.5651807465322498,3053,0,-1.1386856366073972,-0.3873768282743121,-0.6866721457404515,-0.0479883755068385,142
C172H,0.117803121,3361,0.6008709578545635,1157,0,0.502029406093142,0.9537526514778648,0.5216984207858671,0.4260033530613796,172
L467C,0.117772426,3362,-0.9827605901219556,3521,0,-1.2475974173639652,-1.2673236915145407,-0.3489660989597601,-1.067155152649556,467
G40I,0.117378899,3363,-2.122163063447844,4102,0,-1.7892433285842977,-2.780992392790133,-1.0089406272700552,-2.90947590514689,40
P33Y,0.1172283019999999,3364,-1.64070438050076,3967,0,-1.2914974649987327,-2.072218189544094,-2.0847502775955635,-1.11435158986465,33
I452V,0.116840617,3365,1.0315441140692037,510,0,1.1210200972876505,1.0620859748656826,1.2638418110029506,0.679228573120531,452
D49V,0.116818575,3366,-0.0862024652208162,2341,0,-0.4806481775836939,-0.3574866672095632,0.9045883178432628,-0.4112633339332707,49
D408I,0.116790301,3367,-0.2001489022819885,2528,0,-0.2734286773678769,0.166601361264135,-0.411247343802356,-0.2825209492218562,408
Q454E,0.116591433,3368,-0.4235987057774258,2886,0,-0.0302899283811237,-0.5679640548611136,-0.8251432584677627,-0.2709975813997031,454
F401A,0.1165726919999999,3369,-1.5526141991392424,3932,0,-1.6167700568146,-1.518456100560016,-1.851034147479656,-1.224196491702698,401
D373R,0.116482357,3370,-0.917050928502384,3445,0,-1.3351839214716017,-1.4282093492207846,-0.7922197778319251,-0.1125906654852239,373
N378P,0.116414476,3371,-0.7178635919221393,3237,0,-0.309449333079992,-0.4359105491857739,-0.8941457189226761,-1.2319487665001154,378
P489A,0.1163883969999999,3372,-0.2248778460297182,2571,0,1.3480050304612397,0.0294838189299636,-2.503970759032352,0.2269705255222754,489
F487L,0.11629886,3373,0.9904282605042052,564,0,1.1596498318632888,1.2769004363756014,1.177900683428425,0.3472620903495057,487
F226D,0.115999673,3374,-1.0364679261899186,3579,0,-1.9880260058255264,-0.8914527939482563,-0.8100130124417145,-0.4563798925441768,226
S451P,0.115678654,3375,-0.6219985004049067,3117,0,0.0853462047194583,-0.5448293792181128,-0.0931691760050271,-1.935341651115945,451
P471I,0.115661015,3376,-0.4586252107101017,2934,0,-1.294838645019923,-0.0780595458018575,-0.0759176231418448,-0.3856850288767816,471
N455L,0.115658829,3377,-0.4222446280115151,2884,0,-0.3793041410962982,-0.12717314992334,-0.0413685680235652,-1.141132653002857,455
G62P,0.115485704,3378,-1.7083634422373632,3994,0,-1.2830482453606304,-2.51959453795563,-1.173118135740029,-1.8576928498931635,62
V76L,0.1153914569999999,3379,0.1621378779877224,1921,0,0.6809343823946384,0.1211733828924189,-0.0809874943253528,-0.0725687590108146,76
P480G,0.114867742,3380,-1.290755725312545,3766,0,-1.8999995876856188,-0.804351416972868,-1.9413977804695115,-0.5172741161221815,480
V351S,0.114652755,3381,-0.6962902899726671,3213,0,-0.8182412101853214,-0.3844661653552082,-0.7651151618251091,-0.8173386225250295,351
G40R,0.114641986,3382,-0.9310238727864248,3461,0,-0.2728254568380961,-1.3109966227569678,-0.0505900617920358,-2.0896833497586,40
F65N,0.114607926,3383,-0.8375262773969604,3358,0,-0.675447114411584,-1.2139366788467116,-0.8633771261650539,-0.5973441901644924,65
L29G,0.11458431,3384,-0.6347257241699309,3135,0,-0.7283338775612791,-1.2062044564087775,-0.0505927788590401,-0.5537717838506269,29
P63L,0.11421692,3385,-0.3958267560673977,2835,0,-0.1186951148481315,-0.3249249730832714,-0.2756823506865173,-0.8640045856516707,63
R186A,0.1137636269999999,3386,-0.5369256396145309,3030,0,-1.082309575643849,-1.0145213902050678,-0.3045706590826955,0.2536990664734889,186
I374E,0.1136093669999999,3387,-0.321937653226973,2715,0,-0.6574708354995703,-0.1656612745564762,-0.4403123814517065,-0.0243061214001392,374
K185L,0.1135792619999999,3388,0.4708413050098224,1387,0,0.5937398529696034,0.3409406843384907,0.4919348414150859,0.4567498413161097,185
P409C,0.1134884719999999,3389,-1.7031055743512322,3992,0,-1.054894968531455,-1.1099663372833528,-3.379356159421657,-1.2682048321684651,409
F183I,0.113296418,3390,-0.1594288733535464,2468,0,-0.1890424389554043,0.238448904374822,-0.3457551513257343,-0.3413668075078692,183
P489Q,0.1132962459999999,3391,-0.3580827419682693,2779,0,1.336267784288806,-0.5360375410507623,-2.503970759032352,0.2714095479212309,489
P30I,0.112948099,3392,-1.3261383197293637,3790,0,-0.7224551507754917,-1.8217051616414397,-0.3557918358627281,-2.404601130637796,30
L458C,0.112871512,3393,-0.8610612974210953,3383,0,-0.7038125232791806,-0.9121285559103456,-1.0804470891181317,-0.7478570213767228,458
P481L,0.112473383,3394,0.338686347415453,1602,0,0.5250561806502154,0.3473368055174091,1.012578490924233,-0.5302260874300454,481
L447G,0.112342126,3395,-1.6816117141493625,3983,0,-1.8006937134501777,-1.369529613557777,-1.5773987598775303,-1.978824769711964,447
G62A,0.1123404319999999,3396,-0.7606785423350194,3288,0,-0.283785726768555,-1.2281939597831784,0.1499533447827386,-1.6806878275710828,62
G62H,0.11217573,3397,-1.4775247585075932,3884,0,-1.1724285729212711,-1.8786643941299457,-0.9346678140343196,-1.9243382529448363,62
V75F,0.112067314,3398,-0.7222907191463375,3244,0,-0.2964829814524838,-0.5356819257642661,-0.8112936420999325,-1.2457043272686676,75
P33K,0.1118882809999999,3399,-1.1159472662598937,3657,0,-1.1604678587407262,-1.3057839667577704,-1.306971419715901,-0.6905658198251773,33
I264G,0.1118321869999999,3400,-1.4463239742351357,3864,0,-1.4998084858528862,-1.021248892345612,-1.1729427378433184,-2.0912957808987267,264
G40D,0.111739233,3401,-1.5408818034224885,3926,0,-0.6278458809462775,-1.5367574342499954,-1.5268054965004263,-2.472118401993254,40
P317L,0.111611535,3402,-0.1265915392048289,2411,0,-0.0915038710422984,0.5367004058266853,-0.8098957434095082,-0.1416669481941944,317
A350D,0.111336301,3403,-1.3753793985760807,3824,0,-1.1537132406686743,-0.9983775808850428,-1.6791593470752222,-1.670267425675383,350
L67K,0.111259321,3404,-0.8773695128920528,3401,0,-0.8201566901411463,-0.6359766834251805,-1.2642262265381436,-0.7891184514637409,67
P480L,0.111116489,3405,-0.4220488855710517,2883,0,-1.193591855332121,-0.3170780058032715,0.5131346786129046,-0.6906603597617189,480
P33I,0.111070142,3406,-1.1106690462872024,3653,0,-0.8792646239460004,-1.4293313582948943,-1.2213245233066925,-0.9127556796012228,33
Y483L,0.111017285,3407,-0.494433683463177,2980,0,-0.3609885174807922,-0.9356655749027144,0.320117148778021,-1.0011977902472229,483
T385R,0.110908855,3408,-0.7072386825735728,3223,0,-0.6433599423688316,-1.007645804289349,-0.2212742512869864,-0.956674732349124,385
P35F,0.110798022,3409,-0.6686300177978617,3177,0,-0.3632954695517787,-1.3722277909875475,-0.2298801543876223,-0.7091166562644984,35
L453N,0.110593317,3410,-1.7468743205408614,4005,0,-1.9535231317019048,-1.7968249451512812,-2.311420545526376,-0.925728659783884,453
D262K,0.1104018919999999,3411,-1.1081473074871262,3650,0,-1.2047255668701242,-0.8544364024586313,-1.279554071456369,-1.0938731891633802,262
F65A,0.109926452,3412,-0.7384674720850197,3264,0,-0.4858303458979712,-1.269298855937128,-0.3903308357655933,-0.8084098507393862,65
T348W,0.109902908,3413,-1.7554346780473216,4012,0,-1.702515377186255,-2.0803373578321684,-2.0460294744357213,-1.1928565027351414,348
I327E,0.109711085,3414,-1.5266499236680182,3917,0,-1.911832873099771,-1.4366897562298555,-1.7557815613874552,-1.0022955039549908,327
I264S,0.10963496,3415,-0.5414163473738827,3034,0,-0.6922662038731329,-0.3534096771968343,-0.303050054521545,-0.8169394539040187,264
D373M,0.109405114,3416,-1.361599251457165,3813,0,-2.098835313712156,-1.7327721517145198,-0.8668642401822031,-0.7479253002197818,373
Y61R,0.109162358,3417,-1.0908298759561028,3635,0,-1.047375833701872,-1.2688862029578432,-0.9481841658013516,-1.0988733013633445,61
K315P,0.109058664,3418,-2.0399051481602544,4093,0,-1.305741678103075,-2.124049920898693,-2.613674461645579,-2.1161545319936708,315
L447N,0.10866913,3419,-0.9917240500614524,3536,0,-1.5761150312975478,-0.9165362574282117,-0.8692797520255915,-0.6049651594944586,447
R377V,0.108660858,3420,-0.7496203460140664,3276,0,-1.318488296077754,-0.93607929901238,0.0033654883538768,-0.7472792773200087,377
N378W,0.1085896319999999,3421,-1.0769178631886565,3618,0,-1.1706362778290138,-0.579544982649323,-2.2052723009395323,-0.352217891336757,378
R335W,0.108441523,3422,-0.6208251596942698,3116,0,-0.6491977657491045,-0.5550614860740323,0.1710057609569199,-1.4500471479108623,335
P166V,0.10827243,3423,0.0075951029558316,2187,0,0.0917278619103801,-0.4058492750426583,0.2235000638726733,0.1210017610829314,166
G40V,0.108180838,3424,-1.5621466392789571,3938,0,-0.9914626931911712,-2.172741097976164,-0.1692239601709848,-2.915158805777509,40
D408Y,0.107946104,3425,0.4876259496003317,1362,0,0.5963846699621767,1.0345446688351965,-0.0702411066321255,0.3898155662360794,408
I39P,0.107608397,3426,-0.8431485805258987,3361,0,-0.8820510532749327,-0.8491900058524321,-0.2698530456854166,-1.3715002172908135,39
F267N,0.10726279,3427,-1.134432810598087,3674,0,-1.3279357821737034,-1.1923812510592169,-0.7632012876009345,-1.2542129215584932,267
E142D,0.1072333019999999,3428,0.1202201984448647,1993,0,-0.065390327270208,0.2627256727865771,0.1253737354584387,0.1581717128046513,142
T469R,0.1071260709999999,3429,-0.2202894507029974,2561,0,-0.0777802898851359,-0.2538225350438763,-0.1489851612176793,-0.4005698166652981,469
S460H,0.1068684219999999,3430,-0.3183369475965901,2712,0,0.018100615168742,-0.8379187686356329,0.1743509527518721,-0.6278805896713417,460
N378M,0.106825495,3431,-0.7458116571653653,3273,0,-0.6867728346319898,-0.6258860996708523,-1.8830095740890156,0.2124218797303961,378
D341T,0.1068147919999999,3432,-1.2824478777106916,3761,0,-1.6570190078403235,-1.200450879567169,-0.6158727851528163,-1.6564488382824576,341
V351R,0.1066405219999999,3433,-1.7971797513262189,4027,0,-1.7965603196214424,-1.1643695849001685,-2.5236763778216424,-1.7041127229616213,351
F376D,0.106217147,3434,-1.565896944026966,3939,0,-2.2407211584405906,-1.5656747411461898,-1.3421522460070647,-1.1150396305140178,376
I169P,0.106097625,3435,-0.169952890290626,2478,0,-0.1168470347700605,0.342285086857959,0.3256749706037076,-1.23092458385411,169
D408F,0.106023733,3436,-0.1254863482016814,2407,0,-0.3842947753751996,0.1679076047637798,-0.455946595690173,0.170388373494867,408
P481T,0.105921218,3437,0.5129578513303011,1320,0,0.843899929776649,0.2531902023522088,1.1687732905997334,-0.2140320174073867,481
N41V,0.105772147,3438,-1.3466267300810713,3804,0,-1.4156484865495456,-1.6980854688035965,-0.7670312899927495,-1.505741674978393,41
N176G,0.105763608,3439,-1.2545845270652851,3749,0,-1.1166314696483297,-1.1120483469614464,-1.426892514054379,-1.3627657775969857,176
L313I,0.105497083,3440,0.1051559214341548,2020,0,0.4917583096848699,-0.0131834547759903,0.4290123928470462,-0.4869635620193063,313
G171I,0.105411956,3441,-0.1566708375394045,2465,0,-0.1859861029909062,0.443425769737278,0.6336935088597968,-1.5178165257637868,171
A149T,0.10540845,3442,0.6727336300266702,1041,0,0.7834045119721634,0.6325878636436262,0.8198730131579587,0.4550691313329326,149
Y189T,0.105376267,3443,-0.3493604482505871,2763,0,-0.822906515808217,-1.0440749485475835,-0.0753423997055217,0.5448820710589738,189
Q484I,0.105320568,3444,-0.2937576928933818,2678,0,-0.8256298729234597,-0.6773753370861229,0.3192808697602585,0.0086935686757967,484
P30A,0.105128683,3445,-0.4125828312371237,2864,0,-0.2909241667625184,-0.2307410142460333,-0.7882552402350017,-0.3404109037049415,30
F183E,0.105127475,3446,-1.3574295278332429,3809,0,-1.942663542781879,-1.0078785073646237,-1.49578329232353,-0.983392768862939,183
L36P,0.104623227,3447,-0.6745608808347896,3186,0,-0.3031378398877433,-0.8117253462983532,-0.836452958485784,-0.746927378667278,36
G79Y,0.103619654,3448,-1.1814197856424835,3695,0,-1.5061917065869546,-1.0814399929762282,-2.095510870507836,-0.0425365724989165,79
Y483M,0.103325625,3449,-0.9858510921543966,3525,0,-1.2539411027927732,-1.2815084033676944,-0.3150690904088622,-1.0928857720482563,483
R186S,0.102691229,3450,0.198446205886698,1853,0,0.0114026196949032,-0.0553225273128076,-0.3720084348336139,1.2097131659983105,186
G40S,0.102617792,3451,-1.0861422247520276,3627,0,-0.3381198562243505,-1.3917352174865472,-1.1077063656127188,-1.5070074596844938,40
F376K,0.102539355,3452,-1.5825908393833437,3943,0,-2.0878001612331727,-1.7603952653278565,-1.6609584232673165,-0.8212095077050295,376
I327S,0.102485974,3453,-0.8888323278974228,3417,0,-0.8057675421712606,-0.8700692825869133,-0.8526848782156284,-1.0268076086158893,327
V323R,0.10246829,3454,-1.7652808680048406,4016,0,-1.789992824159463,-1.7309852384563953,-2.444649284662625,-1.0954961247408783,323
G40Q,0.1023810669999999,3455,-1.6483042326301671,3969,0,-1.538690732646591,-2.1882695428922974,-0.8819538211684018,-1.9843028338133777,40
P489N,0.10232775,3456,-0.5145010546377179,3004,0,1.3521863008187147,-0.862023486729938,-2.503970759032352,-0.0441962736072961,489
D262Y,0.102263875,3457,-0.7903336998367767,3315,0,-0.7840387597090254,0.074945404017384,-1.4867955060816322,-0.9654459375738336,262
Y68L,0.102160432,3458,-0.1993246462157937,2524,0,-0.1851275223608997,-0.7228121522834824,-0.0114793938842992,0.1221204836655064,68
F65E,0.102067149,3459,-1.4945904461204005,3900,0,-1.5944503108840309,-1.6092890280002563,-1.245282552011365,-1.5293398935859492,65
H411C,0.1019675719999999,3460,-0.7989897666685957,3321,0,-0.3589454412360938,-0.2967412566067731,-1.9906183244396884,-0.5496540443918272,411
Y347C,0.101907571,3461,-0.5207815848157991,3009,0,-0.296200119745138,-0.3083800254355572,-0.2994452521159306,-1.1791009419665706,347
L467H,0.10177699,3462,-1.1915680204603591,3704,0,-1.6942302178968207,-1.2547786124921223,-0.4778278293094857,-1.3394354221430078,467
T159D,0.101740464,3463,-0.4825350239164572,2962,0,-0.3650455489790959,-1.204660957529739,0.3928542263528811,-0.7532878155098756,159
D188I,0.101619999,3464,-0.5644462843005464,3052,0,-0.4800191865124185,-0.6082421722522192,-0.5785767906465348,-0.5909469877910134,188
C164R,0.100956623,3465,-0.2756224614254167,2654,0,0.049822783648161,-0.4111353034729549,-0.0559792735604745,-0.6851980523163982,164
L467A,0.100937314,3466,-0.8925201563811349,3422,0,-1.0902831989614563,-1.0412581434281158,-0.1177597418052304,-1.320779541329737,467
I488G,0.100870172,3467,-0.17264498695632,2481,0,1.2804072109362838,-0.42121196253233,-0.1836532508845983,-1.3661219453446358,488
F407Y,0.100641418,3468,0.0241569902187032,2159,0,0.0924137268635884,-0.063217026003465,-0.6303271406703745,0.697758400685064,407
P30L,0.10049806,3469,-0.2898063359599153,2673,0,0.1166230426064218,-0.7186767856649884,0.6832279856031579,-1.2403995863842527,30
G62D,0.100059005,3470,-1.0104925204180877,3558,0,-0.1809141644684166,-0.8732583055137828,-1.1858097933019354,-1.801987818388216,62
Q454T,0.099763268,3471,-0.9956216479119911,3543,0,-1.0882045241897746,-1.0965557849130765,-0.6592722610779564,-1.1384540214671577,454
L268D,0.0994941569999999,3472,-1.846025034193676,4045,0,-2.6187655092236866,-1.905488176696451,-1.6079917754912092,-1.2518546753633564,268
I327H,0.099042998,3473,-1.3638063593114844,3814,0,-1.879373158982088,-1.6441607486844994,-0.9553104726774668,-0.976381056901883,327
V38N,0.098957133,3474,-0.4512613908884164,2928,0,-0.3557417971709188,-1.0617285161396457,-0.4169678128054753,0.029392562562374,38
P337F,0.098859424,3475,-1.0489831628099888,3593,0,-0.8139498984988488,-1.630273811077267,-0.7160671011988575,-1.0356418404649816,337
T385D,0.098850649,3476,-0.994517866308788,3540,0,-1.1385695435288117,-0.9872429127918226,-0.8059394078376657,-1.0463196010768514,385
D191K,0.09884159,3477,-0.6298868626524704,3130,0,-0.3375188414072221,-0.5500801942371337,-0.8823686658560498,-0.749579749109476,191
Q484F,0.09881741,3478,-0.4148606736424143,2869,0,-0.977134830528522,-0.9166109687722878,0.2086973918496169,0.0256057128815357,484
Y347R,0.098807389,3479,-1.368744115920884,3817,0,-1.575913948480817,-1.253000536059642,-1.496079337635063,-1.1499826415080143,347
A161F,0.098748951,3480,-0.2105846636599694,2546,0,0.0088526762667916,-0.545352760300535,-0.6883483006340779,0.3825097300279436,161
D188F,0.098418198,3481,-0.5911008815279273,3078,0,-0.8184238655292617,-0.8153130975095546,-0.6204709093136779,-0.1101956537592149,188
P409L,0.098395324,3482,-0.8955971131999346,3423,0,-0.1401536835502548,-0.5024466245196152,-1.1139552534553154,-1.825832891274553,409
E148A,0.098379609,3483,-1.0865541183063812,3629,0,-1.035498601557154,-1.5410548093386176,-0.5764546609418802,-1.193208401387872,148
A350C,0.09825429,3484,-0.6475550619143943,3159,0,-0.7381503319192532,-0.5728845600488894,-1.0389027492322933,-0.2402826064571411,350
H410P,0.09820451,3485,0.0083445485327391,2185,0,0.867748890704966,0.337553100617241,-0.4931859738726862,-0.6787378233185642,410
F456N,0.097683696,3486,-1.826730525537975,4036,0,-1.693682307705828,-1.4358759649228814,-2.464422126931181,-1.7129417025920095,456
E142N,0.097396812,3487,-0.5949200806530325,3083,0,-1.12375374372298,-0.5956182312554988,-0.219254429248578,-0.4410539183850732,142
E142L,0.097259946,3488,-0.8657183373117542,3391,0,-1.383690111373439,-0.9172646260873006,-0.4015192921600908,-0.7603993196261865,142
Y61L,0.097225837,3489,-0.9282258174358492,3458,0,-0.7372333697049946,-1.224078676859329,-0.4229438582405987,-1.328647364938475,61
F401E,0.0969482409999999,3490,-2.029452398851581,4091,0,-2.6283679536135622,-1.5491062286300938,-2.219200249402672,-1.7211351637599952,401
V248D,0.096902483,3491,-1.0847576080223864,3626,0,-1.2787471056886688,-1.0804416994611246,-0.9444151274413554,-1.0354264994983968,248
C164E,0.096692998,3492,-0.5416311105997006,3035,0,-0.9922158742608952,-0.9994374643970546,-0.267537144951175,0.0926660412103225,164
K190P,0.096646489,3493,-0.6358682053706621,3137,0,-0.5935559837354621,-0.6569654832411204,0.1137439802762103,-1.4066953347822766,190
R377I,0.0966423769999999,3494,-0.7552354291825056,3284,0,-0.9378884457042956,-0.7099069056704486,-0.5612017714325198,-0.8119445939227583,377
L313W,0.096621718,3495,-1.4591862782645828,3869,0,-1.0424812735652051,-1.3031147098482878,-2.050566479826747,-1.4405826498180907,313
I331K,0.096198014,3496,-0.8487306474611316,3366,0,-1.0379544811127897,-1.0946805033985187,-0.3440696182866742,-0.9182179870465434,331
G62N,0.096197071,3497,-1.2400418168758958,3737,0,-0.7662137535963792,-1.4806826876736103,-1.101292523662297,-1.6119783025712964,62
P409T,0.0960901909999999,3498,-1.2101111593979823,3718,0,-0.5639247750095855,-0.5997537317652905,-2.191791728568288,-1.484974402248766,409
D262M,0.095817883,3499,-1.444751806434221,3863,0,-2.043411785569437,-1.344538535073184,-1.68579537735369,-0.705261527740573,262
P30V,0.095756508,3500,-0.8587255392218558,3380,0,-0.781196573314692,-1.4826736512693173,0.6183505612109741,-1.7893824935143878,30
Q454I,0.095570167,3501,-1.295323709357107,3770,0,-1.368421163259422,-1.2280721187023378,-1.2375193185897206,-1.347282236876948,454
G384L,0.095544241,3502,-0.6907259640572674,3203,0,-1.1263608960779845,-0.5882570216032881,-1.056538320853016,0.008252382305219,384
V64P,0.095394215,3503,-1.408153275556139,3843,0,-1.3397299790092074,-1.8634240832863047,-0.586577446762634,-1.8428815931664095,64
D341R,0.095386607,3504,-1.62771102330945,3964,0,-1.8421242005267815,-1.1992370210628869,-1.1229187576169477,-2.346564114031185,341
L11D,0.095211849,3505,-1.4136435164919314,3846,0,-2.0280537713369293,-1.7074369725950267,-0.9185525635630988,-1.0005307584726708,11
T348Y,0.0951462969999999,3506,-1.315756550943901,3786,0,-1.38816028122764,-1.8030822210545616,-1.1529617092966529,-0.9188219921967498,348
Y379D,0.094624419,3507,-0.909230575201261,3437,0,-0.9634393093867456,-0.8140523770511029,-1.0361937502449523,-0.8232368641222426,379
A161I,0.094576097,3508,-0.4653119232976512,2940,0,0.2094405478312318,-0.3282042387447412,-0.8517298667993953,-0.8907541354777004,161
P33R,0.094520305,3509,-1.0523754706911106,3596,0,-0.54693701833117,-1.3775553257201083,-1.482797306036737,-0.8022122326764267,33
P33G,0.094376855,3510,-1.5841393668769053,3945,0,-1.4437613273582488,-2.20317860666561,-1.9417815209818268,-0.7478360125019348,33
F401D,0.094144394,3511,-1.9361579156794535,4070,0,-2.313873423110828,-1.426893197765116,-2.2074865930225105,-1.7963784488193597,401
Y483V,0.09402552,3512,-0.7980822062756725,3320,0,-0.945807484613863,-1.0709067645919466,0.3423490119904417,-1.517963587887322,483
N378Y,0.093998137,3513,-0.5117363966371323,2998,0,-0.0487817018842665,-0.0113273197169933,-2.206931936194616,0.2200953712473466,378
L314N,0.0938939019999999,3514,-0.3980784187008784,2843,0,-0.7111651407637224,-0.2614076109457187,-0.2476171228940557,-0.3721238002000167,314
P33V,0.0938914219999999,3515,-0.9887666204765198,3533,0,-0.8753626903436893,-1.3973420494659574,-0.7063903582529402,-0.9759713838434922,33
F183V,0.093662059,3516,-0.1434286591638601,2443,0,-0.2840925721109429,0.4950507729283419,-0.3301627347849513,-0.4545101026878883,183
Y358G,0.093596454,3517,-0.945762219109769,3482,0,-0.7173278460733885,-0.616451315492299,-1.4287962820065954,-1.0204734328667933,358
P73I,0.093551811,3518,-0.8357533412186484,3356,0,-1.0382322892253253,-1.0726553849389495,0.3087375706977925,-1.5408632614081117,73
P480S,0.093508541,3519,0.1919147646307673,1860,0,-0.5406809750797752,0.560220554515553,0.439093540855059,0.3090259382322325,480
Y61M,0.0934911,3520,-1.5260830453605867,3916,0,-1.7013752750287423,-1.7975150208992483,-1.4460840336314251,-1.1593578518829302,61
H411A,0.093114877,3521,-1.396271507633344,3836,0,-1.032154489892566,-1.537179191837519,-2.1497939377961703,-0.8659584110071209,411
L287T,0.0930963059999999,3522,-0.8345437968623491,3355,0,-0.8265228515026767,-1.227935281796164,-0.4159413754741213,-0.8677756786764345,287
T320F,0.09297278,3523,-0.3962974433011863,2837,0,0.0969360520498721,-0.3778096256024058,-0.6349535867085816,-0.66936261294363,320
P30H,0.092929746,3524,-1.3825775850422324,3828,0,-0.7765550838043584,-1.596802593366199,-1.61382044311298,-1.5431322198853925,30
E328P,0.092773934,3525,-1.0137749751644545,3564,0,-0.9646473698302804,-1.3320751297423183,-1.149016134541011,-0.6093612665442073,328
L287W,0.09239425,3526,-1.554870021836864,3933,0,-1.0330851051889385,-1.878614854349824,-2.0265708021453905,-1.281209325663304,287
L152F,0.092228609,3527,0.3131399383665589,1646,0,0.4895387205871618,0.5704406781003348,-0.0237859411934197,0.2163662959721591,152
P480R,0.091997001,3528,-0.4343687287786848,2902,0,-1.142341312164224,-0.5896016919053517,0.0976572829716808,-0.1031891940168443,480
V319G,0.091982295,3529,-0.8550749294811802,3377,0,-0.4948954619335013,-0.5765091313669384,-1.2381202956925612,-1.1107748289317203,319
P33S,0.091891111,3530,-0.2690807008679564,2645,0,-0.009185641803619,-0.6699984621520898,0.1971907171160573,-0.5943294166321743,33
P33T,0.091337109,3531,-0.9027377577250192,3428,0,-0.4282207331535281,-0.956444968729166,-1.1087036246538111,-1.1175817043635714,33
E326F,0.0911950919999999,3532,-2.80503117318042,4134,0,-2.807622088643834,-2.196597849387264,-3.482157582722282,-2.7337471719683,326
P33F,0.091133199,3533,-1.4642516213372303,3872,0,-1.003638338713454,-1.939157285745412,-1.9808087095892493,-0.9334021513008064,33
E148I,0.091105073,3534,-1.1840142306615085,3698,0,-2.001911329937052,-2.078896151904516,-0.4331342588217466,-0.2221151819827187,148
L413H,0.090817152,3535,-1.2361739163955487,3735,0,-0.963915855001294,-1.010750207916118,-1.6417919107847083,-1.3282376918800745,413
K160T,0.090713628,3536,0.6242349173145781,1128,0,0.9243741134369824,-0.1293865069644049,1.20546393480486,0.4964881279808754,160
Y243P,0.090604716,3537,-1.2007922473271668,3712,0,-1.1141487864959057,-1.3523513600722892,-1.103322986066852,-1.2333458566736206,243
T348G,0.0900567569999999,3538,-1.263885240765332,3755,0,-1.0583497287940316,-1.0380278819815776,-2.3786105052969124,-0.5805528469888059,348
E354P,0.089969795,3539,-2.820091883665504,4135,0,-2.5158146808701325,-2.2286618695602787,-4.061388074949719,-2.474502909281883,354
Y189L,0.0898908269999999,3540,-0.4224191255845245,2885,0,-0.4327141886324385,-0.5560390264380038,-0.3319298094113147,-0.3689934778563408,189
T66G,0.08985702,3541,-0.9012978158327388,3426,0,-0.707819270113095,-1.234523001421986,-0.3041484314707033,-1.3587005603251705,66
L287Y,0.089796443,3542,-1.2276722513542029,3728,0,-1.140150062286036,-1.5257585319325686,-1.417588626396812,-0.8271917848013949,287
L67S,0.089612979,3543,-0.262798487715851,2639,0,0.0820262721328051,0.0334249092756015,-0.1481832991661279,-1.018461833105683,67
Q454Y,0.08960293,3544,-1.2656050226124127,3757,0,-1.0176934747787922,-1.3637875513677644,-0.9812644661408068,-1.699674598162287,454
Y483I,0.089250929,3545,-0.8127030326838441,3334,0,-0.8122146168905913,-1.1711902753838603,0.0994867830322216,-1.3668940214931466,483
I74G,0.0891748769999999,3546,0.2350325636293553,1789,0,0.7091066797235064,0.1694306182742819,-0.0042132382720247,0.0658061947916577,74
G40A,0.089093761,3547,-1.228755977463932,3729,0,-0.4744308041047472,-1.541330893194324,-1.1234777132499152,-1.7757844993067415,40
T348Q,0.088938177,3548,-1.2615153764235552,3753,0,-1.2910575509664617,-1.5813065501440904,-1.2966252988127764,-0.8770721057708925,348
L311Q,0.088823615,3549,-0.2656797897713804,2642,0,-0.1238171425921174,-0.5903026128484268,-0.2245483969619552,-0.1240510066830222,311
Y347A,0.088823505,3550,-1.8179799443842029,4033,0,-1.895877641226346,-1.6908108868209502,-1.7581250772911408,-1.9271061721983735,347
P489G,0.088794804,3551,-0.5918434268337092,3081,0,1.2377608666407256,-0.8704717598275787,-2.503970759032352,-0.2306920551156313,489
F183D,0.088507994,3552,-1.3482105034547838,3805,0,-1.8162159555538344,-0.9358723030662492,-1.323745306894079,-1.317008448304973,183
T469K,0.088316524,3553,-0.1955943130438505,2519,0,0.0126773261650321,-0.3615632555483991,-0.312948798198893,-0.1205425245931422,469
V323K,0.088198458,3554,-1.5164123754280874,3912,0,-1.6856123589622658,-1.7054385110866526,-1.7303506487524318,-0.9442479829109997,323
L29E,0.088102849,3555,-0.6016878592270233,3094,0,-0.7865137926681979,-1.1593304520226946,0.3913009102400535,-0.852208102457254,29
L287R,0.0879461719999999,3556,-1.4025661592703662,3838,0,-1.1801941891596437,-1.7223192581088145,-1.245240526933148,-1.4625106628798592,287
E326R,0.087918146,3557,-1.816256403114069,4032,0,-1.577761051344421,-1.500230013779302,-2.1244421416152792,-2.0625924057172758,326
Y189P,0.087831466,3558,-0.7050264486226101,3220,0,-0.5834292498242617,-1.131747773581242,-0.7793501329815463,-0.3255786381033905,189
Y61T,0.087632579,3559,-1.3402673500573203,3800,0,-1.578921535403658,-1.589232914963583,-0.8168190412109766,-1.3760959086510631,61
L447D,0.087560241,3560,-1.5764258009623529,3941,0,-2.35271847991399,-1.5324225695980378,-1.137924225188387,-1.282637929148996,447
Y189G,0.087541299,3561,-1.007848920993171,3553,0,-0.9361886788617816,-1.4896108271819453,-0.7767341875817656,-0.828861990347192,189
Y61S,0.087520301,3562,-0.644387597849597,3152,0,-0.5768909032737874,-0.5894170558059246,-0.9022037951140656,-0.5090386372046102,61
H411Y,0.08750427,3563,-0.3224948386881021,2718,0,0.1270690185235242,0.0610255291509362,-1.0989068769536,-0.3791670254732688,411
H411S,0.0872895619999999,3564,-0.5252795490940334,3017,0,-0.3914357840471885,-0.7508851406568436,-0.3234795403252101,-0.6353177313468913,411
I452C,0.087033778,3565,-1.0394287611564832,3583,0,-0.8338783727102034,-1.0404301596435932,-1.5091203264099462,-0.7742861858621899,452
P409D,0.0870057,3566,-2.2999439904324506,4115,0,-1.8881367624741745,-1.8621719318709016,-3.5800829786711046,-1.8693842887136207,409
P409M,0.086827421,3567,-1.946422675896384,4073,0,-1.366153634812043,-1.7345065795839745,-2.985093280092356,-1.6999372090971614,409
D191T,0.086623609,3568,-0.6368600728714462,3141,0,-0.4646104967297347,-0.8483063232880967,-0.6110179799715629,-0.6235054914963905,191
P33H,0.086609496,3569,-1.0639124479387427,3609,0,-0.5946305566829132,-1.4207143821622448,-1.2778841933056964,-0.9624206596041168,33
N41Y,0.086276053,3570,-0.8787301854537191,3404,0,-0.667073614934406,-1.1305132958171251,-0.4762672129045029,-1.241066618158842,41
D373V,0.0861591719999999,3571,-1.1240767217570358,3666,0,-1.2457026822752368,-1.2277012398079128,-1.3624113493813097,-0.6604916155636843,373
H411M,0.086096343,3572,-1.6202976838641567,3962,0,-1.4468585946486745,-1.4403050890483682,-2.3836701563246088,-1.2103568954349746,411
Y61A,0.08581083,3573,-1.3255827045246704,3789,0,-1.6468552514610608,-1.6350588182718455,-1.148307989263966,-0.8721087591018095,61
A350V,0.08561104,3574,-0.9544243841809434,3492,0,-0.1154651976740223,-0.8697200940827032,-0.8329359591815325,-1.999576285785516,350
G32H,0.085327553,3575,-1.7857158750318378,4022,0,-1.342360528670573,-2.764160917765498,-0.8517721209449036,-2.184569932746377,32
F412Q,0.08528282,3576,-1.6689239104287783,3977,0,-2.227559028874882,-1.9097582379603573,-2.558553293628248,0.0201749187483736,412
F65K,0.085226151,3577,-1.4196608502334014,3849,0,-1.4186758411250175,-1.5467419760966037,-1.6031440476483358,-1.1100815360636485,65
G384P,0.084964748,3578,-1.7011539614538087,3990,0,-1.4722524339266123,-1.5705561500750589,-2.4521519196849786,-1.3096553421285853,384
I327N,0.084960887,3579,-0.6644559332341413,3175,0,-0.8506049897628357,-0.7597680249065802,-0.573181768839527,-0.4742689494276221,327
I327G,0.0848387759999999,3580,-1.7182080668447328,4000,0,-1.7432328327474906,-1.3768890826231186,-2.256422670685284,-1.4962876813230384,327
I169C,0.084736139,3581,0.0286323956096369,2148,0,-0.3445737156041184,-0.1246163617038632,0.5147096115494423,0.0690100481970872,169
F407L,0.084686058,3582,-0.3744664902810158,2806,0,-0.1568906590762291,0.0721532348966797,-1.0465458274702946,-0.3665827094742196,407
I45R,0.084581028,3583,-0.9124615460529676,3440,0,-0.3833348436448413,-1.4702388986761432,-0.0160708266596163,-1.780201615231269,45
I374P,0.084440965,3584,-0.7409458989121561,3267,0,-0.4322364703605315,-0.2705075329889079,-0.812163689157863,-1.448875903141322,374
R186D,0.083835522,3585,-0.5932709172824058,3082,0,-0.9632323632832178,-1.213246067533554,-0.5885479531213896,0.3919427148085381,186
T66H,0.08356157,3586,-0.9156383805720912,3443,0,-0.9249704801530712,-1.276759011258285,-0.3200800420577728,-1.1407439888192354,66
I331E,0.083463132,3587,-1.0103566083950148,3557,0,-1.3248001522353758,-1.109684094427956,-0.6818332889391528,-0.9251088979775748,331
P33D,0.083430077,3588,-1.7143137559708934,3999,0,-1.4545186158838703,-2.5711906206264064,-1.852144704720392,-0.9794010826529052,33
V75P,0.083339884,3589,-1.6677662834736051,3974,0,-1.1101934690633268,-1.9921388755640284,-2.0502754928221725,-1.5184572964448932,75
Y347S,0.08305568,3590,-1.0304533792524484,3574,0,-0.9816173412054108,-0.6931603177285087,-0.7581020471498401,-1.688933810926034,347
I327Q,0.083000486,3591,-1.17709840924942,3693,0,-1.7019249162853611,-1.3770320785289838,-0.9915505758933892,-0.6378860662899464,327
L170S,0.082880298,3592,-0.5490605535495415,3042,0,-0.6799800493549293,-0.4747198790419162,0.1178628360498897,-1.1594051218512105,170
K315W,0.082752193,3593,-1.28641366499604,3763,0,-1.2127208564284675,-1.358934527393992,-1.5412409037616228,-1.0327583724000773,315
F412L,0.082750752,3594,-0.5150579818323168,3005,0,-0.2773582242589613,-0.2860096013194089,-1.2617759395855166,-0.23508816216538,412
P33N,0.0825575529999999,3595,-1.3923483537049062,3834,0,-1.3560013258022416,-1.805828599351477,-1.417815536179064,-0.989747953486842,33
D463F,0.082502784,3596,-1.0600281963921374,3603,0,-2.0330188584376425,-0.8465247656818777,-1.2235241657085674,-0.1370449957404622,463
I331N,0.082439202,3597,-0.6135534118659012,3110,0,-0.5935347083805125,-0.7730050541551327,-0.5864768102386139,-0.5011970746893457,331
D463W,0.082436352,3598,-1.307579785539687,3779,0,-2.418224516033211,-1.1881443948371213,-1.1497232996103692,-0.4742269316780459,463
K247P,0.082347078,3599,-0.8267096426278457,3348,0,-0.7771523014452755,-0.810860676298281,-0.0177433999946357,-1.701082192773191,247
A149V,0.08231315,3600,0.376337183486379,1538,0,0.6741716953231367,0.7154941584817791,0.627226825663892,-0.5115439455232917,149
P166E,0.082271606,3601,-1.4550546034771072,3866,0,-1.657777437947751,-1.6510398157739568,-1.3949329261870114,-1.1164682339997098,166
G79M,0.0821311959999999,3602,-1.1223671850626538,3664,0,-1.8186467625783087,-1.3545220057894105,-1.3838551555008085,0.0675551836179124,79
F126P,0.082104056,3603,-2.200752559193271,4107,0,-1.7782215220628814,-2.1971508204464625,-1.5454382892537757,-3.2821996050099638,126
Y61K,0.082006168,3604,-1.3413865489167116,3801,0,-1.5127804774038849,-1.468832772268469,-1.5657959862274502,-0.8181369597670419,61
L67R,0.081949769,3605,-0.7935345647108155,3317,0,-0.6147540270608954,-0.6827229555133277,-1.0950534975426196,-0.7816077787264191,67
L67G,0.08178703,3606,-0.4474364504378002,2920,0,-0.1244636956033708,-0.1496346201218744,0.1415786806237074,-1.657226166649663,67
N176S,0.081779018,3607,-0.2525610920207128,2617,0,0.0110928706295299,-0.1072204009684345,-0.477180658817664,-0.4369361789262829,176
K383P,0.0817753109999999,3608,-1.0591109011691773,3602,0,-0.9745576088565964,-0.8927941169678797,-1.06487783529419,-1.3042140435580434,383
I488P,0.0816296,3609,-0.1422959346335398,2439,0,1.1482822449831098,0.0133859343250245,-0.5782799325164546,-1.1525719853258392,488
F194H,0.0815882659999999,3610,-0.415610209785609,2872,0,-0.861465974703529,-1.017811902735538,-0.1202567566546503,0.3370937949512818,194
I169N,0.081474254,3611,0.2122304136309143,1826,0,-0.1892918520075927,0.5591367714069148,0.8501921093344401,-0.3711153742101049,169
G62Q,0.081370401,3612,-1.549111660842066,3928,0,-1.0282419186127802,-1.7823063084018471,-1.6764389347580329,-1.7094594815956028,62
Y61I,0.081353562,3613,-1.4590877743680395,3868,0,-1.3447822336403057,-1.5563339486585703,-0.6650643220962055,-2.270170593077077,61
P166A,0.0812557409999999,3614,0.1614851141768079,1922,0,0.3723399098734671,0.1682104668790108,0.2469309749002102,-0.1415408949454566,166
L311N,0.081030068,3615,-0.7549034314634235,3281,0,-0.8771237704138547,-1.1813105830062616,-0.3575062587386842,-0.6036731136948937,311
A161P,0.0810068009999999,3616,-0.4190088420589362,2880,0,0.3102282980036377,-0.644617224426213,-0.2990033938245213,-1.0426430479886482,161
Y483C,0.080985644,3617,-0.1683956224323455,2475,0,-0.1160186361068532,-0.2008835226579053,0.6807420116387809,-1.0374223426034044,483
P409S,0.080971688,3618,-0.3406326740772636,2753,0,-0.1096783569684716,0.0910977823804572,-0.6602489517334117,-0.6837011699876284,409
P166C,0.080774975,3619,-0.4134399429864768,2866,0,-0.4039289125893341,-0.6648913124954223,-0.3490582996724438,-0.2358812471887071,166
A350I,0.080604232,3620,-1.8828434583043805,4056,0,-1.1116250603359017,-2.192188808956422,-1.7999331065178754,-2.4276268574073234,350
P30T,0.080561325,3621,-1.053890200497356,3599,0,-0.6201284553412955,-0.9184061832908648,-1.0705154204499834,-1.6065107429072811,30
G62C,0.080510841,3622,-1.38517995827037,3831,0,-0.6057677024317545,-1.1850544514704957,-1.4245997986539385,-2.325297880525292,62
A161W,0.080304698,3623,-0.3590198930137247,2780,0,-0.3163727300505639,-0.4801154305536712,-0.5964035638332702,-0.0431878476173936,161
P409N,0.0802979259999999,3624,-2.19731918072464,4106,0,-1.78541879036771,-1.8233611292104848,-3.410762859953075,-1.7697339433672892,409
Y61G,0.080192694,3625,-1.5090774841803658,3908,0,-1.8131590611810693,-1.4962057769378387,-1.4441916206422205,-1.2827534779603351,61
L458W,0.080170755,3626,-1.135880688951264,3676,0,-0.497709337028728,-1.6858649422866254,-0.2038455690833854,-2.156102907406317,458
E354C,0.080166523,3627,-2.0224702583276764,4088,0,-2.3122237734102224,-1.576011684888151,-4.046018229520372,-0.1556273454919608,354
D262I,0.080043837,3628,-1.1272548413758907,3669,0,-1.4189908392280952,-1.0369811198167331,-0.5683986417692167,-1.484648764689518,262
P30G,0.079861019,3629,-1.830882751254756,4039,0,-1.5932460476167092,-1.947186746864077,-2.200122659614129,-1.5829755509241077,30
Y61V,0.079851036,3630,-1.3367825861284213,3795,0,-1.424673369269482,-1.6100615807875611,-0.4738311250595234,-1.8385642693971187,61
T66P,0.079586808,3631,-1.0368738178254269,3580,0,-0.4510898132161695,-1.0432073329389628,-0.6188889171149528,-2.0343092080316225,66
I39H,0.079441357,3632,-0.9085886141758684,3435,0,-1.5356141823028486,-1.2199018039385705,-0.1779257798029499,-0.7009126906591046,39
G32V,0.079421679,3633,-1.6704775509876526,3979,0,-0.7758777345772129,-3.299540534933235,0.1773771605577022,-2.783869094997865,32
P489R,0.079362961,3634,-0.4877501892144067,2972,0,1.4010752028060345,-0.8362520897627774,-2.503970759032352,-0.0118531108685319,489
V75Y,0.079314407,3635,-1.5392030315487704,3925,0,-1.398173099852495,-1.982489329744082,-1.3106662779358944,-1.465483418662611,75
P489T,0.0791380429999999,3636,-0.3222598672358966,2716,0,1.334246060180194,-0.3159747415108289,-2.503970759032352,0.1966599714194002,489
L152C,0.078936622,3637,-0.6715708499230963,3181,0,-0.916743311562104,-0.7703357972456495,-0.6845502676718923,-0.3146540232127396,152
P33E,0.07860629,3638,-1.5158798724928482,3911,0,-1.4401697012295784,-2.2287060536884957,-1.554505231162754,-0.8401385038905641,33
H411G,0.078562047,3639,-1.3894045933668109,3832,0,-0.9849851852213216,-1.0014908213374552,-2.059791322361199,-1.5113510445472675,411
D373Y,0.078435086,3640,-0.8893336589354299,3420,0,-0.8553918329449142,-0.817172312068397,-1.079779834361046,-0.8049906563673626,373
P480H,0.078432266,3641,-0.3528240850703166,2766,0,-1.3043163968439109,-0.4270662256297537,-0.1041628298240323,0.4242491120164302,480
G62T,0.078425165,3642,-1.8356919205952849,4042,0,-1.1928591678457747,-1.8710815943801629,-1.668895551760105,-2.609931368395096,62
L312D,0.078342661,3643,-1.2235073006282031,3726,0,-1.5891536967955546,-1.753816114745082,-0.5055276226999473,-1.0455317682722285,312
E155K,0.078159388,3644,0.4186864257876749,1462,0,0.3674695427749421,0.2962112168664923,0.7141611260307065,0.2969038174785584,155
G32K,0.078126528,3645,-1.8861108179525727,4058,0,-1.125541320265386,-2.9323484712791035,-1.3743328600765137,-2.112220620189288,32
L413R,0.07804853,3646,-0.6039580422236329,3095,0,-0.4804155726203242,-0.9402473351074948,-0.2621182442980301,-0.7330510168686827,413
F194S,0.078031438,3647,-0.1905013839887607,2509,0,-0.3933295977622777,-0.6194046897353457,0.2084314876406228,0.0422972639019577,194
D373I,0.077920478,3648,-1.3390094202256495,3799,0,-1.7504953789786617,-1.3291196132385092,-1.406955795588418,-0.8694668930970102,373
H78P,0.077745085,3649,-0.7616210135348782,3290,0,-0.1640787415650755,-0.938004388089655,-0.8449498790647239,-1.0994510454200586,78
V323Q,0.077611292,3650,-1.6141025391422232,3956,0,-1.8032441873661424,-1.905503708086976,-2.399331011615112,-0.3483312495006636,323
F65G,0.077559632,3651,-1.097683457665382,3642,0,-1.193264516406356,-1.5949182072434025,-0.4181926941290834,-1.1843584128826865,65
D373F,0.077484392,3652,-1.4915913409622144,3895,0,-1.8136838532698345,-1.417942832301375,-1.798925758594721,-0.9358129196829276,373
D165S,0.077470003,3653,-0.1525523287727892,2456,0,-0.2165421474875977,-0.6461079701339871,0.0884969013773013,0.1639439011531266,165
A350L,0.077421404,3654,-1.7553107010119553,4011,0,-1.3103504448889975,-2.107684119807204,-1.6887809230888466,-1.9144273162627736,350
R186E,0.07735133,3655,-0.4062014444392982,2855,0,-0.8989514749004837,-1.018431819443549,0.2678331675716902,0.0247443490151497,186
F456C,0.07730534,3656,-0.7320211763912796,3252,0,-0.2668404370387993,-0.750791416748505,-0.7534269849965473,-1.1570258667812667,456
Y189C,0.077192151,3657,0.2592840620270025,1743,0,0.3981896336600958,-0.1919529731062136,0.3775269228604469,0.4533726646936809,189
F456G,0.0771904,3658,-2.3753450081369043,4118,0,-2.002996819766111,-1.6921329294937153,-2.8116936874612453,-2.994556595826545,456
P489K,0.0771740259999999,3659,-0.4975782177271257,2984,0,1.2106106309419564,-0.9482883108777554,-2.503970759032352,0.2513355680596479,489
R186N,0.077173456,3660,-0.2078849629903152,2542,0,-0.1955078853067001,-0.6532612466009838,-0.6064465760113998,0.6236758559578226,186
G32R,0.077172319,3661,-1.297510132757296,3773,0,-0.2511939770162812,-2.0375186530685987,-1.001359942755553,-1.8999679581887503,32
F183K,0.077109539,3662,-1.4690140250988275,3878,0,-2.172382819753353,-1.2308704468227338,-1.6163771997479337,-0.85642563407129,183
I331G,0.077094322,3663,-1.0110426153940892,3559,0,-1.1166176769641487,-1.007593318900679,-0.6145269074157028,-1.3054325582958266,331
Y189S,0.077046735,3664,0.1627350216918878,1916,0,0.0674607788323884,-0.5683283730819554,0.6821478861427116,0.4696597948744068,189
D165Y,0.076796173,3665,-0.5684863783306753,3057,0,-0.6204160355984925,-0.3779579771601763,-0.6777388540606819,-0.5978326465033502,165
H411V,0.07675269,3666,-1.6899698282844444,3988,0,-1.3760672242879586,-1.3354216088351962,-2.5795613980417613,-1.468829081972862,411
Q484P,0.076640329,3667,-0.2413894121980455,2604,0,-0.0212966515690659,-0.2711269141317284,0.4540434248323976,-1.1271775079237851,484
P30S,0.076635875,3668,-0.5768484801334701,3069,0,-0.2670289556695367,-0.40038169001278,-0.7275322239347914,-0.912451050916772,30
D408G,0.076628711,3669,-0.1855038048585019,2502,0,-0.1995909665506316,-0.0323838685295322,-0.4502450212151713,-0.0597953631386727,408
E142R,0.076619036,3670,-0.7659581853414464,3295,0,-1.195408580786033,-0.7873823016942728,-0.164630635070851,-0.9164112238146286,142
R186L,0.076418569,3671,-0.4914684074071758,2976,0,-0.591203353868284,-0.4193737689072149,-0.3005770796379951,-0.654719427215209,186
R186C,0.076392293,3672,0.3127136486014653,1647,0,0.172125599479043,-0.0357671677292578,0.626117460344034,0.4883787023120419,186
K315Y,0.07620364,3673,-0.968274116277246,3510,0,-0.9204871597841968,-1.5225180947474106,-0.9598717217654678,-0.4702194888119094,315
Y189Q,0.076154518,3674,-0.4889090853204307,2974,0,-0.5587426904565485,-1.219301970925203,-0.3672504437957233,0.1896587638957523,189
F401G,0.076097053,3675,-1.769705612683823,4018,0,-2.1144146251406397,-1.1478002690362856,-1.8081340122994047,-2.0084735442589627,401
E148S,0.076071369,3676,-1.218164313408174,3723,0,-1.5384305702352747,-2.0678139691999657,-0.5752586458781843,-0.6911540683192714,148
S460E,0.075752927,3677,-0.5982416480799437,3087,0,-0.7022441499017504,-0.8690329639432838,-0.1396742706889933,-0.6820152077857474,460
D262L,0.075492826,3678,-1.6009696324513991,3952,0,-1.7761377657759754,-1.3428177641160874,-1.7733776232744694,-1.5115453766390643,262
R186G,0.075471099,3679,-0.1956170258139839,2520,0,-0.3864200493167125,-0.4497096541017626,-0.2930017372554641,0.3466633374180035,186
Y347N,0.075441421,3680,-1.0010757918945383,3549,0,-0.8675007486793614,-0.6496089597843265,-1.3994128436400954,-1.0877806154743703,347
C164G,0.075319819,3681,-0.6095957847956597,3106,0,-0.1605640082546881,-0.5697687756618219,-0.5524741008453511,-1.1555762544207773,164
D191M,0.075297694,3682,-1.4025713932722006,3839,0,-1.5005631746249275,-1.5778417111441108,-1.5744076177286277,-0.9574730695911364,191
I264R,0.0752692609999999,3683,-1.4898512323186943,3892,0,-1.5275945461440903,-1.24386861399632,-1.8248345973220683,-1.363107171812299,264
D165T,0.0752381459999999,3684,-0.4907824753857632,2975,0,-0.8310187639779592,-0.854499599151111,-0.174138724587495,-0.103472813826488,165
L312S,0.075142902,3685,-0.3480286880193581,2760,0,-0.1971089814085413,-0.5317068270290312,-0.3488024869880449,-0.3144964566518151,312
D165C,0.075096002,3686,-0.5141506398505878,3003,0,-0.9486362971302148,-0.8622071855902816,-0.2499357372778592,0.0041766605960049,165
Y483H,0.075062822,3687,0.2780513044117768,1711,0,-0.3159968654464489,0.7733669312939911,0.1395545853193009,0.5152805664802641,483
Y483T,0.074983305,3688,-1.0318831165043183,3575,0,-1.818253587317935,-0.9350170054570108,-0.2166214968734654,-1.1576403763688623,483
V153S,0.074927039,3689,-0.0844271956020618,2338,0,-0.2338672385997467,-0.2925784422722656,0.3291643230453789,-0.1404274245816137,153
E148K,0.074901895,3690,-0.6359481369516571,3138,0,-0.5238388512772373,-0.7199069789075813,-0.5829992111242188,-0.7170475064975911,148
G62F,0.07448845,3691,-2.087586663897922,4098,0,-1.669038969137934,-2.1754285641021243,-2.399577752634353,-2.106301369717277,62
A350M,0.074476829,3692,-1.3570216546608875,3808,0,-1.1681876855012536,-1.6427581034505634,-1.7189443003197882,-0.8981965293719447,350
P166W,0.074394977,3693,-1.418260328752611,3848,0,-1.3859526141464202,-2.147443140637411,-0.8988468052213486,-1.2407987550052637,166
L245P,0.074328596,3694,-0.2966690553918071,2682,0,0.0897698312446552,0.0583537283067981,0.2390159003971044,-1.5738156815157862,245
V323G,0.074145669,3695,-0.7006314759706613,3216,0,-0.6908494662604445,-0.361400845404378,-1.0315211146435534,-0.7187544775742696,323
V319R,0.074120643,3696,-0.808332312836576,3329,0,-0.6983500340151696,-1.214143407010247,-0.9138898001569078,-0.4069460101639797,319
E326H,0.073685103,3697,-1.5491929438038057,3929,0,-1.62070091596511,-1.4506971960049513,-1.2056783716288544,-1.919695291616307,326
G79V,0.07348912,3698,-0.8882262558553176,3415,0,-0.9808268584634924,-0.7497192152371115,-1.1970887127419465,-0.6252702369787198,79
S393V,0.073459921,3699,-1.383581535244116,3829,0,-0.7537152084940499,-1.6872279556964638,-0.6823006082755336,-2.4110823685104177,393
L311P,0.073285807,3700,-1.190232897732856,3703,0,-0.5254946155483594,-1.056241115197719,-0.9243512412673728,-2.2548446189179736,311
D188W,0.072859336,3701,-0.9378249796477188,3472,0,-1.5336375287214394,-0.9338829461661136,-0.7163466390206941,-0.567432804682628,188
L453S,0.072712455,3702,-0.9383153755468524,3474,0,-0.7650598029138594,-1.000353013090225,-0.8184590965883077,-1.1693895895950177,453
L287S,0.072658344,3703,-0.9135179511119478,3442,0,-0.8779887168980987,-1.3545228091371968,-0.2914310235807563,-1.1301292548317392,287
F487A,0.072507556,3704,0.941348496851257,639,0,-0.100325744436984,2.5112117736095514,0.5952093110696096,0.7592986471628511,487
F194R,0.072360815,3705,-1.0176453953797775,3568,0,-1.5085906284994166,-1.4443046898910683,-0.4375723585113444,-0.6801139046172815,194
G40M,0.072254677,3706,-2.181307462455024,4105,0,-1.901414203346895,-2.7811177150447115,-1.4782035069848534,-2.5644944244436365,40
F407V,0.072232666,3707,-0.9923989232095038,3538,0,-1.079936228829987,-0.26303559523356,-1.6310564569708803,-0.995567411803588,407
F194N,0.07192099,3708,-0.7522142097776556,3278,0,-1.3505406513650964,-1.1423265250067165,-0.284299686070656,-0.2316899766681538,194
P409F,0.071914038,3709,-1.6129538507970709,3955,0,-0.9041299856406156,-1.380823880077768,-2.725848205718629,-1.4410133317512697,409
V323H,0.071854901,3710,-1.9711142703135331,4079,0,-2.1799735983635142,-1.9222743964624884,-2.821348335777148,-0.9608607506509828,323
D408V,0.071761059,3711,-0.3278489089424714,2736,0,-0.1125004127448007,-0.0890467995763908,-0.6676705302623605,-0.4421778931863335,408
P382L,0.071757409,3712,-0.1040635802888869,2374,0,0.0217018738400087,0.101518006509542,-0.1542513678736828,-0.3852228336314158,382
I331D,0.07152283,3713,-1.0587545446728537,3601,0,-1.3430221866254333,-1.1183315977764652,-0.8356875605032391,-0.9379768337862772,331
I264H,0.071502634,3714,-1.6685362427471286,3976,0,-1.8877548670607824,-1.5473766208473538,-1.794680749112321,-1.444332733968057,264
P73H,0.071486127,3715,-0.2219306194566541,2563,0,0.0633795682561491,-0.4835469306205426,0.5455914723216557,-1.0131465877838788,73
F183R,0.07144258,3716,-1.497758815663909,3903,0,-1.7792301749144834,-1.026707372767251,-2.326124754834353,-0.8589729601395477,183
F487M,0.071363417,3717,0.5600022254360516,1218,0,0.1753510075064014,1.1181460268721533,0.7136325958087643,0.2328792715568871,487
Y347G,0.07133749,3718,-1.8945912747833449,4064,0,-2.086642915941882,-1.3049739244071303,-2.582275376731697,-1.6044728820526692,347
P489C,0.071333072,3719,-0.5518271745624217,3046,0,1.558310818264944,-1.0077261390679246,-2.503970759032352,-0.2539226184143542,489
G79P,0.07132205,3720,-1.66914034235819,3978,0,-1.7821184858316208,-1.6212597133558568,-1.591565699964755,-1.6816174702805278,79
Y189I,0.071320757,3721,-0.4380121214608878,2907,0,-0.6510060313177809,-1.00348981841102,-0.3364299414241058,0.2388773053093553,189
E148V,0.07127272,3722,-0.6141695909000618,3111,0,-1.1621071220475765,-1.134230386021834,0.2627924926586137,-0.4231333481894505,148
L312R,0.071245746,3723,-0.3213677701671979,2713,0,-0.6364291744091428,-0.8666124770647907,0.3793430121731061,-0.1617724413679642,312
F407M,0.071133778,3724,-0.972962793842172,3512,0,-1.330498150185742,-0.6619443650346617,-1.894026282714976,-0.0053823774333087,407
P409G,0.070703069,3725,-1.8571971535919327,4050,0,-1.6456704766422356,-1.1730149459879156,-3.546361981241353,-1.063741210496227,409
D165V,0.070652251,3726,-0.4670702026236779,2943,0,-0.8663073185324075,-0.4617430005846523,-0.2368424772709041,-0.3033880141067475,165
Y358D,0.070568801,3727,-0.606162054140893,3100,0,-0.5383270329531707,-0.6849854506606214,-0.727681293109744,-0.4736544398400358,358
K72P,0.070383064,3728,-0.5719174431408851,3064,0,-0.7016369925936916,-0.8444395426126416,0.4334424873375481,-1.1750357246947551,72
P166T,0.070220675,3729,-0.1267530550537982,2412,0,0.2091982824048532,-0.3327983169489038,0.1208469325188016,-0.5042591181899441,166
G62R,0.070195283,3730,-0.8500354084608728,3368,0,-0.1605232165308273,-1.022646717492833,-0.685798781908474,-1.5311729179113562,62
E142P,0.070142348,3731,-1.4322940628929195,3856,0,-1.7490695951520576,-0.4426721936072129,-1.936863979251915,-1.600570483560492,142
P30R,0.070129951,3732,-1.5202191391930475,3914,0,-0.7418443142831559,-1.596088417184659,-1.8146506516803775,-1.9282931736239983,30
T348D,0.069930398,3733,-1.7816065230926923,4020,0,-1.744172187133232,-1.6976385396521196,-2.236185901033368,-1.44842946455205,348
E354G,0.069869847,3734,-1.114983188229726,3656,0,-0.9272578600143212,-0.8960806127594207,-2.0534363326824288,-0.5831579474627331,354
E326K,0.069821585,3735,-0.8792868155071905,3405,0,-0.391473588286824,-0.2959195657132389,-0.8708194905238923,-1.9589346175048064,326
P337Y,0.069687489,3736,-1.4164687488050505,3847,0,-1.4511944673148052,-2.054462329000645,-0.7967591284397129,-1.363459070465039,337
A350F,0.069505763,3737,-1.894076048481696,4063,0,-1.5665556401850118,-2.220990701554063,-2.0870348887334105,-1.7017229634542974,350
F407I,0.069472977,3738,-0.9443020730465732,3480,0,-0.9093866176972174,-0.2627545573998419,-1.5864897351721925,-1.0185773819170407,407
D262V,0.069437235,3739,-1.0950369284361354,3640,0,-0.9568614833718372,-0.5399171752907895,-1.4785225012811292,-1.4048465538007855,262
A149F,0.069410473,3740,-0.8547915234433835,3376,0,-0.8750860548885135,-1.029035742432977,-0.2591769260038557,-1.2558673704481875,149
F376Q,0.069398713,3741,-1.5330525717965997,3921,0,-1.789281076983107,-1.8870650019256316,-1.6087192446447265,-0.8471449636329348,376
I374D,0.069343997,3742,-0.5858071642833733,3074,0,-0.780105946129582,-0.6651208021795542,-0.5322175365921404,-0.3657843722322166,374
R186P,0.069310094,3743,-0.7184643541203509,3239,0,-0.3643690652847633,-0.4532048864263041,-0.8492564759895382,-1.207026988780798,186
G62E,0.069128835,3744,-1.0007055355925676,3548,0,-0.1190435616063664,-1.126060339040661,-0.9610981908438068,-1.7966200508794363,62
P409Y,0.068961738,3745,-1.757225136346003,4014,0,-1.1379082206189113,-1.4185086569251448,-3.252630761000032,-1.219852906839924,409
Q454P,0.068889835,3746,-1.5363107936123357,3924,0,-0.9108527186006554,-1.4558643289629556,-1.3572964718518876,-2.4212296550338444,454
I169R,0.068862004,3747,-0.1565834873282434,2464,0,-0.4638033455010641,-0.4493943400958521,0.2946726387554563,-0.0078089024715139,169
L36Q,0.068818705,3748,-0.3772859332673886,2811,0,-0.6863785146346698,-0.498466571806368,-0.5988227602373206,0.2745241136088041,36
D262F,0.068789143,3749,-1.3688811559996537,3819,0,-1.6782146779306248,-0.8575809734746886,-2.093014690893545,-0.8467142816997558,262
A149Q,0.068637459,3750,-1.105129551454065,3648,0,-1.486567062313349,-1.598936820650366,-0.984046459565786,-0.3509678632867589,149
P409Q,0.068608889,3751,-1.5270710270748593,3918,0,-0.8829880344255421,-0.9232037762674188,-2.607785466952959,-1.6943068306535174,409
F194T,0.068533839,3752,-0.8861401736333674,3412,0,-0.9929572170753698,-0.9532671926712968,-0.5097468276330402,-1.0885894571537629,194
E148G,0.068297651,3753,-1.0095862600808936,3555,0,-0.6359635735966169,-1.150834781405694,-1.1406720642343062,-1.110874621086957,148
S460Y,0.0680980529999999,3754,-0.2447040568162159,2607,0,0.0483486137452726,-0.6194148654739653,0.787848185359025,-1.195598160895196,460
I327F,0.068094878,3755,-0.8466412869408804,3364,0,-0.4319547533901317,-0.5635443031264608,-1.2591773431515554,-1.131888748095374,327
V76G,0.068089946,3756,-0.5782893336890284,3071,0,-0.1656766268193849,-1.2189310920307777,-0.6627202177045258,-0.2658293982014248,76
N176L,0.0680347759999999,3757,-1.7481728228635889,4006,0,-1.953103208685571,-1.9008276884086657,-1.6466429746828355,-1.4921174196772824,176
L311T,0.067959491,3758,-0.4941836794773834,2979,0,-0.3122520120894769,-0.9751608298765968,-0.037527934542722,-0.6517939414007379,311
G79L,0.067947016,3759,-1.2886117304486413,3765,0,-1.657658887872794,-1.304577873948751,-2.0219238720965262,-0.1702862878764938,79
A350P,0.067871672,3760,-1.2880054512639,3764,0,-0.8666148339647152,-1.6155923625099198,-0.699766296312386,-1.9700483122685783,350
A149I,0.067868877,3761,-0.2983549248392103,2686,0,-0.0813052420667989,-0.4004945603766792,0.6147480051104228,-1.326367902023786,149
A149Y,0.067832069,3762,-1.0704292661412649,3616,0,-1.2889526868470855,-1.2848580958517162,-0.1744223877280354,-1.5334838941382225,149
F412C,0.067808422,3763,-0.9346791080802572,3466,0,-0.6754720752610923,-0.8288404030913614,-2.559328358197913,0.3249244042293369,412
L314P,0.067720784,3764,-0.8492502403894262,3367,0,-0.5385139601203488,-0.8923016647752087,-0.0368522237360507,-1.9293331129260969,314
H411L,0.067654628,3765,-1.0609057646472262,3604,0,-0.3899219113165594,-0.6629761313741719,-1.804087904321377,-1.3866371115767964,411
N378V,0.067577183,3766,-0.659144338897073,3167,0,-0.621785615633083,-0.4342662301596221,-1.3412408248909684,-0.2392846849046186,378
P489H,0.0675687,3767,-0.4617080359754517,2936,0,1.5910844136691713,-0.5776942032422311,-2.503970759032352,-0.3562515952963951,489
E326P,0.067545192,3768,-2.7841088802279907,4132,0,-2.3971836367143573,-2.0882738983902804,-3.841824710000032,-2.809153275807293,326
E326N,0.067509978,3769,-0.9509327425475018,3489,0,-1.248896945081536,-0.6646120152485733,-0.7591736167561124,-1.1310483931037854,326
Y61P,0.067507864,3770,-2.027450712104481,4090,0,-1.694962402815727,-1.6576677027890667,-2.220740922869878,-2.536431819943254,61
L485S,0.067428238,3771,-0.330943795590666,2742,0,-0.9259467732456356,0.0107405100665189,-0.4984040145159497,0.0898350953324024,485
L458A,0.067419527,3772,-0.9627925037526728,3499,0,-0.8729639638741188,-1.2305215261011182,-0.637434917973483,-1.1102496070619716,458
P481I,0.067341482,3773,-0.0873439967313484,2344,0,-0.1391604427668054,-0.4944996404402882,0.5755342329786985,-0.2912501366969988,481
Y483N,0.067330168,3774,-0.8610019241297381,3382,0,-1.419189576730107,-0.4657634884697826,-0.4408163996183003,-1.118238231700762,483
D191R,0.067220831,3775,-1.006147392158184,3551,0,-0.7223449209837038,-0.9674026325269236,-1.2081214502249948,-1.1267205648971144,191
D191Y,0.0671753,3776,-0.7568515254087924,3286,0,-0.3385625622979541,-0.487501811769836,-1.445459316020985,-0.7558824115463947,191
L413G,0.066988487,3777,-1.956095625009782,4074,0,-1.8779629547461163,-2.2652739093310714,-2.188933676348125,-1.4922119596138148,413
I169S,0.066933258,3778,0.2573896398602046,1748,0,0.0532041690645317,0.4216226430491734,0.4398435688079702,0.1148881785191429,169
L458T,0.066922468,3779,-1.0528727145170125,3598,0,-0.7819865255687574,-0.9523034431109808,-1.4978575811410846,-0.9793433082472264,458
D165W,0.066771291,3780,-1.552251415907745,3931,0,-2.3197881951502106,-1.8185102474974744,-0.9653054117790476,-1.1054018092042466,165
I169G,0.066704137,3781,-0.6009406256746795,3092,0,-0.8081960038810154,-0.6095216374923387,-0.0460564277779577,-0.939988433547406,169
F412S,0.066615444,3782,-1.1623966060652402,3685,0,-0.9119549606777064,-0.7331614140248252,-3.1635976661660083,0.1591276166075789,412
D191L,0.066490999,3783,-1.466959495991763,3874,0,-1.3862305897814355,-1.5472796835478717,-1.6039471135291168,-1.3303805971086269,191
L467R,0.0663334,3784,-1.113620985318261,3654,0,-1.6064084005457235,-0.982801202884359,-0.4093552094283685,-1.455919128414593,467
E326S,0.066174744,3785,-1.444071030400286,3862,0,-1.7137193923249985,-1.2010935577957766,-2.14075236411325,-0.7207188073671185,326
P73D,0.065981692,3786,-0.7836024916351663,3311,0,-0.8002823256908058,-1.3451533639118851,-0.0012379232122608,-0.9877363537257128,73
E354N,0.065904651,3787,-1.3121295147916658,3784,0,-1.6477775743946768,-1.5849454478309857,-2.071537980708376,0.0557429437673741,354
F456H,0.065856931,3788,-1.2298039328606925,3730,0,-1.2291980325084988,-0.974251707965712,-1.805657429590831,-0.9101085613777288,456
P489Y,0.065732,3789,-0.7339858320150684,3255,0,1.3907938735662804,-1.1064752555890378,-2.503970759032352,-0.7162911870051643,489
L152S,0.065726375,3790,-0.8542424561657518,3373,0,-0.9335749093688204,-1.0553247631567626,-0.6277959881603544,-0.80027416397707,152
P166R,0.065669384,3791,-1.4312568163909494,3855,0,-0.9328820363918684,-1.1994603517473283,-1.766421304216859,-1.8262635732077408,166
E326G,0.0656364109999999,3792,-0.9387493516657972,3476,0,-0.6261933275226876,-0.1714427007879911,-2.3953173500534395,-0.5620440282990703,326
G79F,0.065509679,3793,-1.4791238654797263,3886,0,-1.7506550837428527,-1.674816500189077,-2.278367941878316,-0.2126559361086601,79
D165H,0.0654958309999999,3794,-0.2060814472358815,2537,0,-0.2207433879207,-0.3513212407364552,0.0129169627965861,-0.2651781230829571,165
H411T,0.065335161,3795,-1.3803793024890831,3827,0,-1.011621678334898,-1.1612464364917308,-2.237958301697164,-1.11069079343254,411
G62V,0.065257133,3796,-1.789631760664555,4024,0,-0.7957293159702837,-1.7066815578938177,-1.6831146785018147,-2.9730014902923045,62
H411I,0.065108972,3797,-1.5896300549631897,3948,0,-1.112877458395788,-1.0753586502380297,-2.345417628184733,-1.824866483034208,411
N466P,0.064898421,3798,-0.3540244946478115,2770,0,0.1216622863249134,-1.0611415366908508,0.2678611165289667,-0.7444798447542753,466
T66N,0.06482583,3799,-0.3267017423614743,2733,0,0.0154334618455129,-0.6120203168886456,-0.3103645994803361,-0.3998555149224286,66
V323E,0.064640007,3800,-1.2139104571956845,3720,0,-1.119726056579076,-0.9834567346775388,-2.388780804991577,-0.3636782325345459,323
G62M,0.064578354,3801,-1.9701796133376532,4078,0,-1.6947149162720587,-2.2795196756159424,-1.658692972255291,-2.2477908892073226,62
V153H,0.06452788,3802,-0.9618444671947186,3497,0,-1.242995072273107,-1.3332678334215753,-0.1107959551796304,-1.160319007904562,153
F412N,0.064387473,3803,-1.3326960812356503,3792,0,-1.887628666792576,-1.3395301971941644,-2.1698150677124275,0.0661896067565658,412
L67Q,0.064374693,3804,-0.6834055008577525,3197,0,-0.3178377978987098,-0.7166311944198498,-1.1052280153199818,-0.5939249957924687,67
F456L,0.064333399,3805,-0.8830288923891414,3409,0,0.2177254558369452,-1.2638170784297016,-0.6114399617397229,-1.8745839852240864,456
F412T,0.064298022,3806,-2.108865879504908,4100,0,-2.0984684953219563,-1.847933931281293,-3.436281261341686,-1.0527798300746949,412
D165Q,0.064267259,3807,-0.3698506380966288,2797,0,-0.7613200869129387,-0.8304203204033549,0.0702401753383215,0.042097679591457,165
P337H,0.063987879,3808,-1.0122311744100472,3561,0,-0.8570101559417741,-1.044253291756022,-1.2528576538489888,-0.8948035960934038,337
I452Y,0.0639154079999999,3809,-1.359476735979568,3811,0,-1.235514020887292,-1.4166127561507529,-1.5444666944425949,-1.2413134724376322,452
D165G,0.06388426,3810,-0.5255038080798289,3018,0,-0.4779895958273539,-0.4715291155281776,-0.5434188742292486,-0.6090776467345356,165
L67P,0.06362001,3811,-0.9301384419428568,3460,0,-0.5063127052687706,-0.2252874878024058,-0.9137190785782564,-2.0752344961219937,67
Y483Q,0.063568053,3812,-0.8634266726559812,3388,0,-1.801392784758886,-0.2846342699101888,-0.1516083265770879,-1.2160713093777618,483
L311H,0.063515443,3813,-0.4452369032047777,2915,0,-0.3147566127663566,-0.6327769491945009,-0.1519450738170331,-0.68146897704122,311
Y483G,0.063393507,3814,-1.6198564806727278,3961,0,-2.4778113686877443,-1.159181297117139,-1.344097210271008,-1.4983360466150206,483
N378F,0.063363288,3815,-0.9278852116298903,3457,0,-0.8869973778578952,-0.778080337682965,-1.93484412595248,-0.1116190050262216,378
R186M,0.063213646,3816,-0.7676069850971874,3296,0,-1.0348516855805274,-0.6391220577890236,-1.3950845146707307,-0.0013696823484681,186
F401R,0.063212506,3817,-1.5086941637676516,3906,0,-1.764651977826006,-1.0719157694108603,-1.803115724154094,-1.3950931836796472,401
Q454D,0.063168164,3818,-1.2574627562259568,3750,0,-1.2832735630961236,-1.748100295249404,-0.78352983198178,-1.21494733457652,454
V351G,0.062832391,3819,-1.4916736036427012,3896,0,-0.991637363296902,-0.7713806849323271,-2.3734998902042483,-1.830176476137327,351
P166L,0.06281604,3820,0.254703706525891,1756,0,0.6159181261658787,-0.2868090662575371,0.815500509485786,-0.1257947432905634,166
I452T,0.062631344,3821,0.1030164065732893,2027,0,0.2318181727786126,-0.048309435034426,0.2548903663663228,-0.0263334778173523,452
D373L,0.0625869429999999,3822,-1.2590426353335251,3751,0,-1.9090132463994005,-1.485589268166433,-1.1279126893286109,-0.5136553374396571,373
Y483A,0.062430791,3823,-1.0868298138841603,3630,0,-1.7694689192136437,-1.1316468195428315,-0.1910714569496082,-1.2551320598305582,483
P337W,0.062429827,3824,-1.8385152222979455,4043,0,-2.042759676395933,-1.9481183625129623,-1.4188021307886645,-1.9443807194942235,337
Q324P,0.062390594,3825,-1.2785545792673294,3760,0,-0.5655964539163001,-1.4587828914686194,-1.3139704368784957,-1.7758685348059031,324
E354V,0.062366263,3826,-1.8497831784366887,4048,0,-1.284801368113,-0.9744795909542736,-3.671495372389395,-1.4683563822900882,354
V76D,0.062319204,3827,-1.1871681656669826,3700,0,-1.0785297659293998,-1.2597765068499271,-1.4046727004363675,-1.0056936894522357,76
L485G,0.062270183,3828,-0.8543415751644577,3374,0,-1.6673391185341793,-0.0971895327328477,-1.2339901116584484,-0.4188475377323555,485
F456T,0.062143745,3829,-1.6198110667598846,3960,0,-1.3873317150419533,-1.6081932616204813,-1.8582532901907955,-1.6254660001863075,456
I327D,0.062034914,3830,-1.6867651980195486,3987,0,-2.217789452890872,-1.6798556330665495,-1.7811313264512798,-1.0682843796694923,327
L314F,0.0619759,3831,-0.1927861295553632,2512,0,0.4194504141542594,-0.2760073858215142,-0.1776236267559297,-0.7369639197982681,314
L152Q,0.06194203,3832,-1.014696767709427,3565,0,-1.0423953903738326,-0.9776209485791874,-1.1674760666809652,-0.8712946652037226,152
Y483W,0.0618414559999999,3833,-0.9356983960101743,3467,0,-1.102574658358191,-1.1819307674968678,-0.4459083943315662,-1.012379763854072,483
E354S,0.0618058909999999,3834,-1.6755132858489838,3981,0,-1.8845851183773783,-1.5788124230519032,-3.1982514302589005,-0.0404041717077537,354
F487C,0.061789362,3835,0.6280742996638304,1122,0,0.3330484615021421,1.0558288997993492,0.5086832576190312,0.6147365797347992,487
T450R,0.061703427,3836,-1.2442857380495655,3740,0,-1.2048287048769288,-1.3978259326155789,-1.275037269285695,-1.0994510454200586,450
D191G,0.061672863,3837,-0.223867786837693,2568,0,0.080861209125784,0.0556189985527756,-0.0192407013973267,-1.0127106536320052,191
L170G,0.061465785,3838,-1.3569194631063604,3807,0,-1.6824952123375565,-1.490304919668841,-0.5623986618722203,-1.6924790585468237,170
Y483S,0.061276382,3839,-0.6467215280475638,3155,0,-1.2748917433357765,-0.358002282596723,0.0570431096097577,-1.0110351958675134,483
E326A,0.0612287029999999,3840,-1.3452188432112284,3803,0,-1.198310070138258,-0.6763360728339455,-2.371777399052995,-1.1344518308197156,326
P37D,0.061218495,3841,-1.927264722490669,4069,0,-1.9010919459363549,-1.9221688901199585,-2.1056174475498723,-1.7801806063564902,37
P337R,0.061149434,3842,-1.1729389668211896,3690,0,-1.0720425695761282,-1.3000984066953567,-1.1060383855167757,-1.2135765054964975,337
G62I,0.060933369,3843,-2.148034654473098,4104,0,-1.663738837077379,-2.490074988002711,-1.5823007173491443,-2.8560240754631576,62
A149R,0.060909314,3844,-1.0019745640642554,3550,0,-1.3778771371610206,-1.412429992012899,-0.6061342252786225,-0.6114569018044793,149
L453G,0.060903734,3845,-1.6858053198204015,3985,0,-1.8648920132503115,-1.8098276646289877,-1.3545199595082191,-1.7139816418940894,453
R150P,0.060859153,3846,-0.3921195898016019,2828,0,-0.3106841691998999,-0.5797423384220246,0.4796988213770328,-1.157750672961516,150
Y483D,0.06057237,3847,-1.2223385123183583,3725,0,-1.9521555898574867,-0.8638355715520158,-0.7668168592042337,-1.3065460286596975,483
L311S,0.060548068,3848,-0.3575370079637747,2776,0,-0.0778855219229395,-0.9445283754578064,-0.0442292251568061,-0.3635049093175466,311
E326L,0.060359645,3849,-1.8983307919215755,4065,0,-2.250817235737965,-1.7121073688388364,-1.7232823352735374,-1.9071162278359617,326
A350T,0.060151637,3850,-0.3369367913327807,2749,0,-0.0921009211607356,-0.2664541078445614,0.2376252125068924,-1.2268173488327183,350
L152K,0.0601022809999999,3851,-1.5801952021343244,3942,0,-1.9743092651696277,-1.5531901809902986,-1.1462760133129073,-1.6470053490644645,152
P33C,0.060099169,3852,-1.3680404700162878,3816,0,-1.0482654897519037,-1.8996234700778123,-1.2466561121611826,-1.277616808074253,33
I331R,0.059914995,3853,-0.9797130304069755,3517,0,-1.1145258237573803,-1.291292643833053,-0.4152738230380049,-1.0977598309994645,331
F456P,0.059841577,3854,-2.709489607270214,4130,0,-1.811778843469004,-2.169088543376912,-3.608474123576322,-3.2486169186586187,456
L287P,0.0597409209999999,3855,-1.4607166264748686,3870,0,-0.8690015825769708,-0.9250937858247156,-1.3910603356121791,-2.657710801885608,287
V323N,0.0597198959999999,3856,-1.3114931391246027,3783,0,-1.344563170077396,-1.1945438632984804,-2.2563260977699007,-0.4505394253526332,323
L485W,0.0597191859999999,3857,-1.089603699089696,3633,0,-1.2517696205672149,-1.0450788654971874,-1.0107718188873147,-1.050794491407067,485
I327Y,0.059634742,3858,-1.4224426535261017,3850,0,-1.5784554320236917,-1.5814080397476915,-1.210550952270302,-1.3193561900627209,327
F194P,0.059547204,3859,-1.671755375057204,3980,0,-1.5890935562252635,-1.9717233982845253,-0.8587703585833005,-2.267434187135726,194
D191V,0.059317958,3860,-0.9738548786615332,3514,0,-0.6599818578715136,-0.9699508517033522,-1.227381674037208,-1.0381051310340588,191
P337N,0.059316197,3861,-1.423363882538722,3851,0,-1.769102100823443,-1.8246298831467944,-1.3864313760557008,-0.7132921701289489,337
T450K,0.059293174,3862,-1.2309256934325563,3731,0,-1.043137961686494,-1.2748076794866754,-1.55319789566766,-1.0525592368893966,450
N378L,0.0592129729999999,3863,-0.4440729354032897,2913,0,-0.6537886634705022,-0.6154444529341473,-0.4950164344668565,-0.0120421907416526,378
T385P,0.059208692,3864,-1.615798579736087,3958,0,-0.8650721752879527,-0.9614565199993278,-2.19970032140571,-2.436965302251357,385
D341G,0.0591557179999999,3865,-0.6610824439961501,3168,0,-0.5856409653654134,-0.197550298803492,-0.6063583506378675,-1.2547801611778275,341
L458G,0.058971496,3866,-1.8441917015787488,4044,0,-1.8346929591583307,-1.965101134703916,-1.777463941289731,-1.7995087711630169,458
L4G,0.058925464,3867,0.8382081961409544,794,0,1.036788935830861,0.8074853795377869,1.1350878075455046,0.3734706616496652,4
V76R,0.058909309,3868,-1.0815680041855766,3622,0,-1.302488782428803,-1.5844393387259572,-0.6480825388952717,-0.7912613566922744,76
P409K,0.058721011,3869,-2.240050814437495,4111,0,-1.411337686414576,-1.5370482461484405,-4.353635254734354,-1.6581820704526091,409
P166K,0.058698594,3870,-1.4918713421011571,3897,0,-1.5728965335724865,-1.3665521388811577,-1.3358412572138427,-1.6921954387371425,166
P35D,0.0585681979999999,3871,-1.2031072282676791,3713,0,-1.2980399996112055,-1.858247042372276,-0.6049377066217775,-1.051204164465458,35
L311K,0.058450667,3872,-0.8537010899961188,3372,0,-1.0029766807585947,-1.4000150553317736,-0.2253938128408628,-0.786418811053244,311
V351D,0.0582993829999999,3873,-1.7299735125603286,4002,0,-1.5623347437809318,-0.9851226102026078,-2.522674696597732,-1.8497619996600425,351
L311G,0.058273154,3874,-0.9731827598485984,3513,0,-0.9467173271227244,-1.599562628575472,-0.8104895734485764,-0.5359615102476205,311
D191P,0.058091137,3875,-2.0400917409081445,4094,0,-1.6099418963738623,-2.226572094186923,-1.9732604072996645,-2.350592565772128,191
E354Y,0.058033164,3876,-2.5666458841502444,4129,0,-2.2157250733708107,-2.0498061252343835,-4.238456159838299,-1.762596178157486,354
E326I,0.057774599,3877,-2.0206688795814496,4086,0,-1.8875902483038467,-1.4786670880791402,-2.0104762557587046,-2.705941926184106,326
A149L,0.057737552,3878,-0.4842388530163773,2966,0,-0.6956743649658774,-0.4221961974611828,0.2840742621819718,-1.1031591118204207,149
P409H,0.057641834,3879,-1.1733345393973236,3691,0,-0.7112545977680002,-0.85987801257677,-1.9614873707189509,-1.1607181765255727,409
T167L,0.05748307,3880,0.3133039809891318,1645,0,0.2113394151411318,0.0155938018228865,0.4288574400844409,0.5974252669080682,167
D165P,0.057430657,3881,-0.9801848697211172,3518,0,-1.4161968993079792,-1.466314812525304,-0.5564061271366557,-0.4818216399145295,165
V370D,0.057416409,3882,-0.8520391240309706,3370,0,-0.8760837350176809,-0.3907293324755835,-1.1950628370837104,-0.9462805915469074,370
Y483R,0.057095449,3883,-1.2370331686212794,3736,0,-2.094788249801407,-0.975773516454536,-0.7125721734652014,-1.164998734763973,483
T159P,0.057047121,3884,-0.8104404761845119,3331,0,-0.2611419923618202,-1.4167434340572362,0.274813844326865,-1.8386903226458564,159
P166Q,0.0570392359999999,3885,-0.964631442006424,3501,0,-0.7565461988026415,-0.7808700967603122,-1.1941735665990538,-1.1269359058636896,166
V323D,0.057031105,3886,-1.1541159751403371,3681,0,-1.4487992867377282,-0.3928204467619152,-2.4095062334187705,-0.3653379336429349,323
L311R,0.0570110709999999,3887,-0.6942970759967918,3210,0,-0.523150948133857,-1.0397992638491769,-0.1597460386340841,-1.0544920533700493,311
N176T,0.056911617,3888,-0.9974773231098368,3544,0,-0.7781807777903346,-0.8213328502508449,-1.4070921832530665,-0.9833034811451014,176
D191I,0.056740465,3889,-1.338109747264452,3796,0,-1.0405733042005634,-1.463985103946602,-1.5879322365345374,-1.2599483443761057,191
Y483E,0.056740072,3890,-1.5286402688093403,3919,0,-2.494299712933102,-1.486516599293795,-0.6935402729385872,-1.4402044900718771,483
L453R,0.0566354959999999,3891,-1.6785961719160625,3982,0,-1.4090558068747503,-1.190508915153207,-2.7084712772880337,-1.4063486883482592,453
E142K,0.056596243,3892,-0.4151000958817514,2870,0,-0.3653936606923711,-0.0013372883271829,-0.565781348618362,-0.7278880858890896,142
L170W,0.056535771,3893,-0.7344195058652295,3257,0,-0.8782987451676046,-1.3008291853978025,-0.0654999736264496,-0.6930501192690613,170
I452G,0.056476519,3894,-2.060383151622524,4096,0,-1.4858248260456464,-1.4815141526318714,-2.7921590369185765,-2.4820345908940022,452
L314D,0.056396874,3895,-0.9487584603994386,3486,0,-1.3856824562271357,-1.1060272553071795,-0.609775050018121,-0.6935490800453179,314
T450D,0.05625961,3896,-1.3029905700513638,3776,0,-1.504139947093713,-1.3356510985193282,-1.3775387177169651,-0.9946325168754484,450
F194G,0.056226544,3897,-0.8449033486588943,3362,0,-1.7110061982402038,-1.437678677354125,0.0590033107626937,-0.2899318298039418,194
L485F,0.0561723379999999,3898,0.4268084213381636,1451,0,0.624570131765925,0.6043430927354101,0.1796939156400078,0.2986265452113116,485
G40C,0.056023985,3899,-1.542334277616417,3927,0,-0.7309704301115094,-1.920383583557406,-1.182243805500964,-2.335739291295789,40
L170Q,0.05592218,3900,-0.985524056053134,3524,0,-1.0761405603207728,-1.1194779750667438,-0.819078823495376,-0.9273988653296436,170
L152E,0.055351067,3901,-1.4580407900953096,3867,0,-1.8605898684434703,-1.6784626280060433,-0.9962917442996836,-1.296818919632042,152
I331H,0.055299765,3902,-1.20926064047256,3717,0,-1.5019588602459737,-1.528760107042761,-0.4981808914577927,-1.308142703143713,331
F487Y,0.055073618,3903,0.076794541333459,2070,0,0.3147476357056958,-0.0633214612156137,-0.2977444830996019,0.3534964739433561,487
L485N,0.05491066,3904,-1.0174903192345035,3567,0,-1.6502602575471002,-0.7697659558829508,-1.4852371363255197,-0.1646979271824446,485
Y189R,0.0548911979999999,3905,-0.4499814764985196,2927,0,-0.4392077508399472,-1.112410924595418,-0.2437757125543916,-0.0045315180043214,189
E354L,0.0547681209999999,3906,-2.147782127980597,4103,0,-2.209235755066126,-1.6106204430638544,-3.230666411100458,-1.5406059026919507,354
F401P,0.054717058,3907,-2.455751889626641,4125,0,-1.8477751246602907,-2.2717033694430997,-2.836391294176265,-2.8671377702269103,401
E326M,0.054640447,3908,-1.89081666506222,4060,0,-2.013119700660273,-1.4762776639816966,-2.243256885317709,-1.8306124102892003,326
C338P,0.05456185,3909,-0.9770184355942668,3516,0,-0.7077106317848666,-1.324499560122607,-0.3763299979915498,-1.499533552478044,338
S162P,0.05450528,3910,-0.4473382064435975,2918,0,0.3643464909828156,-1.033231895700594,-0.2372817327219305,-0.8831856883346809,162
A149N,0.054382868,3911,-0.4245081895957807,2889,0,-0.8552274933921121,-0.4628350180080945,0.0108934695295144,-0.3908637165124305,149
L453H,0.054247908,3912,-1.2171588342905642,3721,0,-1.3380845732114268,-1.106600310061021,-1.4590507470605028,-0.964899706829306,453
D165M,0.0541559229999999,3913,-0.9890208687196168,3534,0,-1.81391112543426,-1.3699586012753726,-0.4093968795006747,-0.36281686866816,165
E326V,0.054049414,3914,-1.5975887947499454,3951,0,-1.1448295793993108,-0.6395815727224781,-2.2111015185800293,-2.394842508297963,326
G384V,0.053797587,3915,-0.4650601283703369,2939,0,-0.647847674163011,-0.2212952509810746,-0.3795829121271225,-0.6115146762101394,384
F401K,0.053734348,3916,-1.890930480989979,4061,0,-2.252379997112318,-1.3137534445750991,-2.697591970328501,-1.2999965119439978,401
Y347P,0.0535423909999999,3917,-2.445545161221146,4122,0,-2.1864046188451867,-1.7290786263781937,-2.894436472205251,-2.9722609274559524,347
L458S,0.053505354,3918,-1.1001958541834185,3644,0,-0.9973307822994836,-1.2754755292792368,-1.033494658622663,-1.0944824465322904,458
F412G,0.053354887,3919,-2.081710553829017,4097,0,-2.09792628089528,-1.764857326712559,-3.7914343669534913,-0.6726242407547384,412
Y189E,0.053330508,3920,-0.6825032213875473,3195,0,-0.961579614416735,-1.51814333048876,-0.1038172123423317,-0.1464727283023621,189
L287E,0.053265165,3921,-1.4288761847768066,3853,0,-1.7030209041898283,-1.6669120935423951,-1.3370471060448652,-1.0085246353301371,287
V370R,0.053191077,3922,-1.0001921335290296,3547,0,-1.417889713967577,-1.3549750939405794,-0.8082841123270958,-0.4196196138808665,370
P166G,0.052909669,3923,-0.9341906281849643,3463,0,-1.0719450156519876,-0.6654812375527649,-0.7863322458766367,-1.2130040136584688,166
L453Q,0.052870655,3924,-1.1287385516806894,3670,0,-1.0985380366820243,-0.956299830562539,-1.8925417248907448,-0.5675746145874498,453
L287H,0.052846354,3925,-1.253655591807506,3747,0,-1.3567132405010778,-1.6257638166080148,-0.7579424441999972,-1.2742028659209332,287
I452P,0.052794453,3926,-2.03020699394876,4092,0,-1.6737517115430602,-1.4185857783125777,-1.7781928572976058,-3.250297628641796,452
L458N,0.05278808,3927,-1.719084923476475,4001,0,-1.9849238803831823,-1.6946929311043355,-1.853652924936775,-1.3430699574816067,458
F65D,0.052677529,3928,-1.5973557621270325,3950,0,-1.3121193705953058,-1.8439892258706188,-1.6683540112502802,-1.5649604407919246,65
P489L,0.05241366,3929,-0.3665215910076901,2793,0,1.517007159665846,-0.1746212801936457,-2.503970759032352,-0.3045014844706091,489
E148T,0.05237726,3930,-1.23402439768131,3734,0,-1.7491426349533028,-1.941060416649876,-0.8589069600083153,-0.3869875791137452,148
P337D,0.0523301859999999,3931,-1.7126294176406278,3997,0,-2.25340892018399,-2.170231439493452,-1.301700898285014,-1.125176412600055,337
P489F,0.052250526,3932,-0.673834350757813,3185,0,1.529196681633549,-0.9511932164710614,-2.503970759032352,-0.7693701091613873,489
P337K,0.052177634,3933,-1.769198370507407,4017,0,-1.908255653904372,-1.7707838911107008,-1.920531809563207,-1.4772221274513484,337
P489V,0.052079014,3934,-0.6244736376158104,3122,0,1.3216564177493042,-1.0242250281092553,-2.503970759032352,-0.2913551810709391,489
Q146P,0.052063735,3935,-1.0079741021367357,3554,0,-0.7168526685590936,-1.0140849045748053,-0.7523905691757953,-1.5485682662372489,146
F412V,0.051941178,3936,-1.4927700011900256,3898,0,-1.1880064883290884,-1.080565682802726,-2.4162143602658865,-1.286293473362402,412
D191F,0.051826093,3937,-1.342354124756545,3802,0,-1.2998233880916132,-1.604632824233995,-1.4369709288777623,-1.02798935782281,191
T450Y,0.051800282,3938,-1.7022981615379005,3991,0,-1.568644254623835,-1.9225761874473384,-1.56943096315725,-1.748541240923178,450
R342D,0.051742996,3939,-1.5953893388811322,3949,0,-1.782616139278639,-1.505633063203725,-1.3052702275143355,-1.7880379255278294,342
F487V,0.051488277,3940,0.3936965550989437,1497,0,0.5870962674012219,0.6802551739681466,0.7430316421848631,-0.4355968631584565,487
L453E,0.051394744,3941,-1.734917693056286,4003,0,-2.0536011170473008,-1.9197674158057283,-2.491103647235048,-0.4751985921370669,453
L170N,0.051363016,3942,-1.073943678855986,3617,0,-1.683185349114003,-0.753278581493216,-0.8069931499874052,-1.0523176348293195,170
L287D,0.051333529,3943,-1.9588071188905225,4076,0,-2.1702806359936555,-1.965585017853538,-1.8349208707955416,-1.8644419509193544,287
Y358P,0.0508987359999999,3944,-1.4665446022134416,3873,0,-1.2865260399641951,-1.0083388256458636,-1.424349496370933,-2.146964046872774,358
E326Y,0.050832307,3945,-2.2228782707177928,4110,0,-2.0255593616109104,-1.5334618338502153,-2.929860338783803,-2.402631548626243,326
I327R,0.050795784,3946,-1.495562153494657,3901,0,-1.328697786094036,-1.1561446424869677,-2.0718868988037635,-1.4255192865938615,327
V76P,0.0507462859999999,3947,-1.4784333180687474,3885,0,-1.2829974860492148,-1.8221196890988915,-1.861568681650141,-0.9470474154767424,76
P337E,0.050661835,3948,-1.467324674385596,3875,0,-2.065387049440462,-1.710901008247221,-0.9479913450157512,-1.1450192948389504,337
A350R,0.050617049,3949,-1.2515988503957356,3746,0,-1.4973051974354323,-1.4942059765164883,-0.8273744835298618,-1.18750974410116,350
V75K,0.050568564,3950,-1.8185434438247776,4034,0,-1.80027351122971,-1.4261241261515485,-2.620339791499423,-1.42743634641843,75
P489I,0.0504010759999999,3951,-0.7530922809969558,3280,0,1.2435036768544705,-1.2161191069980246,-2.503970759032352,-0.5357829348119172,489
L485R,0.050390089,3952,-1.0333894598242177,3578,0,-1.445305102851544,-0.6871641298556008,-1.5879712394562602,-0.4131173671334658,485
A149D,0.050179046,3953,-0.5859059284670678,3075,0,-0.8643241874151077,-0.6988006225323253,-0.2714707711536264,-0.5090281327672115,149
R329P,0.0500994809999999,3954,-0.5247134688593175,3016,0,-0.375796667093374,-0.6903070941760867,0.0662597448816534,-1.0990098590494624,329
Y483K,0.050090438,3955,-1.4727032704996383,3880,0,-2.3980498396172,-1.2863536616462043,-1.2614788093934766,-0.9449307713416728,483
T348K,0.049860093,3956,-0.9978804230154712,3545,0,-0.730512563253473,-0.7250845553868004,-1.4605286896357896,-1.075395883785822,348
G384I,0.049686037,3957,-1.094079594564598,3639,0,-1.4600143025193195,-0.779532790479618,-1.4280432931785774,-0.7087279920808769,384
G79I,0.049678867,3958,-1.4687855344306646,3876,0,-1.7311835550158945,-1.2528379920243229,-1.9586585865284607,-0.9324620041539816,79
Y379P,0.0494404259999999,3959,-2.3002194376129568,4116,0,-1.7137952241675751,-2.0750146431863223,-2.280276064926246,-3.1317918181716826,379
K160P,0.049416798,3960,-0.6693521992106167,3178,0,-0.0783810254981314,-1.952274883956481,0.5839458510622627,-1.2306987384501171,160
T348E,0.049261484,3961,-1.6151272984467278,3957,0,-1.4384621445917465,-1.537295945049049,-2.1796389311908237,-1.305112172955292,348
L485Y,0.04922817,3962,-0.5212071367514093,3011,0,-0.8938810440803128,-0.6534709203730671,-0.61277353653017,0.0752969539779125,485
P489M,0.049009893,3963,-0.7842496695988511,3313,0,0.9376429827428138,-1.1411456037616503,-2.503970759032352,-0.4295252983442161,489
E148M,0.04896682,3964,-1.3052887360335628,3778,0,-1.9922913515276115,-1.676836116522476,-1.436889484530664,-0.1151379915535004,148
F407E,0.048927062,3965,-2.528165678764965,4128,0,-2.750158862626427,-1.7834583091266265,-4.084858749462754,-1.494186793844053,407
P166S,0.048881151,3966,0.190955597014083,1863,0,0.2346042949829988,0.1695778987016712,0.6787480990398106,-0.3191079046681486,166
T450F,0.0488221,3967,-1.3389084902568529,3798,0,-1.0218795265070486,-1.431292330239934,-1.415680938799748,-1.4867811654806808,450
L311D,0.048696286,3968,-1.6296744065614668,3965,0,-1.621798467412723,-1.9790327920045547,-1.472598737932393,-1.4452676288961963,311
V75S,0.048656551,3969,-1.1825164338664729,3696,0,-1.0329279691027726,-1.362674379119297,-1.0894733617180052,-1.2449900255258168,75
P337Q,0.048544942,3970,-0.9714315646858372,3511,0,-0.9613245614410554,-0.909407349177383,-0.954656575344614,-1.0603377727802967,337
F183P,0.048510711,3971,-1.9865274895367095,4083,0,-1.9089772290662173,-1.4147693407650304,-2.446995342727112,-2.1753680455884794,183
L485K,0.048396176,3972,-1.0295968639655146,3573,0,-1.7479666271442609,-1.0762474206716748,-1.137117459068461,-0.1570559489776622,485
F407N,0.048380644,3973,-1.8475647063831877,4046,0,-2.052061082889391,-1.4121589960265024,-3.1064154089584424,-0.8196233376584129,407
G62L,0.04834312,3974,-1.6249453714206314,3963,0,-1.4752190895235264,-2.097113134076991,-1.2431741691405789,-1.68427509294143,62
D165R,0.048278956,3975,-0.7439516996053588,3269,0,-1.1082248007201263,-1.1697943247148055,-0.4473420233498233,-0.2504456496366798,165
V330P,0.048167623,3976,-2.0889998000787475,4099,0,-1.4873975270871411,-2.0185176034572225,-2.684043964588783,-2.1660401051818443,330
L447R,0.048013032,3977,-1.193064817351563,3705,0,-1.215067399645543,-1.292980209748338,-1.1707271350326032,-1.093484524979768,447
L152P,0.047946004,3978,-1.801046454387602,4030,0,-1.110033094209216,-1.3313912129940415,-1.731822795603499,-3.0309387147436517,152
L413P,0.047848685,3979,-1.9754631410579,4080,0,-0.7328759424797794,-1.979564340456132,-2.3022950711437646,-2.887117210151924,413
V76K,0.047763823,3980,-1.3352506469253316,3794,0,-1.2682852151359745,-1.4942407882538715,-1.8386869708540157,-0.7397896134574655,76
P166D,0.047663892,3981,-1.38459527496219,3830,0,-1.8389188253959807,-1.7499083633325525,-0.6660913836357366,-1.283462527484491,166
E326T,0.047572655,3982,-1.6850618952029766,3984,0,-1.8832023319872864,-1.4401088044060475,-1.9905295328648416,-1.42640691155373,326
S393Y,0.0474348709999999,3983,-0.9865382938728742,3527,0,-0.47009244652183,-1.1142886161533336,-0.9569675767651328,-1.4048045360512,393
E354K,0.047386415,3984,-0.8204274144715933,3341,0,-0.6732852368082086,-0.2670410872933563,-1.1449973400849989,-1.1963859936998096,354
I327P,0.047286238,3985,-2.1218953113042267,4101,0,-1.981431148358492,-1.793192206464078,-2.081014473438312,-2.6319434169560263,327
F487I,0.047119793,3986,0.2332938792513921,1795,0,0.6718771050151476,0.2387201681438134,1.052195789465638,-1.0296175456190306,487
S393F,0.047003322,3987,-0.8584499440174975,3379,0,-0.2957732445458869,-0.8938558749580578,-0.6707226303590738,-1.5734480262069714,393
D165F,0.046985741,3988,-1.0637411954819362,3608,0,-1.598060978734587,-1.1843665179832903,-0.7065338482335293,-0.7660034369763384,165
P30E,0.046934797,3989,-2.0498212521035235,4095,0,-1.7649224149494245,-2.187797977742057,-2.194807537178133,-2.0517570785444805,30
T450H,0.046730355,3990,-1.411417642257617,3845,0,-1.5465722744410697,-1.9708442680243092,-1.0951069899813908,-1.0331470365836988,450
L485Q,0.046417598,3991,-0.7492538316905678,3275,0,-1.3406451543170133,-0.7331855144583979,-1.0572802002825052,0.1340955422956452,485
F487H,0.046409059,3992,-0.6379279865453811,3143,0,-0.7628748630490818,-0.2139091375475054,-1.5915943822434495,0.0166664366585124,487
P166H,0.0463719259999999,3993,-0.7525151558449932,3279,0,-0.6453313189921238,-0.5400830666085488,-0.6970222912662423,-1.1276239465130578,166
I327K,0.046175348,3994,-1.481461258846767,3887,0,-1.2826396580321044,-0.9151437879328947,-2.378326566413405,-1.3497350230086642,327
S393L,0.046128113,3995,-0.8684808753275552,3393,0,-0.2314954832494441,-1.0293876087631402,-0.5885775828825272,-1.6244628264151093,393
F487G,0.045979447,3996,-0.6247572630383543,3126,0,-1.0154528895302684,0.466687240439131,-1.3496575850866792,-0.6006058179756008,487
R186Y,0.045885351,3997,-0.6089713212330862,3104,0,-0.6159378246652545,-0.6124187773903822,-1.2116528212857474,0.0041241384090394,186
L458Q,0.0458467679999999,3998,-1.4857473545148596,3891,0,-1.0820864915414214,-1.3911428823858472,-2.110366190938928,-1.3593938531932424,458
D165I,0.045768607,3999,-0.7208341449212736,3242,0,-1.32727418005967,-0.7449532206067964,-0.3770197026263313,-0.4340894763922975,165
T348R,0.045698258,4000,-1.1310560324945826,3672,0,-0.842671767283303,-0.9209578836410311,-1.3740571596324556,-1.3865373194215411,348
V75H,0.0456152129999999,4001,-1.7828389013192858,4021,0,-1.9169466643218271,-1.9679581072126715,-1.768383099081004,-1.478067734661641,75
F412I,0.045576214,4002,-1.524562635620952,3915,0,-0.9991679454959465,-1.162152345011472,-2.6436250666529126,-1.2933051853234765,412
A350H,0.045567542,4003,-1.8335130887830584,4040,0,-1.9842450234537183,-2.191519084685694,-1.8479711253083704,-1.3103171216844518,350
L152D,0.045421168,4004,-1.964701319594164,4077,0,-2.371467986752491,-1.937283075361235,-1.7538543428792814,-1.796199873383647,152
I452H,0.045305459,4005,-1.819361687693141,4035,0,-1.8217196832683185,-1.7739397089957594,-1.9114599144283808,-1.770327444080106,452
F407P,0.045287571,4006,-2.323855440336633,4117,0,-1.889397927543844,-1.6592015614946771,-3.841911976324975,-1.904910295983036,407
A350E,0.045234906,4007,-1.5108106289175711,3909,0,-1.0618125859764698,-1.3587840335754602,-1.868300953534524,-1.754344942583831,350
L467P,0.0450575009999999,4008,-1.3381835644841953,3797,0,-1.1860757917480027,-1.0639851200698442,-0.3047072961371667,-2.797966049981768,467
F487W,0.044902095,4009,-0.5822354498108018,3073,0,-0.6385889021406929,-0.4007776065798618,-0.620501549607361,-0.6690737409152916,487
E354M,0.044852002,4010,-1.9266357051774412,4068,0,-2.063544246320509,-1.4048332675681632,-3.2106013787127496,-1.0275639281083442,354
Y347D,0.0448285259999999,4011,-1.4362031480703044,3860,0,-1.3053525792230465,-0.6558737336002733,-1.9673702006183376,-1.8162160788395605,347
L485E,0.044723251,4012,-1.199970945621235,3711,0,-1.9948218344276392,-0.8371903999765443,-1.8763212706974328,-0.091550277383324,485
L314E,0.04457993,4013,-0.6506051958305996,3163,0,-0.7861083882667905,-0.7024266666546478,-0.895630927160843,-0.2182548012401174,314
L453W,0.044309414,4014,-1.2653864159709842,3756,0,-1.018192915132263,-1.2442702878891998,-1.6000808622513474,-1.1990015986111262,453
F412R,0.044164548,4015,-2.0212599324147287,4087,0,-1.8520052906415925,-1.8199811772932,-3.536506377822979,-0.8765468839011438,412
F65P,0.044144799,4016,-1.5578467892738312,3936,0,-1.5334859767179378,-1.7014129353322125,-1.3208057818927317,-1.6756824631524423,65
L485P,0.044051643,4017,-1.0481722833101874,3590,0,-0.9064885067150042,-0.7431989768252932,-1.2487983349797265,-1.2942033147207253,485
E354F,0.0439678629999999,4018,-2.785030224891486,4133,0,-2.692792743806548,-2.3497745817413613,-4.250123559459658,-1.847430014558379,354
L287G,0.043921834,4019,-1.755764878206927,4013,0,-1.6862233692873632,-1.7871796838528584,-2.013562212856643,-1.5360942468308445,287
A149E,0.043486309,4020,-0.4776633665396063,2957,0,-0.675339285775342,-0.7927583050765745,-0.0867402141620245,-0.355815661144484,149
F412P,0.04334669,4021,-2.414818131515353,4119,0,-2.065527377437809,-2.397033121934228,-3.7260026504228265,-1.470709376266549,412
P166N,0.0433385,4022,-0.9880425436369152,3530,0,-1.454183291719896,-0.955733470373578,-0.3382517016430957,-1.2040017108110903,166
L170R,0.04315359,4023,-1.3163494018034725,3787,0,-1.360606574616086,-1.4132619925363503,-1.0709205779496724,-1.4206084621117816,170
I452S,0.043099072,4024,-1.092111959098269,3637,0,-0.6530580979355686,-0.9826027759812764,-1.2257112239486785,-1.5070757385275526,452
F456R,0.0430617259999999,4025,-2.4477210653947834,4123,0,-1.9513182566620164,-2.2646389967977263,-2.516062246561513,-3.058864761557879,456
L152G,0.043044669,4026,-1.6956425977055174,3989,0,-1.8475341156525116,-1.8772917405466776,-1.6746894361977276,-1.3830550984251535,152
F407A,0.04291758,4027,-1.859244856573354,4052,0,-1.865930652625819,-1.6090614127942913,-3.2754972627573418,-0.6864900981159631,407
I452Q,0.0427582059999999,4028,-1.834179412064242,4041,0,-1.8317216129319789,-1.5074483614169458,-2.5448954255232543,-1.45265224838479,452
F487P,0.042653527,4029,0.352781646912217,1571,0,-0.4936487875583456,1.1940287859107095,0.1908020526129132,0.5199445366835911,487
V153R,0.0424865,4030,-0.4457130461687539,2916,0,-0.933236737322687,-0.8031233659910372,0.2635347371790213,-0.3100268185403128,153
F456I,0.042407621,4031,-1.1637798774502424,3687,0,-0.36448811792716,-1.378717502183507,-0.9676014490391288,-1.9443124406511736,456
A350N,0.042308872,4032,-1.4908789341217603,3894,0,-1.5333540806854136,-1.5203402189002169,-1.803237878490244,-1.1065835584111672,350
L485H,0.042263629,4033,-0.9092079545094128,3436,0,-1.3625203514266986,-0.8476058040189146,-1.5100910333639868,0.0833853707719485,485
V323W,0.042211423,4034,-1.518940377373261,3913,0,-2.1594298140834107,-1.7660015617420752,-1.262774599376602,-0.8875555342909562,323
F407G,0.04211469,4035,-2.453794502480091,4124,0,-2.299234917929579,-1.711040522979348,-4.147571357987814,-1.6573312110236222,407
L458R,0.042056747,4036,-1.6018414778890784,3953,0,-1.2345842711237327,-1.5723280675078488,-1.8763298967259017,-1.7241236761988306,458
F407S,0.041739187,4037,-0.9551202953933527,3493,0,-0.9913468234758928,-0.7555496456835578,-1.080244241338077,-0.9933404710758836,407
N455P,0.04164917,4038,-1.4112410881524766,3844,0,-1.2420571697488578,-0.7609821511934579,-1.110246469645492,-2.5316785620220985,455
D165A,0.041620406,4039,-0.4358392895128344,2904,0,-0.6338704360508355,-0.654950954777031,-0.2059073852561144,-0.2486283819673568,165
D349P,0.041504913,4040,-1.292800912254732,3768,0,-1.5960299361880286,-1.498315636005838,-1.1782781354881993,-0.8985799413368621,349
H411P,0.041466103,4041,-1.5088287381895646,3907,0,-0.979658389166046,-0.8881799550690731,-1.9652434642973096,-2.2022331442258296,411
L170K,0.041278497,4042,-1.266317408472839,3758,0,-1.8980888821204709,-1.3532470928534115,-0.6865618189018913,-1.127371840015582,170
F487R,0.041171023,4043,-1.037963597958422,3581,0,-1.0899438821783771,-0.4815635988288003,-1.5882459633632264,-0.992100947463284,487
L287K,0.041127611,4044,-1.483530900611247,3889,0,-1.630584128031333,-1.8687706305831284,-1.55529647411493,-0.8794723697155962,287
F194K,0.0411024279999999,4045,-1.2840318067539915,3762,0,-1.9552783205648605,-1.7473968303716745,-0.7081375773520635,-0.7253144987273679,194
L447P,0.0410574379999999,4046,-1.492871594363235,3899,0,-0.8401295857300946,-1.5495046891318305,-0.853793083472027,-2.728059019118986,447
V153Y,0.040805394,4047,-0.9218574595338282,3452,0,-1.1274928454748072,-1.267783206447996,-0.1323179824281021,-1.159835803784408,153
L67E,0.0404749889999999,4048,-0.8234060603385972,3345,0,-0.7040193297806425,-0.3203237986403346,-1.1673300114133942,-1.1019511015200174,67
F407T,0.040268476,4049,-1.902468482540108,4066,0,-2.0863567875461766,-1.227951080969284,-3.167385379949978,-1.128180681694993,407
P409R,0.040256369,4050,-1.830569809748693,4038,0,-0.7965539732981066,-1.089396081663793,-3.6082378387184217,-1.8280913453144536,409
F487S,0.040238216,4051,0.536352865309441,1260,0,-0.0258296702736508,0.910863988511285,1.0028124435653265,0.2575646994348036,487
Y61D,0.040072891,4052,-1.0640902461839747,3610,0,-1.0187150827021754,-0.9402055610226352,-1.5247245685394308,-0.7727157724716573,61
V370H,0.039918745,4053,-1.187502622949711,3701,0,-1.6080235406154653,-1.3417862655591724,-0.8868462530914727,-0.9133544325327344,370
F487D,0.039906136,4054,-0.9610717660150372,3495,0,-1.225885805955922,0.2524167123258202,-2.024912530409712,-0.8459054400203353,487
L156G,0.039812985,4055,-1.2621649791391305,3754,0,-1.9700973591386368,-1.163815810493185,-0.691427375744471,-1.223319371180228,156
A149H,0.03972545,4056,-1.3048232370210784,3777,0,-1.523798207544956,-1.6200683485895755,-0.9433485639813056,-1.132077827968476,149
A149P,0.039665736,4057,-1.119681161038749,3663,0,-0.7564195518078211,-1.2138509884162312,-0.3709020329639472,-2.137552070966996,149
L458H,0.039659347,4058,-1.5355116492730676,3923,0,-1.172408749427814,-1.2814810895429785,-2.146873319217558,-1.54128343890392,458
E326C,0.03958945,4059,-1.82796306528778,4037,0,-2.274259549806482,-1.4333475616585014,-2.0637653002429226,-1.5404798494432128,326
F487T,0.039460953,4060,0.3901804568804652,1504,0,-0.4399895503333237,1.5473923555090228,0.4818321709229571,-0.0285131485767952,487
L313D,0.03941222,4061,-1.942154284109311,4071,0,-2.3204070790318645,-1.845441678667272,-2.8881368928413225,-0.7146314858967846,313
E354R,0.03924951,4062,-1.8155023966401052,4031,0,-1.7978490700594725,-1.4609401480559785,-2.4805875581356367,-1.5226328103093345,354
A149K,0.039226923,4063,-1.1095898347697886,3652,0,-1.5832779016531668,-1.629097709918916,-0.4563299985360034,-0.7696537289710683,149
P30D,0.039208065,4064,-2.207084522977829,4109,0,-1.8441388817111344,-2.220616877051089,-2.425090879255841,-2.3384914538932517,30
E148L,0.038716495,4065,-1.447309281861655,3865,0,-2.166990382806361,-2.175346087062786,-1.3405706367795724,-0.1063300207979002,148
F487N,0.03866094,4066,-0.6778623488803235,3190,0,-0.9968198666561392,0.2381732221930089,-1.8074697542131648,-0.145332996844999,487
L485D,0.038631307,4067,-1.3589743130640333,3810,0,-2.233438621193482,-0.8676905697932799,-1.734529898602604,-0.6002381626667673,485
L170H,0.0385251589999999,4068,-1.0862504813530367,3628,0,-1.1938488906571458,-1.238886786594231,-0.7794951273242308,-1.1327711208365383,170
F407Q,0.037974934,4069,-2.43345642437647,4121,0,-2.478979614621883,-2.0304631172488694,-3.9647129888499895,-1.259669976785138,407
T167P,0.037974906,4070,-0.5004768788823248,2987,0,-0.1862004200835512,-0.4691312562789833,0.1371222739385296,-1.4836981131052944,167
L458Y,0.037794362,4071,-0.9879288461232556,3529,0,-0.7859319870954334,-1.3997708376049027,-0.2336421360183074,-1.5323704237743794,458
F65R,0.037786004,4072,-1.2971472235987456,3772,0,-1.1256727137304705,-1.536268195448468,-1.0610122522112129,-1.465635733004831,65
F407R,0.0377701889999999,4073,-2.423637525772435,4120,0,-2.0083649101126877,-1.702287245505714,-4.469290527331688,-1.514607420139653,407
K158P,0.037739991,4074,-1.0880709956862409,3631,0,-1.2165590756475826,-1.1177604175007902,-0.2082033875361689,-1.8097611020604212,158
E148D,0.0375137829999999,4075,-0.4281818825319302,2893,0,-0.4374872112099229,-0.8370471362880839,-0.2806750384066581,-0.157518144223056,148
R186W,0.037460459,4076,-0.6134126132422791,3109,0,-0.7115926022916532,-0.5080219920440828,-1.0745218713053164,-0.1595139873280636,186
P166I,0.0373523029999999,4077,-0.0779756720064273,2326,0,0.0019761018293576,-0.6380568186251068,0.5818874968652512,-0.2577094680952113,166
T450P,0.037229835,4078,-1.0627551947444678,3605,0,-0.6891204109043572,-0.7183940072444012,-0.6852500437568728,-2.15825631707224,450
F487E,0.0371454,4079,-1.079829508883158,3620,0,-1.4713744206889352,-0.1120446383132171,-2.024912530409712,-0.7109864461207681,487
F456V,0.036894299,4080,-1.048544697002015,3591,0,-0.4904490523510356,-1.2920354727522851,-1.0206978098090853,-1.3909964530956542,456
C172D,0.0366018539999999,4081,0.1218984677817603,1988,0,-0.5748660590589868,0.6706356867445175,0.2134630019639467,0.178361241477564,172
D191W,0.036301496,4082,-1.753310975101967,4010,0,-1.830602116039496,-1.873794232070077,-1.8732282491492696,-1.4356193031490263,191
P30N,0.036099381,4083,-1.8938709128779363,4062,0,-1.780294836115205,-2.05759913432144,-2.07610921728052,-1.6614804637945806,30
T348P,0.03581212,4084,-1.2784971462612753,3759,0,-0.7091088302431102,-1.1868957245954554,-1.6631078493136822,-1.5548761808928528,348
L67N,0.03576982,4085,-0.493041908756705,2977,0,-0.6924146567107556,-0.4208136359218909,-0.5469639507171333,-0.3119753916770401,67
I381P,0.03576808,4086,-1.6620617626558003,3972,0,-1.3627217413679773,-1.2591956864008231,-1.0352657524616422,-2.991063870392759,381
R186I,0.035714041,4087,-0.7839295858410702,3312,0,-0.969604639215264,-0.6309675421983756,-1.1929915216381677,-0.3421546403124735,186
D165L,0.035598007,4088,-0.889521661938654,3421,0,-1.5751318418628937,-1.1050712714421258,-0.428835739207029,-0.4490477952425676,165
P166Y,0.035570568,4089,-0.870568457514162,3396,0,-0.8758036095108401,-1.2371309361171563,-0.3624375846759941,-1.0069016997526576,166
E148R,0.035359775,4090,-1.1974201095675614,3708,0,-1.569208414495381,-1.8016945716459596,-0.4891148805406576,-0.9296625715882484,148
F487K,0.035034148,4091,-0.9108864874836526,3439,0,-1.3447048661749956,-0.3398644301811456,-1.3142627029818652,-0.6447139505966043,487
D408P,0.034659643,4092,-1.6597381142568424,3971,0,-1.7498366805876135,-1.2509570870752655,-1.911986647873669,-1.7261720414908224,408
L152R,0.034617313,4093,-1.3103973842233212,3781,0,-1.3902281787197803,-1.149300922700084,-0.9531200259292504,-1.74894040954417,152
F412D,0.034104019,4094,-1.8522355513731048,4049,0,-2.291964107256064,-1.8844235944060543,-2.5893899577494315,-0.6431645460808691,412
L152Y,0.0339774029999999,4095,-0.8619477779503419,3385,0,-1.0460189574553411,-0.8879485909067739,-0.7307451634775749,-0.7830783999616779,152
C151P,0.0336386289999999,4096,-0.7551539296507235,3283,0,-0.8859590456069334,-1.1016420475273143,-0.0062385301649346,-1.026776095303712,151
D165K,0.033170889,4097,-0.3225047723701617,2719,0,-0.5966735212459582,-0.586772301003907,-0.1727050995816875,0.0661318323509057,165
F456S,0.033168351,4098,-1.0405743918166042,3585,0,-0.6506777989387899,-0.7836711027066597,-1.302403117933623,-1.4255455476873442,456
N457P,0.033158762,4099,-0.7480875108722712,3274,0,0.0315842343336251,-0.5091962187242678,-1.4039212124171645,-1.1108168466812778,457
E148N,0.033034692,4100,-1.080974647511094,3621,0,-1.4559985653123158,-1.7877955838219413,-1.0512446458993063,-0.0288597950108125,148
P166F,0.032624591,4101,-0.4825987126801478,2963,0,-0.1322385534985526,-1.034444147509305,-0.2637808597294795,-0.4999312899832542,166
F487Q,0.032573352,4102,-1.0636217373377517,3607,0,-1.2498551457462688,-0.3956684485537298,-2.024912530409712,-0.5840508246412965,487
A350Q,0.032226537,4103,-1.711134391576968,3996,0,-1.8256861130253996,-2.0688607313648104,-1.799876774942206,-1.1501139469754564,350
F376P,0.0317804739999999,4104,-1.4008578079140417,3837,0,-1.526974712968384,-1.853134804846298,-0.3367311566750625,-1.8865905571664208,376
S460F,0.031490865,4105,-0.25316776572456,2621,0,0.3178938754010845,-0.6991535599928689,0.4023134023339666,-1.0337247806404224,460
Y189F,0.030951942,4106,0.4921810843343961,1355,0,0.428605461841094,0.0700329323074655,0.7377837001309564,0.7323022430580686,189
I381R,0.030889633,4107,-1.869254332298244,4055,0,-1.6496276368220937,-1.4261661680190032,-2.184704345269036,-2.216519179082844,381
P30K,0.030322046,4108,-1.86566575789239,4053,0,-1.523413631771885,-1.91404543731036,-2.0575191486326063,-1.9676848138547087,30
C486P,0.028496172,4109,-1.31086239125271,3782,0,-1.255669097173153,-0.582837771331853,-1.950200065079476,-1.4547426314263578,486
N176V,0.02839951,4110,-1.780578048359967,4019,0,-1.88276733194776,-1.5162096723684375,-2.1068032129416814,-1.6165319761819883,176
V75R,0.0279857479999999,4111,-1.705393396538093,3993,0,-1.793159724960708,-1.859574708479541,-1.5991044451242356,-1.5697347075878867,75
F407D,0.0275019829999999,4112,-2.286312481579065,4113,0,-2.3335823870326595,-1.6340385665839312,-4.084858749462754,-1.0927702232369172,407
F407H,0.027408282,4113,-1.655199715114537,3970,0,-1.576315332342706,-1.4469193191511205,-3.584566114419732,-0.0129980945445896,407
I452A,0.026499736,4114,-0.7450704553700759,3271,0,-0.3203963128937104,-0.4701440100542309,-0.9774045166484638,-1.2123369818838985,452
E354T,0.025662146,4115,-1.9105039985149848,4067,0,-2.002278650894691,-1.5226086052646062,-3.8045861066042703,-0.3125426312963743,354
F407C,0.024985095,4116,-0.9558940705784076,3494,0,-0.7422990819753134,-0.6096477630947029,-2.0208379053935053,-0.4507915318501089,407
E354W,0.024362376,4117,-2.7426386462781123,4131,0,-2.767917250632891,-1.661368458255465,-4.62761363610983,-1.9136552401142624,354
G32M,0.020819441,4118,-2.2941560136024157,4114,0,-1.7611533825145174,-3.852801334898999,-1.3073835317075762,-2.25528580528857,32
L170Y,0.019487253,4119,-0.4397011651463792,2910,0,-0.8317173885600545,-0.8316304299513038,0.1031389045814799,-0.1985957466556387,170
E148P,0.018170247,4120,-2.465676762703164,4126,0,-2.1378549289393964,-2.9616026486801266,-2.3095873677026497,-2.4536621054904835,148
V394R,0.0165845939999999,4121,-1.7957125605253692,4025,0,-1.7467349460310573,-1.5017727093105553,-2.168794661694406,-1.7655479250654589,394
E354I,0.015298116,4122,-2.4890949642302065,4127,0,-1.998942999115339,-2.0563903636864675,-3.988924901864418,-1.9121215922546024,354
L311E,0.014624351,4123,-1.2336271269294086,3732,0,-1.2519180454844243,-1.6544998346872224,-1.171927604409571,-0.8561630231364157,311
P166M,0.014012486,4124,-0.2697487932770485,2646,0,-0.3950028402121381,-1.2376199071360885,0.9737146355849688,-0.4200870613449362,166
C372P,0.013371541,4125,-0.2714749753630165,2648,0,-0.1889800647520473,-0.1196854129948721,-0.017938070005423,-0.7592963536997236,372
C164D,0.01054489,4126,-0.6950611081741015,3211,0,-0.9003950161099589,-1.168738725724318,-0.0925580415974226,-0.6185526492647062,164
L312P,0.00730166,4127,-1.484406495025381,3890,0,-0.4931084996401884,-1.0061298870176207,-1.6629325527991243,-2.7754550406445904,312
E154P,0.004154741,4128,-1.2426301707278455,3738,0,-1.4095438556995858,-1.9435218742654428,-0.1429324659054642,-1.474522487040889,154
R157P,-0.00066716,4129,-0.6899617604806005,3201,0,-0.6701601049452898,-0.7103257176494245,0.1831832008634113,-1.5625444201910994,157
E148H,-0.008443229,4130,-1.1553322389614826,3684,0,-1.658206183814694,-1.95944610185736,-0.117171579622408,-0.8865050905514683,148
E354H,-0.010603526,4131,-1.7108106377385843,3995,0,-1.9177796977736457,-1.5771419952227144,-2.3023268944403648,-1.045993963517613,354
L156Y,-0.011446778,4132,-0.4664149197663775,2942,0,-0.738332093809967,-0.4193415011044869,-0.0047256517342135,-0.7032604324168428,156
M1I,-0.012120843,4133,0.5078587167977641,1328,0,0.6167059843889455,-0.5289919131870573,1.4253519249148043,0.5183688710743638,1
P481F,-0.0142519639999999,4134,-0.3821890021113175,2816,0,-0.0071647343670969,-0.285577534101968,0.1456652771502123,-1.3816790171264175,481
I381Y,-0.041764798,4135,-1.40312769797976,3840,0,-1.4300293142362637,-1.2284845038990286,-1.1396349281443825,-1.8143620456393652,381
