mutant,DMS_score,DMS_rank,avg_score,avg_rank,DMS_score_bin,MSA_Transformer_ensemble,SaProt_650M_AF2,GEMME,ESM-IF1,Residue
P116I,0.444889371424248,1,0.9122448202256888,732,1,1.445185577656474,1.1912838328207496,0.7587455382912041,0.2537643321343273,116
S119P,0.438481054049909,2,1.2322586904564186,252,1,1.6013754202053805,1.1093906085034693,1.3165772357971788,0.901691497319645,119
R209H,0.438205988391712,3,0.6811601336442713,1220,1,0.4295190644486489,1.5253502482241612,0.7249531616905805,0.0448180602136942,209
E71H,0.431535016885131,4,0.4107581964049805,1754,1,0.2753648653351407,0.5613836787024963,0.124478005225174,0.6818062363571112,71
Q252F,0.406257613371713,5,-0.0838457823778263,2730,1,-0.3970862760416926,-0.090950209677507,-0.30641442762715,0.4590677838350442,252
K320D,0.337518113158301,6,1.1682860598428852,344,1,1.1027896599682143,0.605405850866168,1.7960995344531203,1.1688491940840378,320
R115H,0.323698164129795,7,0.5764343740199329,1414,1,0.3381259484959561,0.6101700064533848,0.3237978304689517,1.0336437106614391,115
Q349G,0.285578131061322,8,0.7936923571234337,976,1,1.2425756784505633,1.218898189233648,-0.1964922623746274,0.9097878231841507,349
Q97V,0.276367462614697,9,0.8581355637843524,843,1,1.2287909942967927,1.158511440930484,0.1768495952945537,0.868390224615579,97
Q252G,0.262211527476555,10,0.6682284545309505,1249,1,0.8867363061818802,0.4919990652773647,0.1151167219061783,1.1790617247583788,252
E275F,0.261082977961876,11,-0.7384168841953476,3513,1,-2.05427574770216,-0.6686769384446328,-0.3942193626955834,0.1635045120609856,275
K322S,0.254566554021874,12,0.6935906195733843,1194,1,0.5276561079566935,-0.1326023819741819,1.5138348895478173,0.8654738627632086,322
P308K,0.250198420541991,13,0.9828489653903107,610,1,0.7377512407826035,1.5741763126706074,1.2328621143411993,0.3866061937668325,308
E99P,0.249496692413693,14,0.2048866222581598,2173,1,0.7601916304371623,0.267571344264145,0.1988172945466303,-0.4070337802152983,99
Q252E,0.239602184536954,15,1.1689213518765966,342,1,1.2804104729447707,1.3137836308854678,0.5854042001543811,1.496087103521767,252
T305Q,0.232835421105356,16,1.0814418812550173,464,1,0.7143429824637789,1.1508811553176546,1.770777693984817,0.6897656932538185,305
I271P,0.225709736121874,17,0.7514445223013565,1043,1,1.3676874297776052,0.4227325048671965,0.8790039287408444,0.3363542258197802,271
L117E,0.221237965060612,18,-0.821366282093268,3569,1,-1.2017389447873323,-0.5226300158469889,-0.8680799434954273,-0.6930162242433237,117
L300I,0.220130479251521,19,0.33294501810874,1915,1,0.607586555801098,0.3735528361362687,0.7518364728170955,-0.4011957923195024,300
E79G,0.213618566814421,20,0.1532939290424662,2283,1,-0.0706183557544099,0.2089641722501867,-0.0515089818348869,0.5263388815089751,79
H1A,0.207286939090019,21,1.9182494760313775,7,1,1.760766562607917,1.86905470641084,1.919829580537548,2.1233470545692072,1
L326N,0.20627663769642,22,-1.106166527470409,3742,1,-1.8479342777677088,-0.9110251958909672,-1.4540691001160475,-0.2116375361069104,326
A319Y,0.202676294835279,23,0.3514690354062351,1876,1,-0.5904081896854708,0.2612175940522434,1.0805290106397671,0.6545377266184005,319
R357C,0.201143505578936,24,0.7230592270293974,1119,1,-0.324945123881666,0.4838572113162613,1.919829580537548,0.8134952401454468,357
Q97G,0.200078254235007,25,0.8068579580954152,951,1,0.8841519751841551,1.2511816509628877,0.0683090612548091,1.0237891449798089,97
V78Q,0.1981550686389,26,0.8933100840218751,768,1,1.2209820240082492,1.306076356415639,0.2154359613842361,0.8307459942793759,78
Y144P,0.197055226040656,27,-1.463681644803266,3834,1,-0.6542307187237713,-1.6984783680393702,-1.6851649094058216,-1.816852583044101,144
E249Q,0.196792743375946,28,0.6511456248488838,1285,1,0.4322238213202231,0.6328756842674612,0.292255258893768,1.2472277349140828,249
P116N,0.191709513086083,29,0.6724668683790924,1240,1,0.0656387345258203,0.8782543917724543,0.4520111239912158,1.2939632232268792,116
K208D,0.191533580565291,30,0.8935742364647394,767,1,0.9378546425896862,1.431232640547536,0.6396525577468539,0.5655571049748817,208
R363D,0.190788298418702,31,1.2472006324059497,237,1,0.8385679811019715,0.8732346025889258,1.919829580537548,1.3571703653953533,363
H359E,0.190348057751582,32,1.7060729077099197,21,1,1.512607144100748,1.5822115258308684,1.919829580537548,1.8096433803705152,359
Q150I,0.185760115471156,33,0.6943631343962741,1191,1,0.8019286792389054,0.7624059629724496,0.3963114790457362,0.8168064163280051,150
H85C,0.18546515003621,34,0.6982712911099445,1181,1,0.9217231574994716,1.3469572274845656,0.072148858864303,0.4522559205914374,85
P116K,0.18060082703934,35,0.9535839244949934,655,1,0.874097151778343,1.289943240187651,0.4933747688928612,1.1569205371211186,116
G314D,0.179623232242919,36,1.042324850637547,517,1,0.801800332420522,1.0258503163831665,0.9305204298913484,1.4111283238551515,314
Q3D,0.178421006279262,37,1.2675347821627734,211,1,0.9305684153305032,0.8475151809296403,1.919829580537548,1.3722259518534026,3
H359W,0.171658201172438,38,1.0424947488705163,516,1,0.5421657256024142,0.5209519793048795,1.919829580537548,1.1870317100372243,359
H257A,0.170555684956757,39,1.2188993226996638,268,1,1.3734319129927748,2.0133475716980764,0.2939003378488482,1.1949174682589565,257
H257F,0.16916873266921,40,0.3148032719531428,1954,1,0.3011024120306576,0.5529840355046362,-0.4558516033127953,0.8609782435900726,257
A354F,0.168645830070082,41,0.0590881595591049,2462,1,0.3091335422101948,-0.9518575908066126,1.919829580537548,-1.0407528937047104,354
E79N,0.168330239786287,42,0.131592161208484,2334,1,-0.4663657855254993,-0.1480866008960187,0.5345612009331386,0.6062598303223157,79
T325C,0.166297532681779,43,0.7463850265088109,1065,1,0.1062024221692398,0.9246854287323242,0.8143770901735282,1.1402751649601512,325
L60H,0.163713945176517,44,0.6721834548450105,1242,1,0.4734344123072036,1.2581906504876197,0.2200706275295482,0.7370381290556705,60
T325Y,0.160798867122265,45,0.5055089037792972,1564,1,-0.2046346245843712,1.0292785930560258,0.6582134031186594,0.539178243526875,325
V299T,0.160646167161089,46,1.3129518622695606,162,1,0.7949571473716271,1.5990905075218678,1.2387748859602954,1.6189849082244523,299
A316Y,0.159109649732537,47,0.6117373293511482,1347,1,-0.2622426124695157,0.4540171878444027,1.0705224463557823,1.1846522956739236,316
R209I,0.15834277640142,48,0.7684806787014034,1015,1,-0.3528852041863783,1.6987050934352557,0.295128108764198,1.4329747167925382,209
Q97S,0.156693374975472,49,1.1123540660777098,426,1,1.0620103575318909,1.5668981097137102,0.3815108456894764,1.438996951375762,97
P124E,0.154363955571048,50,0.8951469296444734,763,1,0.8548889399026326,0.8513404600012361,0.5465094975343872,1.327848821139637,124
S267C,0.153882600175847,51,0.2804045799887822,2030,1,-0.1895789531395189,0.0505414642525251,0.7921861797573968,0.4684696290847256,267
P308Q,0.15100924076374,52,0.8042522346445101,957,1,0.572112360017685,1.234120331413284,1.3380474458842135,0.072728801262858,308
E364S,0.150085128817309,53,1.4872604832743026,59,1,0.9260716774289668,1.5559014269890334,1.919829580537548,1.547239248141662,364
R115C,0.149985257748874,54,-0.0045817942953279,2583,1,-0.7487580325334686,0.3002603635901375,-0.1056807830090899,0.5358512747711092,115
R288T,0.148951197886076,55,0.8283717343602003,905,1,0.5381849890826572,1.0358750113209738,1.1066092627704889,0.6328176742666812,288
T305M,0.148940375430704,56,0.7212481710587453,1122,1,0.2871497763358326,0.595617277808585,1.686017463492799,0.3162081665977643,305
S72R,0.147651779543203,57,1.2266033671482195,261,1,1.6829049947180357,1.429117497612279,0.381083277304741,1.4133076989578242,72
S28H,0.147408273838361,58,0.7820410361924626,991,1,0.4937544653501901,0.9592637401060584,0.469721145680424,1.205424793633178,28
A354N,0.147314242208029,59,0.2596601293209991,2067,1,0.0788368560301242,-0.4992236914870687,1.919829580537548,-0.4608022277966067,354
I21W,0.146846479769089,60,0.1615913976003099,2262,1,0.0479957641859113,-0.0728487896505732,-0.0815594444868246,0.7527780603527262,21
D109Y,0.146659044429596,61,0.1003739499651663,2385,1,-0.4160648984556055,0.4368094709855271,-0.361245769712164,0.7419969970429077,109
A146M,0.146402263618732,62,0.4393835436576054,1687,1,0.4421134055679726,1.2556226962565145,-0.0727003538571718,0.1324984266631066,146
V299D,0.145296216635975,63,0.5231176189620405,1529,1,0.7272627309223303,-0.4135662751443349,1.5333060530609737,0.245467967009193,299
H359V,0.144640481770315,64,1.538950577360783,45,1,1.3126883808866046,1.490309631226442,1.919829580537548,1.4329747167925382,359
A319Q,0.142019928713758,65,1.0663430522740869,480,1,0.4036035028780785,1.1616253190294568,1.3220425981021224,1.3781007890866896,319
R363L,0.141680991641673,66,1.2865536917048264,193,1,0.9228612969887992,0.8950908312652579,1.919829580537548,1.4084330580277007,363
V327M,0.140640577952595,67,-0.8025808524726166,3556,1,-0.6951037556129085,-0.928297201556058,-0.2400884334863706,-1.3468340192351291,327
A361N,0.139508854852802,68,1.0841812668024282,459,1,0.2677877841374528,0.9806901721183534,1.919829580537548,1.1684175304163589,361
A295F,0.139238753331154,69,-3.791310037529194e-05,2574,1,-0.154870101423645,-0.005114128782589,0.974351596117397,-0.814519018312664,295
R260Q,0.137905430178356,70,0.8603519340590429,834,1,0.72681221983134,0.7887066150370399,0.437561215482096,1.4883276858856953,260
P206W,0.137645000805653,71,-0.757049887467099,3528,1,-1.5482622249165034,-0.0610745547371148,-1.1284150296101356,-0.2904477406046417,206
R24A,0.137425589043942,72,0.1231495509363687,2349,1,0.0957800512130799,-0.3417443931900817,0.2211043545473208,0.5174581911751557,24
D169C,0.135171490267445,73,-0.0766379072203626,2711,1,-0.577461258432153,-0.4935012269196306,0.1457064784603124,0.6187043780100207,169
E99M,0.134075823562606,74,-0.0581113260452341,2679,1,-0.1736709055119968,-0.0743819572165484,-0.1897472725139045,0.2053548310615132,99
K151C,0.133147504066949,75,0.0303722944055038,2523,1,-0.6907828705420117,0.073385293258656,0.2212390528517251,0.5176477020536459,151
S219T,0.130588862654532,76,0.8181464889358167,926,1,0.7496717905878381,1.0138791098240378,0.4965849779147465,1.012450077416644,219
S315K,0.129739263372799,77,1.2825120330479356,196,1,0.9311240017800048,1.3519050444302187,1.3226738048000233,1.524345281181496,315
S310C,0.129707487007049,78,0.6991204008791516,1178,1,-0.1704245565147636,0.3687710550183538,1.5637017656911876,1.034433339321829,310
V231L,0.129426331117515,79,0.2334805929917159,2121,1,0.8577025065730691,0.7927841357413059,-0.0990733953747064,-0.6174908749728049,231
E121A,0.129405356100171,80,0.2974780051466681,1992,1,0.1992442345721069,0.2508454764459367,-0.0947139022806072,0.8345362118492359,121
A344G,0.129192344452289,81,0.2697363394998463,2050,1,0.608834763006038,0.4356224105133679,-0.0937409832259656,0.128229167705945,344
Q97A,0.12865108865587,82,1.34917830945328,133,1,1.185528524886361,1.9533277577794992,0.4163599546167154,1.8414970005305449,97
E321P,0.128601678505079,83,1.2547950228588138,230,1,0.6866023212738167,1.6465223005583705,1.8282199480813408,0.8578355215217278,321
A319E,0.1285493342152,84,1.267941657995737,210,1,0.916141564675933,1.180219397999878,1.3712921008533123,1.604113568453824,319
D109H,0.128048811406695,85,0.7392588597869423,1081,1,0.3586116337959895,1.054673368924162,0.4830908971987881,1.0606595392288296,109
A319I,0.128041140137492,86,0.771628202188574,1008,1,0.0880782593626136,0.6342519972904613,1.301980604889103,1.062201947212118,319
K25A,0.127266531768943,87,0.3852552924300433,1809,1,0.2871617461999054,0.2656558675251143,0.2172061303517566,0.770997425643397,25
E364P,0.126556977411771,88,1.2627103354951168,219,1,0.8927079907825177,1.3074170696707004,1.919829580537548,0.9308867009897008,364
Q97F,0.12624820122128,89,0.6431073447086573,1297,1,1.1179159909555,0.6986263317104987,0.0029458058927532,0.7529412502758775,97
V276I,0.125789951895075,90,1.202275596881384,291,1,0.9156156965096468,1.294424171764017,1.3759500436260172,1.2231124756258551,276
P118K,0.125362651152227,91,0.3850613661146713,1810,1,1.2505503792709,-0.2089232123397162,0.244911871494935,0.2537064260325664,118
R209N,0.124990872390508,92,0.6433178994507753,1295,1,0.5427949788015789,1.1291750289576092,0.8128854993946986,0.088416090649215,209
A316W,0.124896293696837,93,0.5771337709129547,1413,1,-0.2739810984801583,0.5667538228595413,0.9173427775038812,1.0984195817685545,316
G314K,0.124706918015763,94,1.289856703847485,185,1,0.9688340954489082,1.0774667622839966,1.646655193090865,1.4664707645661703,314
P116F,0.123944029075129,95,0.9735864937385488,621,1,0.8962914811236611,1.1526797281882828,0.6192617011069258,1.226113064535325,116
A192Q,0.123604480954177,96,0.8499725924815852,863,1,0.7093364934543138,1.2284314140002726,0.2044084589477264,1.2577140035240275,192
R253P,0.121364581317908,97,-0.2824173752240588,3054,1,0.1244246828274051,0.0521740448837327,-0.3928666452499374,-0.9134015833574358,253
S215Q,0.121025427087207,98,0.1271313989810179,2342,1,0.2815727827704107,0.5121440324462434,0.4894515516705145,-0.7746427709630971,215
S315T,0.120794537686312,99,1.268753416117375,209,1,0.7207493559212875,1.1119271791457417,1.8237336542289828,1.4186034751734882,315
E272S,0.120686895522085,100,0.9658879609236924,630,1,0.7506785957065015,1.0430380777176274,0.9924618243969444,1.0773733458736965,272
M58C,0.119674967886399,101,1.0738504559815183,475,1,1.1703448211023126,1.6030782521417148,0.1920663666432649,1.3299123840387808,58
S215M,0.11933841601166,102,-0.0082857245824575,2593,1,-0.0881665106192987,0.8545948113608309,0.3072999344631163,-1.1068711335344787,215
K322I,0.118793464492514,103,0.300771509159198,1982,1,-0.7167211925437743,-0.2346000601002113,1.4165268896540255,0.737880399626752,322
G170M,0.118688788574259,104,-0.0665856445410783,2692,1,-0.3251096947714553,-0.6081911891839686,0.561496764459664,0.1054615413314464,170
E148Y,0.11744386930019,105,-0.954865274036568,3665,1,-0.7727658257682427,-1.452309301305304,-0.4271240355918215,-1.1672619334809036,148
S72M,0.116810839104038,106,0.7000648128608917,1174,1,0.642505990642877,0.8691385053361182,0.0175928769174804,1.271021878547091,72
P206D,0.116418574019431,107,0.7247598510555805,1117,1,-0.0454170157284671,1.5192006973935397,0.894294881289471,0.5309608412677783,206
D169R,0.116256824739489,108,0.4061368279520572,1761,1,0.5395053496061707,0.1215348194615892,0.1930045510575808,0.7705025916828878,169
N98C,0.115784609327476,109,0.1070237189400728,2374,1,-0.2125724527199778,0.0073397668829682,0.139689835010499,0.4936377265868017,98
Y358P,0.115142203571923,110,1.0315639379079906,532,1,0.9536428343368863,0.6205447235084636,1.919829580537548,0.6322386132490653,358
R209D,0.114130256502951,111,0.5260043995305461,1523,1,0.7467171210369767,0.8287661177513361,0.8202349774129903,-0.2917006180791187,209
E364M,0.113380650179939,112,1.3288413741641305,150,1,0.0158207302482763,2.225674161264459,1.919829580537548,1.1540410246062394,364
K90H,0.113235111087648,113,0.798917998684405,968,1,1.021938554647562,0.9733741820524776,0.3185611387686308,0.8817981192689495,90
P263M,0.112927841149477,114,-1.402352224303397,3822,1,-2.518539249419591,-1.0369006496224955,-1.6817473134971492,-0.3722216846743519,263
R297H,0.112896558946345,115,1.0488692505862232,501,1,0.9975352645246548,0.5870475926203208,1.5035886089064745,1.1073055362934432,297
G273Q,0.110491919565237,116,-0.5215944868472832,3338,1,-0.0378131743174209,-0.6437535504208861,0.7534346796162257,-2.1582459022670517,273
Q349V,0.110376132108651,117,0.6174707025168755,1334,1,0.5971608631585206,1.2245285358352278,-0.6021033472337056,1.2502967583074591,349
T61K,0.110253565113116,118,1.3362659404137631,144,1,1.2958492095223768,1.7861275988953806,0.494946455256736,1.76814049798056,61
R288Q,0.109070626318895,119,0.549903932917978,1467,1,0.3870524828968387,0.9845243590570826,-0.020494806184377,0.8485336959023676,288
P217N,0.108966351064264,120,0.1835352889734024,2213,1,-0.0692259794969674,0.0041527158860928,0.5049052877547981,0.2943091317496862,217
G63T,0.108898628245335,121,0.4050619453472583,1765,1,1.0499430442208566,1.426716684767155,0.3431457980917655,-1.1995577456907438,63
S119N,0.108633854222166,122,0.3177737591651859,1945,1,0.2197162400274858,0.3861765835886611,0.158472443268568,0.5067297697760288,119
S310V,0.108185140690528,123,1.027524006698495,540,1,0.7438239518222136,0.8705214120828328,1.6462694125941004,0.8494812502948327,310
T83L,0.107824454604381,124,0.5874653237205076,1401,1,0.3956397891743539,1.02546054172004,-0.0924118780307519,1.0211728420183883,83
Q356D,0.107374293422998,125,1.3197797308460415,158,1,1.045094050319463,1.201493960387727,1.919829580537548,1.1127013321394286,356
Q97M,0.107318924113233,126,0.7321954538431265,1090,1,0.8825036128681174,0.997352258339863,-0.0284316091359633,1.0773575533004889,97
V231I,0.107294907102411,127,0.4309637111398823,1710,1,0.8824010336881569,0.9470306073825542,-0.106696806659041,0.0011200101478592,231
P308R,0.106856040373514,128,1.0263023221991192,544,1,0.9322509772581776,1.6072759498007947,1.2353661630741557,0.3303161986633487,308
E165P,0.106447777274821,129,-0.2755443476301308,3042,1,0.0157070853319067,0.3492685321033014,-0.1790357759070096,-1.2881172320487215,165
D262I,0.105823805708087,130,-0.0709160802076963,2701,1,1.0168286216403706,-1.1116065248875209,0.3986827953515608,-0.5875692129351963,262
S315D,0.104609943470173,131,1.1760065140033538,330,1,0.8260376954621441,1.0888702428911972,1.361460233847477,1.4276578838125973,315
K208P,0.104333899960949,132,0.6910348254914114,1200,1,2.623549077795347,0.1907938985313891,0.6584103480204136,-0.7086140223815047,208
Y27K,0.103306547272042,133,-0.3592149218272333,3160,1,-0.9088084215876736,-0.6252968301276499,0.1280844582399443,-0.0308388938335538,27
H1S,0.102940303909464,134,1.854494893831798,9,1,1.735652962275276,1.9515955104783007,1.919829580537548,1.810901522036068,1
L173F,0.102306668101154,135,-0.0346041675169306,2643,1,0.1869458675055591,-0.0082720152322662,0.0689601922722547,-0.3860507146132702,173
H257N,0.1015618873892,136,1.3414327237437154,141,1,1.2010725628543943,2.077248489435658,0.3138314353297173,1.7735784073550918,257
A171E,0.101193661607113,137,-0.8001106493403917,3554,1,-1.0435000541276611,-0.6936165571729073,-0.5414174699356543,-0.921908516125344,171
P206E,0.101168952960156,138,0.3170091283907355,1947,1,-0.1344156281829672,1.359089916873507,-0.3525563228959286,0.3959185477683311,206
S267N,0.100022021112771,139,0.6970647159509158,1184,1,0.3510713466632348,0.6337788976139538,1.186762540224528,0.6166460793019464,267
Y358W,0.0997203073916211,140,1.3033817139092094,174,1,0.7605761008987854,1.1519671542936527,1.919829580537548,1.3811540199068515,358
A361E,0.0994487576467988,141,1.3457206027174209,136,1,0.8113915545391658,1.1053590536616351,1.919829580537548,1.5463022221313354,361
G170Q,0.0990454468247403,142,0.5972464907979311,1378,1,0.5761721487431904,0.1919386704101108,0.783064605344113,0.83781053869431,170
S315L,0.0986543488790873,143,1.2298337225473852,254,1,0.8375726741285995,1.173631887602063,1.3392341982583271,1.568896130200551,315
K4G,0.0981462314006742,144,0.4439996640832354,1679,1,0.4994700361350625,-0.245450159274622,1.2526377059642626,0.2693410735082386,4
A318T,0.0976743318501592,145,1.04005022244723,524,1,0.5791912668725326,1.1057050815039642,1.2381524682048826,1.2371520732075405,318
S2K,0.0974108806791864,146,1.135161379681925,387,1,0.5502477817553713,0.742508767652377,1.919829580537548,1.328059388782404,2
R297D,0.0970998649264349,147,0.904629510430915,747,1,0.5945298713113557,0.4053861296067501,1.4961619551880174,1.122440085617537,297
G314N,0.0969949256799835,148,0.8574118481171262,846,1,0.450075369981217,0.8610470553207162,0.9504969868893386,1.1680279802772329,314
G360H,0.0963231583753854,149,1.3063470384800364,169,1,0.4113951964662609,1.0113845900207423,1.919829580537548,1.882778786895595,360
E364T,0.0957285741908472,150,1.3468939845260497,135,1,0.7427696013813955,1.4113728360790074,1.919829580537548,1.3136039201062475,364
K256A,0.0953419058737232,151,1.0350101081888967,528,1,1.2647600034267303,1.0803355076086787,0.3844588291754715,1.4104860925447058,256
Q97K,0.0946169993020399,152,1.177019190486806,328,1,0.9706008493515512,1.7114157005173474,0.3474425474214156,1.678617664656909,97
G153H,0.0945581954277691,153,-0.6763687452976155,3461,1,-1.3624250731739431,-0.3057799416089652,-0.8118455138902777,-0.2254244525172753,153
G125N,0.0940567906865591,154,0.6994979345962803,1176,1,0.4048444574067575,0.20993522486951,1.7348463727175905,0.4483656833912632,125
K322Q,0.0929934860393954,155,0.9557441575067254,651,1,0.4623757320251103,0.4196137369514788,1.5401766516908848,1.4008105093594274,322
K322E,0.0928689557278827,156,0.9448149842928786,674,1,0.9424652612669828,-0.0596906335713673,1.5659096373623953,1.3305756721135036,322
Q97W,0.0923586411126292,157,0.5169215713767406,1543,1,0.8471598080178063,0.5991860039666204,0.0242403356607123,0.5971001378618231,97
T83Y,0.092152403683934,158,0.1433963010135649,2309,1,-0.0185331923946467,0.4861014866243578,-0.2093016084825116,0.3153185183070602,83
Q349K,0.0918253795439349,159,1.047730243100582,506,1,1.0399499373555845,1.3367383743288748,0.1440429659628293,1.6701896947550388,349
P217I,0.0915558274489161,160,-0.0035100261270002,2578,1,-0.487557948320169,0.1649489108161771,0.0490139906854834,0.2595549423105076,217
S215R,0.0915536018324728,161,0.2688342390643338,2053,1,0.407266959380109,1.2506915597675776,0.1388581424643989,-0.7214797053547505,215
S28E,0.0905796187515494,162,0.9846896231180602,604,1,1.1927038687495393,0.7206145616634977,0.5752882898077046,1.450151772251499,28
A361H,0.0902200289539626,163,1.0693808769243351,479,1,0.2578692678044567,0.9788480188550504,1.919829580537548,1.120976640500286,361
E275M,0.0895844155321837,164,-0.4369040631846856,3236,1,-1.8147593965634337,-0.2892270322358805,-0.1810077141206253,0.5373778901811971,275
Q150C,0.089085450286016,165,0.2439178579513607,2101,1,-0.1081675638365023,0.2409480435458765,0.2435535330298121,0.5993374190662564,150
S119Q,0.08868740613537,166,0.817882331664005,928,1,0.7402954363740286,1.2881318521039218,0.2419225938406841,1.0011794443373856,119
T61Q,0.0886526616053338,167,1.1334964855145326,394,1,0.93938069215675,1.6097316997766733,0.4159668915420178,1.5689066585826896,61
H1R,0.0883419594481208,168,1.583932866676962,38,1,1.3350521948590162,1.5192286731684337,1.919829580537548,1.5616210181428505,1
S215V,0.0883049421628725,169,0.1102600182299476,2365,1,0.4189708526801307,1.0917406207965104,0.5775163043253468,-1.6471877048821972,215
Y144M,0.0881165378960547,170,0.1397367563663997,2321,1,0.009261913004645,0.3619227121266835,-0.5188171191947292,0.7065795195289994,144
R5N,0.087956954979442,171,0.590625637969463,1393,1,0.6378667740144703,0.7331904412177712,0.4805463275427412,0.5108990091028692,5
H257S,0.0874241742285611,172,1.142623689950881,374,1,1.189874666567001,2.025376045381676,0.0918605105492366,1.26338353730561,257
R363W,0.0871995597019745,173,0.7849963368073731,985,1,0.0156398850605358,0.3020821333709964,1.919829580537548,0.9024337482604124,363
I274H,0.0870978637220705,174,-0.7703148888943074,3537,1,-0.1179692904612542,-1.729266492899931,-0.0541383085510835,-1.1798854636649605,274
T111H,0.0870542524975755,175,0.7178098709511438,1129,1,0.618799311230099,0.1820078884843413,-0.1532502522589633,2.223682536349098,111
Q356F,0.0865299227231582,176,0.856268208059839,847,1,0.4039553068141038,0.4050946743383361,1.919829580537548,0.6961932705493687,356
A319C,0.0863325021994262,177,0.3230976118810447,1934,1,-0.771556633637497,0.0692752477441449,1.2239428815186617,0.7707289518988693,319
Q97P,0.085925778456781,178,0.8555571076328505,848,1,1.0754294989401334,1.7395969586667095,0.2110833858955924,0.3961185870289666,97
R297E,0.0858585361724747,179,0.9579376640142933,646,1,0.7512788382006228,0.3996417916289133,1.5328059720135525,1.1480240542140847,297
K204A,0.0857816547152119,180,0.1756473203308862,2229,1,0.0683115619323925,0.1051156865984792,-0.1465061567776923,0.6756681895703656,204
V351Q,0.0855714463215032,181,-1.8545275874991825,3916,1,-2.75870272010632,-1.5071858205230866,-1.63117465088647,-1.5210471584808531,351
S2V,0.0853494048654498,182,1.1841707421417311,319,1,0.5151008801863104,0.861792209501632,1.919829580537548,1.4399602983414346,2
A295I,0.0850767196095959,183,0.2390604672026973,2112,1,0.0341819907073005,0.3279903320722013,1.032598981413905,-0.4385294353826173,295
S315F,0.0845979847010103,184,0.9394231599140016,680,1,0.3934537460675508,0.880846200701132,1.2169664531436906,1.2664262397436337,315
Q349I,0.0838679590449759,185,0.3226312792147098,1936,1,0.1261821694214926,0.8406351691437838,-0.7008499385823591,1.024557716875922,349
N113Y,0.0838365679208301,186,-0.3560936972079939,3152,1,-0.3376406290246067,-0.6547274087173207,-0.2876508410392068,-0.1443559100508411,113
T83E,0.083760746467806,187,1.2125763677929495,280,1,1.9971106933903795,1.2272890791047746,0.6601647886174442,0.9657409100592006,83
S28R,0.0835929384782736,188,1.0622197821341666,483,1,0.6294647942531172,0.926612761493803,1.3119160266274297,1.3808855461623168,28
L60K,0.0834292657064918,189,1.3205486284583503,156,1,0.6144652180333287,2.0967962808000578,1.3621601958467948,1.2087728191532203,60
D216K,0.0831478786177917,190,-0.2094984162826282,2953,1,-0.3244699065195105,-0.6699953027803738,0.1847309843789888,-0.0282594402096175,216
R357A,0.082960724364195,191,1.479326327030302,64,1,0.9689572926705968,1.2608990918483571,1.919829580537548,1.767619343064705,357
I110N,0.0827689345871983,192,0.045928110832308,2488,1,0.3282929508470006,-0.1980263230874095,0.3835171223525155,-0.3300713067828745,110
S41D,0.0826990117827705,193,1.2397409679145004,246,1,0.4563636761587823,1.7997686501348813,1.0017673699881495,1.7010641753761884,41
T61A,0.0821424852921645,194,1.095305607728715,444,1,1.030245797553692,1.669048679808367,0.2762059539257673,1.405721999627035,61
D169E,0.0821165993432138,195,1.403649540903739,98,1,0.9741338264732085,1.2469546698793792,1.7695448342864029,1.623964832975966,169
C207T,0.0811284459958647,196,1.2670830108456883,212,1,1.832610748140232,1.6857283281593851,0.3482373146252276,1.201755652457909,207
V351M,0.0807814195680305,197,-0.5091264996859907,3319,1,-0.608497484612187,-0.7044515668642023,0.2089010077605455,-0.9324579550281188,351
A295T,0.0807384580161093,198,0.6929042247652519,1197,1,0.5900694066185982,0.8324425942310313,1.070619924815854,0.2784849733955237,295
A295R,0.0806734344200033,199,0.675859216021273,1231,1,0.5763877242261966,0.5702002481229127,1.1118838757754534,0.444965015960529,295
T305G,0.0805669454626812,200,1.2101963824346622,281,1,1.1357644537894669,1.4723542241390684,1.8291046986092323,0.403562153200881,305
G342P,0.0801668809945032,201,-1.626286706305852,3883,1,-0.3764290030349995,-2.555619845310904,-1.341411345003362,-2.231686631874142,342
A154C,0.0800304137045769,202,0.1799131209578579,2221,1,0.3444478351542576,0.4758527477329376,-0.1485141258985574,0.0478660268427939,154
A126K,0.0799105901278379,203,-0.3269487644138331,3113,1,-0.7469545533582149,0.3696016740027986,-0.2195961389050476,-0.7108460393948688,126
V78L,0.0796087816436371,204,0.7986293874932636,969,1,1.3132363608707591,1.1506602338726275,0.1684645176855199,0.5621564375441475,78
R24H,0.0792767962133489,205,0.1469896850757844,2299,1,-0.2214648038093322,0.1279082874434444,0.1795179946642524,0.5019972620047731,24
A318K,0.0789186564796614,206,1.2049511974824414,287,1,0.9131372467233508,1.336202364822025,1.1781510734107317,1.3923141049736576,318
L102N,0.0788637925478032,207,0.0234530607426105,2536,1,0.4746543556951702,0.0060617257037883,0.1931007319401677,-0.5800045703686839,102
G170E,0.0784389748604969,208,0.7576888978544476,1036,1,0.7471757987593663,0.4436708745222473,0.9359538186567528,0.903955099479424,170
K256E,0.0783045233964371,209,1.3321913393377125,147,1,1.3390032032680832,1.378871270295102,1.1422302157366828,1.4686606680509813,256
A316Q,0.0781195781600444,210,1.035963221907786,527,1,0.4581662512063723,1.0816372132818624,1.3335013217920515,1.2705481013508586,316
G26M,0.0779512780959169,211,-1.6483716951355238,3887,1,-2.6216923145874707,-1.3735939348124129,-1.4944194777653856,-1.1037810533768255,26
R317P,0.0774958680510137,212,1.327262968210658,152,1,1.1485786944806242,1.5905121046700388,1.3436532340870773,1.2263078396048916,317
Q97C,0.0771881475257467,213,0.3775887725374783,1828,1,0.3440570652814107,0.4533987092402305,0.1315127881081587,0.5813865275201133,97
S219M,0.0769463695968008,214,0.6169374285751655,1335,1,-0.0082267070190671,0.737486759427214,0.4310290527640826,1.3074606091284326,219
S310A,0.0759957728913127,215,1.3776417905097438,112,1,0.9966055461168182,1.201398723875857,1.6734845665105231,1.6390783255357764,310
A218R,0.0756334457405082,216,0.6728247187548451,1239,1,0.6388842910804567,0.7929585841143844,-0.0287113490350977,1.2881673488596368,218
A295Y,0.0753414817044339,217,-0.0863150253576048,2737,1,-0.2142124027177508,-0.0194547170471162,0.7120330871969127,-0.8236260688624649,295
R253A,0.0750278712569092,218,0.8755105240692732,803,1,1.0547936891379843,1.1607624843155662,0.5509007105029844,0.735585212320558,253
I271V,0.0748373981633815,219,1.324332630735091,153,1,1.1747500259053485,1.4798478960386905,1.2110949887353786,1.4316376122609475,271
L259M,0.0748318448923178,220,-0.0118106148092622,2600,1,0.1397362027462078,0.258199570626739,-0.1581153668628809,-0.287062865747115,259
R297V,0.0745148132598673,221,0.9499008714946228,663,1,1.4806171320275618,0.1119929404325897,1.5555562954397235,0.6514371180786162,297
K322A,0.07439179978135,222,0.6184417417545487,1332,1,0.4523187465748843,-0.464331861230953,1.4942025218471875,0.9915775598270756,322
P263H,0.0743209119292251,223,-0.5552598125181117,3372,1,-1.2942205911375306,0.1315760462595748,-1.2417873311151029,0.1833926259206119,263
G91K,0.0740498051194603,224,-0.0758666558418383,2710,1,-0.72749611432403,0.2354796275450114,-0.7791440615342262,0.9676939249458916,91
A361R,0.0736141684652195,225,1.3805221593711965,109,1,0.8145533872547686,1.4189014420340775,1.919829580537548,1.3688042276583916,361
S219F,0.073464911997576,226,0.6533681655953951,1275,1,0.2666368296212359,0.9684910858336436,0.2922486364512606,1.0860961104754403,219
E364A,0.0732544990195267,227,1.5379137914780188,46,1,1.037752415758439,1.6951486671079954,1.919829580537548,1.4989245025080928,364
A318C,0.0727666947976242,228,0.2895411300564644,2005,1,-0.8304922936872637,0.1316457875680924,1.077022362355353,0.779988663989676,318
A154V,0.0725942040895554,229,0.6508139886594614,1286,1,1.338206303179577,0.711548635364536,1.2957426910256056,-0.7422416749318734,154
D303T,0.0723615469737974,230,0.9131270887219328,730,1,0.9118647263462302,1.350766917788678,1.849436589457092,-0.459559878704268,303
R363V,0.0718775088789966,231,1.2796587762303648,199,1,0.7898568059796535,0.9514849847575736,1.919829580537548,1.457463733646684,363
S2C,0.0716653796057719,232,0.733805655613698,1088,1,-0.3385531296969298,0.3422646660936367,1.919829580537548,1.011681505520538,2
R288Y,0.0711863340208216,233,0.1574861339869174,2275,1,0.2567756467751042,-0.0317716661432208,-0.2448172858117359,0.6497578411275222,288
T83A,0.070817024971323,234,0.6931828887227797,1196,1,1.2825811851911846,0.7661223505009735,0.2848009715039134,0.4392270476950473,83
T264W,0.0708068453077106,235,0.0024522220273855,2568,1,-0.2183994375844838,-0.0720382688432196,0.309997138947388,-0.0097505444101422,264
R297K,0.0703289792768852,236,1.1696888747691552,341,1,0.5761437473415727,1.142295493029621,1.4203837077678882,1.539932550937539,297
K320V,0.0697329352492921,237,1.118973094197537,415,1,0.4878046567080304,0.8923053951036596,1.803098300181409,1.2926840247970497,320
A146P,0.0695880105771197,238,-1.0457084448708198,3713,1,-0.7856056572032798,-1.0588858997195854,-1.429894242999139,-0.9084479795612748,146
V239I,0.0690257588024631,239,0.7293576409169552,1101,1,0.7109342049662207,1.0555853633354086,-0.0288140174669101,1.1797250128331014,239
E121M,0.0689750770648456,240,-0.3555500922330547,3151,1,-1.0400373631044024,-0.1413499709003555,-0.6853727081756567,0.4445596732481957,121
K208H,0.0687104165880082,241,0.8588469881515717,838,1,1.2346498005240802,0.8401625449761979,0.6214791793422566,0.7390964277637517,208
S2H,0.0683318170460836,242,1.1570991571581577,357,1,0.2308325879305801,0.828685756743567,1.919829580537548,1.6490487034209351,2
R317I,0.0682935928343391,243,0.9855769146960044,600,1,0.401867165009348,0.8821951244102416,1.3632556288790465,1.2949897404853818,317
R253Y,0.0682341193589102,244,0.4123481497381317,1750,1,0.1256247354067649,0.6544500946561924,0.2357894288285432,0.6335283400610264,253
D109N,0.0673337510366262,245,0.8507359721492043,861,1,0.7852798660578392,0.9282887402392652,0.5484684144112533,1.1409068678884589,109
I21V,0.0673188756063678,246,1.3418962880045,139,1,1.235734085452555,1.501774563436625,1.1622212563114358,1.467855246817384,21
K76A,0.0672122679701975,247,0.5961122107941318,1381,1,0.6688131377666866,0.6050759744768796,0.3776487276755777,0.7329110032573835,76
H257D,0.0671053980224472,248,1.1318421931683018,396,1,0.9492211783413568,1.6781369550266492,0.3267136453707595,1.573296993934442,257
Q97T,0.0669118092442491,249,1.046556602920801,508,1,1.3921262953585942,1.3251839473770517,0.4349302858666176,1.0339858830809423,97
P118G,0.0667870862373571,250,0.212534097083471,2160,1,0.6751315356715022,-0.3323858704012939,0.4018607472483302,0.1055299758153456,118
D100Y,0.0666762684236189,251,0.0825524464171754,2419,1,-0.5180854847595319,0.2245897758247455,-0.2990743521395684,0.9227798467430568,100
R253L,0.0665925843367605,252,0.6104475142177807,1351,1,0.5789460222436844,0.911371178924418,0.3503140265268026,0.6011588291762179,253
K25Y,0.0665900006609342,253,-0.4021028207794901,3202,1,-0.6965554308521367,-0.5396752988582079,-0.4225102216708175,0.0503296682632014,25
S2G,0.0656301102337293,254,1.1638727540597544,350,1,0.6438693758502252,1.0026111334092276,1.919829580537548,1.0891809264420174,2
E249G,0.064959256481067,255,0.3754930848266678,1834,1,0.5609560536028335,0.333221310618159,-0.2206979454160564,0.8284929205017353,249
A344C,0.0640824520303976,256,-0.6908275305860476,3474,1,-1.1898524963189885,-0.6349069288366175,-0.3368102818949741,-0.6017404152936108,344
A361P,0.0638272411114172,257,0.9371910112888876,687,1,0.679073925385338,0.8642847004668617,1.919829580537548,0.2855758387658036,361
P118S,0.0632463973899553,258,0.8237036272659428,914,1,1.8473804007640864,0.3305767201991714,0.5620971390086579,0.5547602490918555,118
R147N,0.0631846800719427,259,0.888425357814596,785,1,0.7874778298913419,1.216129467210648,0.4845757465706487,1.0655183875857457,147
R304I,0.0630789035156409,260,0.8750846073579475,804,1,0.5648814810954955,0.7069520491213303,1.796753002838253,0.4317518963767109,304
E364I,0.0628644931999399,261,1.4830509863398995,62,1,0.4019835223087094,2.4798017891206063,1.919829580537548,1.1305890533927343,364
H1K,0.062721170019917,262,1.4914902532510264,56,1,1.1596403819699477,1.4416613754161212,1.919829580537548,1.444829675080489,1
S2R,0.0625350760079213,263,1.1995180495508773,297,1,0.6185673238644973,0.6689169780903261,1.919829580537548,1.5907583157111382,2
R5K,0.062435858757935,264,1.0090761130368415,568,1,0.9329330433058868,1.364758593456751,0.2486163809300851,1.489996434454644,5
K75M,0.0622912044990847,265,-0.0101793526858253,2596,1,-0.6589362708057835,-0.2204033925359887,0.1346537718398226,0.703968480758648,75
T250A,0.0622696949503317,266,0.5875723920494899,1400,1,1.077384448981524,0.8958640721731495,-0.115285895967271,0.4923269430105568,250
G104H,0.0619832999658746,267,0.6450432594782555,1292,1,0.8340369453140521,1.4157833556811477,0.4107171403308683,-0.0803644034130465,104
H359T,0.0617908456890942,268,1.489175719388029,57,1,1.2084795894314615,1.405157744268677,1.919829580537548,1.4232359633144298,359
H85G,0.0617575387184478,269,0.6458977203855453,1291,1,2.253727312238725,0.0572197651537918,0.5213991514858535,-0.2487553473361892,85
T305N,0.0615733679445144,270,1.063497847881099,481,1,0.594176023260612,1.0912988096070515,1.7807474202667084,0.7877691383900245,305
T83D,0.0613046691801081,271,0.8219004876340095,917,1,1.3930320347283869,0.9269860676979408,0.3356610863248023,0.6319227617849079,83
K108A,0.0607651475174546,272,0.7903108772189422,980,1,0.9202900267048286,0.5347889085195304,0.4538568943554987,1.252307679295911,108
S205E,0.0602822642897406,273,-0.8985498757780239,3633,1,-0.0725822979350669,-1.68973762644167,-0.0145479543039632,-1.8173316244313955,205
E364Y,0.0602646461765969,274,1.0586758558790563,488,1,0.0775577119351175,1.2975382113378946,1.919829580537548,0.9397779197056656,364
E272R,0.0601518818926618,275,0.7104255802090857,1141,1,0.550140072633665,0.5569573246532631,0.8990211376773993,0.8355837858720151,272
I271H,0.0598990857231326,276,0.2983592722900643,1990,1,0.5575134302827245,-0.5763621435931878,1.0253977536801295,0.1868880487905912,271
S28Q,0.0597884535703906,277,1.0451668264355982,512,1,0.9308374719303272,1.120159585855836,0.6946109115002715,1.4350593364559583,28
E323P,0.0595060133993939,278,0.9704081536171774,624,1,1.4440278225278282,0.5507542156677595,1.8437275855837216,0.0431229906893998,323
E321K,0.0594920122786378,279,1.4803539235045733,63,1,0.8635313783126999,1.8114465469408008,1.7964649790096447,1.449972789755147,321
R115Q,0.0593582962152606,280,0.799154694310152,967,1,0.6731408627599108,1.2063989617175543,0.2595989849401418,1.057479967823001,115
H359G,0.0590979937824311,281,1.6256902150105637,29,1,1.5371686369098985,1.729889856137713,1.919829580537548,1.3158727864570958,359
L103M,0.0583726293162537,282,0.4352400911279067,1701,1,0.2653430622440121,0.9640255181486668,0.199121193180352,0.3124705909385961,103
L173I,0.0579550347243789,283,0.834038641583649,894,1,0.9311210535376222,1.504609690280542,0.489828710047032,0.4105951124694,173
S310M,0.0579331514668416,284,0.7223114238033743,1121,1,0.0598098234762912,0.5492831812675546,1.635153678068731,0.6449990124009206,310
G290F,0.0578702077795119,285,-1.3029680521914893,3798,1,-0.9011926201400292,-1.4606244941186683,-0.804331276345416,-2.045723818161844,290
P64N,0.0577856315351313,286,0.0558339047652671,2469,1,0.5875220760627731,-0.2591469718603421,0.2300591241126486,-0.3350986092540109,64
A126L,0.0576972763610695,287,0.0818493257472275,2420,1,1.1322157821908605,0.1608996036412658,0.5710900636989693,-1.5368081465421857,126
S310Y,0.057640526827026,288,0.8767993882680527,799,1,0.1402876813113235,0.4538913998843126,1.5174089832935664,1.3956094885830084,310
A362W,0.0574928956438259,289,0.7398923361588359,1079,1,0.0782364169865109,0.2878881920579249,1.919829580537548,0.6736151550533603,362
K320P,0.0569409149464715,290,1.2141342996709976,278,1,0.9834648072367518,1.1259381287754413,1.7751763429598135,0.971957919711984,320
Q143K,0.0568340243259532,291,0.4565550586709356,1654,1,0.5271295715221339,0.522924453713326,0.42447739504378,0.3516888144045026,143
L60V,0.0563596629890202,292,0.7780521709628009,995,1,0.7466839827925977,1.2281961876618508,0.0963149352383626,1.0410135781583922,60
K108D,0.0562662355090312,293,0.1315717761642268,2335,1,0.4636672292556995,-0.4188352944040295,0.3754145674561752,0.1060406023490623,108
Q356G,0.05546648055885,294,1.2895899260165071,186,1,1.2545692857020354,1.3915563583983952,1.919829580537548,0.5924044794280516,356
R357H,0.0553487216556336,295,1.0774895969750742,468,1,0.3056053215862482,0.8891006551748964,1.919829580537548,1.1954228306016037,357
A19S,0.0553014243982115,296,0.0631385936697513,2452,1,-0.4468479688897315,0.767159308656846,-0.4878802633928505,0.4201232983047416,19
A319N,0.055223416303312,297,0.7847571290589682,987,1,0.3010798678039064,0.564788259180757,1.3865560635360286,0.8866043257151807,319
K25S,0.0551207052524578,298,0.3828760190684812,1816,1,-0.0321000604012005,0.4849264089770257,0.3428187774419378,0.7358589502561619,25
P82D,0.0549408540340263,299,0.6619276805367167,1261,1,1.3130891747835518,1.125049513552845,0.4595065599461674,-0.2499345261356978,82
T264D,0.0547027193445716,300,0.9763043375633182,616,1,0.8344346042465994,1.3365401306968392,0.8590457916417177,0.8751968236681166,264
S219E,0.0546507247397932,301,1.1029122362113253,434,1,0.7229335514628641,1.3850650276051453,0.7131657880017507,1.5904845777755412,219
S315R,0.054532899165447,302,1.3614096801358868,126,1,0.991884388005128,1.2482415198613337,1.6385328480257404,1.5669799646513445,315
A192D,0.0542647009889594,303,0.8923104172566705,770,1,1.0487189536386057,1.0043292422451535,0.2322164203744103,1.2839770527685126,192
D109F,0.0541347982144699,304,-0.0706299622710783,2700,1,-0.7085770267512935,0.0953767566723224,-0.2855287304485405,0.6162091514431981,109
S205A,0.0540910492346956,305,0.8528332373149041,855,1,1.4558091956376609,0.7802637322278986,0.4551094172885354,0.7201506041055212,205
V324M,0.0540125758584128,306,0.7965088897101682,972,1,0.1622463969529091,0.3835664200156055,1.8617501649104249,0.7784725769617334,324
A362E,0.0538902932331626,307,1.2369995135589964,248,1,0.8000938111097529,0.8841174167771502,1.919829580537548,1.3439572458115352,362
A316T,0.0537237788890379,308,1.2375245570467768,247,1,0.6037465290627816,1.1863330320566128,1.818251324740981,1.3417673423267316,316
A348G,0.0535413898859511,309,0.2570444204321986,2073,1,-0.264923488577792,0.6575555483221024,-0.4151224825949096,1.050668104579394,348
R65E,0.0535005569343465,310,0.5353275490697557,1508,1,0.7511842192750948,-0.1914199191351053,0.0850323931406559,1.4965135029983772,65
Y144Q,0.0532748190142933,311,-0.2043289319467353,2945,1,-0.0270848839041817,-0.4415042629293498,-0.3147291724783107,-0.0339974084750992,144
R357N,0.0527332508338744,312,1.0304358019486914,537,1,0.201062631853816,1.0016614152901917,1.919829580537548,0.9991895801132104,357
M58N,0.0526988968691606,313,1.2963495455597005,178,1,1.7664110316139987,1.6430989850285942,0.423918820977274,1.3519693446189345,58
R357T,0.0526952095647755,314,1.2894777510767723,188,1,0.6618325056579211,1.1322509852200755,1.919829580537548,1.4439979328915458,357
R147H,0.0526260804008418,315,0.6869442385226623,1207,1,0.4485900454689299,0.922081415074656,0.3645711890733122,1.012534304473751,147
Q150L,0.0524951556654805,316,0.7497197866787396,1050,1,0.9525868132253849,0.7683587006603749,0.5191228095111102,0.7588108233180885,150
S120A,0.0520702318243623,317,0.6149773999433672,1339,1,0.4733579348998024,0.6523276764344331,0.4697029442595585,0.8645210441796745,120
A318N,0.051996620925046,318,0.9261527850689416,710,1,0.3583814153758172,0.9093792086501812,1.1837532082934676,1.2530973079563008,318
S2P,0.051660592468073,319,1.3869496755076844,105,1,0.820990343813258,1.1001503130829162,1.919829580537548,1.706828464597016,2
G360D,0.0515420349818308,320,1.3755980219774568,116,1,0.857231927778929,0.9667024748749252,1.919829580537548,1.7586281047184258,360
D100N,0.0514606580717783,321,0.5913490310466784,1389,1,0.2081313279625459,0.7768187017906978,0.2907387488845211,1.0897073455489483,100
E230D,0.0509804576497477,322,0.6000536603411409,1375,1,1.0862935362601362,0.5889614843296126,0.0155005887309362,0.7094590320438786,230
P116V,0.0508238923269592,323,1.0426081335226094,514,1,1.429756992860138,1.3356402300625012,0.8232697618906968,0.5817655492771007,116
D169W,0.0507187357321626,324,-0.5550184330887801,3371,1,-0.9697662614326256,-0.4710664623885502,-0.8641669405042496,0.0849259319703048,169
R313K,0.0500546853241311,325,1.3428181548435842,138,1,0.8411517814160676,1.3018845233665937,1.79083967730097,1.437396637290706,313
H257Q,0.0499269446113011,326,1.2816961121371366,197,1,0.9102519001783758,1.5039030047713928,1.134563192555596,1.578066351043182,257
G104F,0.0497242689252548,327,0.3669663689306831,1860,1,0.702909207130839,1.2989456147192258,0.079448101722154,-0.6134374478494863,104
K322T,0.0496241241671839,328,0.7638143866951717,1025,1,0.2667630930150025,0.2358774700095093,1.5380612299118268,1.014555753844348,322
S28C,0.0496131876928426,329,0.1346542594958256,2329,1,-0.8082511069430137,0.1508590108551759,0.34021085449321,0.8557982795779302,28
V6I,0.0495046974976909,330,0.7049631319988788,1155,1,0.9107537696516688,1.0875461248975034,0.1548388328847655,0.6667138005615777,6
K25N,0.0493747833422938,331,0.3879285527643439,1802,1,-0.0401636015919956,0.7059679358569574,0.2864145319940822,0.5994953447983316,25
E321H,0.0493227147233796,332,0.7790977153441485,992,1,-0.1201249470165685,0.7027864641647634,1.7593575721096135,0.7743717721187854,321
R313N,0.0493108368053,333,1.1495094815197686,365,1,0.5536193131241643,1.5202411901657302,1.0776316214201205,1.44654580136906,313
A23F,0.0487019291284636,334,-1.26757481344337,3785,1,-1.1736980149381904,-1.3232300586628558,-1.2614282193442885,-1.311942960828145,23
G229D,0.0486371218815482,335,0.1710822487136234,2239,1,-0.1085983610134284,1.0449129776953388,-0.2320330751250717,-0.0199525467023448,229
R317Y,0.0485043179565147,336,0.6202929883862333,1330,1,-0.1613917118484095,0.4687568231960295,1.1934472735388115,0.9803595686585016,317
G170L,0.0484481680993633,337,0.2203948783202264,2144,1,0.2272919453787286,-0.3218649502030864,0.7926809293186141,0.1834715887866495,170
A362N,0.0484107055378378,338,0.951910613647473,657,1,0.301694399446108,0.613592022258775,1.919829580537548,0.9725264523474616,362
Q252N,0.048351649359873,339,0.8317401347101689,897,1,0.7440147424142576,0.9039942920159684,0.3613362707094373,1.3176152337010127,252
E323A,0.0483346663391388,340,1.1404701995106123,378,1,0.9167001779876136,0.8981798957236661,1.862649472393629,0.8843512519375399,323
A318W,0.0480433700086768,341,0.2887840768543419,2008,1,-0.5690690864904591,0.0794871505444299,0.929473865334414,0.7152443780289828,318
I271Y,0.0479489648078104,342,0.2394356710915809,2111,1,0.3820003944051913,-0.2570508017310612,0.8386533989021547,-0.005860307209961,271
A361C,0.047672989033323,343,0.7301516183054662,1100,1,-0.2613482533153196,0.4566209478973124,1.919829580537548,0.8055041981023244,361
I127W,0.0475838909119057,344,0.1835710755826424,2212,1,0.9512333930772892,0.6097610687807133,0.0249319342055724,-0.8516420937330051,127
Q252C,0.0475592683015762,345,-0.0803818858639694,2721,1,-0.7800217450957339,-0.3079095875663346,0.1858753248303596,0.5805284643758313,252
R147D,0.0475341554657571,346,1.008909510653475,569,1,1.1611766717655532,1.361025127232789,0.5771221616334619,0.9363140819820944,147
H105A,0.0475247889643935,347,1.185807666455442,314,1,1.519537017303162,1.7442445511669176,0.3541558201746184,1.1252932771770705,105
R147I,0.0473065313068783,348,0.228384544207948,2130,1,-0.0242284104796055,0.4175968183091498,0.0817481425407981,0.43842162646145,147
L80F,0.0472780183518992,349,0.05822032275947,2466,1,0.3740427835631983,-0.085363043248593,-0.2012625785433914,0.1454641292666666,80
E71P,0.0462687260957232,350,-0.4673868897530505,3272,1,-0.5924375042272217,-0.1925545468234971,-0.3150979652015908,-0.7694575427598924,71
Q150V,0.0461116161184395,351,0.8958426764764373,762,1,1.0868425776115485,0.9572238385325134,0.4987223752709745,1.0405819144907131,150
Q143C,0.0459448115015333,352,0.0017107622093101,2569,1,-0.2763459426599832,0.4696175577455159,-0.0560385551041746,-0.1303900111441174,143
C207G,0.0458368582331669,353,1.0521428670393762,493,1,2.4848409563829774,0.9296949786237384,0.5970402375072396,0.1969952956435488,207
A361T,0.0458343352591347,354,1.2406577977785698,242,1,0.6309288521103521,1.1099448141517234,1.919829580537548,1.3019279443146556,361
P308M,0.0455025569967622,355,0.5654363014633057,1434,1,0.1464993331869443,1.2525746761431988,0.984001534837026,-0.1213303383139461,308
A361L,0.0454444137306306,356,1.2797662364174944,198,1,0.7608770378262384,1.0653322184102605,1.919829580537548,1.3730261088959308,361
L103A,0.0453882216489236,357,0.6130510435354357,1343,1,1.195357591545473,1.3433395833462092,0.5263548576997925,-0.612847858449732,103
A319D,0.0453542652524634,358,0.9688736874294016,629,1,0.7581435847288082,0.6989908885504771,1.3597432433443584,1.0586170330939628,319
Y358V,0.0452199707114009,359,1.739876190753225,19,1,1.3531200855460352,1.850406514525128,1.919829580537548,1.836148582404189,358
G229Y,0.0451693121318811,360,-0.9823242009410852,3676,1,-0.9949985580035844,-0.450137983319071,-1.4703863479668744,-1.0137739144748112,229
D100K,0.0451647775475376,361,0.860705425865568,833,1,0.5675277841481,1.1334576049592144,0.2486550443034155,1.493181270051542,100
P206A,0.0450357403058322,362,0.862737097882173,829,1,-0.013224547850877,1.4524514019634225,1.5023386153412204,0.5093829220749266,206
L60R,0.0449115023121926,363,1.3815943251460645,107,1,0.8165917430731591,2.291038124852361,1.1475623641885024,1.2711850684702353,60
T130E,0.0449109504525652,364,1.283704866969277,195,1,1.4317165323321703,1.9228860570187016,1.245871162400931,0.534345716125305,130
A319T,0.0445083641534573,365,1.084267951804529,458,1,0.5935624350559727,1.07179032698018,1.354656551543221,1.3170624936387427,319
N98R,0.044487877867732,366,0.4520611915686157,1662,1,0.6891045928585631,0.4685020772163714,0.3186215638208088,0.3320165323787193,98
S315G,0.0444853312141753,367,1.215264324082527,274,1,1.1020188911346915,1.3704740442675938,1.224900395046996,1.163663965880826,315
R297P,0.0443788169729329,368,0.5652248311996585,1435,1,0.4861879192052821,0.4923442847545268,1.3655531306649895,-0.0831860098261647,297
R317C,0.0440943457276262,369,0.6421134131400248,1299,1,-0.2851159613454145,0.4694955738567997,1.3812047903781028,1.0028692496706109,317
S2N,0.0440430713965315,370,1.1307579996400088,398,1,0.3526966144139432,0.8710363248438562,1.919829580537548,1.3794694787646884,2
A19C,0.0439951481294537,371,-0.9048941285768328,3635,1,-1.426758748821567,-0.6186991755395054,-0.6936497859180473,-0.8804688040282118,19
R317M,0.0439798296655575,372,0.9053365994764988,745,1,0.2499375130481579,0.8030594714317472,1.3236853395627293,1.244664073863361,317
I271F,0.0436847887774594,373,0.3745309076409854,1839,1,0.5506464627452777,-0.0585783231017013,1.0064410394183103,-0.000385548497945,271
P217E,0.0435642170853135,374,0.4503982044118927,1665,1,0.4684230292153835,0.5611549906117481,0.4027172642892968,0.3692975335311425,217
P118H,0.043511425791457,375,0.3731507259321828,1844,1,0.4608136942460314,0.0212389560657685,0.6806025481284247,0.3299477052885066,118
K4R,0.0429340473727297,376,1.3164013797274834,159,1,0.9820877028748504,1.304537320277055,1.613819088319553,1.3651614074384757,4
V6A,0.0429232277191369,377,0.287294806806152,2017,1,0.861120777411099,0.8451037800858597,-0.3295836358112775,-0.2274616944610729,6
D303A,0.0426950414993678,378,1.131149273310059,397,1,1.107535485041171,1.6857003365341938,1.8449743058712924,-0.1136130342064208,303
E364L,0.0426195051255055,379,1.8421548902468663,10,1,0.7752298089772119,3.2273196931856583,1.919829580537548,1.446240478287048,364
A348W,0.0425705883462702,380,-0.9142042685534,3643,1,-1.2762683501717007,-0.6873690039535211,-1.0472043072398622,-0.6459754128485153,348
R115F,0.0422908172685841,381,-0.4397657057600865,3240,1,-0.6036307226367015,-0.5380983844714352,-0.6405475359977062,0.0232138200654967,115
S215H,0.0420369257108131,382,0.2194043621190707,2145,1,0.2440478288956515,0.1474667936088796,0.4897153235951483,-0.0036124976233965,215
G360M,0.0420336282773234,383,1.0318081278613085,531,1,-0.0120869783550766,0.719207245458802,1.919829580537548,1.5002826638039604,360
I21S,0.0419806324943138,384,0.7703709221247803,1012,1,1.0451770728249534,0.1921594333521638,0.3672164701012343,1.4769307122207698,21
R297Q,0.0418086817985996,385,1.022861211964338,547,1,0.6196630283184668,0.7325998591370063,1.4632591199693188,1.2759228404325602,297
A67C,0.0417947899675943,386,0.579580325300048,1410,1,-0.3665372567428362,0.6373974571069845,0.5086656151694599,1.5387954856665838,67
K322L,0.0416876661128467,387,0.2844430570088558,2023,1,-0.525957350885568,-0.5424981734222423,1.4386783718501932,0.7675493804930402,322
A319H,0.0416584876054779,388,0.6988390224064616,1179,1,-0.1232062534052315,0.6883132406116734,1.2789741894184992,0.9512749130009056,319
P263A,0.0415753484542779,389,-0.2726325392543381,3038,1,-0.737244831550745,0.1686670101768192,-0.9661698364721194,0.4442175008286925,263
S310I,0.0415589325646231,390,0.7496471538825846,1052,1,0.3784581794574025,0.6160606109755399,1.6564186452430112,0.3476511798543846,310
R115N,0.0413596552846526,391,0.0417243447741554,2497,1,-0.271291593849176,0.2922950819419627,0.0041252238677765,0.1417686671360587,115
A295K,0.0411688201534007,392,0.4839491213552982,1606,1,0.3986651379225974,0.554367449460867,1.0091334936534853,-0.0263695956157567,295
K140T,0.0410234710842294,393,0.8477834560969777,868,1,0.9855125876032914,1.4408741228453366,0.070888732930678,0.8938583810086048,140
P116L,0.0409469974244206,394,1.2181387059821676,271,1,1.586587105207245,1.4342647231868255,0.7560997559880938,1.0956032395465054,116
Q252K,0.0405629031807501,395,0.9503310918217662,661,1,0.7210609065213175,0.9555076317322744,0.7169965874626404,1.4077592415708329,252
Y358L,0.0403904383722845,396,1.758361147556736,17,1,1.4251292154121753,1.6647530273114148,1.919829580537548,2.0237327669658063,358
R115G,0.0402994565838788,397,-0.0375384322088559,2646,1,-0.6873158357749758,0.6532506709520689,-0.5636277694059062,0.4475392053933892,115
A354S,0.04016120536983,398,1.016754138885911,559,1,0.565473940229727,0.5958050087308764,1.919829580537548,0.9859080260454932,354
D169H,0.0401511332894368,399,0.276159662845044,2039,1,-0.0329853389688586,0.3064033048467473,0.1128809631245891,0.718339722377698,169
P308A,0.040085898711462,400,1.083465583288926,461,1,1.0486542102358865,1.507751647181342,1.3463046971436563,0.4311517785948183,308
S267Y,0.0400759590048109,401,0.3131534259124979,1957,1,-0.0092064669276087,0.0526938078357575,1.0664311979775956,0.142695164764247,267
S72Q,0.0400028347415656,402,0.9860122512071188,599,1,1.1449793819053615,1.0201119698177432,0.4422860477336738,1.3366716053716958,72
M87Y,0.0399019844775,403,0.4749193056178562,1618,1,1.0160739010728828,0.8347592736976069,-0.0850546537865924,0.1338987014875274,87
G360C,0.0396156432947569,404,0.8998848361618756,754,1,-0.1102845591067077,0.6033416349364261,1.919829580537548,1.1866526882802368,360
A218V,0.0394012134169674,405,0.2182149757989497,2148,1,0.19808901493191,0.4048360608861149,-0.2092790156792858,0.47921384305706,218
E353A,0.0391848932627317,406,1.229331376007873,256,1,1.017716003287595,0.9335179435519152,1.919829580537548,1.046261976654434,353
K140M,0.0391717903753017,407,0.4322940033769604,1707,1,0.5540521937257075,0.392934516384017,-0.1338734355405779,0.916062738938695,140
P263G,0.0391253001077982,408,-0.4835267361044504,3284,1,-0.9591037069970408,-0.1337195109342548,-1.1392462068382538,0.2979624803517476,263
V251S,0.0390920736483167,409,0.7066925745225386,1149,1,0.979668208108729,1.3913862609319505,0.2277460331544622,0.2279697958950127,251
K140Y,0.0390573339105435,410,0.1806483214926905,2220,1,0.462832906143885,0.274477635843075,-0.6606743511917219,0.6459570951755239,140
S215T,0.0388751024073233,411,0.5884202711619693,1397,1,0.8233101978143263,1.7505843531171157,0.413275285348692,-0.6334887516322569,215
K76N,0.0388381021219146,412,0.3988093919029835,1776,1,0.1048981787040837,0.3865391749917631,0.2168431873992718,0.8869570265168152,76
R260K,0.0387750726474537,413,0.9847050089100288,603,1,0.8197183737747152,1.1616821185701551,0.4547258799815685,1.5026936633136765,260
P82E,0.0383662347382436,414,0.7535536906969525,1040,1,1.6702409768037394,1.0204863062912113,0.5301503552393318,-0.2066628755464727,82
Q150W,0.038361704772494,415,-0.2445053222028101,2995,1,-0.7069280354768809,-0.0311768361827552,-0.391650197981746,0.1517337808301416,150
R288F,0.0383031094989329,416,0.0697605485378622,2444,1,0.3144588934607986,-0.0385563542405716,-0.5955660612067265,0.5987057161379487,288
G101Q,0.0381003831403627,417,0.6061626894033639,1362,1,1.1526105731782426,1.425130814962357,0.6148350326315918,-0.7679256631587353,101
S310F,0.037982563272295,418,1.0112887220867517,566,1,0.369567636623376,0.7808067317158978,1.5823084009813702,1.3124721190263615,310
T61N,0.0378300167099518,419,0.834278068673962,893,1,0.771155279039794,1.0209694550562645,0.4510688421954476,1.0939186984043423,61
G314R,0.0374756689806082,420,1.240243325822028,244,1,1.0073562333446897,1.1725088544062123,1.2421337473742746,1.5389744681629356,314
Q3P,0.037092070854238,421,1.3845066319368189,106,1,1.314254949131478,1.0149744921760913,1.919829580537548,1.288967505902158,3
R357M,0.0368595965584556,422,0.8111065223223302,941,1,-0.216385768382309,0.6067370222422005,1.919829580537548,0.9342452548918816,357
A192E,0.0366426564106456,423,1.1357556905557435,385,1,1.0122739999133918,1.1459157009535803,1.30737022423413,1.0774628371218722,192
L277K,0.036552497227653,424,0.1759768329859058,2227,1,-0.142217247520504,0.047849830150883,-0.1554374841527229,0.9537122334659672,277
A19L,0.0365286814407466,425,-1.6124257161630706,3879,1,-1.9782460014243028,-1.545351054196261,-1.5707332718822664,-1.3553725371494525,19
I127F,0.03637692555347,426,0.5810724299135189,1407,1,1.2763979347171814,1.50964727934804,0.1898210177350459,-0.6515765121461915,127
S120D,0.0360725354756662,427,0.655258529138579,1273,1,0.5826280723276737,0.6440724611463939,0.5682569262792978,0.8260766568009502,120
R93F,0.0360627392040867,428,0.422070462386534,1732,1,1.211168858203053,-0.0157735171787988,0.3044771085122788,0.188409400009603,93
A348N,0.0360124114264082,429,-0.7208692947871416,3506,1,-1.4667837336168617,-0.5893940045027871,-0.7401126459901257,-0.0871867950387916,348
Y27W,0.0357853150572756,430,0.2256493359410091,2134,1,0.6040900877476105,-0.2106579956884969,0.1031868348032569,0.405978416901666,27
K76M,0.0356800617453494,431,-0.0688115828142568,2697,1,-0.7746005170028523,-0.219543418800777,0.263693736956386,0.4552038675902158,76
R24E,0.0356774829684263,432,0.561392254375275,1442,1,0.3974596605772542,0.3350084633495174,0.5435171240345762,0.9695837695397522,24
T83I,0.0356117073039928,433,-0.2566462133182844,3016,1,-0.0779673609213901,-0.3671279470476655,-0.1338214742252488,-0.4476680710788331,83
P263W,0.0351354084103329,434,-1.5048601346800046,3851,1,-2.423797008740211,-1.237503281418742,-1.8386001768137747,-0.5195400717472906,263
P116E,0.0349809698750166,435,1.0911095299588216,446,1,1.2032142349133412,1.2058564218881795,0.6943212265629034,1.2610462364708628,116
N247P,0.0347999330685653,436,-0.0942388560457124,2754,1,0.4874797800524318,0.0410880932841534,-0.5397976246245325,-0.3657256728949025,247
V78G,0.0346293520881629,437,0.05860726525617,2464,1,0.619656325980784,0.2653556628925408,0.1145895633808788,-0.7651724912295234,78
G153C,0.034610825380013,438,-1.3259658817792306,3806,1,-2.162408119084738,-0.8521774797638128,-1.4917359261540386,-0.7975420021143319,153
K4H,0.0345135969450065,439,0.9296682581087488,704,1,0.5108456328183217,0.7412729516654452,1.6090610988489962,0.8574933491022316,4
R357G,0.0344974133463359,440,1.231098461303478,253,1,0.6677240373756538,1.2674789802344142,1.919829580537548,1.0693612470662972,357
R253T,0.0344924653413043,441,0.8790445000399552,796,1,0.8618653167148927,1.1925581571051915,0.5588206799277454,0.9029338464119906,253
P82A,0.0344242221506115,442,0.3527742675862106,1873,1,0.945699728847415,0.4834118813607817,0.5002042199255533,-0.5182187597889074,82
G170D,0.0344150506311296,443,1.0518506825612115,495,1,0.6190809273424723,0.9104446339401668,1.5760042778522276,1.1018728911099804,170
H105D,0.034355468317337,444,0.9951969428656868,590,1,1.3101440673654845,1.3070295437685162,0.093803045727586,1.2698111146011604,105
S2T,0.0343096289861548,445,1.3562368521160892,129,1,0.7867677555409991,1.0900738669241292,1.919829580537548,1.628276205461681,2
S119I,0.0342846311082872,446,0.378363488261822,1827,1,0.88138628797001,0.2994689265408418,-0.0830921108879922,0.4156908494244287,119
S219A,0.0342589119689474,447,1.2916360560309428,184,1,0.894620476306126,1.3374772557545984,1.3024063899868512,1.6320401020761952,219
A126V,0.0340282218283609,448,0.1967249878157005,2188,1,1.3950727884505816,0.1868400735479575,0.6489559621091776,-1.4439688728449145,126
Q191L,0.0337997054515857,449,1.2144118385644207,277,1,1.920210812683236,0.9652544551065312,0.5569213726234007,1.415260713844515,191
T111C,0.0337219149678471,450,1.128988290029484,403,1,1.103039287650738,1.1894851331477423,-0.0170255097762698,2.240454249095725,111
N247R,0.0336705678493841,451,0.9741600583573548,619,1,1.216561213175536,1.77313346169357,-0.1682852615481946,1.075230820108508,247
E272A,0.0335929355716966,452,1.0600795721570302,487,1,0.7159200366240593,1.0270296577604965,1.5276742766913598,0.9696943175522048,272
P116A,0.0334431399237631,453,0.951118757523516,660,1,0.9058703402792476,1.1421420621508822,0.3926646457123952,1.363797981951539,116
A318G,0.0333831746590198,454,1.292817556269544,182,1,1.0390362770412576,1.2886421254333669,1.5427061881206123,1.3008856344829387,318
A192G,0.0333676751492546,455,0.5857952844218061,1402,1,0.7729201952046852,0.91777400165704,-0.2535369857441378,0.9060239265696368,192
K306R,0.0332453038164184,456,1.3343313697600527,145,1,1.176890469529969,1.3327350250912469,1.6726429709363912,1.1550570134826037,306
D62H,0.0329020653499852,457,0.4245779943112301,1727,1,0.3872931774049432,0.4764826385512307,0.2502543286805466,0.5842818326082,62
S28A,0.0327916617353629,458,1.046300538093802,509,1,0.7844703081820373,1.1985013053631957,0.6319867757156951,1.5702437631142805,28
I298K,0.0326589690013864,459,0.8513951661974559,857,1,1.2706688806371464,0.8013115957373221,1.222842870868244,0.1107573175471106,298
H359N,0.031959712880802,460,1.3799556250865537,110,1,0.849409847639258,1.3852742673809957,1.919829580537548,1.3653088047884123,359
A362P,0.0318443405582667,461,0.8646815749143324,822,1,0.6944151242774576,0.6906947794951704,1.919829580537548,0.1537868153471537,362
Q150D,0.0317911806498163,462,0.4500573109496619,1666,1,0.2477075018199578,0.496545691383196,0.4632083419836623,0.5927677086118315,150
K204H,0.0317342057299664,463,0.3031617349109113,1979,1,-0.1677931519136648,0.239384570211291,0.3457743823001742,0.7952811390458452,204
R363T,0.0316473499912597,464,1.2691921637165642,207,1,0.7855426625563378,0.8890751678966928,1.919829580537548,1.482321243875679,363
A362S,0.0314296390575191,465,1.313700967554967,160,1,0.7696887053490593,1.17990968318887,1.919829580537548,1.385375901144391,362
E353M,0.0312731847329892,466,0.6118296073069556,1346,1,-0.1375162160768117,0.0535284210951443,1.919829580537548,0.6114766436719423,353
S120F,0.0309314366460804,467,-0.2767899638047401,3046,1,-0.7946749421454806,-0.2944800743958056,-0.2445269820286436,0.2265221433509694,120
A361M,0.0308770873341428,468,0.952152747271632,656,1,-0.0659414605883554,0.7804515582519745,1.919829580537548,1.174271310885362,361
R5T,0.0307831862663094,469,0.5241693097067848,1528,1,1.0153639741346592,0.7073361969288832,-0.5693331241495321,0.943310191913129,5
D109K,0.0307712478045775,470,0.6207958422436515,1328,1,0.6302868035392476,0.602500808360462,0.2371981645264156,1.0131975925484806,109
A362K,0.0306069888318923,471,1.1536840520488785,360,1,0.5946889388153646,0.8810744132829584,1.919829580537548,1.2191432755596434,362
G360P,0.0304417363440083,472,1.0971911077613186,440,1,0.956006558184606,1.1288015325499028,1.919829580537548,0.3841267597732174,360
D100A,0.0304069052378692,473,1.2983356626468208,177,1,0.8945993963730914,1.3337433100591405,1.32076271137141,1.644237232783642,100
Y358M,0.0303280146644151,474,1.4216605249928798,89,1,0.7205963224866881,1.2905886811383276,1.919829580537548,1.7556275158089558,358
I298L,0.0301952445534503,475,1.4125355015380032,92,1,0.990080319181398,1.5143775152988417,1.8461777552489789,1.2995064164227943,298
T83S,0.0300684264910741,476,1.2623859820803354,220,1,1.1701570966823465,1.40133222744262,1.1139039214432014,1.3641506827531735,83
L20D,0.0300264242464554,477,-0.4078972537953441,3206,1,-0.7285767434319502,-1.006486845385106,-0.1980570282610157,0.3015316018966954,20
A295P,0.0300019616744915,478,0.1940843432105211,2193,1,0.0908324877413657,0.2315807713929293,0.6452155513320557,-0.191291437624266,295
T270H,0.0295954054647887,479,0.222037016219764,2142,1,0.3137992537101452,-0.3107919324461776,1.268901535113234,-0.3837607914981453,270
S219N,0.0295891023614513,480,1.18533603753511,316,1,0.9236946471806275,1.4939836350597444,0.6590246305320139,1.6646412373680544,219
S120K,0.0295866746438996,481,0.2764962068872064,2037,1,-0.0275088018488821,0.3019704838761786,0.2495786137480695,0.5819445317734595,120
N98W,0.0295038658122494,482,-0.2239047087044169,2977,1,-0.3155322311172631,-0.7059231084739235,0.0901676086381786,0.03566889613534,98
S267D,0.0294802214397406,483,0.7305548138803778,1097,1,0.7195627080172935,0.4780256967027773,1.1845524306017228,0.5400784201997174,267
V7I,0.0292067893533504,484,0.492273135258447,1590,1,0.6083862370649186,0.5878785286107133,0.3338955223629895,0.4389322529951667,7
G360Q,0.0291853253746704,485,1.374553382184739,117,1,0.8203176335213757,0.977686572463474,1.919829580537548,1.78037974221656,360
G63H,0.0290822629183488,486,0.4599036353648351,1649,1,0.9184085861735076,1.8908765716424287,0.0460141994763521,-1.0156848158329486,63
G314M,0.0290541584540208,487,0.7291766153253407,1102,1,0.0708717075151069,0.6929306224450555,0.9197265223909408,1.2331776089502593,314
Q356K,0.0290028503014999,488,1.3128223742551834,163,1,0.9353645963833525,1.1820583098773645,1.919829580537548,1.2140370102224691,356
E323R,0.0288674697196933,489,1.1501081566327036,364,1,1.0657500654094063,0.8676042599499205,1.8603528107410936,0.8067254904303934,323
V239E,0.0286611587699562,490,0.9849640036555052,602,1,1.0000638344314527,1.2523617749486513,0.2326514090405457,1.4547789962013713,239
H85L,0.0282956008882121,491,1.1461308893329765,370,1,0.9234636032525884,1.640874205586288,1.2454875965279486,0.7746981519650811,85
D109C,0.0280071023583623,492,-0.1842554337437703,2910,1,-0.7474617296677959,-0.3511561729781011,0.032043276712504,0.3295528909583117,109
I21Y,0.0278507900072068,493,0.6012496851132063,1373,1,0.6037057646981067,0.5494886011217337,0.3342887189591776,0.9175156556738076,21
T250S,0.0273837191307393,494,0.5993477401950595,1377,1,0.7102622219074595,0.7773915315383855,0.010309312174527,0.899427895159866,250
R317T,0.0273690634753119,495,1.4018100057545808,102,1,1.097805007607329,1.4573253525606622,1.461667198603345,1.590442464246988,317
D352C,0.0273034421941703,496,-0.0540073450372205,2672,1,-0.5055240460251964,-0.4525408884034503,0.2858630755328069,0.4561724787469575,352
S2I,0.0272997879803213,497,1.002377756578109,579,1,0.3334212022668618,0.6193962743607473,1.919829580537548,1.1368639691472786,2
R253N,0.0272084809141628,498,0.7262155492624378,1113,1,0.661331746689259,1.0779434282774172,0.5017211488899611,0.6638658731931135,253
R317H,0.027132141238743,499,0.9989362385533824,584,1,0.3886299891209511,0.9886318051228216,1.3287997240821776,1.2896834358875793,317
T264R,0.0270416420993281,500,0.9987914623463036,585,1,1.2144288772174667,0.8604783149497551,0.9013757383147228,1.0188829189032704,264
N247H,0.0269938605657092,501,0.6380725623758935,1306,1,0.5344415271098412,1.1966651197368603,-0.2332115491995515,1.054395151856424,247
T83V,0.0269616117634564,502,-0.0624637751360286,2686,1,0.4606884725645733,-0.3112494354300531,-0.0787510167311018,-0.3205431209475329,83
R93K,0.0268644451079667,503,0.6831072999963754,1215,1,0.4507640007819646,0.7358376944867204,0.2046286950255692,1.341198809691247,93
E353G,0.0267448866911451,504,0.9414520327601914,678,1,0.6537262739174278,0.6677190126135626,1.919829580537548,0.5245332639722281,353
A126S,0.0265212032127614,505,0.9056954626172228,742,1,0.3677751543922087,0.8406797401800455,1.7623318335646807,0.6519951223319553,126
T59H,0.0263742713320993,506,0.264477083610308,2060,1,0.9065141184858831,0.8211734765948089,-0.1168905384684812,-0.5528887221709792,59
R317K,0.0260516463052966,507,1.3473427526913897,134,1,1.0684305484186982,1.4513337499435357,1.3195879713771044,1.5500187410262198,317
P217L,0.025581382433159,508,0.3305552018959422,1921,1,-0.1341528415119433,0.6615504572763699,0.2332931930124333,0.5615299988069089,217
Q356E,0.0254921284848541,509,1.5121646071246748,54,1,1.2375246906360722,1.4167844446140256,1.919829580537548,1.474519712711054,356
A96V,0.0254909888957742,510,-0.0242836480760979,2624,1,0.6541669477063352,0.5156368039791841,-0.5232121671765101,-0.743726176813401,96
Y27Q,0.0254726369527136,511,-0.5389970561137601,3354,1,-0.8987077038754411,-0.8202681682670472,0.0753947405359053,-0.5124070928484573,27
L22C,0.0252120737175805,512,-0.3237892626372862,3111,1,-0.636304933319587,0.2340044720674844,-0.6391792233111071,-0.2536773659859352,22
Q252W,0.0251821843905728,513,-0.1518695416767898,2857,1,-0.5777407321550618,-0.3031353511899777,-0.2394804283070258,0.5128783449449059,252
A348L,0.0250744704829356,514,0.1623428024896647,2260,1,-0.3245767901333497,0.1685489571618558,0.7183832271053585,0.0870158158247942,348
A316D,0.0247412411304129,515,1.1287218063326208,404,1,0.5811200660039906,1.0788464038694487,1.3755053450515895,1.479415410405454,316
K322W,0.0246436466219732,516,-0.0333730218079858,2641,1,-1.142652550932025,-0.5211418631256023,1.4172077084438257,0.113094618381858,322
Q356M,0.0245050087494682,517,0.9637530654087256,636,1,0.217412974803556,0.7156321791818104,1.919829580537548,1.0021375271119888,356
G229E,0.0240040834769901,518,-0.1461236217670247,2849,1,-0.3891918067240578,0.4506596510487964,-0.5044911980479446,-0.1414711333448928,229
K90N,0.0239161122767787,519,0.9073245439583952,739,1,1.3055911752740363,1.2903247092949448,0.2378589994295728,0.7955232918350271,90
S219H,0.023811847954301,520,0.9090201302575072,738,1,0.6210221484018351,1.070111923139217,0.604958403743653,1.3399880457453233,219
G289N,0.0237740014138997,521,-0.0183072299879656,2613,1,0.0992466633987076,-0.2601255058200337,0.3742232184471315,-0.286573295977668,289
E345T,0.0237242455143344,522,0.1342173306316847,2331,1,-0.1772382394848842,0.2349201120471313,-0.0417029937878132,0.520890443752305,345
Q191Y,0.0235877418838311,523,0.5418147437960071,1487,1,0.942093625487198,0.3317059587864506,-0.0235719591850567,0.9170313500954368,191
R24I,0.0235577086163329,524,-0.6923903511494842,3478,1,-1.419064976190381,-0.7520235082302306,-0.0870133817213327,-0.5114595384559923,24
L152Q,0.0234974056490384,525,0.3730472278120713,1846,1,0.3094365920446886,0.4059647922638775,0.2125254129678676,0.5642621139718513,152
I271L,0.0230025709390552,526,1.4286889918076646,85,1,1.1875637359128768,1.4000260678358696,1.6476191482997289,1.4795470151821832,271
D346T,0.0227864292912384,527,0.7118312951117678,1140,1,1.413333553154262,0.1902795880816664,0.1512462575419126,1.0924657816692298,346
A361Q,0.0225348309576447,528,1.2597795282181572,224,1,0.5244461206155103,1.1726013805172286,1.919829580537548,1.422241031202342,361
A354H,0.0224249877304184,529,0.3460246606225143,1889,1,0.5013174932591883,-0.4474367122366155,1.919829580537548,-0.589611719070063,354
K25G,0.022384478926723,530,-0.1434904765062183,2842,1,-0.3726364626539899,-0.1575368018049124,-0.230366103083474,0.1865774615175031,25
T83K,0.0223634055749331,531,0.7508461914383494,1047,1,1.3191399214174129,0.7885425327584548,0.0519958788856637,0.8437064326918667,83
R209G,0.022359190920265,532,0.3652320807855856,1862,1,0.6203944675986078,0.5700305865396462,0.4203497303401532,-0.1498464613360647,209
I127C,0.0223084072265985,533,0.8174549886368749,929,1,1.21578122617083,0.8574297955520715,0.6431436747357806,0.5534652580888182,127
R317N,0.0221865346313352,534,1.1839893982684824,320,1,0.7674923040840194,1.108542506641003,1.435997210004409,1.4239255723444983,317
R304P,0.0219335831054104,535,0.7097784141631956,1142,1,1.084218720510949,0.3143585691069712,1.7446920611838244,-0.304155694148962,304
Q356C,0.0218857959930832,536,0.8936392057299734,766,1,0.2320066959769739,0.5935906587842529,1.919829580537548,0.829129887621119,356
T305K,0.0218522939525218,537,1.2733657354710992,204,1,0.9489833927657362,1.4857068633672543,1.7611240871729408,0.8976485985784648,305
R363S,0.0216760304722186,538,1.3775545254957835,113,1,0.9641447095626268,1.10888411225036,1.919829580537548,1.5173596996325998,363
I298D,0.0215677653237257,539,0.0466150751029277,2486,1,0.9113307210309683,-0.7434046237188667,1.147504410742795,-1.1289702076431851,298
K90D,0.0214169528544199,540,0.5423504248460315,1486,1,1.3458121985328162,0.749528230354674,0.2618572852509152,-0.1877960147542798,90
S72N,0.0212629500164261,541,0.7587181645640328,1034,1,0.7255205751886318,0.90114738840109,0.2580644356424824,1.150140259023927,72
R297A,0.0212087922124532,542,1.0488937331893542,500,1,1.1839802652266826,0.4493180184764864,1.471874430284161,1.0904022187700864,297
V299M,0.0212011442634985,543,0.6355697928179436,1307,1,0.0999973547016062,0.7988850420092364,0.8968831015806115,0.7465136729803203,299
G360Y,0.0210300429264881,544,0.9582227107453756,643,1,0.0211725370605252,0.7438488785961376,1.919829580537548,1.148039846787292,360
A319S,0.0210256383305817,545,1.178151603561235,327,1,0.864519727434049,1.1290416804056642,1.3877639326884397,1.3312810737167866,319
S41Y,0.0209760332503551,546,0.4369879369205482,1695,1,-0.6086737501967603,1.3484297359624278,-0.2119582383284128,1.2201540002449385,41
E364V,0.0208268954317317,547,1.461859508002329,71,1,0.6406094059731846,1.92505932299449,1.919829580537548,1.3619397225040932,364
T61L,0.0206423335260465,548,0.6558320003891009,1271,1,0.4781183242901283,0.741152679608847,0.2953722433038411,1.1086847543535872,61
D100R,0.0205644784365725,549,0.7092475873436977,1144,1,0.3757180731596625,0.849018771840685,0.2559885798430019,1.3562649245314415,100
S41N,0.0204986929773438,550,0.9635692390819012,638,1,0.2876453463979017,1.628230550160373,0.3389094510743022,1.5994916086950275,41
H1P,0.0204978448233422,551,1.7682237748554592,16,1,1.6497966848267558,1.7181407914965103,1.919829580537548,1.7851280425610234,1
L60Q,0.0203032560418554,552,0.8356133015274785,891,1,0.4872706317378195,1.534118505938132,0.1380068226540254,1.1830572457799364,60
T305E,0.020241831962826,553,1.2069900314359914,285,1,1.0701092186664276,1.1727566104047211,1.7804534259058504,0.8046408707669662,305
A295S,0.0201483199723993,554,0.955291635952435,652,1,0.688151809367821,1.0908151853330763,1.0003752855257837,1.0418242635830586,295
E275A,0.0200907039126206,555,0.2760436756103515,2040,1,-0.4768391021100281,0.3151943869889599,0.1045401302360182,1.161279287326456,275
P308L,0.0199986227774043,556,1.1712935205564203,338,1,0.8919631468270109,1.6953015907772175,1.7952090923073805,0.3027002523140726,308
S28I,0.019881624861636,557,-0.0889145236395389,2741,1,-0.5564363592553156,0.367931940274508,-0.0872209358319806,-0.0799327397453674,28
Q97D,0.0198281967354493,558,1.0241728513503576,546,1,1.0899749868681743,0.9230006372215128,1.1569351493560598,0.9267806319556836,97
G269Y,0.0196984707834845,559,-0.1982692756841302,2935,1,-0.2380630742884885,-0.8991149020247099,1.5846087615951134,-1.240507888018436,269
R288D,0.0196811701961571,560,0.3301467513093685,1922,1,0.226477817727234,0.5781581752330983,-0.0018019735978947,0.5177529858750364,288
G314P,0.0196468186353755,561,1.030499767575522,536,1,0.911540812783143,1.1624750930982977,0.8583298872309404,1.189653277189707,314
P227Q,0.0196038796131529,562,-0.1493905987378975,2854,1,0.2837698916136225,-0.3029811594969642,0.1253987827652712,-0.7037499098335197,227
H105P,0.0192148023285078,563,0.3974932500481724,1780,1,1.7091235373307776,0.5786807278374638,0.0061292125007413,-0.7039604774762935,105
K68R,0.0191491795006651,564,1.1480206485514564,366,1,1.1658552081198672,1.48963843453315,0.4730608697943467,1.4635280817584615,68
R288W,0.0191056866642758,565,-0.1725887496102707,2887,1,-0.0591595596711175,-0.3812634958651509,-0.6640119498620556,0.414080006957241,288
P118R,0.0190957722990801,566,0.2207728597734779,2143,1,1.0126086647337005,-0.3982427148368468,0.0562271508545736,0.2124983383424848,118
E99L,0.0189766448353507,567,0.1445063591523372,2306,1,0.2994336282223841,0.0635997000569823,-0.1508679084329346,0.3658600167629171,99
F355V,0.0189699823769725,568,1.088012207747993,452,1,1.5222634437562474,1.133932606671409,1.919829580537548,-0.2239767999732319,355
R147T,0.0189165605994046,569,0.9494515800711506,664,1,1.0245043313732267,1.3154490771083145,0.2984897900258117,1.1593631217772495,147
S267T,0.0188782737987259,570,1.1808387154006044,326,1,0.7571446612447804,0.9313430291451992,1.6616936649665706,1.3731735062458676,267
P206T,0.0188611325487738,571,0.3749377054361956,1836,1,-0.0484876101698071,1.5580342747064757,-0.4552399001397166,0.4454440573478306,206
D100S,0.0187469372081479,572,0.8055926907319159,954,1,0.4996547435203241,1.0969772578986363,0.2512807926419362,1.3744579688667666,100
L117M,0.0185174515473629,573,0.2589677809949097,2069,1,-0.0193807334598094,0.7477304262234692,0.1278190032349128,0.1797024279810662,117
L117K,0.0183632693727649,574,-1.2950047769354749,3795,1,-1.5748828095154677,-1.3325840165659952,-1.0840967149347367,-1.1884555667256986,117
S41Q,0.0183617500708184,575,0.8046412539958547,956,1,0.2336072672839918,1.3921193530365523,0.2195227562581325,1.3733156394047423,41
Q349R,0.0182858284967568,576,1.1683127045422477,343,1,1.3797512641626275,1.5381339727281147,-0.1582718936652818,1.91363747494353,349
R313M,0.0179500594491155,577,0.8299136431680869,899,1,0.0782229533462973,1.0104160417484067,0.9532502702708447,1.2777653073067985,313
T250H,0.0178893688952618,578,0.1076553146770264,2371,1,0.2666617324418931,0.5109914622212056,-0.3685612148783337,0.0215292789233406,250
A96S,0.0178099951688315,579,0.4294740510026443,1714,1,0.3231541938567834,0.6593447298915267,0.1130816671787383,0.6223156130835288,96
R24K,0.0176472663872689,580,0.8278680028178759,906,1,0.6380741337287039,0.895996263653385,0.4959408444520012,1.2814607694374134,24
A316S,0.017552107270748,581,1.2866287355064865,192,1,0.8846755633763322,1.388825906918444,1.3083129018128112,1.564700569918358,316
R363H,0.0174809063765238,582,1.1099690056118148,427,1,0.4052867920388738,0.8050196460094188,1.919829580537548,1.309740003861419,363
T305V,0.0174011067186547,583,0.9651296721484778,631,1,0.8949393582022138,0.9974551267699264,1.7524831432109416,0.2156410604108295,305
K25Q,0.017364578256859,584,0.6752271080561971,1232,1,0.1690079451702334,0.681045498851054,0.9060392376445676,0.9448157505589332,25
F168N,0.0172410346354684,585,-0.2833552124426349,3058,1,0.305527409367554,-0.7484421018342828,0.7375069524102051,-1.4280131097140158,168
E353Q,0.0171763250356076,586,1.135195608834472,386,1,0.4811421006424348,0.9090125595709472,1.919829580537548,1.2307981945869586,353
T83M,0.0169533123876315,587,0.1208061064754651,2355,1,-0.1493544902646262,0.3267396168057224,-0.0911426150035533,0.3969819143643178,83
P206H,0.0169378185813191,588,0.0067760067812051,2561,1,-0.5929033854884994,0.8459488862421192,-0.4382766220481398,0.2123351484193404,206
K208Q,0.0168561595775534,589,1.2755128558405462,201,1,1.3912874417809853,1.4187744019004938,0.7627854501422936,1.5292041295384122,208
P82S,0.0168427747593784,590,0.5639722760368377,1437,1,0.964103188482407,0.740927858990662,0.6000058070466828,-0.0491477503724006,82
K208N,0.0167729331956555,591,0.9369120447585688,690,1,1.121100014108768,1.3194595094475885,0.633578784245942,0.6735098712319769,208
V324C,0.0167041921886984,592,0.7846697999300662,988,1,-0.1161265210425167,0.6123281829460568,1.862615214412709,0.779862323404016,324
H1G,0.016607248018119,593,1.783245263197533,14,1,1.38216483296156,1.6216700803699065,1.919829580537548,2.209316558921117,1
G314W,0.0165376835629676,594,0.5959278931646893,1382,1,-0.1146421203128427,0.7239575161855047,0.7488487919891549,1.0255473847969403,314
S72L,0.0164321024826268,595,1.3671309665925433,122,1,1.1874560071362217,1.271649054787717,1.5268185584438827,1.4826002460023522,72
A295L,0.0163460319717679,596,0.4615257884270251,1647,1,0.3266384561868075,0.4427824336529227,1.5439331257248108,-0.4672508618564406,295
S267L,0.0162752109002568,597,0.6824249989969163,1217,1,0.6669607570777821,0.5687048676659161,0.9828616242054944,0.5111727470384732,267
K90P,0.0161809383379625,598,0.4819956057282784,1609,1,1.313750603134584,0.9608096830117304,0.3458961493299911,-0.692474012563192,90
S72H,0.0161397418459132,599,0.8917581640782036,773,1,1.0390826037565606,0.9173910584720888,0.543161290286697,1.067397703797468,72
G360L,0.0160513665274795,600,1.4373346176221933,80,1,0.860884682161111,1.2150128771606865,1.919829580537548,1.753611330629428,360
G360T,0.0160466477546878,601,1.393748030042259,104,1,0.8211357118176628,1.223175094791362,1.919829580537548,1.6108517330224623,360
R147M,0.0160166876272922,602,0.360413612437664,1867,1,-0.0278821082993501,0.4746694913321519,0.1446804148197386,0.8501866518981157,147
H359Y,0.0158161856792554,603,1.1713862188800244,337,1,0.7137755244249508,0.7710791189020779,1.919829580537548,1.2808606516555208,359
V299I,0.0156337999123802,604,0.936929099665548,689,1,0.5581705148899798,1.03492679898019,0.953900477974754,1.200718606817268,299
H359D,0.0155241311748875,605,1.5325223066246088,48,1,1.2449262924471556,1.5207037176938785,1.919829580537548,1.4446296358198534,359
G360A,0.0155128100932758,606,1.5750000951405685,39,1,1.2682004450474762,1.224359040680084,1.919829580537548,1.8876113142971649,360
S219V,0.0154970844247601,607,0.5392274921274884,1494,1,0.471967681376875,0.6285142530363389,0.6526974267816381,0.4037306073151015,219
T264A,0.0154786545281292,608,1.1701182608211709,340,1,1.172301481124285,1.4620249023357157,0.8989911971370249,1.1471554626876572,264
I127K,0.0153269953255801,609,0.4599086529665881,1648,1,0.4132433316861346,1.0443501970361966,0.2311706296492311,0.1508704534947904,127
D100I,0.0153088167596991,610,0.1817546541923589,2216,1,-0.2710865337640009,0.2469714735601629,-0.1822798357296645,0.9334135127029384,100
E275N,0.0152323216392345,611,0.3509389048596761,1877,1,-0.7644942369399917,0.8345516982029827,0.2185121278516008,1.1151860303241128,275
Q3C,0.0150727890410997,612,0.8061419087423745,952,1,0.0141530078072604,0.3574031583287949,1.919829580537548,0.9331818882958948,3
H1Q,0.0148768701687126,613,1.5988228831301527,33,1,1.2711188512170333,1.536011665458437,1.919829580537548,1.6683314353075929,1
P64E,0.0148648242420491,614,0.6040996648607131,1364,1,1.2894787358296125,0.4070098340714191,0.6608155431483216,0.0590945463934991,64
I298V,0.0145323354274635,615,1.3080411975702388,166,1,1.2535247430808765,1.3406960786725928,1.6466138256806686,0.9913301428468174,298
R357S,0.014495323516247,616,1.4755390442125873,65,1,0.7680316358905187,1.4389583132500603,1.919829580537548,1.7753366471722232,357
L152M,0.0144668055419254,617,0.2268290275928371,2132,1,0.2205852737796165,0.2538323064861771,0.1001134258307295,0.3327851042748254,152
H359I,0.0143304113496898,618,1.2879193916928815,191,1,0.9339471011008114,1.0686187775741525,1.919829580537548,1.229282107559016,359
S267A,0.0141879687852853,619,1.0829804523697428,462,1,1.0552128505849747,1.2095533452515084,1.088322660394068,0.9788329532484208,267
A361G,0.0141559627582724,620,1.1828990700194046,324,1,0.7924939301709739,1.1362586219631476,1.919829580537548,0.8830141474059492,361
L80H,0.014033637969377,621,-0.1010931210803589,2770,1,0.1298751378297716,-0.1199388819759345,-0.3848859137393475,-0.0294228264359255,80
V78T,0.0138202094163424,622,0.6302107573630521,1312,1,0.9699157171317644,0.9655044142963772,0.1296504977983735,0.4557724002256934,78
D352Q,0.0132081442528243,623,0.4524997658428645,1659,1,-0.330810082108058,0.5253684427685411,0.4969171752489582,1.1185235274620169,352
K256F,0.0131727619533479,624,-0.0987549317505875,2765,1,-0.5694505300899025,-0.0619319924247439,-0.3394647462386939,0.5758275417509905,256
E71Y,0.0131372336376661,625,0.2818865494107284,2027,1,-0.0060550120251921,0.4894679629876921,-0.1235951163089784,0.7677283629893922,71
K151G,0.0131243968527981,626,0.7706810337231955,1010,1,0.7455323010432598,1.1713377393332278,-0.0107018752931236,1.1765559698094177,151
R147E,0.0131239976468115,627,1.0519784686353626,494,1,1.1787780915428183,1.2386146673880245,0.5159090587542915,1.2746120568563155,147
A354Y,0.0130493419203128,628,0.0607911060095268,2457,1,0.4081483167853984,-0.9291485527294894,1.919829580537548,-1.1556649205553493,354
A218W,0.0129676307625093,629,0.0970544856011152,2390,1,-0.1514373448880427,-0.196093854829576,0.0502579720164917,0.6854911701055878,218
S41E,0.012873107941212,630,1.0491878289997865,499,1,0.5040873768049912,1.6452654987776936,0.4170060301449449,1.6303924102715162,41
V351D,0.0127241094024106,631,-2.106441505640368,3949,1,-3.1183606165988764,-1.3622768224756927,-1.9377333405002612,-2.0073952429866417,351
T264Y,0.0126453039737838,632,0.2504324229309131,2090,1,0.0061381912355729,0.2133697941104333,0.6073675983713577,0.1748541080062887,264
G240S,0.0126342074259227,633,0.170962102386275,2240,1,0.1831962240512144,0.2400880698106649,0.088521085707912,0.1720430299753088,240
Y358G,0.0126111748976688,634,1.9245500636866255,6,1,1.3496220942339838,2.4980340692027947,1.919829580537548,1.9307145107721768,358
L149S,0.0125496626839516,635,0.1519592238849625,2289,1,1.1709912330721433,0.4137639627954011,-0.1486913284707096,-0.8282269718569844,149
E230G,0.0123497509002406,636,0.0107708380052836,2556,1,0.5666420731715591,-0.4637100223637342,-0.0139278975397413,-0.0459208012469491,230
E353R,0.0123309736538246,637,0.9895966202681792,596,1,0.6175321763090637,0.5436537896463927,1.919829580537548,0.8773709345797127,353
S2F,0.012330114769316,638,0.8900723841231348,777,1,-0.0163352383886186,0.4428424111782477,1.919829580537548,1.2139527831653627,2
P116R,0.0120729403262076,639,1.2031935305504324,289,1,1.1570465183218526,1.6038063514026386,0.5805705827898746,1.4713506696873633,116
L22T,0.0120112830578637,640,-0.9725773099357083,3671,1,-1.3822166242874492,-0.8640238652309922,-0.6860005056443796,-0.9580682445800124,22
S72V,0.0120018834745828,641,1.0422879555036066,518,1,0.8659963644587828,1.2848315821851262,0.1881343572567225,1.830189518113795,72
A146Q,0.0118772096710429,642,0.8759107202986026,801,1,0.5467850317672646,1.3682517770974238,0.99560673931084,0.5929993330188821,146
T325S,0.0118560253975643,643,0.9339486311633056,694,1,0.6951229186536911,1.1975542976450135,0.9661780374424844,0.8769392709120336,325
R363I,0.0118379641853313,644,1.0868792154210565,453,1,0.5345453052417041,0.6645020996564036,1.919829580537548,1.22863987624857,363
A319G,0.011558937643441,645,1.119584625631623,414,1,1.0740584974399638,1.247544110738732,1.2786595581648004,0.8780763361829957,319
P124F,0.011517747039738,646,-0.409494524455644,3209,1,-1.3255481822847488,-0.5150265647876414,-0.2558920735676138,0.4584887228174282,124
A23V,0.0114437808681529,647,-0.1429185715307024,2837,1,0.2562156969268767,-0.280533207518455,0.7132287372253212,-1.2605855127565524,23
A316N,0.0113909139146052,648,0.9362218929397008,691,1,0.1921473630936752,0.9693065836343778,1.326061793926218,1.2573718311045317,316
S72T,0.011227721394596,649,1.272789358684093,206,1,1.1321809634483235,1.6291371237699124,0.4327998670159441,1.897039480502192,72
S120I,0.0110051054413079,650,-0.250773195184013,3006,1,-0.8507243908325066,-0.2306846562376539,-0.0892679938055484,0.167584260139657,120
R313C,0.0108907330916278,651,0.6480841327335862,1288,1,-0.1418241092262769,0.7752189629756829,0.8054955061695226,1.153446171015416,313
V78E,0.0108332175798658,652,0.9464019054344622,671,1,1.0235269497135404,1.3600519506736153,0.3664688451400473,1.035559876210646,78
K320G,0.0108120714694337,653,1.2511705153979205,233,1,1.417233694554757,0.9608866837564528,1.7926203250220591,0.8339413582584124,320
Q3A,0.0107483286794151,654,1.4855360123702992,60,1,1.2032985644729544,1.0602930443130236,1.919829580537548,1.758722860157671,3
R147S,0.0105258920758751,655,1.2597043529841594,225,1,1.2520951993144656,1.6314684489112767,0.6140262217703194,1.5412275419405763,147
P124K,0.01040714963665,656,0.7528320668864348,1042,1,0.2658403619416123,1.000166225036764,0.6745443661034377,1.0707773144639254,124
K108R,0.0103995810296809,657,1.2003320570170253,295,1,1.2142912925729517,0.922985420936018,1.2636568762941758,1.4003946382649557,108
R65K,0.0100896600262697,658,0.7020888265802202,1168,1,0.3904349031074978,0.7885993719248967,0.2157080092486431,1.413613022039843,65
I274L,0.0100734643690952,659,0.558498846600485,1448,1,1.4292366280796325,1.1096623301516322,0.1195230956787701,-0.4244266675080951,274
P206G,0.0099754351618414,660,0.1455880001926078,2304,1,-0.0835194123562564,1.303456042708392,-1.0634458961519275,0.4258612665702233,206
H105G,0.009971599494627,661,0.8051483301858811,955,1,1.073112200082463,1.3113644653772532,-0.3087172991423159,1.1448339544261243,105
T83H,0.0097441046159114,662,0.6025508157924897,1370,1,0.7106125910321919,0.8289781313292297,0.2622786192049324,0.6083339216036046,83
E323H,0.0097396249470201,663,0.8888844224332669,780,1,0.3969580073084027,0.6798547611099003,1.852319031770433,0.6264058895443315,323
K140F,0.0097291105566719,664,0.2510398222425841,2088,1,0.4928940109833922,0.2844238876590971,-0.3763388882189608,0.603180278546808,140
H30T,0.009668670108618,665,1.072433942516391,477,1,2.1504467650702277,1.2840336014396172,0.7779151709162027,0.0773402326395158,30
R209V,0.0096606176640319,666,0.947456259370216,667,1,-0.0698207972251048,1.8688266523319876,0.3489139862340172,1.6419051961399638,209
T305D,0.0096079735627335,667,1.1241384006288544,409,1,0.9709169795547486,1.0607696469052543,1.7453270181139249,0.7195399579414903,305
Y27N,0.0095107732819272,668,-0.3920216552315726,3188,1,-0.8028667908447609,-0.4873566372320922,0.2882912908160516,-0.5661544836654889,27
D216L,0.0094275709042745,669,-0.2107888089994694,2957,1,-0.2862033517558655,-0.5589037384307861,0.2919363459793214,-0.2899844917905476,216
A316R,0.0093907534770713,670,1.160604906805719,353,1,0.7698962812677342,1.2307309949585383,1.2289163157064578,1.412876035290145,316
S310G,0.0093785335917876,671,1.0750153146307715,471,1,0.9993900725997872,1.391357984001406,1.6100346738028386,0.2992785281190547,310
S72A,0.0091819071856925,672,1.6404643506708112,28,1,1.51297169427134,1.982673568978726,1.3727020782413646,1.6935100611918144,72
A146T,0.0091580225388572,673,0.5050907683141019,1565,1,0.5465432365820038,1.1384803898489495,0.2589994104890954,0.0763400363363591,146
E353S,0.0089730053231545,674,1.0226307049129078,550,1,0.6213496588206289,0.6714883401353703,1.919829580537548,0.8778552401580836,353
M58I,0.008957940850517,675,0.8982365742757228,759,1,1.0130204752296832,1.3988195828242584,0.1361813669261063,1.044924872122843,58
F355Y,0.0085586712597352,676,0.9225197857753628,721,1,0.9697141359726004,0.4175036185604943,1.919829580537548,0.3830318080308086,355
S219R,0.0082841196433253,677,0.9157030072241774,727,1,0.6319988872006449,0.8558091977456911,0.7661918641656851,1.408812079784688,219
S28D,0.0081940448639674,678,1.0817306286899422,463,1,1.1355653196714806,0.8788926515477695,0.662847307484106,1.649617236056413,28
L60E,0.0081703412216763,679,0.9874865536518964,598,1,0.7486596982878354,1.5503271310016005,0.3606021329737089,1.2903572523444402,60
W88F,0.0081345960633368,680,0.4688445720262088,1629,1,1.120150915921004,0.2031855342287971,-0.0678048695170183,0.6198467074720521,88
P206C,0.0077189858643798,681,-0.4263226754200695,3225,1,-1.3867253910179056,0.2686458042236431,-0.476688160837241,-0.1105229540487747,206
R260S,0.0076310405210903,682,1.008347956430106,572,1,1.197926994609268,0.8614856013489128,0.395497007624589,1.5784822221376538,260
E321V,0.0075243071740479,683,0.9045342267362216,748,1,0.2257779639504837,0.9336259157777383,1.715704248724185,0.7430287784924794,321
A318D,0.0074707844544269,684,1.090799458386163,447,1,0.7942438692645621,1.0258925415754143,1.1607124314251092,1.3823489912795677,318
R297W,0.0074698192296589,685,0.437951225069497,1694,1,0.636804679523661,-0.4844569204263094,1.458557065571005,0.1409000756096313,297
D352A,0.007432705737117,686,0.6838891518192716,1213,1,0.3067830461432979,0.5768603528827753,0.625937012683486,1.2259761955675268,352
D216Q,0.00735029360514,687,-0.1049499316521678,2775,1,-0.4984777860409972,-0.4471462079860449,0.3875299663880217,0.1382943010303491,216
T325H,0.007199570073224,688,0.8071717627027166,950,1,0.5480657089483101,1.0523228807732523,1.1562702388417687,0.472028222247535,325
L103Y,0.0071846708370184,689,0.5120976933567194,1553,1,0.4815855359517071,0.9426181381938348,0.0681950294792799,0.5559920698020558,103
R278G,0.0069779194157465,690,0.5376291876264249,1501,1,0.9896035392507798,0.5506944917471926,-0.0361700393354759,0.646388758843203,278
H1T,0.0069755373560813,691,1.6913067965653767,23,1,1.4669174063917798,1.689486814077778,1.919829580537548,1.6889933852544017,1
H359A,0.006897284864896,692,1.7226538412610353,20,1,1.5597322041311967,1.6968236631350195,1.919829580537548,1.714229917240377,359
R357L,0.0067653906621905,693,1.1764468689330645,329,1,0.5950319766440392,0.9233099716253832,1.919829580537548,1.2676159469252877,357
Q97R,0.0067463986064464,694,1.154752075698387,358,1,1.4019355105189977,1.539959736783916,0.1734613094023542,1.5036517460882797,97
P227R,0.006616443967209,695,-0.3240724046399376,3112,1,0.3213885995961442,-0.9056211320975068,0.0883907495261689,-0.8004478355845569,227
E364D,0.0065732696020123,696,1.2850812834644916,194,1,0.7527963575197265,1.094357235440604,1.919829580537548,1.373341960360088,364
G170S,0.0064486373022566,697,0.7604557967727682,1031,1,0.7670952839373216,0.4556039294155572,0.9261289200649472,0.8929950536732466,170
S315P,0.0064027445444555,698,1.214417153205537,276,1,0.7710899263336493,1.1641607801509115,1.1601048678706845,1.7623130384669023,315
A295V,0.0063779358775212,699,0.6529477677052251,1277,1,0.4635052233367829,0.7516237030708697,1.4324599062340315,-0.035797761820784,295
T264E,0.0062493206443031,700,1.1138347397441215,422,1,0.9771979937461548,1.545823459201697,0.9799686980496036,0.9523488079790308,264
A171Q,0.0060985368875482,701,-0.7367120546103185,3512,1,-1.0385366291119296,-0.1071593578007895,-0.7306987718111414,-1.0704534597174138,171
V7N,0.0060404135965839,702,-0.484876460516989,3286,1,-1.3978548487721276,0.7037970791263729,-0.8993736247888054,-0.3460744476333958,7
L103V,0.0059524195293463,703,0.5569886114925691,1453,1,0.7060755801397108,1.1228134803993917,0.3278947847248185,0.071170600706355,103
L255M,0.0057321330717195,704,0.2442109150471657,2100,1,0.2103926396973731,0.0658202633201828,0.0235780853495281,0.6770526718215788,255
L102F,0.0055547374975346,705,0.2223964166418717,2141,1,0.5828209463443347,0.2303736127436794,0.3496354716698078,-0.2732443641903351,102
K76Q,0.0055372871537402,706,0.8597096571935591,836,1,0.36016109240757,0.6865312867778592,1.517923301268501,0.8742229483203058,76
D352S,0.0052480724038812,707,0.510006321950885,1556,1,0.0644198525051113,0.3717363286541434,0.4711638484417159,1.1327052582025696,352
A218K,0.0049923673197014,708,1.1281360985757278,405,1,0.5827277032652518,1.1608940417839062,1.259501349753577,1.509421299500176,218
S315C,0.004988800938751,709,0.4937749237104525,1584,1,-0.3953312070063587,0.2954727495627832,1.1350907413315443,0.9398674109538414,315
E321D,0.0049060415780314,710,1.0216826036198667,553,1,0.8383372713080686,0.467216618098013,1.7517073179298557,1.0294692071435296,321
P82T,0.0048744135591498,711,0.0334565540566715,2516,1,0.5335596881582959,-0.0836559028184612,0.5423711236723944,-0.8584486927855427,82
P217G,0.0047789842328987,712,0.2473678854187604,2094,1,0.2731114450624239,-0.0143646159443641,0.1416208809293501,0.5891038316276317,217
Q150S,0.0047560997299,713,0.8233351216958303,916,1,0.7124030193211661,0.9973264540557114,0.5622381321274198,1.021372881279024,150
S119M,0.0047507893010577,714,0.2479305976078011,2092,1,0.3834265182104386,0.1416649507521105,-0.1131394993932009,0.5797704208618565,119
P123H,0.0045498019978108,715,-0.204338050547034,2946,1,-0.2535390078574869,-0.3664789724713144,0.3630033306746347,-0.5603375525339698,123
V6S,0.0045254160032296,716,-1.0098969874667192,3694,1,-1.1929886989808127,-0.3960979793963619,-1.2797228583745426,-1.1707784131151595,6
F355S,0.0045208019583577,717,0.9845088957855636,605,1,1.162942374128413,0.8986734105832125,1.919829580537548,-0.0434097821069189,355
K256S,0.0044641018761186,718,1.1307153160319006,399,1,1.230209747496084,1.4263940678140716,0.2753464715652949,1.590910977252151,256
P227A,0.0044599367415979,719,0.2861182808348581,2019,1,0.6632031926789033,0.5707123395310006,0.2554844451098242,-0.3449268539802953,227
A295H,0.0044484606709962,720,0.1868173781602934,2207,1,0.096719086066845,0.2041649558051425,0.9803546902372876,-0.5339692194681015,295
T264Q,0.0044064912694248,721,0.9116734442787772,734,1,0.607719403602852,1.1889787002958228,0.9497834135872468,0.9002122596291866,264
P217S,0.004376656846464,722,0.4282301702503217,1716,1,0.2994853600487218,0.5267051934492549,0.3568273886404497,0.5299027388628607,217
T61F,0.0042151513205,723,0.2546531037988526,2079,1,-0.0351093117460361,0.1987348975239618,0.0475032954731234,0.8074835339443612,61
E323D,0.004139195856444,724,0.9888834477224108,597,1,0.9558764031108946,0.5168796574981575,1.861235953284244,0.6215417769963465,323
A361S,0.0041058391420421,725,1.4025232575938806,101,1,0.7610703835616807,1.3159303337441164,1.919829580537548,1.613262732532178,361
Q356R,0.0040323797249274,726,1.4070402423620705,95,1,1.189599851067057,1.2308326627285746,1.919829580537548,1.287898875115102,356
F355M,0.0040286105358129,727,1.051301892005418,497,1,0.8432858961470405,1.203741310653517,1.919829580537548,0.2383507806835672,355
Q349T,0.0038696777678829,728,0.8887529563125118,782,1,0.9367292395074508,1.1346260730325348,-0.0105881239374673,1.4942446366475288,349
L326V,0.0038652931598941,729,1.051600093004539,496,1,0.8928420571911231,1.7283745360065994,1.2696178435331222,0.3155659352873113,326
K204W,0.0037641612139661,730,-0.6567854273836432,3444,1,-1.2264990705132643,-0.7052780647713254,-0.6468064132773369,-0.0485581609726463,204
R317L,0.0035174198214793,731,1.2273647209160836,260,1,0.9060274914257076,1.0793816050111318,1.412786020853081,1.5112637663744144,317
R363M,0.0034507230159113,732,0.9631631889032842,639,1,0.1044743197242309,0.5895385619570008,1.919829580537548,1.2388102933943577,363
Q356V,0.0034444594461421,733,1.2731155183581644,205,1,1.0284200493209756,1.0360856934738865,1.919829580537548,1.108126750100248,356
A362F,0.0033677744710319,734,0.8686136195790899,814,1,0.3173592760419241,0.4701584332936647,1.919829580537548,0.7671071884432228,362
K256R,0.0032246071412582,735,1.1090724272329888,431,1,1.0375964340814572,1.409674524264522,0.3423494615283417,1.6466692890576349,256
A319K,0.0030174499041853,736,1.2880900431382878,190,1,0.8922963964909759,1.2500049962109652,1.6706287383592262,1.3394300414919842,319
K208A,0.002947757512576,737,1.2336797703269868,250,1,2.1900344075905074,1.135513642135503,0.722045550950901,0.8871254806310357,208
V327I,0.0028805181729012,738,0.5179840930605226,1540,1,0.6824805899758555,0.1414420321696122,0.3965426355776149,0.8514711145190077,327
G104D,0.0027386294970557,739,0.9031314992582103,752,1,0.9633092956011308,1.5083804601794126,0.695655393457933,0.445180847794365,104
P263N,0.0026370978296187,740,-0.4600369729078408,3262,1,-1.3507399306954742,0.3332588441223792,-1.0039853396975915,0.1813185346393231,263
T264K,0.0026218992427591,741,0.7502658087011834,1049,1,0.5789519678658224,0.7146443886484429,0.7432367910681414,0.9642300872223272,264
A316M,0.0025762465860262,742,0.6932263411672592,1195,1,-0.1139976541829846,0.6530658564844972,1.1144029298505267,1.1194342325169977,316
A171W,0.0025445445622413,743,-0.9288761360071685,3656,1,-0.7611616223706466,-0.6300624439422264,-0.8730838705328078,-1.451196607182993,171
K4P,0.0024191810154366,744,0.8409124322287788,879,1,1.1159547316754108,0.13535298192413,1.2526377059642626,0.8597043093513119,4
S310W,0.0023274825086859,745,0.931225800024347,703,1,0.0051303444046008,0.6368265293949835,1.6210712005350902,1.4618751257627134,310
A295M,0.0022649807842301,746,0.3325020697625606,1916,1,-0.1280727795213267,0.3928468959400431,1.078638055643723,-0.0134038930121967,295
F168T,0.0021039849857694,747,0.2119162267163037,2162,1,1.0108936524848695,0.6008582737424932,0.7230903337791615,-1.4871773531413095,168
L259Y,0.0020713392392187,748,-0.2446367557222172,2996,1,-0.1965295721408309,0.1606915209371251,0.0996021225760431,-1.0423110942612064,259
E353N,0.0020691082641437,749,0.8026588759571293,959,1,0.0900862679394138,0.4327280828086978,1.919829580537548,0.7679915725428578,353
D100L,0.0020055119079737,750,0.3563982905731799,1869,1,0.1245949143425689,0.457629153613719,-0.1672490445881123,1.010618138924544,100
G289F,0.001970154417109,751,-0.8843401486513602,3625,1,-0.5115561106298268,-1.0131155665561355,-1.0523728632528946,-0.960316054166584,289
A362G,0.0018334700482801,752,1.1217401507268745,412,1,0.8301743153841368,1.027702978393639,1.919829580537548,0.7092537285921738,362
P308S,0.0018181965883525,753,1.1734231366493326,335,1,1.0281019339679074,1.6771870467040446,1.5258930011310463,0.4625105647943318,308
S307T,0.0018124066528339,754,1.0075532692759224,574,1,0.7577581708296227,1.017731397802387,1.4575051471123517,0.7972183613593286,307
N113T,0.0016115865529723,755,0.050186766602473,2480,1,0.5880275522192471,-0.5012000333680785,0.1145367204637191,-0.0006171729049955,113
H85P,0.0015392864771584,756,0.1363635581146202,2326,1,1.6405968517118594,-0.4148135033453879,0.3503375877080388,-1.0306667036160295,85
T130S,0.0014897347387088,757,1.0432086787671646,513,1,1.1839269610044076,1.3752310513706876,0.4933949354144215,1.1202817672791414,130
N98T,0.0014764732996824,758,0.9641265716560292,634,1,1.3675390349110208,1.1761572679343777,1.2124652361665842,0.1003447476121341,98
D62Q,0.0013409493741726,759,0.6733563591883089,1236,1,0.3411345708824166,1.1512929301935588,0.1186130799056423,1.082384855771618,62
S119L,0.0013169527274401,760,0.8419278370003662,877,1,1.433332640876544,0.806082091443495,0.0873672645801404,1.0409293511012854,119
P206K,0.001263826122801,761,0.2826680726695898,2026,1,-0.0100299896448289,1.2910415806014546,-0.6653022648865995,0.5149629646083331,206
S120H,0.0012291877322479,762,0.3972031405598945,1781,1,0.1335903359856143,0.4418434620355174,0.4590028010746474,0.554375963143799,120
K75I,0.0010957168941799,763,-0.1180613840626568,2800,1,-1.0420801019764685,-0.4626445019719643,0.2514428296853498,0.7810362380124554,75
R357Q,0.0009802396376421,764,1.3048888018728717,171,1,0.5290029436968016,1.1721575721902984,1.919829580537548,1.5985651110668395,357
H1L,0.0009586441196208,765,1.778940105047113,15,1,1.713874256486089,1.740547627803589,1.919829580537548,1.741508955361226,1
D109W,0.000931443460002,766,-0.1944222475465221,2926,1,-0.8514907373024561,-0.2909573775013918,-0.2807347217436705,0.6454938463614298,109
G360I,0.0006236905284769,767,1.1936599851876388,304,1,0.4025329960690045,1.0269041392554623,1.919829580537548,1.4253732248885416,360
S2L,0.000445094325752,768,1.221120460498699,266,1,0.5548626262467494,0.8757056005508941,1.919829580537548,1.5340840346596047,2
P206R,0.0004200001032868,769,0.2238999567371037,2137,1,-0.0304930717532634,1.1544414332671808,-0.6606584351955528,0.4323099006300501,206
T83G,0.0003869067323487,770,0.5576600557464215,1450,1,0.9732729003876294,1.1198893699859251,-0.2450169079296146,0.3824948605417461,83
T83Q,0.0001677623586586,771,1.1956199899626336,302,1,1.304064083994664,1.148578614316351,1.4990965314512124,0.8307407300883067,83
A344S,0.0001639945662885,772,0.0523435947762359,2475,1,-0.4982487076078795,0.3898392703096266,-0.0893843076801233,0.4071681240833199,344
K208E,0.0001611250234385,773,1.0761671712282936,469,1,1.1214228663045975,1.1298155236248566,0.7787287468792221,1.2747015481044983,208
G170T,-0.0002455440713782,774,0.5209099456246921,1532,1,0.5688388675355833,0.1658292997344275,0.9971880453850096,0.3517835698437477,170
R209A,-0.0002662478256925,775,0.6188593159085113,1331,1,0.4407783824523436,1.2475592121095709,0.6073182782250272,0.1797813908471038,209
V78P,-0.0003380942722918,776,-0.4619085241730308,3265,1,0.4492781455860486,-0.9661114462438196,0.1212801952482686,-1.452080991282621,78
D62T,-0.0003636408543802,777,0.7316125273565935,1093,1,0.6876204869531274,1.0846629241016013,0.0843158815359082,1.0698508168357372,62
Q191R,-0.0004862373885221,778,1.0084457876829167,571,1,1.253310209310179,1.2223651366695656,0.1691627820625844,1.3889450226893385,191
K140S,-0.0006149912598229,779,0.9969373469709292,588,1,0.8127129371200386,1.4495149917191807,0.1647111263263143,1.5608103327181837,140
K151D,-0.0007201963804402,780,0.70361655728961,1161,1,0.553426321177808,0.8641297479595734,0.3479792384945193,1.0489309215265392,151
V78F,-0.0008451043590085,781,-0.034450040861236,2642,1,0.4802100432956415,-0.0918913369353573,0.0022492503651898,-0.5283681201704182,78
A96T,-0.0008741090500967,782,-0.0475090568992668,2662,1,0.1801220622365918,0.1882274183779413,0.0619636225118066,-0.6203493307234073,96
G170H,-0.0008742247147202,783,0.5385904763595377,1496,1,0.4393518852030612,0.1333122244345257,0.8182965978700942,0.7634011979304696,170
E323N,-0.0008806820870297,784,0.888664367337268,784,1,0.7936613948445326,0.4103430882114229,1.8586471589377789,0.4920058273553373,323
P116T,-0.0011037121136193,785,0.9053928007163112,744,1,1.0684422627684311,1.1601779570484043,0.4905435557433437,0.9024074273050664,116
A295C,-0.0012719699152474,786,0.2789016592355816,2032,1,0.119636304789395,0.174717132091911,0.9218636823263968,-0.1006104822653766,295
E79D,-0.0013663975333775,787,1.0789753436083012,467,1,0.7126390310376199,0.9254334359667704,1.411986992893866,1.2658419145349489,79
G104Y,-0.0013676027412392,788,0.3372698179036911,1904,1,0.5229236875591026,1.2464712992101623,0.0371069019756487,-0.4574226171301492,104
F168Y,-0.0014280356636277,789,0.61355916129499,1342,1,0.5026244491073362,0.9341419063589844,0.5551702925620742,0.4622999971515649,168
A192N,-0.0015278134669834,790,0.8591307740940962,837,1,0.615215663649362,1.0955053041811829,0.2836466625285325,1.4421554660173077,192
Y358K,-0.001577787915204,791,1.8353776620287696,11,1,1.187728660591752,2.197448712485972,1.919829580537548,2.036503694499807,358
H359S,-0.0015839793100025,792,1.6681698662120752,25,1,1.4150882094356625,1.712433416412188,1.919829580537548,1.6253282584629027,359
A361D,-0.0016365384718828,793,1.1900132473288156,311,1,0.5967643442130279,0.9665886697396624,1.919829580537548,1.2768703948250253,361
P217T,-0.0017297142446986,794,0.2551531382283072,2077,1,0.0885665276110487,0.3551032801774529,0.3818057089286243,0.195137036196103,217
T111V,-0.0017876442961527,795,1.6650652368904015,26,1,1.7587196372316678,2.251661738254995,1.4146541927987484,1.2352253792761954,111
S307M,-0.0017995449168824,796,0.4621746874805718,1646,1,0.0660888525178262,0.5409814929075667,1.37134986337522,-0.1297214588783256,307
Q356S,-0.0018600955491652,797,1.5185739279074837,51,1,1.24007584407952,1.5611785933015867,1.919829580537548,1.3532116937112797,356
D100V,-0.0019097675768457,798,0.4006519920910341,1773,1,-0.0185287110662254,0.5101576731772829,-0.0198627283109758,1.130841734564055,100
T305Y,-0.0019367161869985,799,0.7010517870522569,1170,1,0.3567697291950173,0.5681858021269764,1.6371053544425374,0.2421462624444963,305
S310L,-0.0019676679638906,800,1.0415946697257146,519,1,0.811694771440728,1.011698933118588,1.82537938581845,0.5176055885250925,310
E99A,-0.0021335078819165,801,0.4927274914746354,1587,1,0.5592150083737657,0.4160668208026525,0.1838753438206008,0.8117527929015228,99
D109S,-0.0021349294560093,802,0.9372083056756686,686,1,1.181562608198313,0.9737110642732124,0.3896929571544674,1.203866593076682,109
Q150Y,-0.0021770432584339,803,-0.0840232707984619,2731,1,-0.5257774098254915,0.4311064705832844,-0.3211470551455266,0.0797249111938857,150
R297S,-0.0022259842656893,804,1.2639253673823825,218,1,1.1955938243801054,0.9043101884429584,1.4710967984674852,1.48470065823898,297
G342C,-0.0025161044256833,805,-1.4879668152225096,3846,1,-0.622313007381278,-2.2495528851457878,-0.9855364050909496,-2.094464963272024,342
R147Y,-0.0026313516861884,806,0.1503052097705957,2293,1,-0.0115557640426035,0.3133764846806643,-0.2030551281834761,0.5024552466277981,147
V6C,-0.0026924494801003,807,-0.1912954000685377,2922,1,0.0151774630703199,0.2098619330943769,-0.8674640623451352,-0.1227569340937128,6
K140I,-0.0027159754040468,808,0.4303379027654756,1713,1,0.981442833818533,0.4099382082148837,0.0494536178802336,0.2805169511482521,140
T325P,-0.0027530588897717,809,0.8459609762229955,872,1,1.2799436089360323,0.8456569237641887,1.5225701967107854,-0.2643268245190245,325
R115S,-0.0028128449812353,810,0.6072617343225768,1358,1,0.3921434685329854,1.0914417317386202,0.0383586512798706,0.907103085738831,115
P124C,-0.0028432905912972,811,-0.4982869072039115,3307,1,-1.667097895444393,-0.7320796496346408,0.0350741625454344,0.3709557537179527,124
Q349A,-0.0029673846600046,812,1.1057397431738472,432,1,1.5524749974045318,1.543972810178993,0.0654333434945863,1.2610778216172778,349
A354C,-0.0030962150806592,813,0.5029720997103881,1572,1,0.0046381255113732,-0.1602582344656484,1.919829580537548,0.2476789272582802,354
R209T,-0.0032504516429303,814,1.1591613112279542,355,1,0.8130146209355619,1.6467676314613784,0.8000993079597774,1.376763684555099,209
G314V,-0.0032667191422926,815,1.0225024354851815,551,1,0.6357525500921044,0.9587000401296676,0.9893364803888832,1.5062206713300703,314
V324A,-0.0033084008133789,816,0.8795272294143996,795,1,0.5628915255895506,0.782880743129427,1.8701786083046872,0.3021580406339338,324
V239L,-0.0034057718839584,817,0.7859623450126105,982,1,0.8798735841134642,1.0821874405054717,0.1936219914173035,0.988166364014203,239
D216V,-0.0034800268812209,818,-0.073251893896814,2706,1,-0.4331545819750714,-0.0712988841705538,0.3193946551742837,-0.1079487646159145,216
Q349W,-0.0036918266518941,819,0.1643742884760419,2253,1,0.1810560359409336,0.1779862242280789,-0.7733963157068955,1.0718512094420507,349
K204Q,-0.0037491759375557,820,0.2754757901504322,2043,1,0.0148495497250673,0.0323089305655783,0.2692022947433464,0.7855423855677367,204
I110L,-0.0037511978590366,821,1.134796406463951,389,1,1.3212649359068984,1.07941332145621,0.78080005560828,1.3577073128844157,110
S267E,-0.0039362566995498,822,0.8959686530414938,761,1,0.9948634100380688,0.7091501683634261,1.206235350328981,0.6736256834354988,267
K140L,-0.0040914083663122,823,1.046731444178054,507,1,1.5485126480897669,1.130004554271534,0.3276201949218195,1.1807883794290952,140
K151Q,-0.0041626763270754,824,0.8237451459776033,913,1,0.5132577176685885,1.084460293899763,0.5509020025058564,1.1463605698362054,151
G84M,-0.0042682020940164,825,-0.6192840323828385,3419,1,0.410279384999243,-1.6730068133306752,0.0970920675784058,-1.3115007687783276,84
A361V,-0.0044490977713214,826,1.182709500767429,325,1,0.5858208026234447,1.060618213163987,1.919829580537548,1.1645694067447376,361
P227V,-0.0045058983141268,827,0.1119159979880028,2361,1,0.2696113506708059,0.7767546031880511,0.059233693051004,-0.6579356549578494,227
R363A,-0.0045951540540244,828,1.4560432540853812,77,1,1.1380733501563471,1.163283054082623,1.919829580537548,1.602987031565007,363
V299S,-0.0047778953208854,829,1.1911930813907818,309,1,0.8353130625468794,0.9140413200227988,1.712716162591618,1.302701780401831,299
E364F,-0.0049041531081513,830,1.2405534277525156,243,1,0.2558541048261417,1.7317453236508238,1.919829580537548,1.0547847019955494,364
E249R,-0.0049108794897383,831,0.4340991524002427,1705,1,0.5273183966192563,0.0852583072254512,0.0803216294131868,1.0434982763430765,249
L173V,-0.0049629159473314,832,1.0542905395761364,490,1,1.3207470034263584,2.15438085502758,0.5515139592222384,0.190520340628369,173
S2D,-0.004963506315869,833,1.1748975048271786,332,1,0.5238927355203211,0.8345163203392074,1.919829580537548,1.4213513829116382,2
A126C,-0.0052424780325426,834,0.285065163162148,2022,1,0.837843823980515,0.5329982053215566,0.14171927088691,-0.3723006475403895,126
Q150M,-0.0053360308518966,835,0.5365739690231826,1504,1,0.3228996327820065,0.5507917491719797,0.2177829428057102,1.0548215513330337,150
R363Q,-0.0054461657132408,836,1.2663354659751525,214,1,0.6914030229649857,0.9767995264203198,1.919829580537548,1.477309733977757,363
D216A,-0.0054968713593106,837,-0.0536616909339523,2670,1,-0.057617727179833,-0.6291899167714817,0.4205993912421034,0.0515614889734017,216
M87C,-0.0055714139318867,838,0.4982423075526212,1580,1,0.3855870295382093,1.1294161436815116,-0.0578957461624834,0.5358618031532475,87
Q3T,-0.0056429799897765,839,1.422713499308106,88,1,1.253594852284731,1.1936341703938338,1.919829580537548,1.323795394016312,3
S41F,-0.0057605883005553,840,0.3869941303739299,1805,1,-0.6459116435382132,1.1912963466305393,-0.1841293043607427,1.186721122764136,41
L277N,-0.0058756551111105,841,-0.5895931766634986,3395,1,-1.289273479729648,-0.867485823785806,-0.2538487085688105,0.0522353054302698,277
V29I,-0.0058869306055131,842,0.1506069269528766,2292,1,-0.1704762293762532,0.0327209114953486,0.0292342275759357,0.7109487981164753,29
E321R,-0.0060414582417922,843,1.3719971179767236,118,1,0.7319280493232964,1.68458983299843,1.804028360965164,1.2674422286200049,321
S310H,-0.0061034151074375,844,0.9830011337977526,609,1,0.3347844105796672,0.7827404045963329,1.609160210203216,1.2053195098117944,310
R297I,-0.0062716990733761,845,0.682368906771679,1218,1,0.9809498287273368,-0.2064515803658523,1.573419544193812,0.3815578345314194,297
P206Q,-0.006326922802946,846,0.1604676912653062,2267,1,-0.387237102369532,1.231828956946492,-0.4080127502844179,0.2052916607686831,206
H359Q,-0.0065791625170581,847,1.5657336639731343,43,1,1.1975276748335122,1.4890009038715146,1.919829580537548,1.6565764966499634,359
R93H,-0.0068046887098815,848,0.6146704350378998,1340,1,1.0867795638443605,0.8427856423919241,-0.0121884428035415,0.5413049767188556,93
Q3I,-0.0069460382551616,849,0.9901417863856,595,1,0.8411749152912954,0.4698364820530716,1.919829580537548,0.7297261676604854,3
V351Y,-0.0070048001582855,850,-1.3217232516289728,3804,1,-1.539955925447936,-1.472587537774641,-0.7076302630956516,-1.5667192801976628,351
D303Q,-0.0071131668187976,851,1.015961643929845,561,1,0.7352619021544415,1.602539849239959,1.853871174418374,-0.1278263500933956,303
K90T,-0.007141404364404,852,0.8995932148673551,755,1,1.4034108896269812,1.1065300894831327,0.5091194441204745,0.5793124362388314,90
S119A,-0.0072726246648973,853,1.3713649671194257,119,1,1.5516531158755713,1.3453371923637425,1.1098964204040167,1.4785731398343724,119
V7F,-0.0074050302334586,854,-0.3333170013054361,3119,1,-0.2743680454653824,-0.4660118659519525,-0.6660222377795938,0.0731341439751842,7
T59R,-0.0074958102381523,855,0.5003302089126406,1576,1,1.1322056992019125,1.2253292730465173,-0.1682286109650902,-0.1879855256327769,59
A354W,-0.0075773690411387,856,0.0187094460325145,2546,1,0.1672195020311301,-0.7668129769168529,1.919829580537548,-1.2453983215217668,354
Q349H,-0.0077521443986378,857,0.660845289655273,1264,1,0.4943174420605967,0.8257163937310509,-0.0275639193845722,1.3509112422140166,349
D262A,-0.0078261302438222,858,0.5357325777577102,1505,1,1.5246685412720675,-0.5623180192910497,0.5186406097880547,0.6619391792617686,262
K140R,-0.0079124561472098,859,1.0614599507823836,485,1,1.12030628829456,1.3945990369614905,0.2622159037207418,1.4687185741527422,140
R24Q,-0.0081279943362925,860,1.1171824060659046,417,1,0.7166071736486666,1.1650288850886843,1.360522516367917,1.2265710491583504,24
G229I,-0.0081875577858133,861,-1.6577532591717397,3889,1,-1.748660549236579,-1.5789235056976028,-1.9120809628360769,-1.3913480189166998,229
N98V,-0.0082507257565321,862,-0.125259415013263,2810,1,0.2056185114975448,-0.2140155958852926,0.1746284900583201,-0.6672690657236247,98
I21L,-0.0082635779261836,863,1.339836071002776,142,1,1.0951716178563595,1.4800130719877953,0.4255189913755176,2.358640602791432,21
F355A,-0.0082902674377743,864,1.0614589272743775,486,1,1.584135297704612,1.067983465954152,1.919829580537548,-0.326112635098801,355
R363N,-0.0083286967971583,865,1.1516886985591632,362,1,0.4570318068474971,0.8701014743037725,1.919829580537548,1.359791932547836,363
V351I,-0.0083724179806217,866,0.2575776073803201,2072,1,0.5046840961494654,0.1653010410230014,0.3607318976110354,-0.0004066052622216,351
D132M,-0.0083885678234042,867,-1.1789444166215397,3769,1,-0.8827152382410345,-2.188040543823744,-0.124595900486696,-1.520425983934684,132
I127S,-0.0084239922616907,868,0.6544379131179815,1274,1,1.5311404639852126,0.6499612904352413,0.7021032594593132,-0.2654533614078413,127
S315W,-0.0084440694907794,869,0.7118920338980794,1139,1,0.010692007109634,0.575654081850179,1.164934462247,1.0962875843855049,315
T83P,-0.0084564867410102,870,-0.33518213726032,3123,1,1.3034239222986843,-0.8092167069145894,-0.3225850495909201,-1.5123507148344548,83
A86E,-0.0084672308821216,871,-0.1824302992127995,2905,1,0.9311674293902984,-1.0918633944580824,0.4296667752779949,-0.9986920070614088,86
P64H,-0.0084728277852025,872,0.1398891973947507,2319,1,0.5172400855491306,0.013005170379801,0.2142543568448177,-0.1849428231947464,64
H359C,-0.0084747390074958,873,1.1446603672378517,372,1,0.6499884529150368,0.8684640434815635,1.919829580537548,1.140359392017258,359
Q150H,-0.0085903442387769,874,0.4278496026307377,1717,1,0.0989100232560028,0.8786416462382958,0.2587652879609552,0.4750814530676969,150
P124R,-0.0085911561798478,875,0.3640480188245497,1866,1,-0.0478445985061908,0.5732172571293843,0.0572860773847753,0.8735333392902302,124
K151A,-0.0089318212828531,876,1.1422574153478895,376,1,1.2019616839646243,1.4165904448991162,0.5957655443618034,1.3547119881660148,151
V239R,-0.0089583404775295,877,0.99344065958955,592,1,1.1991631336753892,1.1968009884860904,0.0935137290522122,1.4842847871445082,239
K108E,-0.0089997362709749,878,0.4357142409703581,1697,1,0.6791432189088006,0.0450732384552285,0.3751786379087022,0.6434618686087014,108
V246I,-0.0092011257297877,879,0.724972679336849,1115,1,0.5407691137034155,1.062857479778108,0.2413004393739705,1.0549636844919017,246
L261F,-0.0093251972449184,880,-0.0080907083871027,2591,1,0.3925016505000314,0.0563530708924867,-0.132379406996183,-0.3488381479447462,261
T92C,-0.0093694933315951,881,0.6219725936740126,1325,1,0.4992104630482354,1.010166621468672,0.1628492033131695,0.8156640868659737,92
T264L,-0.0094802318736541,882,0.7851803630803231,984,1,0.6354421001692305,1.1111503560706395,0.7255937854098903,0.6685352106715323,264
D352H,-0.0095415257982691,883,0.3029690001790167,1980,1,-0.3256184041670755,0.2359162715375209,0.2637335982109197,1.0378445351347017,352
R304H,-0.0096732046900342,884,0.9370136713820938,688,1,0.4273793087472506,0.704661047136527,1.7325474618066925,0.8834668678379051,304
I127V,-0.0099075515640948,885,1.2922551514744685,183,1,1.3014596852937892,1.719347759942192,1.0252413917463623,1.1229717689155303,127
K75A,-0.0099897717085233,886,0.964906019101094,632,1,0.8591756057069438,0.5938440099377406,1.2834852944942243,1.1231191662654672,75
I298C,-0.010040516108689,887,0.3733563559678711,1843,1,0.1077171897954532,0.3671275693825418,1.1166116933349366,-0.0980310286414472,298
S310R,-0.0101958298809964,888,1.1292403833842466,402,1,0.916551468641842,1.1144257407748717,1.785095395137132,0.7008889289831403,310
P217Q,-0.0102817104017422,889,0.1579488796114409,2271,1,-0.261638242436059,0.2686357234345028,0.2666026828812293,0.3581953545660904,217
Y358T,-0.0102852747776653,890,1.8183213108626683,12,1,1.19589371959525,2.1239324971418783,1.919829580537548,2.033629446175997,358
T250V,-0.0103081456462926,891,0.722928489039036,1120,1,0.7911320977046137,0.8729192133714524,-0.0023301282732835,1.229992773353361,250
Q356L,-0.010329429850463,892,1.3654611253575717,123,1,1.0838511729606015,1.1259719691603696,1.919829580537548,1.3321917787717674,356
K25I,-0.0104818348915078,893,-0.7151455867284461,3502,1,-1.1996219495171268,-0.6918645287005659,-0.1706221047625026,-0.7984737639335894,25
S41W,-0.010580982907497,894,0.0485727329480001,2484,1,-1.0746131311591314,0.5400681987719338,-0.3079295117863093,1.036765375965507,41
T83C,-0.0107148837059662,895,-0.2162003612851761,2967,1,-0.4319423433271976,-0.1643888219655774,-0.2214966403871318,-0.0469736394607975,83
R278Q,-0.0107835322999527,896,0.5304944587213628,1514,1,0.3717766268833891,0.6442243069953937,0.0176961512374863,1.088280749769182,278
K320Q,-0.010845052517253,897,1.2016962408388974,292,1,0.6526997548847001,1.019815268100893,1.805578848659284,1.328691091710712,320
K306V,-0.0108453405221167,898,0.9431529132276536,676,1,0.9908518938678388,0.972076423103344,1.6853759905800765,0.1243073453593557,306
A362V,-0.0108551432395494,899,1.1652795326841017,349,1,0.690812548980625,0.9154597631362624,1.919829580537548,1.1350162380819713,362
E353K,-0.0109203681748177,900,0.9449655802325412,673,1,0.3324836415342879,0.6322483294967506,1.919829580537548,0.895300769361579,353
G269T,-0.0109243814660458,901,0.1883509161409983,2201,1,0.5830760774126388,-0.6447717735252431,1.6870296467904862,-0.8719302861138886,269
S28G,-0.0109359984777231,902,0.4674623006602943,1633,1,0.1306740328956235,0.6213935386343123,-0.0183664080506155,1.1361480391618572,28
G290Q,-0.0109781565265378,903,-1.002087340948871,3688,1,-0.4605030483083687,-1.3324901828054443,-0.4253298673264635,-1.7900262653552077,290
A318Q,-0.011027774162884,904,1.0003168646041214,581,1,0.4035571958177246,1.1036233668459032,1.207535653551485,1.286551242201373,318
S215I,-0.0110784708945007,905,-0.0521814926128261,2668,1,0.1225507013493119,1.140227013369881,0.4413098368749424,-1.91281352204544,215
G63S,-0.0111368398906166,906,0.7167061627863744,1131,1,1.2513236835928725,1.8115636172373264,0.3392963162256837,-0.5353589659103839,63
G91A,-0.0112288890613263,907,0.0684034053632309,2448,1,-0.1421269133739051,0.4510781623010916,-0.7700542482683934,0.7347166207941306,91
R147G,-0.0114250794726362,908,1.0115194102925118,564,1,1.2375229806554902,1.4419779851064938,0.1457909722348166,1.220785703173246,147
K320S,-0.011461041326314,909,1.2545990194863132,231,1,1.003511292869069,0.9084564677373036,1.8006680419258103,1.305760275413069,320
Q143N,-0.011513302967095,910,0.3003340872957648,1985,1,0.4955363830461534,0.5131076037251985,0.1234905691652506,0.0692017932464566,143
E272L,-0.0115669475150478,911,0.2646431476218613,2059,1,0.122612525992072,-0.2091381423723296,0.8851010725073849,0.2599971343603181,272
R147A,-0.0116759530240269,912,1.1966277832651722,301,1,1.2915796336964096,1.4694321584139651,0.6678657267408669,1.3576336142094474,147
L259W,-0.0118015711368571,913,-0.4439702829614594,3244,1,-0.5743984670056521,-0.0685098658417453,-0.1361969574862382,-0.9967758415122024,259
E121D,-0.0118115528525321,914,0.8632240358396833,828,1,0.3835532434955117,0.7821988950362883,1.297766876866807,0.9893771279601266,121
A146V,-0.011868289179523,915,0.4920667616041123,1591,1,1.0112741428192762,1.4628530803743622,0.1275917255175835,-0.6334519022947728,146
G84K,-0.011932747111263,916,-0.1993312734585071,2938,1,0.5130140552631521,-0.6016765901541494,-0.1203037173474522,-0.5883588415955792,84
D169T,-0.0119362058506423,917,0.4112310030192889,1752,1,0.3224569050509059,0.277512206979055,0.2279484444585609,0.8170064555886336,169
R115L,-0.0120464383281203,918,0.0516698174522016,2477,1,0.1804457497677628,0.2751898214054186,-0.4545269642597311,0.2055706628953562,115
E353L,-0.0121470579161248,919,0.980354654657603,612,1,0.6916537218422415,0.3648352993739471,1.919829580537548,0.9451000168766756,353
A295G,-0.0123053084240164,920,0.8202556762519598,920,1,1.3238643913880457,0.3119926903172958,1.2378027241496188,0.4073628991528793,295
P263K,-0.0124087925306297,921,-0.0227491271705402,2621,1,-0.6628861294003217,0.4264792615655203,-0.5496247893614966,0.6950351485141368,263
P123K,-0.0126307122803227,922,-0.012496145037019,2602,1,-0.1008780935106986,0.0798818863506396,0.4523073506411776,-0.4812957236291948,123
E296Q,-0.0127193507844001,923,0.7532148058231272,1041,1,0.2326717998035095,0.6892922817808816,1.3433128379407413,0.7475823037673763,296
S267V,-0.0127217839492308,924,0.6861881776239134,1208,1,0.6462403916841042,0.5587586158498936,0.9205808119464716,0.619172891015184,267
R297M,-0.0128130071882313,925,0.6704321042388328,1246,1,0.6604696314792523,-0.2223830312788556,1.5642465799075391,0.6793952368473954,297
R24Y,-0.0128715070825561,926,-0.643826744974699,3433,1,-1.3532575331406094,-0.5753067673917476,-0.6203836121328208,-0.0263590672336184,24
M58T,-0.0128849701581709,927,1.5683161853651828,40,1,1.9424993875100467,2.085408919945303,0.2042623648931858,2.0410940691121957,58
D352R,-0.0129651620745398,928,0.1873309522775731,2206,1,-0.5385730569346902,0.0259102289102776,0.2284797954410645,1.0335068416936406,352
A316G,-0.0131284160702235,929,1.1573579826553,356,1,0.9053853544073316,1.4152520378623252,1.171130412161736,1.1376641261898068,316
I265L,-0.0131397241774448,930,1.0412981249456,521,1,1.6821138240472258,2.0586080958962625,0.5000866829074944,-0.0756161030685832,265
L350I,-0.0131955006776529,931,0.1924114547098902,2196,1,0.4544363020111425,0.3830770896345701,0.1674430305391688,-0.2353106033453206,350
I274Q,-0.0132060265006168,932,-0.6272338961413352,3426,1,-0.2594915288826382,-1.5936338496996525,-0.186490517036397,-0.4693196889466532,274
R357W,-0.013253687658396,933,0.7026458227533781,1166,1,-0.2088880735245064,0.3382251861031075,1.919829580537548,0.7614165978973637,357
A362R,-0.01329779472459,934,1.2218142188979988,265,1,0.8304344486370164,0.9220082818024968,1.919829580537548,1.2149845646149344,362
L102H,-0.0133298525155767,935,0.1818422627099459,2215,1,0.4431175179585934,-0.1453822865564643,0.1949627083114876,0.2346711111261669,102
S120P,-0.0134603122547862,936,-0.2797492577639477,3052,1,-0.3454621391707506,-0.3150944639721973,0.2256951059966542,-0.6841355339094972,120
K90W,-0.0134701563881877,937,0.1344445331981295,2330,1,0.1653615589915976,0.3770058551233544,-0.0699903286168922,0.0654010472944583,90
E323F,-0.0135117756523461,938,0.4517954048045907,1663,1,-0.2712524018804383,0.0929884338615425,1.8481672750832736,0.1372783121539849,323
D189E,-0.013613615753106,939,1.359352538137197,128,1,1.0071158533157725,1.8513317280843984,1.29660688922943,1.2823556819191866,189
E99K,-0.0136629054630485,940,0.2972408397754699,1993,1,0.3789898556611821,0.2846173880896388,0.0387039703131463,0.4866521450379122,99
K151L,-0.0136880108589359,941,0.4725410354191774,1626,1,0.1693236822744462,0.6354353170924363,0.125670674260643,0.9597344680491842,151
P82G,-0.0137077253312782,942,0.34904004867989,1883,1,1.3045521655210817,0.5944924773045751,0.1675168113037343,-0.6704012594098311,82
F355D,-0.013720678624862,943,0.717048887665025,1130,1,0.8206754125619626,0.3889430944951754,1.919829580537548,-0.2612525369345859,355
C258A,-0.0137639597309803,944,0.745482321461257,1067,1,1.51059380903271,1.129811846355862,0.0755884885700205,0.2659351418864353,258
S215F,-0.0137642133462413,945,-0.0850699364228056,2733,1,-0.0108418176672651,0.4333976627716563,-0.1701916976696656,-0.5926438931259482,215
K151I,-0.0138246649745831,946,-0.0930283175873072,2750,1,-0.3754407128784979,0.1536595682004846,-0.0493742067952666,-0.1009579188759489,151
R297T,-0.014032210074687,947,1.303126877509136,175,1,1.210175791893892,1.0737253946867855,1.5911977313344727,1.337408592121394,297
D169I,-0.0140477170791545,948,-0.1082159273925393,2783,1,-0.4770174118093198,0.1961250509568539,-0.5632823911725061,0.4113110424548144,169
Q150T,-0.0140912663468381,949,0.9739634874040471,620,1,1.08223651888247,1.2015321596044377,0.4726102632116576,1.139475007917623,150
Y27H,-0.0142129115892532,950,0.4322491953824275,1708,1,0.9450416664064364,0.1598182329521056,0.3117505182896786,0.3123863638814894,27
G273N,-0.0143693813171206,951,-0.1082766837743922,2784,1,0.3530393082810065,0.1614399085787086,0.7904458982069472,-1.7380318501642311,273
A192C,-0.0143705308139725,952,0.3330152578339842,1914,1,0.1005218273664979,0.5583166461574607,-0.3025887497626956,0.975811307574674,192
Q3R,-0.0144607426688613,953,1.4157557420729696,90,1,1.2079245729754875,0.9869451432769182,1.919829580537548,1.5483236715019255,3
K256G,-0.0144782291605282,954,0.7426207761151986,1075,1,1.0410723135756403,0.9863669878293072,-0.2056435392329676,1.1486873422888144,256
I110H,-0.0144846247959292,955,0.3847708414490653,1812,1,0.8584487853398687,0.1931481115021852,0.4519544417866656,0.0355320271675415,110
H257K,-0.0145604968836129,956,0.9032259701730752,751,1,0.6073835201756921,1.2986062618333851,0.4282749356589284,1.278639163024295,257
V299E,-0.0146173037359291,957,0.7479252434558548,1062,1,0.8699161706359687,-0.0112771048151002,1.504213433802088,0.6288484742004624,299
A318P,-0.0146486914791818,958,1.000439487014337,580,1,0.6604525709833324,1.2920650778922684,1.1411580739040357,0.908082225277711,318
H85Y,-0.0146911483710894,959,0.544028597042524,1482,1,0.5663886422563621,1.1081584856358293,-0.5513644464612684,1.052931706739173,85
H30I,-0.0147104233669585,960,0.2141576140248884,2157,1,0.6771355542936116,0.2870258724786995,0.4697835980595378,-0.5773145687322949,30
Q356Y,-0.0147288722792981,961,0.792338640357576,977,1,0.2606485955533582,0.409569213291636,1.919829580537548,0.5793071720477623,356
K151T,-0.0147762061235898,962,0.905619473814004,743,1,0.6274033831792958,1.034038342260568,1.2323996897069989,0.7286364801091527,151
K256T,-0.0147821738663602,963,0.9853767637018154,601,1,0.927438050188596,1.3119765959373202,0.2111800049806512,1.490912403700694,256
S315A,-0.0148319939755563,964,1.455290331702307,78,1,1.1518201887054014,1.3426832700821665,1.7043038775128885,1.6223539905087714,315
D109E,-0.0149845565301593,965,0.8880900385021062,786,1,1.021379322204981,0.9430174705862876,0.3740316348160701,1.213931726401086,109
S120R,-0.0150325917681284,966,0.1980751629050411,2183,1,-0.1361856939445532,0.1239402605935509,0.1556199860325877,0.648926098938579,120
K320A,-0.0150337454351893,967,1.458704110998216,75,1,1.1235629561401324,1.2037551321128417,1.8910981653304364,1.6164001904094536,320
L152K,-0.015081610619385,968,0.1964528575409682,2190,1,-0.1924474947029142,0.1129954400419355,0.4178874693546067,0.4473760154702448,152
H1Y,-0.0151510212232298,969,1.2398288930361456,245,1,0.7243113634029373,0.9814088563026272,1.919829580537548,1.3337657719014708,1
I274D,-0.0152970560834612,970,-1.2242595045093192,3777,1,-0.5432627671276339,-2.239615129089166,-0.1340965588653761,-1.980063562955101,274
Q3K,-0.0153460322836071,971,1.4581166869617717,76,1,1.345408643115504,1.0321495574223425,1.919829580537548,1.5350789667716922,3
C122S,-0.0153563386046008,972,0.1400921046546271,2318,1,0.401526643014173,0.1524222305850032,0.2792164529687807,-0.2727969079494485,122
E249S,-0.0153870645723298,973,0.7700606638713263,1013,1,0.7307251467763003,0.6235995830251033,0.4181098799448967,1.3078080457390049,249
Q356T,-0.0154316650814407,974,1.320425495846027,157,1,1.010938996452712,1.2352630704913654,1.919829580537548,1.1156703359024835,356
R363K,-0.0155697215795613,975,1.425326213998169,86,1,0.7801208251600306,1.4889641470318664,1.919829580537548,1.512390303263231,363
Y358E,-0.0155774044688708,976,2.0230936761616696,2,1,1.46745345582176,2.158482594986258,1.919829580537548,2.546609073301113,358
P206F,-0.0155981651778955,977,-0.5733957462192841,3385,1,-1.1234199865742351,0.1765498068773745,-1.1404078946265142,-0.206304910553762,206
G228E,-0.0156871277055113,978,0.2426075444860561,2105,1,0.7044882857508887,0.4202653743777914,0.4082513515539471,-0.5625748337384029,228
Y358A,-0.0158473131564523,979,1.9349751702140012,5,1,1.6214123043950055,1.975397394859895,1.919829580537548,2.2232614010635574,358
T305S,-0.0160441696566889,980,1.5629641333870852,44,1,1.1566367322856388,1.5999738762960276,1.8977968224065205,1.597449102560154,305
R147C,-0.0160737050089573,981,0.2184799681504224,2147,1,-0.3554839619168283,0.396182495924061,0.0752738426117267,0.7579474959827303,147
E99T,-0.016148407692533,982,0.2532980326507819,2085,1,0.2143276882876766,0.1111381655949221,0.1405885762969465,0.5471377004235822,99
V203I,-0.0162077613759273,983,0.9154335717703768,728,1,0.8296576064241855,0.8651939369263626,0.928459147578641,1.0384235961523176,203
C207V,-0.0162259897186022,984,1.3035034603755804,173,1,1.7626847284118483,1.8540761753769448,0.6265057819474743,0.9707471557660532,207
S215A,-0.0162689112447244,985,0.7048579856072388,1156,1,0.7031183259630275,0.7981864243014587,0.4741680783012748,0.843959113863194,215
A295E,-0.0163504354698497,986,0.5539080362586959,1458,1,0.5531182789862132,0.1218373699381765,1.1581500504222328,0.3825264456881611,295
Y358C,-0.0163614035661742,987,1.404500884810932,97,1,0.6023575727665027,1.476026056481628,1.919829580537548,1.6197903294580496,358
K4A,-0.0165506143839943,988,0.955164118233387,653,1,0.7523261423421468,0.2958388280313109,1.597962246312332,1.1745292562477585,4
P82Q,-0.0165879455658714,989,0.3673457200856566,1858,1,1.0357580378889202,0.4110612968867754,0.5969722808290004,-0.5744087352620699,82
G289Q,-0.0167133855949207,990,-0.3635647483227016,3166,1,-0.3741211090705291,-0.5486331261289672,0.027932617769817,-0.5594373758611273,289
H359P,-0.0167620026215885,991,1.1735850657140858,333,1,1.326869603640817,0.9366946918554868,1.919829580537548,0.5109463868224917,359
V327A,-0.0167634337377663,992,-0.2747358980532167,3041,1,-0.392217823740575,-0.0982047005895082,0.0191191674715318,-0.6276402353543157,327
A319V,-0.0167728768386919,993,1.1020408466911484,436,1,0.6117415531006082,1.1186897085273406,1.3427082115696205,1.335023913567024,319
E99G,-0.0168869721126011,994,-0.0858753429242412,2735,1,0.3172936776489142,-0.3203652584651998,-0.000546031944721,-0.3398837589359584,99
K204G,-0.0168954617149702,995,-0.3342363632213465,3120,1,-0.4471621925628548,-0.5956446009792722,-0.5676015944587226,0.2734629351154635,204
A318L,-0.017095968557488,996,0.8713425783847977,810,1,0.291357920618024,0.8251547542933207,1.1352115166724228,1.233646121955423,318
A316C,-0.0171205323044019,997,0.4736519109240413,1621,1,-0.5659104378766293,0.339058721542272,1.117400403178258,1.0040589568522649,316
S28K,-0.0171242945401178,998,1.165930642550583,348,1,0.6176723160969769,1.0057993256275153,1.4898215805482191,1.5504293479296225,28
H85N,-0.0171421161896848,999,1.0568641358363955,489,1,1.1330783101548003,1.5599074311514742,0.1795429820394565,1.354927819999851,85
T155Y,-0.0172105268960182,1000,-0.5567947948900285,3376,1,-0.7993609768629208,-0.7512820947194988,-0.060071750263392,-0.6164643577143022,155
A362T,-0.0173078154138804,1001,1.142782115884824,373,1,0.6325583653300912,0.85978800279781,1.919829580537548,1.158952514873847,362
H85E,-0.0173511196279207,1002,1.034447373039404,530,1,1.7413637863899123,0.8631720729912477,0.1703768842620357,1.3628767485144198,85
G229Q,-0.0173686731997628,1003,-0.4054911002291834,3205,1,-0.623680795297251,0.0407510525604445,-0.6153239206572463,-0.4237107375226807,229
Q3Y,-0.0175203824853797,1004,0.7773564118043235,996,1,0.2683683913373068,0.1037000648379509,1.919829580537548,0.8175276105044886,3
Q143A,-0.0175213334448766,1005,0.9447465324910002,675,1,1.4068964983210268,1.4558811844145338,0.2794373654687542,0.6367710817596856,143
K256N,-0.017548053834787,1006,0.802353726404203,960,1,1.0855113872110167,0.7674161151751647,0.2798510441066322,1.0766363591239982,256
V6T,-0.0176779607389134,1007,-0.3308474555652996,3116,1,-0.7235346789644032,0.0563321484999314,-0.6971993418673534,0.0410120500706268,6
K306H,-0.0177099437597441,1008,0.8906762335659159,776,1,0.6784369477911312,0.8405340442464333,1.7272836228391524,0.3164503193869463,306
L145S,-0.0179363238806629,1009,-1.0887195181970717,3735,1,-1.5037572482364043,-1.0512879011625402,-1.250829174227468,-0.5490037491618741,145
R304L,-0.0179454270539116,1010,1.1831794175379655,323,1,0.9685097199945146,0.8943847005165172,1.801288480572407,1.0685347690684233,304
V299G,-0.0179688615441532,1011,0.4732282474772452,1624,1,0.7944181890091628,-0.2264145861206897,1.1374212204480236,0.1874881665724839,299
P217H,-0.0183585024292127,1012,0.0601214209583847,2460,1,-0.3614482169466619,0.1250440753038159,0.1893399150596138,0.2875499104167711,217
R357P,-0.0183808784759182,1013,0.3748243088169077,1837,1,0.4363316467416137,-0.8613688770169164,1.919829580537548,0.0045048850053859,357
E71L,-0.0183996122226806,1014,0.8118582242853554,936,1,0.8931435051472558,1.2090973559710336,0.4577373226487146,0.687454713374417,71
V78D,-0.0184500147108164,1015,0.3097516491891113,1965,1,0.5206122458762986,0.2963190920422389,0.402188407528177,0.0198868513097309,78
D169L,-0.0185324300758672,1016,0.1826288530871115,2214,1,0.1716697756327187,0.2136672724918557,-0.5072087195411858,0.8523870837650577,169
K75S,-0.0186658969644498,1017,0.5538460559366678,1459,1,0.3789491699163041,0.3105823942566907,0.5027320668596595,1.023120592714017,75
S219K,-0.0187124600651284,1018,0.8104150026062852,944,1,0.3967252927096799,0.625541244455423,0.838786929224387,1.3806065440356508,219
K322R,-0.0188105281711635,1019,1.46089279033052,74,1,0.9488674973576812,1.4897921507172416,1.779393743905764,1.625517769341393,322
I274M,-0.0188113526685331,1020,0.3179141180056664,1944,1,0.7536346214488591,0.1363511702525856,0.000591887177103,0.3810787931441178,274
G229N,-0.0188985274161676,1021,0.1025424538252475,2379,1,-0.1026575150281115,0.8346023557534423,-0.2747329514796436,-0.0470420739446968,229
K256L,-0.0189047733664866,1022,0.3826301597460454,1817,1,0.1661992332722532,0.5938509206674027,-0.2904838488841778,1.0609543339287033,256
T155N,-0.0190127090021279,1023,-0.0528631142683133,2669,1,-0.4715157556642445,-0.2949164013823676,0.6800055004179126,-0.125025800444554,155
K90Q,-0.0190253603338383,1024,0.7640116427266906,1024,1,1.028476911089059,0.8981484487336435,0.3110092164799362,0.8184119946041236,90
S41H,-0.0190964634989886,1025,0.8536091934865454,852,1,0.0748993800535925,1.6048229577766615,0.3205907875423673,1.4141236485735598,41
E364R,-0.0191574332926483,1026,1.4630201097232431,70,1,0.9101601705303826,1.5432806593925503,1.919829580537548,1.478810028432492,364
E275V,-0.0193561277309552,1027,-0.0300166711233386,2637,1,-0.9891981859403176,0.2748175296203137,-0.119509074613636,0.7138230464402853,275
A318S,-0.0193580221639866,1028,1.1945587552053674,303,1,0.8705291495371822,1.1847125689777602,1.2586124215948455,1.4643808807116814,318
A154D,-0.0193745795953166,1029,-1.3146657304554823,3800,1,-1.6899725612018888,-1.0500092259714648,-1.3260142150674767,-1.1926669195810995,154
L277I,-0.0194193139821357,1030,0.9158934734372004,726,1,0.8075663476325585,1.4536712725511796,0.4407488102595028,0.9615874633055608,277
K208R,-0.0194414451233013,1031,1.097008208646706,441,1,1.282198464020042,1.299266112685677,0.4485187725771863,1.358049485303919,208
K208G,-0.0194851545849581,1032,0.7257405756237634,1114,1,1.4509157618960888,0.6225928989372465,0.5055386993385743,0.3239149423231444,208
S267P,-0.019492706516466,1033,0.7378211921372448,1083,1,1.256931230776851,1.3561397247956846,1.173168421019929,-0.8349546080434844,267
D216Y,-0.0195115999552475,1034,-0.4667236932295753,3270,1,-0.7992779936673291,-0.6312145703589372,-0.0266678986582093,-0.4097343102338256,216
P263Q,-0.0195566142499143,1035,-0.4181954886108873,3216,1,-1.0547767667614123,0.0897235262038856,-1.0274691526912505,0.3197404388052278,263
R260V,-0.0196912567803293,1036,0.2721616314148353,2049,1,0.1484338912185227,0.3016498640605664,0.0743743550833761,0.5641884152968759,260
A319R,-0.0197326578849494,1037,1.1909685696972618,310,1,0.7746048209020272,1.2844347293735712,1.3358094048301452,1.369025323683304,319
D216I,-0.0197500535843239,1038,-0.222285936988914,2975,1,-0.5451165629728817,-0.2028308652323766,0.2476602087027827,-0.3888565284531809,216
S219Q,-0.0198076593966582,1039,0.9322429926352522,699,1,0.5141021335968256,1.0694212305801345,0.6596951099112205,1.4857534964528285,219
M58E,-0.0199049518332067,1040,1.2260770895874855,263,1,1.397596208760685,1.435083343496146,0.3925163074756929,1.6791124986174184,58
G289L,-0.0201863884656094,1041,-0.7725418705606151,3540,1,-0.3738400826066323,-0.9525854364627782,-1.09729411125623,-0.6664478519168198,289
T61R,-0.0203683690236811,1042,1.121286035398868,413,1,1.4312057886493064,1.1952213795487614,0.3781697619120647,1.48054721148534,61
D62E,-0.02043496085503,1043,1.2162107219249108,273,1,0.843363749400887,1.5222130781131733,1.1207546641954973,1.3785113959900852,62
R253I,-0.0204612992844729,1044,0.2764623242510728,2038,1,0.1921385576764263,0.5750433381911334,0.1674982268789194,0.1711691742578122,253
R209S,-0.0205227094950277,1045,0.6967361389163726,1185,1,0.7884262008459848,1.2262267565105032,0.721209150722902,0.0510824475861001,209
Y358D,-0.0205432156389926,1046,1.8152864294635715,13,1,1.0783487502725069,2.122590674366,1.919829580537548,2.140376712678231,358
P82R,-0.0208476773497773,1047,0.2535037312575752,2083,1,1.10531114426582,0.1345324437288256,0.3895407430075556,-0.6153694059719004,82
D352E,-0.0209368446141508,1048,1.2946751601023685,181,1,0.7976847039842925,1.3089425102166978,1.6868133372676224,1.385260088940862,352
G91C,-0.0210249915996645,1049,-0.5424869803715342,3360,1,-1.105319429361618,-0.3339707733379513,-1.037990459241575,0.3073327404550071,91
A344N,-0.0210397892337461,1050,-2.1301026549323345,3950,1,-2.8106940703934726,-1.652216802459198,-2.608814158833712,-1.448685588042956,344
H1D,-0.0210685006128152,1051,1.5008034376504351,55,1,1.1499065435397893,1.2401886613575028,1.919829580537548,1.693288965166902,1
R253W,-0.0211151439022265,1052,0.3797395394994949,1822,1,0.005571126295729,0.7723673042715877,0.1648342206869617,0.5761855067437012,253
D216H,-0.0211275829620986,1053,-0.0145144442125129,2607,1,-0.1318595413472663,-0.3927862816608086,0.4465959110269087,0.0199921351311144,216
K322M,-0.0212818816571486,1054,0.2565230490124895,2075,1,-0.8572719261352878,-0.3155148138589898,1.3978598287329094,0.8010191073113268,322
S267F,-0.0213171997461698,1055,0.3168678005788315,1948,1,0.1731143357803313,0.0116364654995482,1.0317642940350067,0.0509561070004399,267
R297G,-0.0213487885849919,1056,0.7378855580718469,1082,1,0.6935572643639564,0.2037932980319332,1.3212806666341144,0.7329110032573835,297
A171G,-0.0213789531404092,1057,-0.2633500501113345,3027,1,-0.4263069549076536,-0.0673948925221175,-0.2424874650148688,-0.3172108880006979,171
K322Y,-0.0214307531290421,1058,0.0222308113830199,2540,1,-1.0131933017328467,-0.3401944877100623,1.463379590184012,-0.0210685552090234,322
H30R,-0.0216348158833543,1059,0.8607485827481742,832,1,1.2997233474250585,0.9627495058075528,0.3449640128434164,0.8355574649166693,30
L302F,-0.0217563196199286,1060,0.6009539521836068,1374,1,0.4711927850040165,0.7810244831014467,0.9814190342921704,0.1701795063367938,302
V299L,-0.0217759964826816,1061,0.9473534356368158,668,1,0.8906548937522148,0.9113294609416864,0.9234955217794584,1.0639338660739035,299
L277V,-0.0218095045057826,1062,1.1636348388324165,352,1,1.2179162548569418,1.6031264053451866,0.4706936452880854,1.3628030498394514,277
P308N,-0.0220092320688603,1063,0.7209894798770377,1123,1,0.4419055151701102,1.2084710710953968,1.3230896365429754,-0.0895083033003315,308
S205T,-0.0220615168707126,1064,0.501501980503845,1575,1,0.8589811003294977,0.6960121104613112,0.5182923356394666,-0.0672776244148955,205
R253Q,-0.0221117006318361,1065,0.6953139597439284,1189,1,0.5496935416698913,0.9785679441001628,0.4303973267014813,0.8225970265041784,253
R357V,-0.0221786046253689,1066,1.1325314719910824,395,1,0.5177517235321839,0.9129301190739498,1.919829580537548,1.1796144648206488,357
V78R,-0.0223116959826609,1067,0.7027869663216743,1165,1,1.4240516229939089,0.5050287705465192,0.4452566877520063,0.4368107839942623,78
A171M,-0.0225610343429566,1068,-0.8753260642138072,3619,1,-0.9314980556532464,-0.3366055999737464,-0.97159383540425,-1.2616067658239858,171
S219C,-0.0226733903551119,1069,0.5777018619615593,1411,1,0.0174947815829399,0.8351109917966991,0.4289377707747733,1.029263903691825,219
L173D,-0.0227357837644667,1070,-1.002255881847837,3689,1,-1.9438342735757344,-0.5634797826885739,-0.0509919053313491,-1.4507175657956912,173
R357K,-0.0227594871272892,1071,1.310288888225632,164,1,0.6442729509224867,1.2284910348939064,1.919829580537548,1.448561986548588,357
G101S,-0.0228668768714046,1072,0.3662368090716625,1861,1,1.045423152789143,0.8468971144332004,0.6416275120466078,-1.0690005429823013,101
T92A,-0.0228706223507314,1073,0.9129334091177828,731,1,0.6211524803700894,1.3813306737645292,0.441467331104311,1.207783151232202,92
D303V,-0.0229405630618713,1074,0.8448428160687104,874,1,0.8495747723181332,1.191184617884235,1.8710544781304943,-0.5324426040580205,303
N247W,-0.0231249623352396,1075,-0.422817618373758,3221,1,-0.6464289814565393,-0.3909127765092675,-0.9250385572367338,0.2711098417075085,247
S267K,-0.0231537121248319,1076,1.1735616494071812,334,1,1.0086722894343247,1.4341956792913937,1.1529169336058998,1.0984616952971078,267
K140E,-0.0231782139530054,1077,0.744106936535395,1069,1,1.023216814269854,0.6775640127298552,0.1177893560104253,1.1578575631314452,140
S315E,-0.0232450031603873,1078,1.303713446748345,172,1,1.0977966935638102,1.203336002698948,1.3782946873483568,1.5354264033822649,315
S219L,-0.0232934610037369,1079,0.8293134538170841,901,1,0.5978936389752084,0.8354101820102396,0.5344548194665002,1.349495174816388,219
G91D,-0.0233218283623121,1080,0.5571885361204553,1452,1,-0.3190076683750891,1.7322678445545947,-0.5748829143578588,1.390376882660174,91
H257E,-0.0235857184249592,1081,1.2431164240946944,241,1,1.1383616194690305,1.7015484465835184,0.2596682584497548,1.8728873718764731,257
H30D,-0.0236120755946666,1082,0.2235756731516041,2138,1,0.213265348110002,0.3449353778027236,0.0557639980417906,0.2803379686519003,30
S267H,-0.0236684644987931,1083,0.7044237822821381,1157,1,0.2856217416188981,0.6990942324894622,1.2639318913663933,0.5690472636537988,267
S219D,-0.0236728157244743,1084,1.133921645884794,393,1,0.8851926064704201,1.441150124073795,0.6600357777630868,1.5493080752318746,219
P248T,-0.0236848650556786,1085,0.3064554316058593,1971,1,0.3202239848902219,0.4091845582745667,0.0831965036367658,0.4132166796218827,248
L60T,-0.0236995803284447,1086,0.8484558434071094,865,1,0.805204903758948,1.0570046306643368,0.1876250082472028,1.3439888309579502,60
T83F,-0.0237203430572067,1087,0.0286555383810791,2526,1,-0.1799165997596607,0.3959218536337738,-0.3964239546581115,0.2950408543083151,83
A67G,-0.0237303011434488,1088,0.0361211732386733,2509,1,-0.113802834326351,0.5175972955628035,-0.355790599649065,0.0964808313673057,67
S41T,-0.0237428839378423,1089,1.344467167703692,137,1,1.1453098700489617,1.4856337459453923,1.2482427051015093,1.498682349718904,41
K25C,-0.0237633590182669,1090,-0.2879751345263684,3064,1,-0.8954403044275966,-0.3767479363422047,-0.0140637192551558,0.1343514219194832,25
Q143L,-0.0237984668890494,1091,0.7581327007956886,1035,1,1.1757842300232195,1.14962980603928,0.2479752846102424,0.4591414825100126,143
K151S,-0.0238001921950801,1092,1.1098265697273892,428,1,1.0677823281935397,1.4326510678107025,0.6807324799046769,1.2581404030006378,151
E321I,-0.0238515494577415,1093,0.513576432814878,1551,1,-0.3162925042079045,0.4071107053640113,1.6841708145189385,0.2793167155844669,321
E99V,-0.0239792581376837,1094,0.1591245610638767,2269,1,0.1700973993503521,0.1309729741444662,-0.0791785553034766,0.4146064260641652,99
V231T,-0.0240532450890137,1095,0.3893497530779966,1801,1,0.419154990071865,0.563269230080054,-0.1286567803701537,0.703631572530221,231
R65M,-0.0240627574677685,1096,0.0349855418594843,2511,1,-0.5122881199034951,-0.2929171082707365,-0.0420924707738457,0.9872398663860148,65
A348V,-0.0240725909771772,1097,0.0733470284033643,2435,1,0.3894562389623749,0.4142321171791231,-0.1533762971009268,-0.3569239454271136,348
G269C,-0.0241208912632432,1098,0.0013473662595686,2571,1,-0.4623684602286036,-0.463896548663424,1.636541449034784,-0.7048869751044818,269
G289T,-0.0241912080366823,1099,-0.4292989437309321,3230,1,-0.1478829733541636,-0.3609204633800822,-0.3078880229517078,-0.900504315237775,289
A318E,-0.0243604492790545,1100,1.167592069769263,345,1,0.80220750434849,1.2027081090181262,1.2138321841506166,1.451620481559819,318
S267G,-0.0244328282197887,1101,0.8188929054519292,924,1,0.9050167847996248,0.5923192113287873,1.115875311132002,0.6623603145473024,267
A318R,-0.0244515346715614,1102,1.1238544037245346,410,1,0.864433088417903,1.1630520359981582,1.1117307362434656,1.3562017542386116,318
G101A,-0.0245832845256372,1103,0.6065993116356098,1361,1,1.263657871804367,1.2895023621844508,0.6901249168474476,-0.8168879042938265,101
Y114Q,-0.0246135255452347,1104,-0.5188756958860166,3334,1,-0.6434744101804241,-0.4282756047273515,-0.3894414650693077,-0.6143113035669828,114
L145M,-0.0246273285379525,1105,0.1452991868741644,2305,1,-0.081978051583753,0.1772252831509623,-0.1625080700039673,0.6484575859334157,145
F355L,-0.0246281257142215,1106,1.313317780697148,161,1,1.529565434284702,1.7229930747372175,1.919829580537548,0.0808830332291246,355
A354Q,-0.0246744498941443,1107,0.5719308173601599,1419,1,0.4420610447832598,0.1119546461140946,1.919829580537548,-0.186122001994262,354
S120T,-0.0247364645460523,1108,0.6776405971248596,1227,1,0.3113223370098881,0.7098333795821403,0.4553446788575153,1.2340619930498944,120
K25R,-0.0247507082723366,1109,1.193054828739329,305,1,1.481373503610784,1.390803215667595,0.477796300285526,1.4222462953934114,25
N98S,-0.0248185168528648,1110,1.0365367817401712,526,1,1.2218388225544927,1.4383715986418588,0.6452413903640748,0.8406953154002583,98
E99R,-0.0248509955903205,1111,0.1711038087984151,2238,1,0.4224378874471664,-0.0637334738249435,0.1264308670038331,0.1992799545676045,99
P123R,-0.0249898145029487,1112,0.0727580938630915,2437,1,0.1563249995398419,0.0834863707795876,0.1738358060677748,-0.1226148009348382,123
P82K,-0.0250158871178986,1113,0.4792338427301483,1613,1,1.1551888209691852,0.6137748078882805,0.539834123616848,-0.3918623815537202,82
D62R,-0.0250246079561813,1114,0.5369875418431862,1503,1,0.4927651924462275,0.651539346043426,0.0656417415677649,0.9380038873153264,62
E353C,-0.0250796897902119,1115,0.3794702825963417,1823,1,-0.4112303705968351,-0.2788523151808017,1.919829580537548,0.2881342356254562,353
R317S,-0.0251094078142706,1116,1.6253218640057774,30,1,1.4013673252470484,1.602556016543297,1.7380306079110617,1.759333506321702,317
D303N,-0.025121164375839,1117,1.0857917539510928,455,1,0.5549956312880971,1.258837069203517,1.8380841201774116,0.6912501951353461,303
E321T,-0.0251765979802338,1118,1.200088519629531,296,1,0.5315076721501999,1.5777483990916896,1.721351047813338,0.9697469594628966,321
K90V,-0.0252730564377491,1119,0.4842228990161646,1605,1,0.8318117888583086,0.7843222642758912,0.2875838733619413,0.0331736695685174,90
E345S,-0.0253472883738452,1120,0.0912656370836913,2405,1,-0.2810334121887163,0.1319866323631748,0.1170168657835294,0.3970924623767774,345
S315I,-0.025355472141571,1121,0.9914854941679464,594,1,0.3809812459784199,0.8807361362360533,1.3237707119626745,1.3804538824946375,315
D132S,-0.0254009692979677,1122,0.3496501299241945,1879,1,0.7402726661153614,-0.2170859886933749,0.2959540086860234,0.5794598335887683,132
E353F,-0.025460603309829,1123,0.4392038080389964,1688,1,0.0016527352748866,-0.2971233967910019,1.919829580537548,0.1324563131345532,353
S119H,-0.0254934050260097,1124,0.3409589068796959,1900,1,0.3490108200621282,0.1970488062887644,0.1461612387208441,0.671614762447047,119
V251D,-0.0254959315106267,1125,-0.1587755885698909,2867,1,-0.4401096036850078,-0.0986931433538897,-0.3411463997036897,0.2448467924630236,251
E353V,-0.0255100629790313,1126,0.9118989725231872,733,1,0.5624414960448161,0.4018815020513613,1.919829580537548,0.763443311459023,353
S215N,-0.0255222871871039,1127,0.1686488854348825,2245,1,0.4550045069380409,0.2273741658667159,0.5468533025407456,-0.5546364336059724,215
T59Q,-0.0255402482195455,1128,0.1428826593179579,2312,1,0.6141062793507378,0.4673949656442495,0.0346112209405508,-0.5445818286637065,59
R313F,-0.0256093673895534,1129,1.109516338427167,429,1,0.329927928142622,1.4925188298264138,1.1001224197455466,1.5154961759940848,313
A362Y,-0.0257407015867927,1130,0.8084971054053297,946,1,0.2229832463763458,0.4259884095559356,1.919829580537548,0.6651871851514898,362
Q143P,-0.0258077086920344,1131,-0.0537743648982749,2671,1,0.5200542615229927,0.2028199629697857,0.1414624855956759,-1.0794341696815544,143
E79A,-0.0258092563832391,1132,0.4903023169069335,1594,1,0.1404926529492271,0.4409392342699919,0.2944603702113259,1.085317010197189,79
R288H,-0.0258232480615475,1133,0.4729125981294191,1625,1,0.4130314021962082,0.6397112201188403,-0.1314603638064378,0.970368134009066,288
Q356P,-0.0258580271196841,1134,0.5443140791979229,1480,1,1.1296767067137063,-0.522864346643608,1.919829580537548,-0.3493856238159541,356
D352T,-0.0259700708501249,1135,0.3916021751347704,1796,1,-0.0877650386266035,0.2584409389553993,0.439756964584547,0.9559758356257392,352
E323T,-0.0259824596200822,1136,1.276838626664365,200,1,0.871215166229684,1.0927304718685389,1.8981973188246757,1.245211549734562,323
P206Y,-0.0261283251063076,1137,-0.6961083395721392,3483,1,-1.3250908509263808,0.1264414375217505,-1.3223204477002606,-0.2634634971836663,206
G104T,-0.0261441565213686,1138,0.6960207300508635,1188,1,1.1141987290299895,1.299597529525743,0.5303088043206432,-0.1600221426729215,104
E71M,-0.0261565106296811,1139,0.5442933383688564,1481,1,0.3304741588362963,1.047591170744794,0.1316519723919972,0.667456051502338,71
S120G,-0.0261992165406101,1140,0.4191178689672353,1736,1,0.1371350864218521,0.1626936037010966,0.2691003608544294,1.1075424248915628,120
H257G,-0.0263537072871533,1141,0.9781916229708584,613,1,1.3510263617357023,1.632270664162798,-0.1581690524737966,1.087638518458729,257
M87I,-0.0263789385536121,1142,0.8543268934292524,851,1,1.1967489064356578,1.6136273224680877,0.0516130914680691,0.5553182533451948,87
E79K,-0.0264928460214766,1143,0.1523794957209937,2285,1,-0.359057683748211,-0.1163376944088436,0.3179851550941587,0.7669282059468709,79
A354G,-0.0265792686436732,1144,1.0486411386000998,503,1,0.59090329732153,1.03057841254382,1.919829580537548,0.6532532639975015,354
G101D,-0.0265888829751601,1145,1.045226571942063,511,1,1.5535244242805717,1.3951575063397426,1.6899470331690376,-0.457722676021099,101
R209K,-0.0266621890089624,1146,0.8200154830227636,921,1,0.644017102448536,0.9959127977320597,0.8837743216306394,0.7563577102798192,209
A218G,-0.0269002201289038,1147,0.7147819247553936,1134,1,0.8927832692380168,0.7869418112250018,0.4633054415763533,0.7160971769822027,218
D100Q,-0.0269866566673173,1148,0.9028593340812648,753,1,0.575793810625723,1.1638457000142373,0.4056744977295003,1.4661233279555983,100
R147V,-0.0270197741541053,1149,0.4524567311164462,1660,1,0.2998208503768974,0.7321511055172901,0.0997284017718936,0.678126566799704,147
Q97I,-0.0270284687548234,1150,0.6529443852351583,1278,1,0.901826629302201,0.8489618375724588,0.1789722700660951,0.6820168039998782,97
P308V,-0.0270420950945986,1151,0.9691775353940336,628,1,0.7514161083659505,1.4109250968783242,1.347092852171315,0.3672760841605454,308
N98K,-0.0271511596128068,1152,0.4332358581775104,1706,1,0.4780246881120611,0.5069405700165553,0.3277548566463694,0.4202233179350559,98
C207E,-0.027331651842007,1153,1.0087477739437063,570,1,1.930309171801562,0.8085496023400374,0.663672612359256,0.6324597092739705,207
P64S,-0.0275364193055721,1154,0.794824714952739,974,1,1.6600040306384878,0.4145233822439684,0.5914087964052229,0.5133626505232768,64
E148A,-0.0275658385391389,1155,-0.1478342308191784,2853,1,-0.2372328295786363,-0.2728814447526618,-0.0162507402188525,-0.0649719087265631,148
V347W,-0.0275788783845153,1156,-1.7213830283646083,3899,1,-1.9874335108860408,-1.936833618567124,-1.119849685432048,-1.841415298573222,347
K306Q,-0.0276379698521237,1157,1.2183158781881638,270,1,0.8667525493199872,1.0118443437468472,1.8806808249255007,1.1139857947603204,306
I298Y,-0.0276660235054951,1158,0.1460815842584332,2302,1,0.2256393769035585,0.3740406448887547,1.034980036692163,-1.0503337214507438,298
I127H,-0.0277188334820349,1159,0.3934750101331539,1791,1,0.9491673041255544,1.1116006788697974,0.2502779955141018,-0.7371459379768378,127
P82C,-0.0278056061483898,1160,-0.6414045443075475,3430,1,-0.7090072735896416,-0.9092601067735764,0.2593504561047433,-1.2067012529717154,82
R147F,-0.0278306486376696,1161,0.070128058478861,2443,1,-0.0395596639674217,0.32774763231856,-0.4771034462950231,0.4694277118593289,147
R5E,-0.0278713701506895,1162,0.2635483743511342,2062,1,0.4489451710913726,-0.1469027738845272,0.4954388210645787,0.2567122791331127,5
V327F,-0.0278868278315033,1163,-0.7790495090595104,3543,1,-0.1730627813832398,-1.3308790317763088,-0.1189566157236453,-1.4932996073548477,327
G63V,-0.0279008370392287,1164,0.0500763597232652,2482,1,0.5724239499276133,1.259283855405069,-0.0488168143592424,-1.5825855520803789,63
V251A,-0.0279088106516224,1165,0.963765702792474,635,1,1.2395678422620713,1.8158028109749744,0.9520812235553592,-0.1523890656225099,251
D216E,-0.0279231197036757,1166,0.1758407847822866,2228,1,-0.0911236370388122,0.1025459095831741,0.4319753173708817,0.2599655492139031,216
R363G,-0.0279749113750084,1167,1.1913795009113597,308,1,1.008864102083728,0.9938969886105478,1.919829580537548,0.8429273324136153,363
A362D,-0.0281403090138891,1168,1.1093860598921408,430,1,0.6173363147401217,0.7619245894407041,1.919829580537548,1.1384537548501896,362
A362I,-0.0281535122933358,1169,0.9963313544178568,589,1,0.4564078211747225,0.6175473054695665,1.919829580537548,0.9915407104895912,362
S205G,-0.0281710974789119,1170,-0.0038500721038096,2580,1,1.0092174587607414,0.0092937915452523,-0.1438092650362957,-0.8901022736849369,205
A218E,-0.0281903095679478,1171,1.2447073242086728,238,1,1.038151352262685,1.339769573314085,1.1872532356895238,1.4136551355683964,218
G269A,-0.0282697486860721,1172,0.5596417633537979,1445,1,0.7154756283948008,0.1065065818950784,1.6730153810404664,-0.2564305379151542,269
G170K,-0.0282900029436228,1173,0.657313292442716,1269,1,0.666877203888663,0.0896644362952144,1.0205613344200417,0.8521501951669449,170
H30N,-0.0283443707817521,1174,0.1624345429641491,2259,1,-0.2818541439031475,0.5031066366825844,0.0534027995609129,0.3750828795162467,30
R209M,-0.0284828486430437,1175,0.405772761098303,1764,1,-0.4117714320388655,0.8841172582741763,0.409053544197013,0.7416916739608886,209
G228N,-0.0285577708446308,1176,0.4533701723420017,1658,1,1.265436536606235,0.6619914125497698,0.4645149025973978,-0.5784621623853955,228
K320N,-0.0285753708162697,1177,0.9092854705275076,737,1,0.5573403487999244,0.3489440448151261,1.7790456280050122,0.951811860489968,320
I271S,-0.0286393322412976,1178,0.7492216818331405,1055,1,1.110531429985387,-0.0513305527157933,1.0860673381940238,0.8516185118689445,271
P248R,-0.0286934442505955,1179,0.3422766902643476,1896,1,0.3339248505130587,0.4312555901811329,0.0409855183497308,0.5629408020134681,248
K4S,-0.0288106018788382,1180,0.9491049884098692,665,1,0.6742536965021225,0.5481197694391018,1.5268001073138695,1.047246380384383,4
R357Y,-0.0288347941403812,1181,0.8076837445771107,947,1,-0.0385754620403572,0.4828594033949431,1.919829580537548,0.8666214564163092,357
I271E,-0.0288656514334269,1182,0.9918984879081024,593,1,1.2068556189074016,0.4482916800198655,1.0189624708655654,1.2934841818395777,271
A154I,-0.0289037698235921,1183,-0.4570240843953824,3259,1,0.3918192503181855,-0.5282490096730627,0.1500645718107196,-1.8417311500373723,154
P116S,-0.0289087627679866,1184,0.891619394228869,774,1,0.6762763774985128,1.0685479584454125,0.5090495171684603,1.3126037238030908,116
P206N,-0.0289579471476526,1185,0.6657561948100273,1253,1,-0.2926053421596986,1.385653168740112,1.1591923293118056,0.4107846233478902,206
R363C,-0.0290133333116745,1186,0.8339620446709473,895,1,-0.038855938165676,0.4780840891983635,1.919829580537548,0.976790447113554,363
T111A,-0.0290510124539483,1187,1.1861506981153882,313,1,1.5742347066853013,1.2331011018150426,0.1751223996085272,1.762144584352682,111
E71G,-0.029085302977519,1188,0.142699201553416,2313,1,-0.1044778384948438,0.470308313705788,-0.2143252251130783,0.4192915561157984,71
T130M,-0.0291233527432376,1189,0.3324138845332296,1917,1,0.4691833809258218,0.7416844887868885,0.1635345550587177,-0.0447468866385097,130
V29R,-0.0292089293716562,1190,-1.9199487800774948,3926,1,-2.3382263963236034,-1.9252892763670155,-2.203219051835988,-1.2130603957833732,29
T264G,-0.0292544280473839,1191,0.8496941889077281,864,1,0.7846526471459184,1.2319685742910549,0.6945692160427925,0.6875863181511462,264
D352Y,-0.0293059856760417,1192,-0.7038858749133776,3490,1,-0.8780036520896128,-0.3385067480439362,-2.127219712094244,0.5281866125742826,352
L117Y,-0.029327126881968,1193,-0.9287986779323016,3655,1,-0.5540409712844082,-1.0467488831994562,-0.7116124869440938,-1.402792370301248,117
H257T,-0.0293652330315755,1194,1.1302657571470398,400,1,1.1385267013874991,1.9526311689097875,0.2723055405218236,1.1575996177690488,257
N113I,-0.0294872110053788,1195,-0.7001331390179002,3486,1,-0.3814279248890163,-1.324682706718088,-0.102052210877254,-0.9923697135872422,113
G360V,-0.0295370074763085,1196,1.394279984279116,103,1,0.7280430127512743,1.4127299147661243,1.919829580537548,1.5165174290615182,360
L173M,-0.0295820746276758,1197,0.1248492951728085,2347,1,-0.0615783370315924,0.4821055632510573,0.0284086814318384,0.0504612730399308,173
Y358Q,-0.0296213664790254,1198,1.903577998668016,8,1,1.180248812427838,2.160067561324105,1.919829580537548,2.354166040382572,358
R253K,-0.0296756243397615,1199,0.7744747609087255,1000,1,0.6176145010638567,1.091648261113617,0.2885111017824414,1.1001251796749874,253
T130R,-0.0297067499662431,1200,0.3362211228396354,1907,1,0.685732432531395,0.3297469888313806,0.2969894439412232,0.0324156260545426,130
I127Q,-0.0297938272974752,1201,0.3862838037054913,1806,1,0.6379388290582978,0.6986074381560095,0.1301221780793183,0.0784667695283396,127
R317A,-0.0297941513624258,1202,1.6226601015596818,31,1,1.5226580659991409,1.6871921982251696,1.4506532658113132,1.8301368762031036,317
D262E,-0.0299279575880239,1203,0.697342719063438,1183,1,0.5736688944109832,0.9983341208620063,0.2617815754941421,0.9555862854866204,262
R313S,-0.0299476420829008,1204,1.3652701334111754,124,1,1.142643499293207,1.5618024927074663,1.0922144003008865,1.664420141343142,313
S28N,-0.0299672135427169,1205,0.8365322864949166,888,1,0.1957623603184126,0.8447670563680988,0.8434508655948377,1.462148863698317,28
Q349L,-0.0300647864713939,1206,1.097926431427768,439,1,0.7895189374026227,1.133339821399307,1.042368261896053,1.4264787050130887,349
D62A,-0.0300798281645243,1207,1.0837068255028406,460,1,0.8063905885704304,1.1633016544066104,1.2527811635054655,1.112353895528856,62
D216F,-0.0301141439871226,1208,-0.546739822257755,3365,1,-0.7895638101863869,-0.6757790128969282,-0.2575083261596091,-0.4641081397880958,216
A319P,-0.0301143827336066,1209,0.8484014305461209,866,1,0.5310966675071347,1.1472660194888602,1.3181768937670575,0.3970661414214316,319
D268W,-0.0301369795573689,1210,-0.2009844644197269,2939,1,-0.5519796584853331,-0.8126340310319519,1.5008142416365302,-0.9401384097981532,268
Q356H,-0.0301520105630937,1211,1.105527690030648,433,1,0.5800621973272628,0.9060629143283848,1.919829580537548,1.0161560679293973,356
N113E,-0.0302087432679099,1212,0.4391612245382817,1690,1,0.5428204417882888,0.1335672240189419,0.5450587172673715,0.5351985150785249,113
D109A,-0.0302232163239342,1213,0.7134707290423216,1136,1,0.8192770218900598,0.8178037984714017,0.3391890084389231,0.8776130873689016,109
E165K,-0.030294650293221,1214,0.0336794321008424,2515,1,0.3993801161827698,-0.1400830883305384,0.3703296222854083,-0.4949089217342701,165
A362C,-0.0303150891271791,1215,0.7609172714212386,1029,1,-0.0799966951180904,0.452963777079839,1.919829580537548,0.750872423185658,362
S315N,-0.0304259983269498,1216,0.9951737912701806,591,1,0.4368645906896178,0.9943804543815488,1.3524585604693178,1.196991559540238,315
V324L,-0.0304754567037551,1217,0.8610550380489657,831,1,0.8296163703407293,0.4399667234233086,1.86270867917336,0.3119283792584644,324
T130K,-0.0304991260335597,1218,0.0603606265087388,2459,1,0.2773808538213229,0.0531026187060498,0.2509428120738551,-0.3399837785662726,130
A19G,-0.030709126956407,1219,0.5838161697872721,1404,1,0.2229470223049399,0.7564901564774438,0.2536071726461522,1.102220327720553,19
A354D,-0.0308198499715137,1220,0.2364008255705872,2117,1,0.1814006658204948,-0.6999783593358831,1.919829580537548,-0.4556485847398102,354
A295Q,-0.0309439779568168,1221,0.4486437945221704,1670,1,0.2583699579807966,0.4194830036986031,1.01766193141804,0.099060284991242,295
D346E,-0.0309568486895675,1222,1.5911066641283431,36,1,1.6174226248733552,1.9150735722373704,1.361411531904228,1.47051892749842,346
Q252R,-0.0311038235479108,1223,0.9234240612145888,718,1,0.8879829999557305,1.0348237720471527,0.4689773211140308,1.3019121517414411,252
N113K,-0.0311762808002404,1224,0.1312835663876067,2336,1,0.2868915299580776,-0.3149481340266895,0.2315079443092583,0.3216829253097804,113
L259C,-0.0312238607005927,1225,-0.2044139983414794,2947,1,-0.0773535958222083,-0.4039419745689055,0.1990090713177182,-0.5353694942925222,259
V203L,-0.0312631747519839,1226,0.4112149756690573,1753,1,1.456293473931405,0.4847497098617179,-0.0947582756843241,-0.2014250054325694,203
N113M,-0.031294075463982,1227,-0.4538524704102054,3257,1,-0.7854542551294653,-0.91622941913493,-0.1148725384796313,0.001146331103205,113
Q252L,-0.0315130057025952,1228,0.5379163647529613,1499,1,0.2127625941639944,0.8517797985443022,0.078626396379909,1.0084966699236395,252
Q252H,-0.0315203575440492,1229,0.6684898436512672,1248,1,0.4588925015799202,0.8243470231383078,0.3009072205165086,1.089812629370332,252
F168A,-0.0315571311706824,1230,1.026687548833577,543,1,1.693076057493514,1.3759284089798227,1.8291391558064192,-0.7913934269454478,168
L173C,-0.0315755938801656,1231,0.546969343354323,1474,1,0.0129881768968967,1.7946221536740143,0.1639942795072436,0.2162727633391372,173
K90Y,-0.0315886677314963,1232,0.3418755710240972,1897,1,0.3789063319544869,0.7658535928584226,-0.0661183347095366,0.288860693993016,90
F168M,-0.0317063031193624,1233,0.4928323973196372,1586,1,0.9251586264180656,1.1260799413861928,0.4241701640511987,-0.504079142576908,168
D109P,-0.0318247280827092,1234,0.0035836230017155,2565,1,0.305908145388826,0.924548830869414,-0.1951471563938341,-1.0209753278575435,109
L80C,-0.0318539214380411,1235,-0.6208621237425982,3420,1,-0.6651231377904427,-0.6438504274385359,-0.7182999258946724,-0.4561750038467413,80
V276R,-0.0319199297500145,1236,-0.7646404652836354,3532,1,-1.33438492952277,-1.0342768547936845,-0.3880974760770796,-0.301802600741007,276
P227S,-0.0319895900965904,1237,0.0212214983549745,2542,1,0.5444110676910031,0.0447876794974437,0.1714263953854999,-0.6757391491540486,227
A67S,-0.0320913366523848,1238,0.5348588541804893,1511,1,0.2064722733541345,0.7631980974348305,0.2963106695087992,0.8734543764241927,67
F355K,-0.0321301247514014,1239,0.5484884251489879,1468,1,1.0122545218587182,0.105994427085801,1.919829580537548,-0.8441248288861153,355
D100F,-0.0322673708176036,1240,0.0723758077950075,2438,1,-0.4764549264726434,0.2107621031837703,-0.3831657978391338,0.9383618523080371,100
V276T,-0.0323220684691585,1241,-0.0968900569399541,2759,1,-0.6376121839919732,-0.2415317121549656,-0.1990874657306079,0.6906711341177302,276
K4T,-0.03238099220065,1242,1.0025541981908757,578,1,0.9327156300851293,0.588353783927666,1.617630224639998,0.8715171541107093,4
D352V,-0.032506483976462,1243,0.1398639985655508,2320,1,-0.0951471623830134,0.2142296410432658,0.1068935381059809,0.3334799774959702,352
K306S,-0.032534900018249,1244,1.3228396387671997,154,1,1.387426639761347,1.4276903051346557,1.7544591068358095,0.7217825033369856,306
E71R,-0.032584011332953,1245,0.8982420325622655,758,1,0.7587623618400404,1.3714024437366397,0.4490740488259076,1.013729275846474,71
G63A,-0.0326228845592515,1246,0.6694802165883116,1247,1,0.8800416928941126,1.9422124514291528,0.0581498298674676,-0.202483107837487,63
A318V,-0.0326474324605039,1247,0.8990687934757323,757,1,0.2814699873860087,1.0500246035019472,1.1410349780122604,1.1237456050027128,318
L259V,-0.0327381665693687,1248,0.1348980174059334,2328,1,0.6215325088131894,0.5789648285678888,0.1489391488858248,-0.8098444166431692,259
V174D,-0.0329326935759056,1249,-2.408324301839727,3967,1,-3.483896993922886,-2.1189976628103486,-1.9883584020212293,-2.042044148604444,174
P64A,-0.0329699487037977,1250,0.6942665580846634,1192,1,0.9927925842435728,0.8588996570302696,0.5483854743814962,0.376988516683315,64
E275D,-0.0330014603174954,1251,0.6748561158993072,1234,1,0.1979157663820416,0.7152766253107499,0.4389794424835508,1.347252629420886,275
S119K,-0.0330212902736468,1252,0.8920095003652896,772,1,0.915767432717598,1.110563229354706,0.4381130577992337,1.1035942815896207,119
N98L,-0.0332765073722618,1253,-0.0997596643764877,2768,1,0.1737010360144425,-0.3694096290576033,0.1481612357808608,-0.351491300243651,98
P263T,-0.0333271051300542,1254,-0.448154118246057,3250,1,-0.9189639766082204,-0.0810262750802102,-1.0373677299374378,0.2447415086416402,263
L22S,-0.0333671401786435,1255,-0.8116167418726324,3564,1,-1.5375287357691965,-0.6653218742954196,-0.5969695394145138,-0.4466468180113997,22
R260F,-0.0334132299313269,1256,0.1517020381656502,2290,1,-0.3433156025118726,-0.0497234593627895,-0.1341688272415512,1.1340160417788143,260
Q356W,-0.0334625601273685,1257,0.7280710725955337,1106,1,0.0903568576252767,0.2770922374993997,1.919829580537548,0.6250056147199108,356
K306M,-0.0335043678914894,1258,0.7746367239529651,999,1,0.3752043419245175,0.5534980923496003,1.59848095381348,0.5713635077242626,306
P116Q,-0.0335376147087751,1259,0.7999302720676149,964,1,0.7626583855286745,1.1682419147229828,0.3288533574346467,0.9399674305841558,116
D169V,-0.0336373831880102,1260,0.1658164856630621,2251,1,0.0006024927184547,0.5054337139442482,-0.5400216369647408,0.6972513729542864,169
K4V,-0.033683690402464,1261,0.704268299760731,1158,1,0.6473558984994092,0.2628577194250088,1.2526377059642626,0.6542218751542432,4
V78I,-0.0337422902730104,1262,0.6259743154001124,1319,1,0.6915287163652248,0.8806414465594432,0.0285984771942315,0.90312862148155,78
D189R,-0.0337565737594446,1263,0.274300606869738,2046,1,0.5939654499621815,0.90691442400479,-0.0550919797145934,-0.3485854667734259,189
A348S,-0.0338459250049384,1264,0.391371183348935,1797,1,-0.0901900466059801,0.5365110750315883,0.1984158359798038,0.9207478689903282,348
L117R,-0.0339791006829464,1265,-1.067512134187677,3725,1,-1.2865501685860137,-0.9521152532409904,-1.0551797321101275,-0.9762033828135764,117
R147K,-0.0341004284191421,1266,0.9973156785939978,587,1,0.8339024071866655,1.238107790727778,0.5867347504498055,1.3305177660117429,147
Q252A,-0.0341614154485946,1267,0.909646417520688,736,1,1.017342893386619,1.0078254374423308,0.2503826650073071,1.363034674246495,252
A126N,-0.0342089352410158,1268,-0.4956951456035006,3305,1,-0.7213313788121886,-0.2932760858060335,-0.1901138868287414,-0.7780592309670388,126
P206L,-0.0343340671139017,1269,-0.1267910698935108,2814,1,-0.5995513968916749,0.6904820051030024,-0.7518817031325246,0.1537868153471537,206
H359R,-0.0343884715764817,1270,1.6804726894152664,24,1,1.4944460692994934,1.5717862146265196,1.919829580537548,1.7358288931975052,359
I127T,-0.034424912848281,1271,0.7084112409158467,1146,1,1.1538519601158044,0.7194791097596416,0.6426949239836175,0.3176189698043234,127
S215P,-0.0344722649545731,1272,-0.2103016588637931,2956,1,0.9582802623649144,-0.4029000394196525,0.3050062611824622,-1.7015931195828964,215
T83N,-0.0346148715035568,1273,0.4057919462944792,1763,1,0.78535698225109,0.391750752773715,0.208756843492324,0.2373032066607879,83
F355N,-0.0346565549631146,1274,0.6270048936364345,1318,1,0.6031736266030204,0.1872415298802606,1.919829580537548,-0.2022251624750906,355
L103F,-0.0346631568334665,1275,0.558739902673728,1447,1,0.5912671104315265,1.0112584850547046,0.0508211274725862,0.5816128877360947,103
C207A,-0.0349575443176971,1276,1.40512764603326,96,1,2.015967111157539,1.651257672005526,0.6614229899797234,1.2918628109902517,207
C207L,-0.0350843240675871,1277,1.0213698804081823,554,1,1.9141315958554352,1.455668901381585,0.349345230436559,0.3663337939591496,207
R5H,-0.0351107088789067,1278,0.8662740913237327,819,1,0.797435577502974,0.8353666570936057,0.6097975654275958,1.2224965652707551,5
D100G,-0.0352208831767659,1279,0.5068921083145275,1562,1,0.4421958384249863,0.8597240943987321,0.1205415279562381,0.605106972478153,100
P308F,-0.035357262548933,1280,0.8431531300073757,875,1,0.4084601425547175,1.595563626148943,1.1589962464535823,0.2095925048722597,308
P82Y,-0.0353696232233644,1281,-0.8720664811249135,3612,1,-1.0896245593132976,-0.6938378273244767,-0.3387289002686458,-1.366074637593233,82
Q252I,-0.0356696543507255,1282,0.0762911845669865,2427,1,-0.4184983777180945,0.2702307071603004,0.0502650699550541,0.4031673388706861,252
V174A,-0.0357646816366737,1283,-0.557689934839561,3377,1,-0.7099575510743585,-0.0003065433805227,-0.7062293077620257,-0.8142663371413368,174
E353Y,-0.0358098440613202,1284,0.4224345083021029,1730,1,-0.1023224964187171,-0.2692166023912512,1.919829580537548,0.1414475514808322,353
Q143R,-0.0359513867394607,1285,0.7192924534324752,1125,1,1.0124680728819548,0.8933523072462931,0.3584725151052892,0.6128769184963632,143
K90R,-0.0360878183775323,1286,1.1479792107739102,367,1,1.278846145364108,1.3559765697594968,0.4586644594244525,1.4984296685475835,90
H30S,-0.0362950757630237,1287,0.7502910136603763,1048,1,0.9001292868527161,0.989690604988498,0.6505234033391847,0.4608207594611065,30
D132I,-0.0363183958171669,1288,-1.3414898578276562,3809,1,-1.1234356908786591,-2.065874059681561,-0.1405856532006311,-2.0360640275497737,132
G153T,-0.0363335498392803,1289,-1.4980989857691085,3848,1,-1.940674819108987,-1.3440560814100042,-1.7781445061459629,-0.9295205364114788,153
I127Y,-0.0363714188056898,1290,0.5075741588318503,1558,1,1.308752909714893,1.3098385473410468,0.237136864670673,-0.8254316863992119,127
S119D,-0.0365213120931453,1291,0.7091244926914003,1145,1,0.6767306623397527,1.0084274634378116,0.183114236744152,0.9682256082438848,119
T59N,-0.0365734925911005,1292,0.4103681432755122,1755,1,0.8138486590506128,1.128224201317756,0.0817181158788509,-0.3823184031451711,59
E275Y,-0.0366481816210783,1293,-0.5799264247584417,3392,1,-1.7149743641833866,-0.4409751166012699,-0.3801605863649764,0.2164043681158665,275
Q97H,-0.0366503859778752,1294,0.8104792095268292,943,1,0.751605935865483,1.0687868065767878,0.4192233786299122,1.0023007170351332,97
G342V,-0.0366710819844549,1295,-1.5054666614103889,3852,1,-0.2119958354748147,-2.7354276477452664,-0.6280038558773239,-2.44643930654415,342
L311I,-0.0366967035196738,1296,0.9239408579706614,717,1,0.5657623766094785,1.039531104318225,0.8663151654973771,1.2241547854575654,311
I271N,-0.0367331474508549,1297,0.3150997790486949,1952,1,0.7045399586123788,-0.8264485162254981,1.1175201255745644,0.2647875482333348,271
A154H,-0.0367922798277221,1298,-1.0067298640588112,3691,1,-0.7330289432185624,-1.0212621122052663,-1.2674877596901797,-1.0051406411212358,154
E353T,-0.0368139538020104,1299,0.973311698909439,622,1,0.59044600527306,0.4581383285670869,1.919829580537548,0.9248328812600618,353
T155I,-0.0368183622609902,1300,0.1122218817349389,2360,1,-0.1052456197760862,0.2817360576288288,0.436135750654826,-0.163738661567813,155
P227T,-0.036880017747307,1301,-0.0150255429734613,2609,1,0.3052112595094075,0.2377895230843038,0.2808612724106412,-0.8839642268981981,227
G229K,-0.0369737223693036,1302,-0.6450231512650897,3434,1,-0.7427948388708926,-0.3988788823729066,-0.7854947387566388,-0.6529241450599206,229
D352G,-0.0369788333279497,1303,0.485574132648605,1602,1,0.3377460379825512,0.5485546381983039,0.2332619589415881,0.822733895471977,352
S215G,-0.0369918956741359,1304,0.3762103964160088,1832,1,0.5889054208710508,0.2374288971180782,0.3920101954719833,0.2864970722029227,215
A318F,-0.0370768538044597,1305,0.4733640613205638,1622,1,-0.3763507959920672,0.3483099061171321,1.018994952412879,0.9025021827443116,318
L80Q,-0.0371009478252689,1306,-0.004610092296387,2584,1,0.0622566386218232,0.0404743697691985,-0.3811421909815424,0.2599708134049722,80
K108H,-0.037126003490785,1307,0.4359248866030289,1696,1,0.3530869911878057,0.367844193028155,0.4785364952427976,0.5442318669533572,108
L60F,-0.0372928130467289,1308,0.3855353599160877,1807,1,0.4190391438011833,0.8862687142407548,-0.159900915761654,0.3967344973840667,60
A154T,-0.0374044727513241,1309,-0.0252873611210425,2628,1,-0.0714627127177995,-0.0060030134602407,-0.1300296437372114,0.1063459254310813,154
R297L,-0.0374376315543294,1310,0.847256190195216,869,1,1.179238076319331,-0.1369652714326641,1.5690058373000235,0.7777461185941738,297
V324G,-0.0375213511245297,1311,0.6140827175373872,1341,1,0.5383151932937417,1.0826190282531138,1.883561523332903,-1.04816487473021,324
P64W,-0.0375675766998987,1312,-0.2544563192850734,3013,1,-0.399553778021275,-0.3179566472737598,-0.1093234731119427,-0.1909913787333162,64
K306I,-0.0376163876260057,1313,0.7600846020951548,1032,1,0.7692245930332112,0.7597692977021572,1.5950885317247552,-0.083744014079504,306
E345G,-0.0377669490959831,1314,-0.128612460974982,2815,1,-0.4457757127901772,0.1367871168320102,-0.3256098823564147,0.1201486344146537,345
G360N,-0.0378319194166161,1315,1.1426074466009413,375,1,0.3990449501612563,0.8012613502945947,1.919829580537548,1.4502939054103663,360
K204R,-0.037855609748439,1316,1.2263085796092734,262,1,1.4328453897717308,1.5503885350536908,0.2169722823603408,1.705028111251331,204
P118L,-0.0378818378997864,1317,0.2155081723277988,2155,1,0.8232152447546617,-0.0663221443947376,-0.0194836078722416,0.124623196823513,118
R209W,-0.0378851775640254,1318,0.1807744307667322,2219,1,-0.3785919908863715,0.8843793270912286,0.2808135862803149,-0.0635031994182431,209
L311F,-0.0379839741175571,1319,0.9283981026753708,706,1,0.4426505360201598,1.0892132433267243,0.7695685260498685,1.4121601053047306,311
E294Q,-0.0380669387483569,1320,0.5471779593044508,1473,1,0.0432297927900078,0.3850221113279365,0.8366693616715072,0.9237905714283516,294
K90L,-0.0381027689796486,1321,0.5572670835297424,1451,1,0.4337973375896445,0.9156952668548884,0.5821712535760284,0.2974044760984084,90
T155S,-0.0381050469554566,1322,0.7277465683502722,1107,1,0.5020579050236466,0.7264321914164675,0.6954405572623878,0.9870556196985868,155
K208S,-0.0381320284164828,1323,1.1916550109351105,307,1,1.6409829731892165,1.4074253036636395,0.5734146617989454,1.14479710508864,208
H359L,-0.0381847128456433,1324,1.5309990710782349,49,1,1.36980945671481,1.2021644834433802,1.919829580537548,1.6321927636172011,359
P217K,-0.0382155918233784,1325,0.2998623025385017,1987,1,-0.0895490790570823,0.5211319118808548,0.1813209425622554,0.586545434767979,217
S119R,-0.0382220425214646,1326,0.8466796534136389,870,1,1.0855714527358222,1.0049328215697788,0.3147756115212585,0.981438727827696,119
Y358F,-0.0383193941411865,1327,1.403593954641499,99,1,0.90989986038296,1.3487500348095178,1.919829580537548,1.4358963428359708,358
G240R,-0.0383380676671009,1328,0.1949591109939221,2191,1,-0.03962956679431,0.1674677132750747,0.1745795435924794,0.4774187539024443,240
R65I,-0.0383927462512382,1329,0.215929518592515,2153,1,-0.2121675214562204,-0.0451698591261064,0.0383021058059201,1.0827533491464671,65
E345Q,-0.0384447495650948,1330,0.6945685178693479,1190,1,0.2574010770866463,0.5904924962551427,1.0427075416333662,0.8876729565022365,345
P64L,-0.0384818179344191,1331,0.0948051098307656,2395,1,0.1529086745417843,0.2063524236473919,0.2660983855086548,-0.2461390443747687,64
K306A,-0.0386203272042195,1332,1.2887909576813026,189,1,1.2909542918321388,1.3088383658376943,1.7334216420527142,0.8219495310026632,306
A126I,-0.0386668777388262,1333,-0.2482950896565067,3003,1,0.9869113222368056,-0.4157249588465234,0.5254552247326414,-2.0898219467489505,126
P227H,-0.0387031755549031,1334,-0.3021498331980912,3083,1,-0.0540855362561445,-0.2800427359160076,0.0086561598979733,-0.8831272205181857,227
C122M,-0.0387251443066215,1335,0.0283236241079509,2527,1,0.9615812324660205,-0.2354086788718782,0.0576916563617062,-0.6705697135240446,122
E364Q,-0.0390186057934009,1336,1.3414888513301728,140,1,0.6204017792397163,1.413016464367496,1.919829580537548,1.4127075811759315,364
K208F,-0.0390563511146566,1337,0.7474973868670661,1063,1,1.9363376788603843,0.3631066025393645,0.4094913674312008,0.2810538986373147,208
K76R,-0.0390895378345637,1338,1.3216359997181302,155,1,1.3460893873678783,1.235212496154967,1.1691998016123106,1.5360423137373649,76
I271T,-0.0391380978066002,1339,0.932214496764188,701,1,1.0832588317560654,0.5902921484961284,0.9345725190934612,1.1207344877110972,271
D216W,-0.0392323911182307,1340,-0.7519232273137383,3525,1,-1.0788848985119366,-1.2070623414722197,-0.1674461438932588,-0.5542995253775383,216
E249V,-0.0392546139340381,1341,0.3813707507614015,1818,1,0.375606786837199,0.5257999512646964,-0.0704798421831246,0.6945561071268352,249
A23S,-0.0392951642440484,1342,0.3966284260591896,1783,1,0.1919677463402606,0.5463423804909359,0.2110376813156815,0.6371658960898804,23
R357F,-0.0393030601018024,1343,0.8376198258172236,884,1,-0.0036690191200104,0.544092652680537,1.919829580537548,0.8902260891708201,357
Y358S,-0.0393730867778056,1344,1.986460874603816,3,1,1.3411675178285274,2.3186674756465906,1.919829580537548,2.366178924402598,358
E79L,-0.0394842419175032,1345,-0.5347024637629749,3348,1,-1.8940593726018224,-0.8160859721988151,0.016175162135618,0.5551603276131196,79
H85W,-0.0396115405598314,1346,0.1611278219187096,2264,1,0.2822183299224758,0.090509954559206,-0.5343265768821298,0.8061095800752863,85
Q191S,-0.0396839613314761,1347,1.1518962340717975,361,1,1.488765965870482,1.3710687077999368,0.5101981108879667,1.2375521517288044,191
R288E,-0.0397580207335457,1348,0.5930864797311008,1387,1,0.5567053956654869,0.9935327487765172,0.1822676693293442,0.6398401051530549,288
G170Y,-0.0398537621248058,1349,-0.0047709250069439,2585,1,-0.0406841039571457,-0.5218227919014924,0.4738318524452798,0.0695913433855824,170
G360F,-0.0398547135476934,1350,1.0484579880171891,504,1,0.2137628934944672,0.8776612736441068,1.919829580537548,1.1825782043926347,360
P124T,-0.0398574572365987,1351,0.44126659009969,1684,1,-0.1237505972237811,0.5954224459530626,0.3707199487478053,0.9226745629216732,124
G290P,-0.0398585576467753,1352,-1.5339767995538662,3856,1,-0.8329108155333989,-2.09964204045151,-1.032900780873927,-2.1704535613566294,290
K75R,-0.0399243272457862,1353,1.2026169139732874,290,1,1.2688670328226774,1.3654576866734505,0.6269769943240149,1.5491659420730068,75
P118V,-0.0399403913450695,1354,-0.091822677478542,2747,1,0.2579036639655855,-0.579798868474556,-0.1790941676320965,0.1336986622268988,118
Q150R,-0.0400245957455172,1355,1.2952013663642743,179,1,0.8433922883871494,1.755173045912221,1.1350257775228694,1.447214353634859,150
Q3G,-0.040156313276575,1356,1.294820708321578,180,1,1.03712577666752,0.8842661242672666,1.919829580537548,1.3380613518139783,3
K306T,-0.0402082177691997,1357,1.2446080069715897,240,1,1.142426597101129,1.167874504829474,1.731837900737938,0.9362930252178177,306
T264N,-0.0402813158776245,1358,0.8530638934934207,854,1,0.6451626518537186,0.8357043001286153,0.9334624477347608,0.997926174256588,264
R317W,-0.0402901743892092,1359,0.4908202141115537,1592,1,-0.281769470381923,0.2894610487685655,0.998534283264632,0.9570549947949404,317
F355C,-0.0402940889112675,1360,0.7782178325042782,994,1,0.7178637145520742,0.6436228833112136,1.919829580537548,-0.1684448483837229,355
T305A,-0.0403430862197693,1361,1.30749239319279,168,1,1.1464344574508047,1.3552822633326094,1.7692922200257362,0.9589606319620088,305
V129A,-0.0405640093460559,1362,0.6022390929719857,1371,1,0.2839191906078707,0.8128822811316935,0.8587303291395708,0.4534245710088077,129
E323Y,-0.0406046331470298,1363,0.4684700775806152,1632,1,-0.2769442393141317,0.171505735038244,1.8473152218957516,0.1320035927025974,323
Q356A,-0.0406406840434961,1364,1.6557252439934218,27,1,1.4823923670407917,1.617007651991341,1.919829580537548,1.6036713764040065,356
H257R,-0.0406543255760143,1365,1.4108291284287682,94,1,1.3324352169906424,1.783246934147061,0.7132795311998752,1.8143548313774944,257
A23M,-0.0406924527898783,1366,-0.8513082207254739,3602,1,-0.6387507755451327,-1.1052631090695175,-0.6415018120952549,-1.0197171861919905,23
L350Y,-0.0407382522807689,1367,-0.1837777784947363,2907,1,-0.2958428267748356,-0.2745648731378976,-0.5856373977956133,0.4209339837294011,350
K140N,-0.0407790178125421,1368,0.5408967106948546,1491,1,0.4931657996211573,0.5893027729330219,0.0662993068274322,1.0148189633978066,140
G101M,-0.0407825196973595,1369,0.0975127041637639,2389,1,0.2467229264488581,0.8393940908581182,0.2680190143202463,-0.9640852149721671,101
A67D,-0.040835491146922,1370,-0.3312570947633706,3117,1,-0.5640932788567208,-0.5518328573637549,-0.1698985493904191,-0.0392036934425874,67
P227L,-0.0408801190748553,1371,-0.0674745261391076,2694,1,0.4374981876325593,-0.102381444155438,0.0951712044460895,-0.7001860524796412,227
E353W,-0.0409851254293609,1372,0.4262644476735295,1720,1,-0.1543581096515058,-0.2356573383373382,1.919829580537548,0.1752436581454144,353
S267W,-0.041133135222373,1373,0.1045508376570752,2377,1,-0.1830986770729565,-0.1315992483529406,0.8203354880732476,-0.0874342120190497,267
G170C,-0.0412019332235912,1374,0.0853702617636432,2415,1,-0.2734964663973282,-0.3379436186782514,0.7145650872555163,0.2383560448746364,170
D109R,-0.0412738701316492,1375,0.5909983046237312,1391,1,0.6548720395270515,0.6044787352712109,0.2295456396588597,0.8750968040378023,109
E323G,-0.0413420765294335,1376,0.9109226248459518,735,1,1.3443660070244188,0.2425976790970761,1.8561623960738156,0.2005644171884965,323
R147L,-0.0414388258812163,1377,0.6127306612422715,1344,1,0.5046606035714144,0.7381058720432816,0.2012124357961768,1.006943733558213,147
G91V,-0.0414616820645096,1378,-0.7582167383247895,3530,1,-1.1432102797709909,-0.5862437261958574,-0.8035609501840104,-0.4998519971482997,91
T305H,-0.0415537093383007,1379,0.9472531872069568,669,1,0.5033931934810899,0.9442378483835616,1.7148915903617306,0.6264901166014453,305
R5S,-0.0415849804006549,1380,0.4963343235388224,1583,1,0.9484237180867976,0.8393630876764226,-0.4173531436659526,0.6149036320580225,5
L60A,-0.0415923055283947,1381,0.8941082695920182,765,1,0.9761277817613188,1.7270153730053757,0.1599564469305326,0.7133334766708452,60
G228W,-0.0416617484433106,1382,-0.8472371489007301,3599,1,-0.2941960958195831,-0.8183071694739112,-0.7166063478392762,-1.5598389824701495,228
V6F,-0.0416628573225274,1383,-0.8469180200582083,3598,1,-0.6312166993763305,-0.775607609525681,-0.7089126626289727,-1.271935108701849,6
E353D,-0.041742564069065,1384,1.261321813663253,221,1,0.8138830748666908,1.0539974646925443,1.919829580537548,1.2575771345562292,353
A171V,-0.0417487545896745,1385,0.0015026933274805,2570,1,0.5909222496063119,0.1657288722501621,1.049735316450802,-1.800375664997354,171
A23K,-0.0418530637284458,1386,-0.3180454456734695,3101,1,0.2835954048019534,-0.6703261301875054,-0.5151981800938725,-0.3702528772144535,23
L277A,-0.0419729782470642,1387,0.2786415584392488,2033,1,0.2759340824919237,-0.0024960400608382,-0.015944022490781,0.8570722138166909,277
A171F,-0.0419796898095033,1388,-0.4261377712572547,3223,1,0.3475861114132245,-0.0612125157256005,-0.6271610230028111,-1.3637636577138317,171
Q349S,-0.0421109407111588,1389,0.9487215788438804,666,1,1.1190855390536756,1.2187141593557973,0.1353021439381882,1.32178447302786,349
A126H,-0.0421983170457812,1390,-0.1890427345489302,2918,1,0.0895957983366666,0.0825361137504405,-0.2980305193938842,-0.6302723308889437,126
A146R,-0.0422710947748438,1391,0.4040466066183588,1766,1,0.4870396074647293,1.088992210929616,-0.079120170618067,0.1192747786971571,146
K4W,-0.0425337004236657,1392,0.1491255086118698,2296,1,-0.489852427781799,-0.6216766222036906,1.2526377059642626,0.455393378468706,4
A348Q,-0.0425503147331401,1393,-0.4178497000099072,3215,1,-0.9531501835694792,-0.1680858721312852,-0.8344699130569763,0.2843071687181121,348
P82I,-0.0426922007507468,1394,-0.9465802570116836,3661,1,-1.2359442956691282,-1.039697149291673,-0.0695217882719991,-1.4411577948139347,82
A348R,-0.042699346361613,1395,-0.0772632489171533,2713,1,-1.0384878062180758,-0.4208383915870342,0.8077440801924864,0.3425291219440101,348
E296A,-0.0427424451392048,1396,0.3163045974197067,1949,1,0.1100611014543626,-0.3162503944602818,1.3593869592810133,0.1120207234037329,296
G104W,-0.0427622766075204,1397,0.2380348497238932,2115,1,0.3708062129031998,1.141369074847749,0.0715314330366051,-0.6315673218919812,104
N98A,-0.0427871759984275,1398,0.5213485160925058,1531,1,0.5629737520695974,0.4719448252107484,0.51976206280215,0.5307134242875272,98
P112T,-0.0428004941560746,1399,0.2160423667143258,2152,1,0.1705458270167254,1.311693618596723,0.1774137246501127,-0.7954837034062576,112
A171C,-0.0428483336352902,1400,-0.0393143617655968,2651,1,0.3553169925885313,0.2395526467648184,0.016456600626659,-0.7685836870423959,171
G170I,-0.0428566115845742,1401,-0.1832131708539875,2906,1,-0.047277533566347,-0.6391885379700819,0.5666876067861852,-0.6130742186657063,170
D352M,-0.0430722375594741,1402,-0.0956067264401139,2755,1,-0.9024347539656616,-0.3254462297966549,0.3629606439086573,0.4824934340932033,352
A126R,-0.0430779389965321,1403,-0.441909218540129,3242,1,-0.3711035928195484,-0.0284224349034471,-0.5559659782970878,-0.8121448681404324,126
D109V,-0.0430857264095429,1404,0.1576414370873174,2272,1,-0.353041461032649,0.2439452079800155,-0.1309865611823783,0.8706485625842818,109
E230A,-0.0431266775778084,1405,0.179719205845675,2222,1,0.005100518019165,0.2500962645888889,-0.1711117051430023,0.6347917459176488,230
G269S,-0.0432364661580078,1406,0.6117246992087421,1348,1,0.7725803906151566,0.0903656534517641,1.6666018151051496,-0.0826490623371022,269
G101W,-0.0432515649905581,1407,-0.2471589280792349,3000,1,-0.0910412434916968,0.2401810159545621,-0.0581518042197603,-1.0796236805600443,101
V239H,-0.0433464790995483,1408,0.7458811373157861,1066,1,0.7012977174995314,1.2230660249324443,-0.0022251907652142,1.0613859975963824,239
T83W,-0.0435730768468788,1409,-0.4049859248088445,3204,1,-0.396278044874963,-0.4036533723540217,-0.6894485525569861,-0.1305637294494071,83
L261D,-0.043581846632121,1410,-0.4670584111482921,3271,1,-0.832102466436974,-0.3696434526447059,-0.74892369510604,0.0824359695945514,261
S267I,-0.0436079687069874,1411,0.4462970495302348,1675,1,0.3314979261761336,0.210177671018393,0.8439196477917437,0.3995929531346692,267
A318H,-0.0436947562207072,1412,0.749606357189611,1053,1,-0.0339655902511308,0.7363475668531736,1.1610008931190838,1.1350425590373172,318
D109G,-0.0437944404116513,1413,0.5355722276962029,1506,1,0.5588150399846856,1.1401301522025284,0.0957083313164207,0.3476353872811771,109
V174G,-0.0438041874034531,1414,-1.78763103443699,3907,1,-2.4273972057881887,-0.7595016785390046,-1.5382111260071976,-2.425414127413568,174
T59G,-0.0440890334168398,1415,0.4788999414906276,1614,1,0.9293669869046984,1.1756750939626142,0.2373479743933862,-0.4267902892981884,59
G170N,-0.0441331252689398,1416,0.7691650661652752,1014,1,0.321893731791007,0.6207188865761889,1.02126208709737,1.1127855591965352,170
R357I,-0.044137128469342,1417,0.9332135863809256,696,1,0.2282530527404638,0.6339231987213957,1.919829580537548,0.9508485135242956,357
K320M,-0.0441904719115384,1418,0.6927274711430287,1198,1,-0.2574875299154782,0.3058515876951835,1.7878425872775028,0.9347032395149066,320
L300M,-0.0442650822644792,1419,0.1751480743133401,2231,1,0.1686466478937367,0.1296062981022794,0.7904325720054816,-0.3880932207481369,300
S310K,-0.0442768024490183,1420,0.945967737312846,672,1,0.7032882528264782,0.9626684790872932,1.6657583163764893,0.4521559009611231,310
H105Q,-0.0442875515780907,1421,0.8810059401058381,791,1,1.0976876675605065,1.2161068884620154,0.1027815349485129,1.1074476694523177,105
L326K,-0.0443112908206699,1422,-1.3192804924146382,3803,1,-2.048730536189621,-1.1913494978608243,-1.5719072785615087,-0.4651346570465984,326
H105V,-0.0443112976734006,1423,0.8366474365760951,887,1,1.0286603703850452,1.598225049583759,0.3589295181455492,0.3607748081900268,105
I110C,-0.0443258016782905,1424,0.2412295490278825,2108,1,0.1314166754968179,0.2978260115157357,0.3896270546236177,0.1460484544753587,110
T155G,-0.0443600009689498,1425,-0.1207970215899194,2804,1,-0.5893137628032001,-0.2366078489712436,0.2713418286834987,0.0713916967312672,155
E71V,-0.0443946682207277,1426,0.7514136015666179,1044,1,0.5952304326662777,1.318434716394963,0.2196140399502323,0.8723752172549983,71
E353I,-0.044439688130678,1427,0.6965599822803772,1187,1,0.2340561371867225,0.0702662083369905,1.919829580537548,0.5620880030602482,353
V6G,-0.0444981441644392,1428,-1.7188359175298262,3898,1,-0.7957564360711668,-0.8065194935082657,-3.631939119578376,-1.641128620961496,6
L60Y,-0.0445147316353263,1429,0.4834039604753433,1607,1,0.3841779662288819,1.2980801508372557,-0.2368631491413111,0.4882208739765465,60
Q349D,-0.0445533873209711,1430,1.2446388399051282,239,1,1.441482526259247,1.194497171535847,1.3499663205487713,0.9926093412766472,349
D132Y,-0.0448515289820621,1431,-0.8764627272546341,3621,1,-0.6770467341128058,-1.4609138571478268,-0.2538335634139002,-1.1140567543440036,132
G91S,-0.0449964680145602,1432,0.2446602814107314,2098,1,-0.0623111423307039,0.5872500960197802,-0.5867902512886877,1.0404924232425372,91
P124H,-0.04501239475806,1433,0.1267286417661731,2343,1,-0.5911611511350041,0.0904462997648863,0.219991884821515,0.7876375336132951,124
R278E,-0.0450954492536049,1434,0.2885335605688082,2010,1,0.5962629268035671,-0.2265928702657365,0.0924348903238118,0.6920292954135906,278
A218L,-0.0451162450887001,1435,0.5919588439543442,1388,1,0.5651304896471188,0.8356538327817243,-0.3189369203684304,1.2859879737569644,218
A348T,-0.045262827082871,1436,0.0425071530057984,2495,1,-0.3620974002643321,0.1566966119828576,0.2120828139757579,0.1633465863289104,348
A192R,-0.0452794553151148,1437,0.8736576131440599,806,1,1.038474518937702,0.8903504828247215,-0.115138986295702,1.6809444371095184,192
A362L,-0.0453293337447401,1438,1.207461595883882,283,1,0.8601809563593653,0.7917796706950838,1.919829580537548,1.258056175943531,362
A192L,-0.0453358264782178,1439,0.9381719097678888,684,1,1.240174099170653,1.3537490006648498,0.0205424087929059,1.138222130443146,192
D169P,-0.0453371598621147,1440,-0.2263349000802044,2979,1,0.1543755823666558,-0.5263307432816912,-0.0682813675055991,-0.4651030719001833,169
A218T,-0.0453404448559608,1441,0.9695615308517128,626,1,0.9100375039923227,1.209604153379793,0.5377345358043822,1.220869930230353,218
A96M,-0.0453451906324708,1442,-0.3509965657969742,3142,1,-0.0740466604440148,-0.1166635765231895,-0.5714803810811628,-0.6417956451395296,96
A146C,-0.0455491108344418,1443,0.3130553636095227,1958,1,0.1481788879073885,0.6956251730014175,-0.080182502204249,0.4885998957335339,146
P124S,-0.0456377231752567,1444,0.6780077208643728,1224,1,0.2893777139668904,0.8351235452322323,0.4349678373425873,1.1525617869157812,124
I21H,-0.0456951350052012,1445,0.8354563380181418,892,1,1.047929630533022,0.7550280299443722,0.4940849526311976,1.0447827389639754,21
A126Q,-0.0458187472082226,1446,-0.2124815548842277,2962,1,-0.3652670556497231,0.2871661793111989,0.0549697686877617,-0.8267951118861485,126
Q191T,-0.0458191585083972,1447,1.1172659528247524,416,1,1.615842779710286,1.11200110493277,0.5002197297767923,1.2410001968791613,191
L350S,-0.0458651256797736,1448,-0.5233760285480659,3340,1,-0.754498987685254,-0.4860288895202962,-0.5513473545509888,-0.3016288824357244,350
G273E,-0.0459229223163205,1449,-0.5305546378724181,3345,1,0.18050865543273,-0.8214579549903575,0.8997151028570592,-2.380984354789104,273
G229S,-0.0459695896888596,1450,-0.2470291004243129,2998,1,-0.368504461645063,0.2917093183516044,-0.6116085415172754,-0.2997127168865177,229
E294A,-0.0460356859504705,1451,0.5887431228502744,1396,1,0.0601701183503778,-0.005829040596084,1.0310256024973414,1.2696058111494626,294
H30K,-0.0460708053193975,1452,0.8516518466583549,856,1,1.0509722363266778,1.094512140397,0.3668750787620183,0.8942479311477236,30
G289R,-0.0460831003754738,1453,-0.4882476810573328,3294,1,-0.1293044667414498,-0.7018410862851985,-0.4996481094139682,-0.6221970617887147,289
Y144C,-0.0460891468207687,1454,-0.25475564647069,3014,1,-0.2273157087470346,-0.6205305823011776,-0.0439184773766296,-0.127257817457918,144
R288A,-0.0461787918498284,1455,0.7306417778893017,1096,1,0.741283077917206,1.0134292149829098,0.283366697751753,0.8844881209053385,288
G273C,-0.0463704353826058,1456,-1.1026510460375811,3738,1,-1.4102784276926588,-1.063463719210681,0.3643698228429993,-2.301231860089984,273
E71S,-0.0464403375204071,1457,0.6281017994150075,1316,1,0.3463040190758354,1.0898916836059245,0.2506033511824829,0.825608143795787,71
E345Y,-0.0464538763727402,1458,-0.1234823950410877,2809,1,-0.3120006691519496,-0.3445944034632484,-0.1466992257568954,0.3093647182077425,345
L103G,-0.0465879831007044,1459,0.3119322554033624,1960,1,0.7996568422787728,1.4890899349919562,0.2609548272857067,-1.301972582942986,103
H85D,-0.0465891206213153,1460,0.8804731978393731,793,1,1.5976006872083612,0.8909294941883915,0.1706471833178121,0.8627154266429274,85
A295D,-0.046684792153286,1461,0.390060754081858,1799,1,0.5170784334192999,-0.2469168823939368,1.0313582651805049,0.2587232001215644,295
I274P,-0.0467887622039578,1462,-1.0337552605786573,3707,1,0.1042834308574407,-1.659573369286394,-0.2217828492156121,-2.357948254670064,274
G104A,-0.0468432137907596,1463,0.9514282718854694,658,1,1.7126836186274037,1.265496785631093,0.7167964225005471,0.1107362607828339,104
G153Q,-0.0468551444409236,1464,-0.7636389928393574,3531,1,-1.392382242641994,-0.4957841769533596,-0.859170098410807,-0.3072194533512691,153
K4L,-0.0469929606223655,1465,0.8583455085926053,840,1,0.7533409666800905,0.3180079415781288,1.2526377059642626,1.1093954201479397,4
K208L,-0.0470802710113531,1466,1.3758066199075851,115,1,2.8285183767601496,0.7880264153748298,0.850937564597287,1.035744122898074,208
G342I,-0.0472695542375245,1467,-1.5681839033106066,3866,1,-0.3143055264267659,-3.1508299593091182,-0.721636832811358,-2.0859632946951843,342
D132V,-0.047328914547318,1468,-1.1102955751530603,3745,1,-0.6736808437144377,-1.8760683968628733,-0.1124721243072836,-1.7789609357276466,132
S28T,-0.0473969410931246,1469,0.6525963110892702,1280,1,0.7174447103446779,0.9308847970476436,0.4399545292665235,0.5221012076982355,28
T130C,-0.0474831588060068,1470,0.4640089893682252,1638,1,0.5705183239812815,0.8676848428618531,0.1485917367518419,0.2692410538779244,130
F95L,-0.0475043152819752,1471,0.5661095859446504,1431,1,1.2731791910961223,1.2094384147451307,0.2069159577112429,-0.425095219773894,95
P124Q,-0.0475119090031745,1472,0.5283651275245922,1519,1,0.0704133246169552,0.6803598149859469,0.3214842814585843,1.0412030890368824,124
G104E,-0.0476070742637507,1473,0.8887201752429857,783,1,1.1979359474386362,1.3088269813615938,0.6530309665923256,0.3950868055793878,104
Q143V,-0.0476250161428707,1474,0.3977881742547849,1779,1,0.6884313911929504,0.9967904603991588,0.074728394612395,-0.1687975491853644,143
T270N,-0.0477980932249592,1475,0.3959967935869808,1785,1,0.6038664045980527,0.0023304388957173,1.3316978947985891,-0.353907563944436,270
A361Y,-0.0478190170658884,1476,0.8582829647397551,841,1,0.0589619286220428,0.6187355071631379,1.919829580537548,0.8356048426362919,361
R260M,-0.0478645116447781,1477,0.2400819920296825,2109,1,-0.1671258074229187,0.1649497984328309,-0.1583726437611539,1.120876620869972,260
I127R,-0.047864875894174,1478,0.4847951567477362,1604,1,0.7801120393977308,0.8459538949360945,0.344248381190547,-0.0311336885334275,127
S2A,-0.0479352094729029,1479,1.4340256548957078,82,1,1.015869882700016,1.2375239965368705,1.919829580537548,1.5628791598083964,2
E121L,-0.0480129905903585,1480,-0.0686453061743125,2696,1,-0.2369237751571569,0.1328318970224081,-0.7238809059763511,0.5533915594138498,121
K140V,-0.0481059149865673,1481,0.6759502085573116,1230,1,1.0869801229461653,0.6124539075049573,0.528095643528773,0.4762711602493508,140
P308C,-0.048279661687397,1482,0.4032603471190555,1768,1,-0.1173561739753962,0.9550668983630376,0.9113270387214504,-0.1359963746328698,308
Q143T,-0.0483181368562687,1483,0.5375549223774448,1502,1,0.8665854232867998,1.1757033629680098,0.211510389283401,-0.1035794860284317,143
P248Q,-0.0483527797566824,1484,0.5443980322645374,1479,1,0.3005739887209733,0.6706648854853461,0.1037223202278824,1.1026309346239482,248
T83R,-0.0484145287727418,1485,0.5535598847858472,1461,1,1.1788096377363109,0.3399389202569537,0.1385145076181188,0.5569764735320051,83
D172I,-0.0485412130492382,1486,-1.1720250253983429,3768,1,-2.042611007060977,-0.5225842401881258,-1.080330550529596,-1.042574303814672,172
P124A,-0.0485668807785595,1487,0.7509539066085436,1045,1,0.4606316402789139,0.9429759111065302,0.4192459773143523,1.1809620977343778,124
I274V,-0.0486146221097959,1488,0.8326589994210094,896,1,1.2545952695448996,0.9203167380649973,0.3591794451716736,0.7965445449024675,274
V81E,-0.0486201987787188,1489,0.2320598102904026,2123,1,-0.0513750204844499,0.6845727606311163,-0.1602044801038249,0.4552459811187692,81
D216T,-0.0487038426687776,1490,0.0295460109942538,2524,1,0.0611576026539617,-0.3700388224628111,0.4262137273825333,0.0008515364033314,216
T325N,-0.048707345487874,1491,0.8710257573220475,812,1,0.854128018198667,0.9142181142398907,1.1486573838914549,0.5670995129581771,325
T61I,-0.0487249988328749,1492,0.5701612143072872,1423,1,0.2446169379502138,0.6643361153421314,0.208854316053851,1.1628374878829522,61
L60W,-0.0488223843496741,1493,0.3244443581506447,1933,1,0.2589975994741255,0.9201836272675128,-0.3404505212098269,0.4590467270707675,60
K208I,-0.0488514200967278,1494,1.1667456449186029,347,1,2.666899404828776,0.6980304239298105,0.8953110263091136,0.40674172460671,208
D189A,-0.048882630722736,1495,0.6630973457893719,1257,1,1.1303987804105458,1.147064054999512,0.2073475517988416,0.1675789959485878,189
C258V,-0.0489899111303588,1496,0.4137386519107626,1745,1,1.205026647263014,0.5619572692644588,-0.1908014014947738,0.0787720926103516,258
G101N,-0.0490019927213822,1497,0.1987251105803794,2182,1,0.3837572913508022,0.685283804972048,0.8199174384705922,-1.0940580924719248,101
D303K,-0.049043619058105,1498,1.1502837758445632,363,1,0.8727626790012921,1.981777266361896,1.8835548796136072,-0.1369597215985423,303
L259A,-0.0490791626445916,1499,0.0879324307792416,2412,1,0.7431010820999309,-0.0393256642747103,0.338264735325473,-0.6903104300337272,259
K68T,-0.0491616615965056,1500,0.3023154026569242,1981,1,0.0978022703181634,0.3058832882899641,-0.0880559687730543,0.8936320207926235,68
C122H,-0.0492601475157691,1501,-0.5756668839352033,3387,1,0.1855247262299382,-0.9885876751528732,-0.550443353527031,-0.9491612332908472,122
P206M,-0.0493135298143905,1502,-0.5246017722719346,3341,1,-1.306908882914109,0.337243608886317,-0.9908713884064236,-0.1378704266535231,206
G26L,-0.0493426667830622,1503,-1.092843578758523,3736,1,-1.7167868649803306,-0.8090732934238013,-1.1381477475318615,-0.7073664090980969,26
K108S,-0.0493939813518292,1504,0.6097182740824543,1353,1,0.6484161061150938,0.242783190977733,0.4492384248952278,1.098435374341762,108
R297N,-0.0494029301543143,1505,0.9280100967640418,707,1,0.4321296348035778,0.5573001348852219,1.480894490502785,1.2417161268645829,297
D172W,-0.0494374553774097,1506,-1.0164879018050483,3700,1,-1.6442347081772386,-0.8361766679494292,-1.3828360272311329,-0.2027042038623923,172
Y107W,-0.0494620951156374,1507,0.7056208529677638,1153,1,1.213667336382601,0.7500169267238137,0.0917393380410402,0.7670598107236003,107
T325A,-0.0494857863936063,1508,1.0306232206123156,535,1,0.7160247188835862,1.3890424061304991,1.07293638672254,0.9444893707126376,325
D262Y,-0.049491064377664,1509,-0.0608007747734823,2683,1,0.7925757930344605,-0.9640613053781604,0.4626411828569975,-0.5343587696072272,262
K306N,-0.0495921391856986,1510,0.8990719271552736,756,1,0.7099799178718635,0.8740326016613411,1.7210982510244028,0.2911769380634867,306
K25L,-0.0496215468145552,1511,0.175340416180036,2230,1,0.4311824038359893,-0.2031485051920795,-0.1055951200234713,0.5789228860997058,25
D109T,-0.0496321906430386,1512,0.8747202435594875,805,1,0.9108198889008328,0.7977514921410671,0.4492160673261866,1.3410935258698635,109
V29G,-0.049720703756479,1513,-1.8758653988651728,3917,1,-1.9713164918384496,-1.304235315875001,-2.539371862016082,-1.6885379257311606,29
D303S,-0.0497235030859153,1514,1.146158541510622,369,1,1.127409803145827,1.6070379417351808,1.8504087797362816,-0.0002223585748006,303
P82N,-0.0497706452796039,1515,0.2623906311522365,2065,1,0.8462457251220713,0.4868855057344748,0.4193178762505682,-0.7028865824981684,82
K320E,-0.0499618235430308,1516,1.4321649211728755,83,1,1.1546069067152085,1.219517337512885,1.795951860567521,1.558583579895889,320
E275K,-0.0500244175893687,1517,0.6618965018553057,1262,1,-0.0870900581880867,0.969879666986824,0.5193532244808731,1.2454431741416123,275
E345L,-0.050102387935154,1518,0.8172164406054976,930,1,0.5611686415335587,0.8281140999178861,1.1759725052046013,0.7036105157659442,345
Y144L,-0.0501455426347859,1519,0.4085929942365646,1758,1,0.6570013584504157,0.4156391163778708,-0.0077053116749456,0.5694368137929176,144
A361K,-0.0502188146173241,1520,1.3634036828901073,125,1,0.5941403102178857,1.619355398040802,1.919829580537548,1.3202894427641942,361
V174N,-0.0502983542810986,1521,-2.2460789650859008,3959,1,-3.026904172399808,-1.9564595835982528,-2.0497152516856607,-1.9512368526598804,174
T61S,-0.0503837384045857,1522,1.027264095514325,541,1,0.9996032206965652,1.3265606447697635,0.4622240520697896,1.3206684645211817,61
V239S,-0.0504754504458853,1523,0.6299262810897888,1314,1,0.7743416804419174,0.8622763409851234,-0.0456833932477512,0.9287704961798656,239
K320R,-0.0506018832209797,1524,1.2607153464004288,222,1,0.8155149466803359,1.051062306621797,1.787581262399426,1.3887028699001565,320
E296T,-0.0506222928949259,1525,0.3681037205603914,1856,1,0.049032837926368,-0.177240116287306,1.2591037633437885,0.341518397258715,296
S2Y,-0.0506628570409559,1526,0.7836521718650775,989,1,-0.2166785681607866,0.2873238580696384,1.919829580537548,1.1441338170139104,2
R278L,-0.0506648080668733,1527,-0.3586684449102509,3157,1,-0.5572456124794046,-0.5271029697705497,-0.3934271313161725,0.0431019339251231,278
I21D,-0.0509723765077975,1528,0.2693652594056777,2051,1,-0.4340214242003645,-0.095981347673967,0.3893996931066003,1.2180641163904422,21
E230K,-0.0509768005712946,1529,-0.0902068253063157,2745,1,-0.508466745711985,0.0402655262507831,-0.1376307999591597,0.2450047181950988,230
T130Q,-0.0511407173085343,1530,0.7484083454476695,1060,1,0.8654447483090231,1.3064540214515592,0.3389674400012888,0.4827671720288072,130
A295W,-0.0511565224336659,1531,0.0551239975722531,2471,1,-0.3621399925392838,0.3137593010632363,0.6986149180620271,-0.4297382362969668,295
G228H,-0.0511758470835338,1532,-0.079207410673099,2716,1,0.0385842079580551,0.1970365064579895,0.3130470875188286,-0.8654974446272692,228
Y27L,-0.051237760121156,1533,0.2229261592751833,2140,1,-0.1546164543040067,0.4044914120196588,0.6186895579945528,0.0231401213905283,27
P124I,-0.0512422474755544,1534,-0.1455158487202042,2848,1,-0.8994798682103585,0.036053404821078,-0.1666762350365039,0.4480393035449675,124
D303M,-0.0512577599543761,1535,0.458571180681793,1652,1,0.2095093462795859,0.5315621683779895,1.8469150269592256,-0.7537018188896292,303
R115V,-0.0512653392877994,1536,0.1442742291279906,2307,1,0.4694627956838829,0.3804167757205711,-0.2307047131260938,-0.0420779417663974,115
E296R,-0.0512842062982037,1537,0.5602523831676557,1443,1,0.590635292261489,-0.2664939017067239,1.3603759741622237,0.5564921679536342,296
G360W,-0.0513731100587753,1538,0.8372589565974248,886,1,-0.1279778264616617,0.4903022592411313,1.919829580537548,1.066881813072682,360
P112E,-0.0514220452531824,1539,0.3356872869472905,1912,1,0.1517248569504777,1.4319773984710171,0.0996729022443858,-0.3406260098767187,112
G289M,-0.0514489123750151,1540,-1.1468265533774018,3757,1,-0.910781817798904,-1.2549277035435384,-1.5024466121621094,-0.9191500800050556,289
T264F,-0.051462761379119,1541,0.2231237372101916,2139,1,0.0179660679552519,0.2129319454953219,0.4643015808556942,0.1972953545344986,264
K322N,-0.0514802679053439,1542,0.5044930685371104,1569,1,0.3926980525800768,-0.5086514483748577,1.5343145129413691,0.5996111570018533,322
I21M,-0.0515365184217711,1543,0.6308243403859219,1311,1,0.3380846927575507,0.4434948094188352,0.2075127483131058,1.5342051110541957,21
T59M,-0.0516031800567133,1544,-0.1714619943042619,2883,1,0.2230303396346684,-0.0072663455634423,-0.078196470068583,-0.823415501219691,59
A126G,-0.0516156510462514,1545,0.0577178660202255,2467,1,-0.3747315819657175,0.9208186218815656,-0.4277521899634648,0.1125366141285188,126
E71K,-0.0516176553397988,1546,0.7354486052098972,1087,1,0.444827989914155,1.1005085298039383,0.3828918151981658,1.0135660859233295,71
R24C,-0.0517104470170504,1547,-0.5021808964864202,3311,1,-1.4269873358809544,-0.7177812865623615,0.1246809105290198,0.0113641259686152,24
K90F,-0.0517830708177676,1548,0.1212807098681537,2352,1,0.1321366755965149,0.2515002839317274,-0.0230267688666879,0.1245126488110604,90
G170W,-0.0520812869077849,1549,-0.0359281577765451,2644,1,0.2068908942900211,-0.653760033366992,0.5212637349018111,-0.218107226931021,170
V81L,-0.0520813350794302,1550,0.3527711912629943,1874,1,1.052893930193994,0.6275608259477137,0.0632386557885272,-0.3326086468782575,81
E121G,-0.052153388972967,1551,-0.4851689267813786,3288,1,-0.6921885728550229,-0.3146419062811076,-0.4133260167032132,-0.5205192112861706,121
D169A,-0.0522404783580766,1552,0.8072940868610203,949,1,0.9672184684507904,0.7399904090018063,0.327602741794798,1.194364728196686,169
D100E,-0.0523382079951557,1553,1.1849241377766588,317,1,1.1187835014490664,1.518426315264236,0.4298544549821627,1.6726322794111697,100
D346A,-0.0523439339530534,1554,1.0219754416885232,552,1,1.8295232307876168,0.8033478517424675,0.2035442187349019,1.2514864654891062,346
I298F,-0.0523643197501807,1555,0.2740848896702998,2047,1,0.3500895819498731,0.7228119200913188,1.0445028757457273,-1.0210648191057197,298
E71T,-0.052388941554778,1556,0.9565368697904282,649,1,0.5096713380499104,1.3674598724643552,0.9808275097410468,0.9681887589064008,71
E353H,-0.0524790160599201,1557,0.7014373313418059,1169,1,0.0866088553591917,0.2289896915779315,1.919829580537548,0.5703211978925524,353
E249A,-0.0525928835194515,1558,1.1345493441746493,392,1,0.9008116477246636,0.8923097697857393,1.2852486037514168,1.459827355436777,249
H257P,-0.0526372051962929,1559,-0.1854468532038194,2912,1,0.2056056964706558,0.4205903688754835,-0.9403088047635938,-0.4276746733978234,257
N247S,-0.0527106667357368,1560,0.9268913175450366,709,1,0.9858726073080892,1.0747326176847536,1.0202435683698838,0.6267164768174197,247
Q143F,-0.0527466152499983,1561,-0.0560926878876896,2676,1,0.380938024745093,0.1446799309205161,-0.1800440059810186,-0.5699447012353489,143
V29A,-0.052826966305018,1562,-0.6277834527946662,3427,1,-0.6701117211411713,-0.0550198679363746,-0.8232909609980266,-0.9627112611030924,29
R24S,-0.0528714150275585,1563,0.4151753811374352,1742,1,0.3756682576908733,0.2707989720223399,0.3787897892262944,0.6354445056102331,24
Q356I,-0.0528896549247958,1564,1.003256494189922,577,1,0.5716543997009416,0.5522477574902588,1.919829580537548,0.9692942390309408,356
T130V,-0.052910655595291,1565,0.5712638000147283,1420,1,0.8517159431758748,1.3594252219896514,0.2281824167276195,-0.1542683818342323,130
G289K,-0.0529561294498899,1566,-0.489141108994248,3295,1,-0.1574523784791771,-0.6507468284318938,-0.5176717628914366,-0.6306934661744845,289
V347A,-0.0529683633532126,1567,-0.1304890718850891,2818,1,0.2383444834891916,0.0789618082877237,0.1113357781354804,-0.9505983574527522,347
T270C,-0.0529911068911566,1568,-0.0063581545855515,2587,1,-0.1626112424824427,-0.5943820296903454,1.2258799861650975,-0.4943193323345158,270
P123F,-0.0530266685257462,1569,-0.3617606470648362,3162,1,-0.3417737110557405,-0.5179692675999469,-0.1622780885047386,-0.4250215210989186,123
S315Y,-0.0530738222150004,1570,0.7074994229484292,1148,1,0.0943495640091064,0.4616036473849476,1.1439818461138525,1.1300626342858102,315
P82H,-0.0531102583422758,1571,0.0148155906863765,2553,1,0.1471060814692561,0.1426419630832526,0.3800038190437053,-0.6104895008507079,82
K4M,-0.0531216387850159,1572,0.5195771788375106,1536,1,-0.2598883426523692,0.3220633986684275,1.2526377059642626,0.7634959533697216,4
R317V,-0.0531694078642848,1573,1.26408061900423,217,1,0.8427555466523331,1.3060407625915618,1.3875501641790042,1.5199760025940203,317
K4Q,-0.0532714664559312,1574,1.116518351856006,420,1,0.6677000288551859,0.897914466643567,1.6549630958729673,1.2454958160523042,4
E294D,-0.0533793938640795,1575,0.519430810730131,1537,1,0.047759501868855,0.2316992682162196,0.8996630556734503,0.8986014171619989,294
R93M,-0.0534230810071521,1576,0.5850959972740641,1403,1,1.2283144403980908,0.0394768154526385,0.5444482341997984,0.5281444990457291,93
G153S,-0.0534873314332532,1577,-0.5338666556319484,3347,1,-0.8947999068722263,-0.1478545525422238,-0.9504934950063064,-0.1423186681070365,153
E249D,-0.0535542617521424,1578,0.8780065877980328,797,1,0.8259699055422965,0.9014200135162044,0.4641048365802541,1.320531595553376,249
G91R,-0.0535563738950994,1579,-0.094153564463675,2753,1,-0.507146021571911,0.1234981006975493,-0.9027225750180744,0.9097562380377358,91
K204V,-0.0535810639768196,1580,-0.4760920429332041,3279,1,-0.8031010581844715,-0.4628548671189292,-0.6212970987133964,-0.0171151477160191,204
Q3E,-0.0536250995820821,1581,1.3706601956939912,120,1,1.0322701393932912,1.082321248716041,1.919829580537548,1.4482198141290847,3
T59K,-0.0536778108073368,1582,0.4513230018791545,1664,1,0.6813732203095261,1.2696956116332183,0.003137875090681,-0.1489146995168072,59
T250W,-0.0536860754890455,1583,-0.505258281953581,3315,1,-0.4841732677903501,-0.6097291752403502,-0.7820746373205756,-0.145056047463048,250
E323S,-0.0536958511666982,1584,1.1252151965422672,408,1,0.9004300665405754,0.8164351252917438,1.859478564540838,0.9245170297959114,323
I274N,-0.0536998752712541,1585,-0.9591478555580232,3666,1,-0.591351666557759,-1.8291720585728115,-0.1843299514044537,-1.231737745697069,274
D169Q,-0.0537279407555849,1586,0.7077621381173143,1147,1,0.5398798353535919,0.6494329683226255,0.3991352378288225,1.2426005109642175,169
P64T,-0.0537528014236916,1587,0.3874437703139984,1804,1,1.3076834249631784,0.0665804435830247,0.4811198235938654,-0.3056086108840745,64
N98I,-0.0539513229716607,1588,-0.2860371786990057,3061,1,-0.091231758914452,-0.4671415483475586,0.1733064146283879,-0.7590818221624002,98
R363F,-0.0539601985259216,1589,0.9387694006686128,683,1,0.3842595735780285,0.4566682451847254,1.919829580537548,0.9943202033741492,363
R147Q,-0.0539750217614286,1590,1.045667169710292,510,1,0.9171819601028072,1.3208726070482573,0.5519104565773199,1.3927036551127834,147
Q252P,-0.0540538670863399,1591,0.107701272872223,2370,1,0.3222417226668843,-0.3967380778061743,0.9614027517999482,-0.456101305171766,252
P112N,-0.0541501652849699,1592,-0.1078362432793502,2782,1,-0.4226841546680773,0.7171799290213847,-0.0220908376371885,-0.7037499098335197,112
N98E,-0.0542865779183943,1593,0.5473982380997287,1472,1,0.7348662676816636,0.3171146822183974,0.5257300161145779,0.6118819863842756,98
A218P,-0.0542972720231127,1594,-0.1197292911542601,2802,1,0.1726697801389536,-0.366363075096796,0.0941150013407796,-0.3793388709999776,218
P64K,-0.0543028868291883,1595,0.3462895750382601,1887,1,0.5415413075207568,0.4268275242997815,0.4046199211302894,0.0121695472022125,64
P123I,-0.0543576355496926,1596,-0.1565510251261062,2864,1,0.1403924225356976,-0.4900461156932894,0.3100028167119988,-0.586553224058832,123
E296C,-0.0543980235040836,1597,-0.1982648709702405,2934,1,-0.8687498268292186,-0.8954457483824092,1.1851951553294304,-0.2140590639987646,296
M58L,-0.054545609863206,1598,1.218794037268043,269,1,1.342415351589432,1.5106651220452598,0.2796602224480657,1.7424354529894144,58
Y144G,-0.0545698646508414,1599,-0.093741524508248,2752,1,0.3676232511171894,-0.3159174114127053,-0.1008540973385558,-0.3258178403989204,144
L277M,-0.0545713647189243,1600,0.1847202680097342,2211,1,-0.0963877827775558,0.1137417988454527,0.0266287764247087,0.6948982795463314,277
E321S,-0.0546307506167073,1601,1.3325803013480768,146,1,0.724141898430793,1.538782994855358,1.7499284757550808,1.317467836351076,321
Y358R,-0.0546311074137298,1602,1.985792964220548,4,1,1.5429922411231392,2.2385481532120504,1.919829580537548,2.241801882009455,358
A154G,-0.0546408288078633,1603,0.4344743366752584,1703,1,0.893325962040832,0.9813675821282228,-0.1775818873226735,0.0407856898546523,154
T305C,-0.0546552877149549,1604,0.5904831264116245,1394,1,-0.0067032322503509,0.3542421018196397,1.7069556118008111,0.3074380242763975,305
A316K,-0.0546657260625954,1605,1.1269041560212492,407,1,0.6696706635460511,1.2273344188804598,1.286331842063803,1.3242796995946826,316
G312K,-0.0546670337953168,1606,0.7669803190970669,1019,1,0.7611770902809768,0.9456373662419412,0.5612353062071231,0.7998715136582263,312
S245N,-0.0546859994222519,1607,0.6025759573199436,1369,1,0.1678589364939887,0.8620656271316158,0.3581483212308567,1.0222309444233129,245
G101F,-0.0547007594945819,1608,-0.1987224963338313,2937,1,0.0009561835296048,0.4375526597295665,-0.0136213250067616,-1.219777503587735,101
D216C,-0.0547181796313878,1609,-0.2665086886503635,3031,1,-0.8583853396985014,-0.5728923232908681,0.1307665723313151,0.2344763360566005,216
A362H,-0.0548451180567299,1610,0.9637375737541491,637,1,0.3455059298629014,0.603011885349517,1.919829580537548,0.9866028992666308,362
K108Q,-0.054913485022583,1611,0.9216510938225232,724,1,0.7071192088057314,0.4819132674431174,1.4039269385724988,1.0936449604687453,108
D216N,-0.0549908230326143,1612,0.7490009383966109,1059,1,0.2501824431978188,0.8193950098264204,0.806739386873886,1.119686913688318,216
R278D,-0.055050388591098,1613,0.0037500129420032,2564,1,0.3524330218900013,-0.6101954275883852,0.0212511991097034,0.2515112583566936,278
G170P,-0.0551006189001166,1614,-0.1986648502287879,2936,1,-0.406759380678772,-0.2706218263566914,0.7586634058289724,-0.8759415997086607,170
L20P,-0.0551705946067291,1615,-1.6894279832758152,3896,1,-1.155044799863505,-1.6867463583181597,-2.110359881721038,-1.8055608932005585,20
D109Q,-0.0552385370694653,1616,0.5469554971061661,1475,1,0.6186313596890445,0.5506054130758588,0.2258308883271536,0.7927543273326075,109
K256D,-0.0553554635442385,1617,0.9570627317620208,648,1,1.7657419378327723,0.7099426198317548,0.4197161251250257,0.93285024425853,256
S2E,-0.0553840369772665,1618,1.257573030956951,227,1,0.6738293363210647,0.8327512629224112,1.919829580537548,1.6038819440467802,2
T92N,-0.0553889021096404,1619,0.2062187558610367,2172,1,0.1702132849309324,0.9076203962505568,-0.2439293075036907,-0.0090293502336516,92
Q349E,-0.0554611883089197,1620,1.380851792211559,108,1,1.4642101435141803,1.3770485494963998,1.3208667772152232,1.3612816986204328,349
K151M,-0.055472930791357,1621,0.0899371220583042,2408,1,-0.4940843938624407,0.1930462891917495,-0.0132918109635465,0.6740784038674545,151
K68F,-0.0555217253442065,1622,-0.261319179121438,3025,1,-0.6700218194034554,-0.2495551326939682,-0.555514438451556,0.4298146740632275,68
P227M,-0.0555543859404792,1623,-0.3589797354118021,3159,1,-0.0971330591419452,-0.4088862529356663,0.1118218752918552,-1.041721504861452,227
R5Y,-0.0555812393928729,1624,-0.6462126879109332,3436,1,0.340514948608368,-0.162816218859695,-2.537561956733879,-0.224987524658527,5
Q143W,-0.0556005653510764,1625,-0.1256045986369556,2811,1,0.1997988186191982,-0.0089230186466832,-0.3144396290987307,-0.3788545654216068,143
A146I,-0.0556208680005012,1626,0.1088383685509685,2367,1,0.8781133851363848,0.850599236694073,-0.0591840814644525,-1.234175066162131,146
H359M,-0.0558761311810541,1627,1.1349453516631387,388,1,0.5631727780853634,0.8177423944193115,1.919829580537548,1.239036653610332,359
K322V,-0.055935063854714,1628,0.62920347490879,1315,1,-0.1522255083516224,0.0966086417855018,1.4505065713085297,1.1219241948927512,322
T325Q,-0.0560478365541195,1629,0.8452480501805288,873,1,0.5967889522094469,1.1419562174139803,1.1594377455413274,0.4828092855573606,325
V29S,-0.0563583847253831,1630,-1.0772510296218911,3730,1,-1.514492506329141,-0.5870657860197113,-0.8549264805487929,-1.352519345589919,29
E364G,-0.0563804385249823,1631,1.4617589958810426,72,1,0.92020156960588,1.441951562660744,1.919829580537548,1.5650532707199996,364
V6L,-0.0564868559310942,1632,-0.2082533240768003,2952,1,0.0151556067667914,-0.1592809685297481,-0.0535198667002652,-0.6353680678439794,6
R288G,-0.0565003458115349,1633,0.09528958700687,2393,1,0.3391935660274952,0.061477408637602,-0.4689785259623512,0.4494658993247342,288
A171D,-0.0565347022663438,1634,-0.9222138891376108,3649,1,-1.0031919594438523,-1.1945236150150296,-0.4278247654640504,-1.0633152166275113,171
R313P,-0.0565852416224408,1635,1.1141963242739812,421,1,0.9172244147931148,1.2385519992747174,0.9390691605239988,1.3619397225040932,313
K208T,-0.0567339083294599,1636,1.4484211059206276,79,1,1.9798381303959287,1.678614778091779,0.7118481545304356,1.4233833606643669,208
E71N,-0.0567349061212407,1637,0.184979965055506,2209,1,0.028354219644826,0.2807628493690604,0.0632687616851958,0.3675340295229418,71
C258S,-0.0567995333890015,1638,0.3708315305007947,1850,1,0.6249261913097496,0.8483300447184788,-0.2776695353203106,0.2877394212952613,258
V246D,-0.0568356958213225,1639,-0.3749184097735338,3175,1,-0.4782678400235212,0.0531819969953808,-0.5715088497922505,-0.5030789462737443,246
V324D,-0.0569624807084135,1640,0.0388864413979702,2502,1,-0.0013652625223502,-0.9588624078341208,1.870196449014465,-0.7544230130661128,324
K4I,-0.0569831894953181,1641,0.6621230543268468,1260,1,0.6401291471165553,0.1453594648702358,1.2526377059642626,0.610365899356333,4
S307C,-0.0572441373705743,1642,0.4150614987877414,1743,1,-0.254831419043215,0.1414121068081394,1.2309179423142116,0.5427473650718297,307
H257L,-0.057317828379225,1643,0.8806273236588356,792,1,0.7473013250925372,0.9959296941490776,-0.0254009727984882,1.804679248192216,257
T155H,-0.0573295875330625,1644,0.0734042836276397,2434,1,0.0552873965561288,-0.0963699969659787,0.4938164367294189,-0.1591167018090099,155
S28V,-0.0575216920739559,1645,0.0942191068117363,2397,1,-0.1723650896509035,0.4855576946214892,-0.0445887970860667,0.1082726193624263,28
T155V,-0.0576743338035673,1646,0.376736862420943,1831,1,0.357981899050569,0.5428446636652092,0.484498279053951,0.1216226079140429,155
E321G,-0.0577852515171197,1647,1.2075642547642005,282,1,1.517845669613188,0.5716764180194721,1.7318802965077906,1.0088546349163503,321
A348C,-0.0578185485851992,1648,0.2333145666477791,2122,1,-0.1565972014662439,0.4579902233882714,0.0117869127899935,0.6200783318790957,348
G128C,-0.0578551391254787,1649,-0.6834772682118921,3466,1,-0.3143245327626582,-0.6347637689505877,-0.1502092187165591,-1.6346115524177631,128
K256M,-0.0578895623725388,1650,0.1384019008399399,2325,1,-0.3173033189362081,0.3458742226177497,-0.268928391600313,0.7939650912785311,256
M58H,-0.0579737700620994,1651,1.2297237510958254,255,1,1.512066200588413,1.7417460053880849,0.1587831642106958,1.506299634196108,58
E364W,-0.05799998682484,1652,0.977814664205447,614,1,-0.0512266649277641,1.1582886967012571,1.919829580537548,0.8843670445107474,364
S307K,-0.0580427584115913,1653,0.7040090436133819,1159,1,0.778919062600089,1.0131711721413947,1.4380021508137224,-0.414056211101679,307
T270I,-0.0581129222128028,1654,-0.1139137431194174,2795,1,0.1041659728809233,-0.6595901531543055,1.224127984062233,-1.1243587762665206,270
H105N,-0.0581697084998848,1655,0.8314628750282678,898,1,0.8734065358277245,1.2312022678882717,0.0334424144637444,1.1878002819333304,105
D172A,-0.0582489935249536,1656,0.1996609478818893,2180,1,-0.5396718079057883,0.4152255504183615,0.8034678337072614,0.1196222153077225,172
L277Y,-0.0582813956255958,1657,-0.5759394162649514,3389,1,-0.755331846503352,-0.8321453667123534,-0.5855798534268946,-0.1307005984172056,277
G84F,-0.0582920923705608,1658,-0.7273990199176567,3509,1,0.3298915075217238,-1.7982152865480172,-0.0104954906189601,-1.430776810025373,84
F74L,-0.0583037344415389,1659,0.4003506848148881,1774,1,0.4193466159992507,0.3932869635967891,0.3125611697069919,0.4762079899565207,74
P301D,-0.0583776394392028,1660,0.0774739690555727,2426,1,0.814979388624086,-0.9370217124492312,1.076002711537814,-0.6440645114903778,301
G360R,-0.0583817331985049,1661,1.424732417203225,87,1,0.98409434543268,1.0817549651411755,1.919829580537548,1.713250777701497,360
S215K,-0.0584238947749608,1662,-0.1365580086159917,2829,1,0.2394412296554696,0.0152178718954959,0.3230307123928397,-1.1239218484077722,215
S120C,-0.0585049342914922,1663,-0.1710562601973818,2882,1,-0.9635906960437658,-0.3844804722234993,0.1825529289483267,0.481293198529411,120
T155Q,-0.0585476861817761,1664,0.3937050106493482,1790,1,0.0147000246989035,0.2558757902269324,0.7552324752273216,0.5490117524442356,155
K208V,-0.0586456799783734,1665,1.3793831354482995,111,1,2.8701500750340925,1.0729440225763327,0.9488327116809624,0.6256057325018104,208
K256Q,-0.0587020458452579,1666,1.04084550309604,522,1,1.0119674023605645,1.260442734048468,0.5349227832775287,1.3560490926975983,256
L22W,-0.0587899627260881,1667,-1.561002911801461,3863,1,-1.900242465836232,-1.7015117345527486,-1.523089162944617,-1.1191682838722468,22
E345D,-0.0588703828882661,1668,0.5476111523464704,1471,1,0.2058965504091608,0.336609660391892,0.3209529047805495,1.326985493804279,345
K256V,-0.0589970329585066,1669,0.2428215100507353,2104,1,-0.0686751692001255,0.5972063018225637,-0.2462106286307872,0.6889655362112904,256
G170A,-0.0590042608562597,1670,0.6084488894767438,1357,1,0.6240629459401631,0.1835442261097946,0.985616558145334,0.6405718277116838,170
D216M,-0.059043522524635,1671,-0.5169469521387472,3331,1,-0.8837592894884632,-0.944460447218098,0.1786626427711612,-0.4182307146195885,216
E165A,-0.0590497168076489,1672,0.5166104813859114,1544,1,0.7277887268457863,0.7169291139154798,0.498895977113482,0.1228281076688973,165
E249L,-0.0591060600676993,1673,0.3472434909406615,1885,1,0.3216192897350977,0.2205085144502953,-0.2153663160170035,1.0622124755942564,249
A86S,-0.0591528776733823,1674,0.4760301532049345,1616,1,0.5951811282261683,0.3083965748453699,0.2307773048150033,0.7697656049331967,86
D346Y,-0.0591776234176623,1675,0.4663113982232766,1635,1,1.2891621732175322,0.0671412905058853,0.0351451387228841,0.4737969904468048,346
R260L,-0.059181561512902,1676,0.4858093061965091,1601,1,0.3265386286997372,0.4414499308519094,-0.103379969407767,1.2786286346421567,260
G228D,-0.0591960901445621,1677,0.4570779600266337,1653,1,1.4003910737469418,0.598585214294336,0.4800855862135814,-0.6507500341483244,228
D172E,-0.0591980627989641,1678,0.4549651973339871,1656,1,0.3121931495349229,0.9091627569890184,-0.0891446056319689,0.6876494884439763,172
K320F,-0.0592459487998348,1679,0.4499704123408416,1667,1,-0.4060895596644247,-0.1189051889813244,1.7868773332817494,0.5379990647273665,320
L102C,-0.0592589329649094,1680,-0.1804418100761138,2902,1,-0.1641027976136315,-0.3514878880018867,0.0839658628336856,-0.2901424175226227,102
V251I,-0.0593417274255724,1681,0.8359817977363776,890,1,0.5900443662132964,0.4566759167286625,1.3258385776913288,0.9713683303122226,251
C258T,-0.0593696089828796,1682,0.4293566799425661,1715,1,0.9310509836436656,0.5111013364827156,-0.200407171205713,0.4756815708495965,258
F168L,-0.059386185771924,1683,0.8550263371886875,849,1,1.7562230360997704,1.2142319330082632,0.8630064533361815,-0.4133560736894651,168
T155M,-0.0594302896964741,1684,-0.2801852252973572,3053,1,-1.1837133515510263,-0.3301162346173728,0.3115476278661923,0.0815410571127781,155
I271W,-0.059596326667111,1685,0.1013175037310775,2384,1,0.2245291867520165,-0.5882000333009657,1.013190061254167,-0.2442491997809079,271
L117S,-0.0597634055756034,1686,-0.7067472563949544,3493,1,-1.2465526220998249,0.747563934699681,-0.8129333007534839,-1.5150670374261896,117
A316E,-0.0598997330222212,1687,1.18396600127903,321,1,0.7768329452551026,1.2007122633461778,1.3577767608999476,1.4005420356148923,316
T155R,-0.059901497413095,1688,0.6210438502873233,1327,1,0.7173801634914511,0.4574743913099995,0.6746712335890617,0.6346496127587811,155
A146L,-0.0600956114533062,1689,0.5756319655660085,1415,1,1.2940645892708962,1.637070324416169,0.0619981733105765,-0.6906052247336079,146
G314T,-0.0602564167551218,1690,1.0884989581886173,449,1,0.7992959381012602,1.0832112746151048,0.9573084918113264,1.5141801282267775,314
G170V,-0.0602599648892304,1691,0.0753660489331782,2431,1,0.2603256843926811,-0.4150612751941941,0.8211463591508769,-0.364946572616651,170
E296V,-0.0604424211994276,1692,0.1402917458994852,2317,1,-0.2241259070386968,-0.5906127021685375,1.1729512328712397,0.2029543599339357,296
S28L,-0.0604868086189952,1693,0.3297682501316616,1925,1,-0.3279640847714144,0.5184104158189292,0.0237163401221971,1.104910329356935,28
D346C,-0.06058607776228,1694,0.3203868787680162,1940,1,0.9047741051416494,-0.0004885047945641,-0.1528461275895786,0.5301080423145584,346
P82L,-0.0605971390319612,1695,-0.575338135641815,3386,1,-0.4655310594872258,-0.5267353696734725,-0.0485953560892545,-1.2604907573173074,82
D62N,-0.0606351375989681,1696,0.5689576665897993,1426,1,0.4550134401124597,0.8170480562918292,0.0524732001897261,0.9512959697651822,62
K25E,-0.0607323599168057,1697,0.0792364941883617,2423,1,-0.3135072603192889,-0.0356065504950351,0.1916100374283819,0.4744497501393892,25
K108C,-0.0607418554611727,1698,0.0046683155011839,2563,1,-0.4281307573003976,-0.3373357280727361,0.2978613599058757,0.486278387471994,108
L22N,-0.0608267551264086,1699,-1.688955977909007,3895,1,-2.615395026098113,-1.2585278766915962,-2.1492243690872725,-0.7326766397590476,22
K75N,-0.0608563576719848,1700,0.7966717414612081,971,1,0.3337909216890978,0.882593791090204,0.7563126205626833,1.213989632502847,75
K108I,-0.0608869250558553,1701,-0.29146547492932,3073,1,-0.5980339758473171,-0.3092228798069107,0.1816299892259975,-0.4402350332890501,108
V174T,-0.0609537985830356,1702,-0.7560611135343134,3527,1,-1.100092116997706,-0.619394052577099,-0.7772798126827342,-0.5274784718797142,174
G228Y,-0.0612964590870121,1703,-0.5758856222731787,3388,1,-0.1958999651525804,-0.253935140473632,-0.54945540579053,-1.3042519776759725,228
T130A,-0.0614870832424019,1704,0.8637740912692485,823,1,1.013535238349662,1.4609918433530011,0.8197389803765265,0.1608303029978041,130
T59S,-0.0615099392561756,1705,1.4321553408996917,84,1,1.27397029297461,1.7123908108128023,1.6417823793347248,1.1004778804766289,59
P123A,-0.0617307488423873,1706,0.199840986978785,2177,1,0.5554717527779164,0.1906478221906395,0.4097892966167172,-0.3565449236701332,123
S41V,-0.0617696296504001,1707,0.6846956254243056,1212,1,0.2333476548872663,0.7206923549230896,1.0566429592667763,0.7280995326200902,41
E275H,-0.0618414460548064,1708,0.5971220070083884,1379,1,-0.667245125417749,0.7575994236900111,1.2112058770969076,1.0869278526643835,275
Q252T,-0.0619449088751001,1709,0.8114565465826733,937,1,0.7025336600161604,1.087216819118921,0.292801291453911,1.1632744157417003,252
H85I,-0.0620547194243208,1710,0.6852210386722896,1210,1,0.601271931646532,1.3040543458652731,-0.0478984622784134,0.8834563394557667,85
E275S,-0.062080931197553,1711,0.435501403122003,1699,1,-0.0849531819367489,0.4841072022067021,0.2084196793447728,1.1344319128732865,275
V347C,-0.0621051188781917,1712,-0.3044353155582974,3086,1,-0.193053279892714,-0.099530039056101,-0.2974229524908069,-0.6277349907935678,347
A154M,-0.062106607852852,1713,-0.8525621202737818,3603,1,-0.8829858672367958,-1.2701465250858708,-0.238988688283381,-1.0181274004890797,154
V347D,-0.0621152492550651,1714,-2.100350586244146,3947,1,-2.8518696952257967,-2.00932882115452,-1.6547430433466446,-1.8854607852496224,347
V239Y,-0.0621177346376686,1715,0.6966332804904469,1186,1,0.765141768707224,1.1816116009460118,-0.106009873598192,0.945789625906744,239
N98D,-0.0621225427076796,1716,1.257001668508506,228,1,1.2916013818977174,1.2737926123529772,0.8751497476815361,1.5874629321017943,98
V347L,-0.0621885147731882,1717,-0.2773791072402631,3047,1,0.1281679777331529,-0.2638023944074609,-0.0313905090806364,-0.942491503206108,347
P64V,-0.0622382542506088,1718,0.0510759169802931,2479,1,0.1587238467818114,0.2263433893268259,0.2348297867064336,-0.4155933548938982,64
V81I,-0.0624484245380575,1719,0.728780488858558,1103,1,0.5926620418323671,1.0487680553260286,1.0344251083462186,0.2392667499296172,81
D190S,-0.0627865881947571,1720,-0.4755932790089536,3278,1,0.1892610141462903,-1.0163804742137923,-0.5516022509959424,-0.5236514049723701,190
G273A,-0.062805977289837,1721,-0.2036108695289789,2943,1,-0.1104043167122835,0.0583604793563816,0.5393939596866206,-1.3017936004466342,273
P124G,-0.0629568547411759,1722,0.0099590195667106,2557,1,-0.6589253033441206,-0.1891538338177996,0.191137619670709,0.6967775957580539,124
I271Q,-0.0629609747233125,1723,0.735922560781604,1085,1,0.7782826353444603,0.0448618588892306,0.994315445705328,1.126230303187397,271
K68H,-0.0630378494564145,1724,0.3968525275516825,1782,1,-0.0474132116807883,0.4727381642957309,0.2294454809760243,0.9326396766157632,68
D268T,-0.0631172067809563,1725,0.9328045701143152,698,1,0.6281674693300853,1.3843652686759556,1.573837323539654,0.1448482189115665,268
Q143H,-0.063118862793907,1726,0.2605839104851555,2066,1,0.6549114280452814,0.4204832842663142,0.1761622020351516,-0.2092212724061254,143
H85Q,-0.0632276942883903,1727,1.4028725710388863,100,1,1.2408205111404833,1.0473655576117396,1.773422343344901,1.549881872058421,85
K320T,-0.0632497573324915,1728,1.2009797841024716,294,1,0.7874904680236879,0.9094374426427934,1.8056002289178197,1.301390996825586,320
A86D,-0.0632565846515578,1729,-0.2905789169967289,3067,1,0.8031452321481323,-1.217993213762132,0.4244162068667908,-1.1718838932397069,86
I265N,-0.0632798142152189,1730,-0.7717824131284736,3538,1,-1.023605432460465,-0.9453807788857722,-0.3980534822551891,-0.7200899589124681,265
L350F,-0.063313324483564,1731,-0.0505093829850223,2666,1,-0.1189640667509973,-0.0637753186100538,-0.4639736320307556,0.4446754854517175,350
H85A,-0.0633750745377851,1732,0.9242651320883032,716,1,1.6099416760322849,1.3322481911320505,0.1277909551876773,0.6270797060011996,85
K151R,-0.063493479511544,1733,0.9389759298792892,681,1,1.0981718967168776,1.1066752148060388,0.3410519681308128,1.2100046398634277,151
E345P,-0.0637046058575048,1734,-1.1491624110558032,3758,1,-1.024938352496528,-1.2837366968707482,-1.0389018679678317,-1.249072726888105,345
S215L,-0.0637456406846712,1735,0.1416911617616963,2314,1,0.3728504357239315,1.098960209353658,0.5456505110006105,-1.4506965090314146,215
R297F,-0.063800969609896,1736,0.4135091641221178,1746,1,0.6941926499072766,-0.4828748071419927,1.3345620065642831,0.1081568071589045,297
A348E,-0.0638564998758553,1737,-0.2601913420421353,3024,1,-0.5423905984111029,0.1601685879256222,-0.7182327576673831,0.0596893999843225,348
K90S,-0.0638780209683659,1738,0.9032621012578996,750,1,1.511929382486917,0.9424370009952578,0.5755477825943172,0.5831342389551064,90
L152D,-0.0639232425835778,1739,-0.2318347706475548,2985,1,-0.4561135674647063,-0.393485089572155,0.2020262713717724,-0.2797666969251304,152
T325I,-0.0639403787009023,1740,0.6382278383889551,1304,1,-0.1362877227859357,1.1211967025146825,0.7259962748505779,0.8420060989764961,325
L102W,-0.0640090869398716,1741,0.0590482158865683,2463,1,0.5683633455217152,-0.5356276401142253,0.3408906569335582,-0.1374334987947748,102
K208C,-0.064112905139045,1742,0.699229140361322,1177,1,1.4671766551719447,0.2523043378177458,0.5008710399549158,0.5765645285006816,208
I271M,-0.0641423836618095,1743,0.7247986046751704,1116,1,0.3661089748647063,0.468606689179148,0.9875107514954642,1.0769680031613629,271
E272D,-0.0641453301216515,1744,1.0496337678569674,498,1,0.7855773731966539,1.1729817004779617,1.1013695813620512,1.1386064163912026,272
A218S,-0.0641921753861921,1745,1.4609593129245524,73,1,1.1431917151367523,1.453814622640778,1.767189143299251,1.4796417706214284,218
E323V,-0.0643565729885338,1746,1.1347320950610458,390,1,0.6124219877875324,0.8888271741437231,1.880158563409916,1.1575206549030113,323
K140H,-0.0644748981563341,1747,0.591055859757113,1390,1,0.5754104408412561,0.6052905241023556,0.1944506692067327,0.9890718048781076,140
C122V,-0.0644887346717524,1748,0.608706318360827,1356,1,1.7617240338040467,1.076998370145814,0.4249720726608849,-0.8288692031674374,122
G101E,-0.0646386057398911,1749,0.8900457784897425,778,1,1.7571369126185383,1.616670104058116,0.7615112909119455,-0.5751351936296296,101
V29C,-0.0647456954805311,1750,-0.426281957775786,3224,1,-0.8431501006376076,0.0934658448189403,-1.0442492160728174,0.0888056407883407,29
H85V,-0.0647919521791928,1751,0.9322158736372722,700,1,1.077808298133902,1.723495972972819,0.0045424881011914,0.9230167353411765,85
T92E,-0.0650161074514496,1752,0.1605272360015227,2265,1,0.3604111230165525,0.4172428494678282,-0.215675282384509,0.080130253906219,92
A171N,-0.0650205846055797,1753,-0.7229810619590367,3507,1,-1.110065863738,-0.0409733343890335,-0.3153145246512279,-1.425570525057885,171
S120E,-0.0651389595065207,1754,0.7567051518515467,1038,1,0.4918672954011725,0.9007843214890664,0.6190341756539839,1.015134814861964,120
S119T,-0.0652611307563128,1755,0.7285523406653514,1104,1,0.7955779882525271,0.8546754893745478,0.3706660366612099,0.8932898483731203,119
D352W,-0.0653530158773376,1756,-0.8279227076612162,3577,1,-0.9470390077942528,-0.6729268469833165,-2.127219712094244,0.4354947362269483,352
Q252M,-0.0653552436509764,1757,0.3369651066396566,1905,1,-0.1845351000715932,0.6324779686053422,0.0720036985407583,0.8279138594841193,252
A146G,-0.0654039875337206,1758,0.3425285095762966,1894,1,0.1762157688369919,0.4484885407134538,-0.2499791054064715,0.9953888341612122,146
S28F,-0.0655379894486017,1759,-0.0976575285749576,2760,1,-0.9018921594375924,0.0824524241802193,-0.3499419581308575,0.7787515790883996,28
E321M,-0.0655470597463252,1760,0.6778731625333881,1226,1,-0.3753730408883457,0.616873667830476,1.6872607156546655,0.7827313075367568,321
G26W,-0.0655931950333355,1761,-1.772367375393216,3905,1,-2.558530820801218,-1.3783949264907644,-2.013160976702719,-1.139382777578162,26
G360K,-0.0656120315365903,1762,1.337876107317281,143,1,0.7572107215290969,1.068560733785109,1.919829580537548,1.6059033934173703,360
K204E,-0.0656205167502554,1763,-0.1041213113449479,2773,1,-0.5256273246332747,-0.725406420828539,0.258131368931277,0.5764171311507448,204
D100C,-0.065652664440548,1764,-0.317852841464971,3100,1,-1.1632830932077831,-0.4340621044962467,-0.0657312495402309,0.391665081384377,100
R317G,-0.0656565497068277,1765,1.512931889080601,52,1,1.4769932605932534,1.5533986333305,1.651915524385158,1.3694201380134918,317
R24L,-0.0656601782357361,1766,-0.0828774741026148,2727,1,-0.528208962902957,-0.4629713985053432,0.1700282594325968,0.489642205565244,24
P124V,-0.065822214374823,1767,0.1705080723241441,2242,1,-0.4280703969513535,0.4595117251353672,-0.1242335314381782,0.7748244925507412,124
V81C,-0.0659429233939177,1768,0.1699839312309753,2243,1,0.7186950501116078,-0.2405657316308075,-0.0104339865369942,0.2122403929800953,81
Q97L,-0.0659429966597382,1769,1.113376446424048,423,1,1.511868029562938,1.3738677118161011,0.2779444752707061,1.2898255690464469,97
K90C,-0.0660295558544573,1770,0.541297351144278,1490,1,1.0679531297022309,0.1899881962144421,0.4526232720878394,0.4546248065725999,90
E79T,-0.0660698210010396,1771,0.0936526038927906,2399,1,-0.6243084957554275,-0.065398262260448,0.4248666185731019,0.6394505550139361,79
E230N,-0.0661332214222489,1772,0.2302490969816166,2127,1,0.1416836052870994,0.1365729476136715,0.3134606820029877,0.3292791530227078,230
R253M,-0.0661804752330124,1773,0.5015701548641638,1574,1,0.1360271958993682,0.7403092535841109,0.1899767393890201,0.9399674305841558,253
P263R,-0.0662239488104814,1774,-0.1810451390751748,2904,1,-0.8020871969390395,0.3764629507371397,-0.9852845651056568,0.6867282550068572,263
Q3W,-0.0663984290378186,1775,0.590702231700774,1392,1,-0.0727905814319136,-0.3796045403390858,1.919829580537548,0.8953744680365474,3
Q150A,-0.0663993981789406,1776,0.9388374363034966,682,1,0.8967125491007251,1.0691657237862018,0.4522681836573705,1.3372032886696892,150
L173S,-0.0664622353234813,1777,-0.3921715183781197,3189,1,-1.2080805748421215,0.5391377229139299,0.0568931630248895,-0.9566363846091768,173
G273M,-0.0664647421273186,1778,-1.37054961824908,3812,1,-1.6182007058826902,-1.429233804352515,0.4258039910098017,-2.860567953770916,273
Y114C,-0.0664648786168436,1779,0.1078235974142591,2369,1,0.3356653454035485,0.2495927323413918,-0.029832800125123,-0.1241308879627807,114
D268V,-0.0664797435834814,1780,0.2357658135597206,2118,1,0.1097699526916193,0.0561325615551919,1.4517680880662338,-0.6746073480741627,268
S119Y,-0.0665694138339289,1781,-0.0798899499706856,2717,1,0.3417042892404047,-0.4275301335404879,-0.5175462903402621,0.2838123347576029,119
K108T,-0.0666524462884775,1782,0.2003927308072839,2176,1,0.4428240007744695,-0.0358507718772259,0.4830531594183752,-0.0884554650864831,108
G125Y,-0.0666971738997065,1783,-0.5899193608223849,3396,1,-0.4119528668750827,-1.2086166850355085,-0.1440740555075615,-0.5950338358713874,125
K204S,-0.0667053832474824,1784,0.367392894458755,1857,1,0.2287640322827185,0.2391158125687399,0.1166561362070221,0.8850355967765393,204
A23D,-0.0667128813926757,1785,-1.1237921596397673,3748,1,-1.4632733203769053,-1.7790957702191057,-0.3712884341031364,-0.8815111138599219,23
F355R,-0.0667257864900017,1786,0.8633212452669821,826,1,1.4055585466179643,0.499413136983492,1.919829580537548,-0.3715162830710758,355
V347Y,-0.0667595455542609,1787,-1.486959824379603,3845,1,-1.5249885636899132,-1.7961646384728414,-1.0205801375778814,-1.606105957777776,347
N113L,-0.0667965143166792,1788,-0.2235041488034876,2976,1,-0.0537515397041096,-0.6212837884331678,0.0506413336580155,-0.2696226007346887,113
H30A,-0.0669921026995126,1789,0.6092255889098367,1354,1,0.8447326969588635,0.6534839873296551,0.7180225726599385,0.2206630986908898,30
P116M,-0.0670277176055396,1790,1.022776730133281,549,1,0.7827234352605268,1.3476462597249963,0.7021756872614225,1.2585615382861786,116
V239W,-0.0670884050166149,1791,0.507126388914549,1560,1,0.5044978016270545,0.8498324627075168,-0.2190987644762884,0.8932740557999128,239
R357D,-0.067117894275759,1792,1.1749360697124445,331,1,0.5124563264241863,0.9309973341591152,1.919829580537548,1.336461037728929,357
A19D,-0.0671566703866834,1793,-2.2734892167640783,3961,1,-3.3904057121413373,-1.5680357462165926,-2.881310095517765,-1.254205313180618,19
Q356N,-0.0672102704583671,1794,1.1235781099341011,411,1,0.5667121627204649,1.0905498355044645,1.919829580537548,0.9172208609739269,356
K68L,-0.0672460251419101,1795,0.3741207850386763,1841,1,0.2579569976702843,0.4100046526615441,-0.2152821096022183,1.0438035994250954,68
G229C,-0.0672964112024975,1796,-0.9206185823690896,3646,1,-1.2360886809260725,-0.6327845106148582,-0.9773831240353208,-0.8362180139001066,229
L173Y,-0.0673448653221792,1797,-0.2559380989621469,3015,1,0.1413947561534143,-0.4097887054678841,-0.1085302347323826,-0.6468282118017352,173
T264S,-0.0673747655486759,1798,1.5949457861493708,34,1,1.3199781362091718,1.5859757812575113,1.81882672361054,1.65500250352026,264
E321N,-0.0674022923412786,1799,0.9464145190419462,670,1,0.4614337685839119,0.7249938720300764,1.729413615158458,0.8698168203953387,321
T155L,-0.0674370864487941,1800,-0.0208875765458092,2619,1,-0.6000248846182992,-0.1548308390344293,0.3939469809627845,0.2773584365067069,155
D172V,-0.0674611707390246,1801,-0.8112370602669978,3562,1,-1.4408928586625074,-0.0931839603881363,-0.8673782960595402,-0.8434931259578076,172
G342A,-0.0675022879328138,1802,-0.4997188397461026,3309,1,0.4826449475419485,-1.0908446641442089,-0.2990496061842178,-1.0916260361979322,342
V347I,-0.0675330391935185,1803,0.4222305176892202,1731,1,0.5597575046270891,0.7481745515563473,-0.0026419112392635,0.3836319258127083,347
A318M,-0.0675526064705377,1804,0.5460416446225216,1477,1,-0.3193540377176558,0.5467305859746207,1.023544971644397,0.9332450585887248,318
R304K,-0.0675612331902218,1805,1.2071700127823233,284,1,0.7801492658715466,1.165167717843527,1.7838959116228863,1.0994671557913338,304
S267Q,-0.0676569704911763,1806,0.8161258690718787,933,1,0.6522461776216322,0.795611258185041,1.1047970656915242,0.7118489747893177,267
D346S,-0.0677766259100242,1807,0.562480007673945,1439,1,1.0770014231586682,0.2957146885021496,0.0778219751461761,0.7993819438887863,346
E345I,-0.0677952298851206,1808,0.1856022393090296,2208,1,-0.056818635564489,0.3616840066479844,-0.0072424473115469,0.4447860334641701,345
L326A,-0.0678105758539782,1809,-0.3822905284161368,3183,1,-0.7030595680270483,0.4386844977656177,-0.6247075245521653,-0.6400795188509515,326
A354M,-0.0678422691885536,1810,0.27917833790855,2031,1,0.0137534226896899,-0.2662813809193142,1.919829580537548,-0.550588270673723,354
F168S,-0.0678943784233376,1811,0.3686582168337078,1855,1,1.121512001499294,0.6911646457110107,0.813957263695676,-1.1520010435711496,168
L350N,-0.0679077240134844,1812,-0.8412129728882362,3593,1,-1.6203241479762385,-0.9257291997740608,-0.4576632455201312,-0.3611352982825144,350
R93Q,-0.0679258259003245,1813,0.651802551751429,1284,1,0.8899263044397103,0.7204305714113903,0.0954724211080581,0.9013809100465568,93
K76F,-0.0679259143993131,1814,-0.3091788809087442,3089,1,-1.2483984970005388,-0.5895416024720862,0.1675933632492147,0.4336312125884333,76
H30Q,-0.0679894846230878,1815,0.4392004918716725,1689,1,0.5327820597474962,0.7155006851146599,0.0239201121036336,0.4845991105209001,30
D352N,-0.0680881374609403,1816,0.324612660065565,1932,1,-0.3887023002138217,0.2551072410070684,0.4536022963597184,0.978443403109295,352
E296S,-0.0682808572895655,1817,0.4234320512940689,1728,1,0.1490481476914353,-0.0130385166634966,1.2406102308777305,0.3171083432706068,296
A23L,-0.0683172904345338,1818,0.0144954606277525,2554,1,0.8676161681336088,-0.1259282655514263,-0.0211747663098726,-0.6625312937612997,23
T325V,-0.0684743828526552,1819,1.0856908355404702,456,1,0.5342316908720063,1.5213327367458152,0.8957586652878985,1.391440249256161,325
M87L,-0.0684844282636758,1820,0.9067142391433862,740,1,1.570298095526535,1.2559948830333991,0.0873621061194944,0.713201871894116,87
S219I,-0.0686501098264858,1821,0.3478421870815686,1884,1,0.2846311911432366,0.3688283062925279,0.4920043560225688,0.2459048948679412,219
G290K,-0.0687125981485237,1822,-0.9965573832024428,3686,1,-0.3790173829522631,-1.193052961021962,-0.6235538624627226,-1.7906053263728234,290
D109L,-0.0687148504795106,1823,0.1126845556222381,2359,1,-0.0749449997254273,0.1887499709823068,-0.1512665659801967,0.4881998172122698,109
Q3L,-0.0687564613523515,1824,1.2895095686679765,187,1,1.0260476183307534,0.7451375711751638,1.919829580537548,1.4670235046284408,3
I127L,-0.0687845397445191,1825,0.8002773788070778,963,1,1.1415754591802598,1.714015751600668,0.1952163835880776,0.1503019208593058,127
L103Q,-0.0688115624195957,1826,0.7061818616631259,1151,1,0.8944717079955068,1.195033807129444,0.5861202462320323,0.1491016852955205,103
H85K,-0.0688157754825877,1827,0.8275758209554542,907,1,1.3601773719567454,0.6468196980912815,-0.0627185210000371,1.3660247347738268,85
M87D,-0.068832672356603,1828,0.2577895804115231,2071,1,-0.4281017072854554,1.182400921980606,-0.3141714186080419,0.5910305255589837,87
N113A,-0.0688433365443475,1829,0.231283847269158,2125,1,0.3824633569065101,-0.0135878245698571,0.0488562705070894,0.5074035862328898,113
I298M,-0.0689237812400085,1830,0.811345692801993,939,1,0.3534011853785052,1.140442022653981,1.129660877950705,0.6218786852247805,298
V299F,-0.0690032640544394,1831,0.4871002110409529,1597,1,0.4416865786907882,0.3633281896968818,0.6030918237425811,0.5402942520335605,299
S120Q,-0.0690293879833017,1832,0.2476933891366798,2093,1,-0.2424702642413948,0.3002554182973517,0.329634405638672,0.6033539968520907,120
P112R,-0.0690773773161539,1833,0.1433783393591852,2310,1,0.0018524492138749,0.7256562876586145,0.2091718965994944,-0.3631672760352428,112
S266C,-0.069105691631468,1834,-0.1665535850640056,2878,1,-0.0195183967241213,-0.9591664799392576,1.024443112691049,-0.7119725762836926,266
A192V,-0.0691066005139738,1835,0.2466062169804704,2095,1,0.983046166645916,0.3701430567604639,-0.3250180577554656,-0.0417462977290326,192
R304W,-0.0692105131816575,1836,0.7149871159018705,1132,1,0.0958710339730029,0.37122791451505,1.689402189276636,0.703447325842793,304
D190N,-0.0692579663251641,1837,-0.1960473329314348,2930,1,-0.0950217638070125,-0.5464140844943162,-0.4600039598538851,0.3172504764294744,190
L20M,-0.0692703530604401,1838,-0.1416762109856994,2836,1,-0.0124819445595812,-0.4786749855430626,-0.1183129395368429,0.0427650256966891,20
R115Y,-0.0692706690857541,1839,-0.2511250618853418,3008,1,-0.3782099576384513,-0.3550424122934603,-0.3391757366171588,0.0679278590077029,115
L152R,-0.0692754972568058,1840,0.4696309361737782,1628,1,0.3650419961190167,0.2305778279752565,0.4661448819924574,0.8167590386083825,152
H30L,-0.0693094779490128,1841,0.5675435104875749,1430,1,1.3248800314063818,0.5256914718293567,0.5881316141553905,-0.1685290754408297,30
V239F,-0.0693646777135756,1842,0.6975204131859948,1182,1,0.8018240952541247,1.1502775918433268,-0.0595001788177165,0.8974801444642443,239
T325G,-0.0694400335892853,1843,0.9590531817232418,641,1,1.2890049631062244,1.2678431824239886,1.24140049792122,0.0379640834415341,325
E148R,-0.0697355617983474,1844,-0.0931612160500901,2751,1,-0.2955765218679019,-0.3670956124409891,0.0005243448050684,0.289502925303462,148
L326S,-0.0698115029955094,1845,-0.848095796287872,3600,1,-1.398942396422172,-0.6027232169914299,-0.8897969438025304,-0.5009206279353556,326
V299R,-0.0698234899133253,1846,1.227953376656449,259,1,0.8836231391205374,1.6070154343128866,1.3127691809654511,1.108405752226921,299
A126T,-0.0698371517426529,1847,0.1293480674684465,2339,1,0.9103355221598172,0.3675741039606232,0.2788457910157735,-1.039363147262428,126
A295N,-0.0698769553667034,1848,0.2657458075820992,2058,1,0.1361320157435397,-0.044737209408539,1.0141559355292336,-0.0425675115358374,295
A218F,-0.0698849713354827,1849,0.3051775470903945,1975,1,0.2363256548628477,0.1602832172763493,-0.0922878025626096,0.9163891187849906,218
P82F,-0.0699070710647433,1850,-1.0612663304531202,3723,1,-1.3222191842260602,-1.0289275696280051,-0.3461609039921905,-1.5477576639662247,82
R288I,-0.069917454811015,1851,0.4210055849281348,1733,1,0.6118036922225559,0.6750378557329685,-0.1956816722940617,0.5928624640510766,288
K151N,-0.0700410313799531,1852,0.7426764237489183,1073,1,0.511381534836183,0.9336368841835326,0.4617218247556389,1.0639654512203187,151
G125H,-0.0701003423009246,1853,0.0329453321633957,2518,1,0.2185544163243521,-0.4660434397443541,0.3476127695330101,0.0316575825405748,125
G269L,-0.0702203977629631,1854,0.1725351099961294,2235,1,0.5177450506769251,-0.3612663802703295,1.6422437652099031,-1.108581995631981,269
G360S,-0.0703945172342546,1855,1.487806360194918,58,1,1.0023058351786749,1.2701881824094263,1.919829580537548,1.7589018426540228,360
D346N,-0.0704748879813886,1856,0.3878942450861145,1803,1,0.4950826485434917,0.3536796698670399,0.1988327998960474,0.503981862037879,346
G229V,-0.0705154715073293,1857,-1.3936949490428123,3819,1,-1.3693080398400523,-1.2379889345307826,-1.6826135956414208,-1.2848692261589936,229
G228C,-0.0705580530739442,1858,-0.549876822170349,3367,1,-0.0700286876229673,-0.6917665104615038,-0.2218985228843394,-1.2158135677125854,228
Q3S,-0.0705678251756966,1859,1.567767136929035,41,1,1.3507633686877116,1.4589848469968385,1.919829580537548,1.541490751494042,3
L22K,-0.0705689010594677,1860,-2.373529569057527,3964,1,-3.654028347465362,-1.7951438793209018,-2.9738714151802603,-1.071074634263583,22
E79V,-0.0706051571174193,1861,-0.9130706577338034,3641,1,-2.1011745006473306,-1.2000448442067992,0.0132936971358129,-0.3643569832168967,79
E272N,-0.070663980202611,1862,0.6584751307509544,1267,1,0.2613674163561023,0.8134356150135912,0.929738390899938,0.6293591007341861,272
Y144A,-0.0707003243473131,1863,0.1882734819747474,2202,1,0.9433876483787615,-0.0277915930673106,0.1149851747796895,-0.2774873021921509,144
L302V,-0.0707906004960984,1864,0.7647940695517083,1021,1,0.8370963757442373,0.6127047860120519,1.3056483468779685,0.3037267695725751,302
E249K,-0.0708051724073493,1865,0.5681216173323034,1429,1,0.5816946391344352,0.4115730078877259,0.1183501418839987,1.1608686804230537,249
S245D,-0.0708948991056047,1866,0.6111435746083136,1350,1,0.5399282258385627,0.6777109766872588,0.3128938063393277,0.9140412895681048,245
E165N,-0.070985281729376,1867,0.192221321312354,2198,1,-0.0858333502176108,0.2436742312958297,0.6580022510587872,-0.04695784688759,165
R260Y,-0.0710224553495193,1868,0.2767578450862621,2036,1,-0.192993528847096,0.2019645541202225,-0.1452981994062633,1.243358554478185,260
G342S,-0.0710706438323438,1869,-0.8758393209021905,3620,1,-0.1900602635359313,-1.749894957540405,-0.3238206721421784,-1.2395813903902475,342
P124M,-0.0711096015633389,1870,-0.3543151691769531,3149,1,-1.343184607526569,-0.4076317969990032,-0.1314290067791181,0.4649847345968777,124
P124L,-0.0712797648491322,1871,0.1539450969493532,2282,1,-0.5044255112585397,0.2907186113635171,0.0760722602203323,0.7534150274721031,124
R5A,-0.0713138505394581,1872,0.0326633595834162,2519,1,1.1350278256027326,0.0357861054058869,-1.5173739431257014,0.4772134504507466,5
R304M,-0.0713805320469565,1873,0.8235898742508196,915,1,0.1860992010856366,0.5146293590770525,1.7359217559045217,0.8577091809360677,304
F168I,-0.07147232066279,1874,0.3319170279309532,1919,1,1.3060047547154487,0.8621676079450254,0.5090039773616419,-1.3495082282983035,168
R147P,-0.0715034921521049,1875,-0.505582458198355,3316,1,-0.1853839383634041,-0.6453309720171752,-0.7907665667039107,-0.40084835570893,147
P112K,-0.0715865558379191,1876,0.1255608915208103,2345,1,0.0976512613433337,0.8343382263977293,-0.0130418224483138,-0.4167040992095076,112
T155K,-0.071603043672769,1877,0.6035956887882712,1367,1,0.5389647402279721,0.467482649489413,0.748033428117736,0.659901937317964,155
G104Q,-0.0716520243221418,1878,0.8289312432689719,903,1,0.9768060740587786,1.1993223824686114,0.7195153317723094,0.4200811847761882,104
L60S,-0.0716822394805592,1879,0.9288548578331952,705,1,0.90107812952614,1.4289621329972584,0.4449221684557866,0.9404570003535956,60
P123V,-0.0717397809934176,1880,-0.1059574603505932,2776,1,0.3278113849362484,-0.4314176408796383,0.1325823361034319,-0.4528059215624152,123
A146D,-0.0717785702089683,1881,-0.0787362804806875,2715,1,-0.1791721292481893,0.019798354236553,-0.4954367881740811,0.339865441262967,146
H105R,-0.0718041261071361,1882,0.8430705416423706,876,1,1.147935682817008,1.081143048560123,-0.0153858504977157,1.1585892856900672,105
R304C,-0.0718580084645819,1883,0.5144545730372881,1549,1,-0.0532616007849909,0.1052436301990142,1.7255404076117824,0.2802958551233469,304
S307I,-0.0719008368400648,1884,0.6038912681077385,1365,1,0.4401332873641104,0.6362676479089993,1.158166718173741,0.1809974189841036,307
S315Q,-0.0719057496592508,1885,1.0741896061115217,473,1,0.6617312630145071,1.0922371630628585,1.207413384000062,1.3353766143686585,315
D169Y,-0.0719566484901329,1886,-0.285908193850957,3060,1,-0.6079418391978381,-0.034078581826604,-0.7455747627427747,0.2439624083633887,169
K76P,-0.0720064205188937,1887,-0.6579925637058573,3445,1,-0.4136500324300247,-1.1281927832863148,-0.266564540537462,-0.8235628985696278,76
R297C,-0.0720892942096314,1888,0.6911891428720564,1199,1,0.7663668616918854,-0.1413416019433334,1.4504867734017102,0.6892445383379635,297
R357E,-0.0721770737293256,1889,1.3276475339109728,151,1,0.6785898043311875,1.012606869853703,1.919829580537548,1.6995638809214533,357
I21K,-0.0721787192298606,1890,0.579971346762983,1409,1,0.0376537623170974,0.3183040885345704,0.2571411851318015,1.7067863510684624,21
A192S,-0.0723079367418865,1891,0.8288670005488697,904,1,0.8363594330783156,1.2484633725113323,-0.0056488134574271,1.2362940100632582,192
S120W,-0.0723126900876062,1892,-0.2950169058734523,3079,1,-0.6552705441571185,-0.3762546750874165,-0.385903517011823,0.2373611127625488,120
L300F,-0.0723530907845282,1893,0.497189656847548,1581,1,0.4321333299340305,0.4361322828798213,1.677650995704481,-0.5571579811281407,300
P308I,-0.0724116807111612,1894,0.8404523370046559,881,1,0.4642846206930121,1.380606901634793,1.3097468487104134,0.2071709769804056,308
S72Y,-0.0725512739852066,1895,0.7605972703474351,1030,1,1.0563045257743549,0.6676272710922669,0.2998059900268988,1.0186512944962198,72
G187S,-0.0725555069478465,1896,-0.2899842780024266,3066,1,-0.0313546071422681,0.1197992752985338,-0.154492141808261,-1.0938896383577112,187
K68D,-0.0727650713998862,1897,0.1280589113513993,2340,1,0.2283618330569022,-0.5269328009777668,0.0927616856486375,0.7180449276778244,68
I127M,-0.0729228334300528,1898,0.3982906988233868,1778,1,0.633323021474408,0.7421595539002726,-0.049339345327832,0.2670195652466988,127
P263D,-0.0729525073228214,1899,-0.5434825709409612,3361,1,-0.829040323623797,-0.157835548210126,-0.9642357339919287,-0.2228186779379931,263
R260C,-0.0729688050896044,1900,-0.081668476218899,2723,1,-0.7737881976066855,-0.374882039333411,-0.0491418002892214,0.8711381323537218,260
H30Y,-0.072972551790552,1901,-0.1019165212766377,2772,1,-0.2750219656258142,-0.1922186473212005,-0.1468226130527665,0.2063971408932302,30
S120Y,-0.0730934105492084,1902,-0.1671650977674789,2879,1,-0.5975893219311932,-0.1277965718054234,-0.2606618427305717,0.3173873453972729,120
R278M,-0.0731814129989048,1903,-0.3519489274545359,3144,1,-0.7446307094024552,-0.519656119649419,-0.3007963831744716,0.1572875024082022,278
A316I,-0.0732290991401926,1904,0.8218581843488275,918,1,0.1503730878181162,0.7522182160253875,1.1153882839433495,1.269453149608457,316
K76I,-0.073269362911981,1905,-0.4858584927839308,3291,1,-1.2541061763233006,-0.4175199733253875,0.3355758066328121,-0.6073836281198473,76
K25V,-0.0732737487613996,1906,-0.7940357384478675,3549,1,-1.482962940923774,-0.6534146236862611,-0.1251372493048607,-0.914628139876574,25
Q191K,-0.0732820166221093,1907,1.079545404128757,466,1,1.1846831655205614,1.3366494581230892,0.4323666660808388,1.3644823267905384,191
K76L,-0.073315186388802,1908,-0.1114066535759572,2788,1,-0.3493686979121645,-0.2619586878150137,0.2560302885304856,-0.0903295171071363,76
A154N,-0.073344916137768,1909,-1.079085613679922,3731,1,-0.987209026459816,-1.0772867001636284,-0.9765635938743528,-1.275283134221891,154
D262S,-0.0737155188345641,1910,0.3298633520159156,1923,1,0.9905131211631442,-0.5345026494066467,0.1299423436500273,0.7335005926571377,262
Y144K,-0.0737211430386662,1911,-0.487630861803778,3293,1,-0.4747939456792088,-0.8062606898524757,-0.2472057267047901,-0.4222630849786374,144
D189N,-0.0737466417144173,1912,0.6382194734868553,1305,1,0.3398793075507081,1.3394175382090452,0.219832950229657,0.6537480979580107,189
P124D,-0.0737525855041714,1913,0.6317068282454695,1310,1,0.4832328663829109,0.4216561428720116,0.4894646699314294,1.132473633795526,124
V299A,-0.0737664280257346,1914,0.8907278068800458,775,1,0.9070122142089266,0.452405719809319,1.264347076724587,0.9391462167773508,299
H257Y,-0.0738165427718997,1915,0.4588350252484768,1650,1,0.3835375883284608,0.701283538966209,-0.3181631927191292,1.068682166418367,257
V174R,-0.0739185140944175,1916,-1.950109402869613,3928,1,-1.9375490925350949,-2.107841589495114,-1.8089216063165867,-1.9461253231316584,174
L311M,-0.0740245369562343,1917,0.7741492158231766,1002,1,0.2315815594254221,0.8263400395321722,0.8219114031387698,1.2167638611963427,311
R253C,-0.0741144157021948,1918,-0.0248408382103757,2627,1,-0.5504872385363788,0.1236914743257118,0.0090185487133886,0.3184138626557755,253
V299Y,-0.0741692261913024,1919,0.3991493460104351,1775,1,0.2668704680025718,0.1429386806504002,0.7638117455244933,0.4229764898642749,299
G269M,-0.0741744806378022,1920,-0.0726159271200916,2704,1,-0.2113005023363845,-0.6531801660872628,1.617938896671675,-1.043921936728394,269
G360E,-0.0742104688014754,1921,1.484366853617205,61,1,1.1007871940870932,0.9466704886258452,1.919829580537548,1.970180151218334,360
A316V,-0.0742283413397621,1922,1.0315587924829912,533,1,0.4889764258154678,1.0109978427644175,1.2081733169033766,1.4180875844487024,316
P64R,-0.0744997021082303,1923,0.2735582407361195,2048,1,0.5225379984906279,0.304077305405306,0.2926554143237864,-0.0250377552752421,64
Q97E,-0.0745201465370633,1924,1.414207441462784,91,1,1.4450068650307233,1.2770886460321345,1.3686807877651226,1.5660534670231565,97
H85R,-0.0745996949762441,1925,0.7374961377525353,1084,1,1.2631363277269083,0.6362065925634516,-0.0479727261183322,1.098614356838114,85
E121C,-0.0746023606219271,1926,-0.4637642119130744,3267,1,-1.541566176817443,-0.692026582141085,0.0199773275563598,0.3585585837498703,121
K256W,-0.074775955987708,1927,-0.2739788618959313,3039,1,-0.675975244556271,-0.1304991109116701,-0.8124582690600695,0.5230171769442855,256
T270S,-0.0749167152758795,1928,1.1927984668724751,306,1,1.2380068756777247,0.8736910277525788,1.3354373604898202,1.3240586035697774,270
P124N,-0.074918815709322,1929,0.2908787928768466,2003,1,-0.4889100515866671,0.268799932515467,0.5665240795507077,0.8171012110278787,124
C207S,-0.0749758149484898,1930,1.2739453034790629,203,1,1.9643407729322848,1.5596460280469124,0.5645453562968284,1.007249056640225,207
L152I,-0.0750393281537144,1931,-0.2102574823994377,2955,1,0.1752301615810584,-0.6504553097622903,0.1216500457636982,-0.4874548271802173,152
C122G,-0.0751118120207105,1932,-0.5190048160334322,3335,1,-0.1017786636288473,-0.3570105120198271,-0.5509721890498336,-1.0662578994352203,122
C207W,-0.0751687493366239,1933,0.5633259842899785,1438,1,2.201687374917109,0.0657014494909444,0.379898963306492,-0.3939838505546316,207
E272Y,-0.0751750765008814,1934,-0.0612183288011288,2684,1,-0.4841674106154836,-0.3785987438678828,0.493485474289181,0.12440736498967,272
M58K,-0.0751828235854453,1935,1.52048688422743,50,1,1.3155105171148995,1.9241980178342972,1.0028160927112588,1.839422909249263,58
D346V,-0.0751984334935354,1936,0.7609696840019435,1028,1,1.5652375554067248,0.0885531402445811,0.391051121784271,0.9990369185721976,346
I127D,-0.0753312373813246,1937,0.0343865694631317,2512,1,0.907331076450065,-0.1285958072010351,-0.0106429225719553,-0.6305460688245477,127
V203C,-0.075341166541515,1938,-0.3221290636908202,3109,1,-0.2307803652652152,-0.525111157999287,-0.4999960127016851,-0.0326287187970934,203
R253S,-0.0754214993428498,1939,0.9579572459509842,645,1,0.8691269949425043,1.3552475591064732,0.5173522698758228,1.0901021598791365,253
L152W,-0.0754250165868041,1940,-0.4508823109630651,3252,1,-0.8500259718670492,-0.4760440897810203,-0.1431080880820164,-0.3343510941221744,152
L152F,-0.0755036930871425,1941,-0.0402218917894396,2655,1,-0.266271051551021,0.2410116983401961,0.0760619640706686,-0.2116901780176021,152
A96D,-0.0755114098341923,1942,-0.0919320668934579,2748,1,-0.1223712816800928,0.4727178125138817,-0.3150891811245785,-0.402985617283042,96
D172R,-0.0755605650713401,1943,-0.3191569753666314,3103,1,-0.7298148873028913,-0.1196832483796227,0.0655681957011781,-0.4926979614851898,172
D352K,-0.0756450550349124,1944,0.1500744471176053,2294,1,-0.8106701398178284,0.1279311118716865,0.3268609415301885,0.9561758748863748,352
V276S,-0.0756958846247557,1945,-0.8309477201153441,3582,1,-1.2452111325059034,-1.346542422459846,-0.1815016967325956,-0.5505356287630312,276
S267M,-0.075735521542512,1946,0.2862983576005021,2018,1,-0.0525856474264878,0.058943770300347,0.8992632345165134,0.2395720730116361,267
V29F,-0.0757968272330472,1947,-1.426620288054794,3826,1,-1.630107045159641,-1.6093198112066736,-0.9926373418634142,-1.4744169539894474,29
E323M,-0.075822263521031,1948,0.6715927565987284,1243,1,-0.1279038255778618,0.321619907347445,1.866764945805785,0.6258899988195457,323
G84S,-0.0759254900854612,1949,0.1783756142797639,2224,1,1.1976685221995973,-0.4331960442468372,0.4846310978658613,-0.5356011186995658,84
D346M,-0.0759443415116401,1950,0.4635618304567888,1639,1,1.1596206090910357,-0.3357002309868087,0.3349075092607415,0.6954194344621865,346
D172L,-0.0759843027764173,1951,-0.8340923770387598,3585,1,-1.6092591977653452,-0.2178561863441675,-1.0899179293013903,-0.4193361947441356,172
T305L,-0.0760148934162433,1952,1.0954512733061696,443,1,1.0613442119930467,0.9633614223886052,1.7646107523578611,0.5924887064851654,305
K204Y,-0.0760775157786242,1953,-0.470687570650265,3273,1,-1.1001978999343889,-0.4992105040396399,-0.3519593466648029,0.0686174680377715,204
I110V,-0.0760888752838419,1954,1.0813535538563253,465,1,0.91532639531213,0.7300389582882398,1.239999072235321,1.4400497895896105,110
I298T,-0.0761483170456888,1955,0.7979015372729694,970,1,1.088385039061208,0.6483181852065666,1.2722893991817423,0.1826135256423605,298
L300V,-0.0761975543906985,1956,0.3757033578958686,1833,1,0.8716139258393873,0.5010343054005786,0.8711434694187598,-0.7409782690752511,300
H105E,-0.0762019073241128,1957,1.0884642246808962,451,1,1.4780351497962685,1.2312036666770163,0.2672279589579626,1.3773901232923376,105
P206S,-0.0762411028084274,1958,0.5599721724150898,1444,1,0.0921998629034049,1.6904120276370482,-0.2261350155133237,0.6834118146332298,206
E345R,-0.0763189912747029,1959,0.2131131196142434,2158,1,0.0773357485936162,-0.126392108654258,0.4731628737627079,0.4283459647549075,345
V239D,-0.0763527737274502,1960,0.5468006134043957,1476,1,0.7192478553857952,0.7760437173500934,-0.0209330260197109,0.7128439069014053,239
A154S,-0.0765531926249448,1961,0.155543745969089,2278,1,-0.4465050686457014,0.2082028507659327,-0.1166290968215795,0.9771062985777044,154
S41A,-0.0766766250305593,1962,0.9842098791122617,606,1,1.1472609284104074,1.0535025708571253,0.5593410648757448,1.1767349523057695,41
K68A,-0.0767319089924668,1963,0.9254904013790846,712,1,1.1078108803621174,0.8101864942521351,0.2352299524967578,1.5487342784053275,68
I298A,-0.0767535301912942,1964,0.5016767639307025,1573,1,1.0928064985072454,0.471824996962477,1.1081654471772031,-0.6660898869241161,298
R65L,-0.0768112151566038,1965,0.4486596652347363,1668,1,0.2912641272003631,0.2626176825213292,0.0193183883514223,1.2214384628658306,65
S205Y,-0.0768113832477492,1966,-0.8424222942683335,3594,1,0.0253421969521509,-0.9819257317585134,-0.6352028089442425,-1.777902833322729,205
E99D,-0.0768434782332675,1967,0.6805624546981067,1222,1,0.5673632623956837,0.6624664776631538,0.3070623814563899,1.1853576972771995,99
K68V,-0.0768505003072681,1968,0.1673615211776484,2248,1,0.0461031105060623,0.3430668179439683,-0.2675774741484336,0.5478536304089967,68
T130L,-0.0768778489876426,1969,0.3005292152851666,1983,1,1.097590807970768,0.7579821766713936,0.1508135147993369,-0.8042696383008319,130
E323L,-0.0768898727946838,1970,0.838948872465295,883,1,0.4181589165554736,0.463843167603827,1.854078303006564,0.6197151026953157,323
Q3H,-0.0769574867148601,1971,1.232885364081209,251,1,0.6482721237846087,0.8659523736564915,1.919829580537548,1.497487378346188,3
P82V,-0.0770032461564703,1972,-0.5395048456679005,3356,1,-0.5696341269705336,-0.5956146756177992,0.0791094754139113,-1.0718800554971804,82
L261M,-0.0770470586509332,1973,0.2290706836902656,2128,1,0.111124424379498,0.8422797008992237,-0.1515531134311078,0.1144317229134487,261
N113C,-0.0770759981165335,1974,-0.1626969494845245,2873,1,-0.6055460777828955,-0.4714302584142539,0.0614866435313659,0.3647018947276852,113
G125P,-0.0771856673447794,1975,-0.8823841485510465,3624,1,-0.6707249752116741,-1.6201020711082534,0.1046079917166077,-1.343317539600866,125
F355H,-0.0771917938706912,1976,0.8073179466368937,948,1,0.9617024052279396,0.2694520137501066,1.919829580537548,0.0782877870319808,355
E294N,-0.0774105012637197,1977,0.0730517207376866,2436,1,-0.5518359414966623,-0.3197443072146347,0.7688319308593848,0.3949552008026585,294
G187T,-0.0774729054787394,1978,-0.6152592431438382,3412,1,-0.563974189519418,0.0371125850938917,-0.2049505096444534,-1.729224858505373,187
S266L,-0.0775123566753549,1979,-0.559240879177494,3378,1,0.6773010096561156,-1.97102283684052,1.0681438102915657,-2.011385499817137,266
K25F,-0.0777468773613005,1980,-0.6352135855918065,3429,1,-1.0900489096668808,-0.9129056751733602,-0.4057515065657361,-0.1321482509612489,25
D216R,-0.0777792796664749,1981,-0.1860791188939754,2913,1,-0.297750595110632,-0.7258560620649089,0.287624658612153,-0.0083344770125139,216
N247T,-0.0778355428153018,1982,0.5578702678565844,1449,1,1.0622570467995065,0.6524393259292509,-0.2477114509752978,0.7644961496728784,247
E296D,-0.0778369042920123,1983,0.624691885430409,1323,1,0.3929948619681943,0.0537676971845495,1.28715086790331,0.7648541146655822,296
R313T,-0.0779311960703902,1984,1.1545771469999735,359,1,0.8410810235988884,1.2962202620818164,1.0552024137629692,1.425804888556221,313
R147W,-0.077976585590357,1985,-0.0202618484990743,2618,1,-0.1822471263981538,0.0427173770535038,-0.3792128127455375,0.4376951680938902,147
V324K,-0.0780268518292019,1986,1.0268046373099815,542,1,0.6918718033312726,0.5699037207593338,1.8713215229078777,0.9741215022414416,324
D262H,-0.0783356066673006,1987,0.0081436730804887,2559,1,0.6579117756981218,-0.6355659208009193,0.0046026797216191,0.0056261577031336,262
R313W,-0.0783427391131989,1988,0.7400558815468667,1077,1,-0.1585999621716033,0.9455584000603424,1.0375276560402658,1.135737432258462,313
S41M,-0.0784215701451901,1989,0.3129656147108492,1959,1,-0.5935412868653192,0.8979488300883093,-0.1197638056807092,1.0672187213011162,41
Y107F,-0.078445596619692,1990,0.8109117533595771,942,1,1.134073813677665,1.100111527405202,0.0862291051804291,0.9232325671750125,107
T264M,-0.0784564947153104,1991,0.4353965220577604,1700,1,0.0039150985494969,0.6254791746908424,0.5425181125996651,0.5696737023910373,264
E321L,-0.0784980448008994,1992,0.9254776450160206,713,1,0.1361040467508046,0.8372290353363788,1.6877218455505818,1.040855652426317,321
T92S,-0.0785814169016905,1993,0.9354137802800728,692,1,0.7501817185903097,1.283462809569618,0.2764466793743847,1.431563913585979,92
A23I,-0.0786256527655713,1994,-0.8496226878999089,3601,1,-0.2904039681925071,-1.038910467331594,-0.2010663045901551,-1.868110011485379,23
A171L,-0.0786503460369742,1995,-0.9693518184032496,3670,1,-0.6047021728833379,-0.9259521183565588,-0.7785386719117664,-1.5682143104613355,171
G63Y,-0.0787969069205387,1996,0.1392067029055913,2322,1,0.1815424762790915,1.799681917307561,-0.3640303123355546,-1.060367269628733,63
D303P,-0.0788226813888814,1997,1.0484461774845275,505,1,1.2076165013014688,1.6604764268719256,1.8389148242289084,-0.513223042464193,303
S267R,-0.0789259226439419,1998,1.0903016980372071,448,1,0.9060696611192516,1.3582014126029929,0.9945837859293024,1.102351932497282,267
A354E,-0.078991325752305,1999,0.7053041786189951,1154,1,0.7382738069174213,0.1858611591811285,1.919829580537548,-0.0227478321601173,354
D172H,-0.0790888319019689,2000,0.1253031792553607,2346,1,-0.527722424290053,0.5241910192771952,-0.2057308988859422,0.7104750209202428,172
E321Q,-0.0790984671198209,2001,1.2290185238301203,257,1,0.369160464695408,1.4949451775006335,1.735943005126338,1.3160254479981015,321
E321Y,-0.0791242875466932,2002,0.3320249086432963,1918,1,-0.6863109175314369,0.1274497700405359,1.6492417043088266,0.2377190777552595,321
E275T,-0.0791374673685643,2003,0.5036329742125183,1570,1,0.060133393077767,0.6033148162332416,0.302626543208758,1.0484571443303066,275
V324F,-0.0791417687721375,2004,0.5621179509722886,1441,1,0.2056030332250369,0.4383965929638191,1.855438485285568,-0.2509663075852696,324
I271K,-0.0792875924144158,2005,0.6870728269932753,1206,1,1.0879293194086752,-0.3461275710292236,0.9474461270230836,1.0590434325705658,271
C122A,-0.0793014631793027,2006,0.4923670511463733,1589,1,1.3171563832523867,0.7768450132843657,0.2951399110213037,-0.4196731029725627,122
Q143S,-0.0793172111876973,2007,0.6397951895340833,1302,1,0.8376144605506336,1.1827930821134895,0.1541516217384837,0.3846215937337266,143
N247D,-0.0793390633315957,2008,1.3523457355167812,131,1,1.416672457307356,1.338755067104466,1.281913712489321,1.3720417051659817,247
K4D,-0.0793441479100755,2009,0.5995531469853044,1376,1,0.2311678522268397,-0.3180902969813554,1.451975627612665,1.0331594050830684,4
G314S,-0.0794159935234491,2010,1.2653965743990043,215,1,1.0319683769579708,1.3447729772526862,1.0674129715263354,1.617431971859025,314
D169G,-0.0794983406774025,2011,0.6857185721082167,1209,1,0.9636913485040002,0.5721667628195405,0.4262220918860527,0.7807940852232734,169
R313I,-0.0795072073720862,2012,1.022851614125072,548,1,0.4170384272105422,1.3195713451834004,1.0317909187504164,1.323005765355929,313
V324T,-0.0795926645874768,2013,0.86786023505339,815,1,0.7043769896009505,0.7338537444629633,1.8720324665412695,0.1611777396083765,324
S219Y,-0.0796806015063799,2014,0.6520473068080077,1283,1,0.3002423311078949,0.8925712362914907,0.3451300286667129,1.070245631165932,219
F74R,-0.0797088366008856,2015,-0.4280934647784005,3227,1,-0.3562180742700627,-0.845435143661089,-0.2852172257991375,-0.2255034153833129,74
R363Y,-0.0797136339150893,2016,0.8577266228464284,845,1,0.1632647100443386,0.4334024178608736,1.919829580537548,0.914409782942954,363
V231M,-0.0797293876979747,2017,-0.1887107672681637,2917,1,0.2027164975556343,0.1675108260839765,-0.367072993910129,-0.7579973988021367,231
T92F,-0.0797675902839107,2018,0.2920176493675872,1999,1,0.1091625557959834,0.8871296706944046,0.0857943366047382,0.0859840343752224,92
K306C,-0.0797808865125789,2019,0.6464861370516778,1290,1,0.1987666193061472,0.4298198702435137,1.6136918714420851,0.3436661872149653,306
A154R,-0.0797940685820876,2020,-1.375259449104678,3813,1,-1.4123243113565993,-1.2763783548102456,-1.2484058713209003,-1.5639292589309666,154
E272M,-0.0798299261582458,2021,-0.0909561104555208,2746,1,-0.6859384169338868,-0.5687944508047528,0.800839379271593,0.090069046644963,272
T250P,-0.0799122342422748,2022,-0.704165693587698,3491,1,0.2061228378394898,-0.3525833337551295,-1.0701922539155615,-1.6000100245195903,250
L302M,-0.0799364597159505,2023,0.5207365183464454,1533,1,0.118973068183035,0.6425586943444246,1.1118375985592694,0.2095767122990522,302
A171S,-0.0800049522429318,2024,0.0399955098491436,2501,1,-0.3391775477785871,0.4720030909039553,0.0779466742572096,-0.0507901779860033,171
E323K,-0.0800315730443798,2025,1.1602983614241569,354,1,1.1304973106709677,0.8370543016579474,1.857709272757204,0.8159325606105086,323
T111I,-0.0800956730749172,2026,0.8725093440516994,807,1,1.3717718559819534,1.3447144975804646,-0.0729506955052595,0.8465017181496391,111
E345A,-0.0800962469179964,2027,0.3173314911947313,1946,1,0.0460218962558999,0.3315314787127774,0.1741066838894112,0.7176659059208369,345
L152C,-0.0800968410593483,2028,0.1116999001362394,2362,1,-0.3542197162733277,0.35912716347535,0.3683579308464871,0.0735342224964483,152
G289A,-0.0803065440048841,2029,-0.2992175582353222,3081,1,0.0327087441613068,-0.532314927959639,-0.0241148819949829,-0.673149167147974,289
K306G,-0.0803434305476431,2030,1.027561003997183,539,1,1.210997879799819,1.162281362838444,1.6471484078768324,0.0898163654736358,306
Y27S,-0.0803595558093393,2031,-0.3763391525407674,3178,1,-0.6665154157731392,-0.5402545321260414,0.1410219322879223,-0.4396085945518116,27
L80M,-0.0803800083973431,2032,0.4485145078968335,1671,1,0.3482936895850168,0.4991510998670345,0.2280418953505343,0.7185713467847485,80
T61M,-0.0803872964685548,2033,0.2810777031428119,2029,1,-0.0358653197126975,0.2227781502342164,0.1361577787134967,0.801240203336232,61
C207Q,-0.0803912975783028,2034,1.025655718698894,545,1,1.7622866960352663,0.8771166257251791,0.5811055823020235,0.8821139707331068,207
V239A,-0.0803986822387893,2035,0.7720866531660383,1007,1,0.8583317401172846,1.0802113680795171,-0.0938077311821612,1.2436112356495126,239
E345V,-0.0804133325871137,2036,0.4452649772695597,1676,1,0.2794920213990857,0.5782750870266496,0.1048123715644805,0.8184804290880229,345
D346F,-0.0804312379173463,2037,0.1673700866232946,2247,1,1.1053579132174804,-0.2730391869122907,-0.3765422179093574,0.2137038380973462,346
I298Q,-0.0805632436536247,2038,0.5564847610515217,1454,1,0.8495342045029504,0.1474097325382743,1.1203803153829397,0.1086147917819225,298
A146K,-0.0805663931551384,2039,0.3452680839323158,1890,1,0.2518822916533288,1.0832508369573912,0.0415290775524022,0.0044101295661408,146
R253D,-0.0805847264664838,2040,0.7428198736133237,1072,1,0.6246606627733099,1.0090819222170595,0.4608608481043499,0.876676061358575,253
E79S,-0.0806300502686338,2041,0.8166297300472848,932,1,0.3602505617364033,0.5469337867871652,1.134284873726232,1.2250496979393386,79
A218D,-0.0806549662856742,2042,1.0381292977576593,525,1,1.27711375814017,1.2065209931571628,0.3220930591265128,1.346789380606792,218
I110M,-0.0806879595771255,2043,0.671228151887044,1244,1,0.4002143017099398,0.9047819249938904,0.4808359222950453,0.8990804585493006,110
A171H,-0.0807246925353711,2044,-0.5921369968247385,3400,1,-0.3233457416990756,-0.0285952665461917,-0.7514942619775834,-1.2651127170761036,171
G314E,-0.0807327273666826,2045,1.140122569550267,379,1,0.9466409355730686,1.0181208713098628,0.980307420447563,1.6154210508705735,314
E364N,-0.0807907386352339,2046,1.2178444308106584,272,1,0.4010235942439272,1.3249273746506194,1.919829580537548,1.2255971738105396,364
G153N,-0.0808728379225532,2047,-0.2521150108472177,3011,1,-0.6027571977286749,0.1309288469165312,-0.6380134858295025,0.101381793252775,153
F74I,-0.0808885802011882,2048,-0.2153055294880218,2965,1,-0.320578108644958,-0.2762627569943535,-0.0512486859421996,-0.2131325663705763,74
P308D,-0.0808957276327839,2049,0.8257707730613562,910,1,0.812796608238853,1.156300744477409,1.2913102050806493,0.0426755344485131,308
E99S,-0.0809248923203,2050,0.3745319646559633,1838,1,0.2735662114499195,0.2818247558930252,0.2929579933891093,0.6497788978917989,99
A354T,-0.0809561103636182,2051,0.5118601606196923,1554,1,0.5323103409663014,-0.2102072132307149,1.919829580537548,-0.1944920657943647,354
L149V,-0.0809870508416299,2052,0.212788018458365,2159,1,1.661775531211367,1.0596747717627175,0.0232536177824422,-1.8935518469230657,149
P308G,-0.0809981459193482,2053,0.9548135923888634,654,1,0.9748633788782246,1.621014480369246,1.5117396312491973,-0.2883631209412146,308
R24M,-0.0810130187506875,2054,-0.4830596188144873,3282,1,-1.0862962295228822,-0.8973647755880555,-0.2422127854398371,0.2936353152928251,24
T250I,-0.0810138660426605,2055,0.5264961419318486,1522,1,0.4284572647820777,0.6495948949607656,0.0656921849864057,0.9622402229981452,250
G228Q,-0.0810189215961586,2056,-0.147176137726559,2851,1,0.0622745541080341,-0.0250856302968276,0.0958599685729115,-0.7217534432903544,228
R278S,-0.0811248820767789,2057,0.6662250904094631,1252,1,0.8309018728118076,0.6408850931435707,0.249824260533622,0.9432891351488524,278
A354R,-0.081126480024113,2058,0.384046378049906,1813,1,0.7470076801512434,-0.5849012694080831,1.919829580537548,-0.5457504790810837,354
A96G,-0.0812585619063544,2059,0.2241925610593602,2135,1,0.1786427717937139,0.6760720559370952,-0.2364137643156845,0.2784691808223162,96
L152V,-0.0813259704996441,2060,-0.1785756967160743,2899,1,0.1690163869709218,-0.4731178712780008,0.3260813080842614,-0.7362826106414796,152
N98F,-0.081367951446893,2061,-0.062591039016157,2688,1,-0.0148442532509571,-0.2779149919943251,-0.0176470116053101,0.0600421007859641,98
R288S,-0.0814247035148653,2062,0.4907446548740876,1593,1,0.5752761975381078,0.8286995148017019,-0.1389064896814059,0.6979093968379468,288
F355W,-0.08147141608387,2063,0.93967553169811,679,1,0.9541969270102474,0.6253733581054642,1.919829580537548,0.2593022611391803,355
R260T,-0.0814849102349345,2064,0.8114305093229575,938,1,0.9379930330871192,0.6024168017842931,0.3580911581459464,1.347221044274471,260
V231Q,-0.0815161682350238,2065,-1.0449363779035696,3712,1,-1.0811590940659752,-0.6807080749781941,-1.2341079058960431,-1.1837704366740656,231
S266Y,-0.081523901568485,2066,-0.9130869033818588,3642,1,-0.2854723841945057,-2.27791046200332,0.8029130668334377,-1.891877834163048,266
E321F,-0.08173785022982,2067,0.3670472495361206,1859,1,-0.6703742522978555,0.1939392315455331,1.650388585822087,0.2942354330747178,321
S205L,-0.0817744240502733,2068,-0.484936156730862,3287,1,0.8352310817536976,-1.1700223521113826,-0.0768521820521144,-1.5281011745136488,205
S28M,-0.0817808868092925,2069,-0.1886086717023897,2916,1,-0.9812113973262128,-0.2099127781063915,-0.2995379550079658,0.736227443631011,28
S28Y,-0.0818279430404813,2070,-0.0856440781938568,2734,1,-0.8882955731478231,0.0646792955128348,-0.2692112837799278,0.7502512486394886,28
T92H,-0.0818293043904941,2071,0.230305608970211,2126,1,0.1814302268641164,0.6020061522795036,-0.2092807979084754,0.3470668546456995,92
Q150K,-0.0818715589309972,2072,1.0866591024587111,454,1,0.8275463503991511,1.5083229711507775,0.5576621048435695,1.4531049834413463,150
A318I,-0.0819608108939444,2073,0.6430281845949254,1298,1,-0.1353321384649302,0.6564077331862818,1.1227878023943467,0.9282493412640036,318
K25P,-0.0820068538193337,2074,-1.4813668970750546,3840,1,-1.7438225227968482,-1.5337914957106575,-1.2675498237392973,-1.3803037460534155,25
I298R,-0.0820242051471666,2075,1.0980876761841067,438,1,1.505682263255435,1.3107337939318136,1.2388908126993303,0.3370438348498487,298
K90I,-0.0820565312875526,2076,0.2749125345491158,2044,1,0.3091262305690862,0.5553210667530609,0.3966305225627276,-0.1614276816884114,90
D262W,-0.082089424958758,2077,-0.3024887124528789,3084,1,0.5208638881911167,-1.3902306605580976,0.3984319125529564,-0.7390199899974911,262
D100M,-0.0821500554966642,2078,0.0997584799226925,2386,1,-0.4712317809579652,0.2776364733105954,-0.3014449855043007,0.8940742128424409,100
R363P,-0.0822247700947849,2079,0.922566235332559,720,1,0.9574843745062924,0.576600598209142,1.919829580537548,0.2363503880772538,363
G229L,-0.0822954784600902,2080,-0.9934447012808988,3684,1,-0.8963392038750618,-0.7019004297986281,-1.5347307829374175,-0.8408083885124878,229
G104L,-0.0823617940741261,2081,0.7200709793251328,1124,1,1.4903879119347727,1.1440362360902203,0.3738756302474236,-0.1280158609718858,104
H1C,-0.0823662074939909,2082,1.3056404585322374,170,1,0.8800098518763819,1.124884733861175,1.919829580537548,1.297837667853846,1
D109M,-0.0824304905764464,2083,-0.1963369347977041,2931,1,-0.6027956034994438,-0.3260378896976424,-0.1580669046547023,0.3015526586609721,109
D216G,-0.0824685367912013,2084,-0.4138311460012784,3212,1,0.0472006232153598,-1.1721653123185602,0.1738585279367696,-0.704218422838683,216
G125R,-0.0825160202900941,2085,-0.1138640932078445,2794,1,-0.3674547301173108,-0.3434308648324165,0.1175665847556722,0.137862637362677,125
I127G,-0.0826588472921726,2086,0.5686414559045008,1428,1,1.9464998870812409,-0.1197820274329594,0.7837414660751849,-0.3358935021054629,127
K151E,-0.0826838354056098,2087,0.7996245172805977,965,1,0.6716529241393778,1.0206907117263575,0.3983382704294953,1.10781616282716,151
I21T,-0.0826943040749609,2088,1.040494072265694,523,1,1.3002980090027745,0.6983701275034808,0.6450640688242858,1.5182440837322349,21
P206I,-0.0827145682811112,2089,-0.3133314413855836,3094,1,-1.0700603373424298,0.5405274769891171,-0.7530289598377424,0.0292360546487206,206
R209E,-0.0828544478504395,2090,0.7848644632114472,986,1,0.7574262380472553,1.0481489744105557,0.7698363582499697,0.5640462821380082,209
G240E,-0.082884824667259,2091,0.1462263268261606,2301,1,0.2225279198227975,0.1601387893665283,0.1343370600629666,0.0679015380523501,240
A319L,-0.0828883956727491,2092,0.9648460077814264,633,1,0.4889124096458697,0.7806600530638473,1.320416324909292,1.2693952435066955,319
K68S,-0.0829339137470868,2093,0.5151170171827961,1547,1,0.2817010509689973,0.4862015971026753,0.0980796160682345,1.1944858045912772,68
D100T,-0.0830915879945548,2094,0.6883540330687776,1203,1,0.3620371081729072,0.8264206858452944,0.3197625810955544,1.2451957571613543,100
T59C,-0.0831266418111615,2095,-0.1523416813325967,2858,1,0.1533251236057826,0.150467064701307,-0.2035446949528082,-0.7096142186846685,59
G101Y,-0.0833082192018904,2096,-0.1737872292034066,2888,1,0.0793969631179454,0.4010363641945071,-0.0315617142159137,-1.1440205299101656,101
R5M,-0.0837085108533678,2097,-0.6485301306231009,3437,1,0.333845474000648,-0.5135111495547434,-2.537561956733879,0.1231071097955704,5
Y144D,-0.0838556981237083,2098,-0.2712790212233568,3036,1,-0.0056045009342019,-0.5460986001750584,-0.2768929546208366,-0.2565200291633302,144
G101C,-0.0839395622141886,2099,-0.336181611268592,3124,1,-0.4523647790006526,0.1389116906942147,0.2480421478130096,-1.27931550458094,101
S310T,-0.0839475172812627,2100,1.0618587401647577,484,1,0.7400508108760806,0.9672958149074362,1.680615649931245,0.8594726849442683,310
L103I,-0.0839649905033846,2101,0.4687281865362243,1630,1,0.5125733716467701,1.0463170287387722,0.1682946143329094,0.1477277314264456,103
A348M,-0.0840369974177136,2102,-0.332099022423689,3118,1,-0.9457645219222104,-0.2545969220902745,-0.1938673566444085,0.0658327109621374,348
F355I,-0.0841076811647173,2103,0.9584685574780848,642,1,1.2788469413895511,0.9464600600776906,1.919829580537548,-0.3112623520924494,355
S41C,-0.0841493371466675,2104,0.4034278469427621,1767,1,0.075371885032756,0.3735672916074888,0.3016935553041033,0.8630786558267003,41
P124W,-0.0842008870748867,2105,-0.8076832352416716,3560,1,-1.7526612748396893,-1.173773927300113,-0.438512291778569,0.1342145529516847,124
I265W,-0.084212335301202,2106,-0.3716695818466693,3173,1,0.1264013024503067,-0.205840519700859,-0.2494106070513181,-1.157828503084807,265
H85F,-0.0842413234960853,2107,0.4087559177204573,1757,1,0.5848541722209797,0.6204446130301461,-0.4588587759265139,0.8885836615572174,85
P82W,-0.0842698451864858,2108,-1.1424746996203172,3755,1,-1.414647487044085,-1.1703535599256516,-0.6481130730276005,-1.3367846784839323,82
A344Q,-0.0842986099137043,2109,-2.0582957062585048,3939,1,-2.939999893059068,-1.774275504579127,-2.3155120864155974,-1.2033953409802265,344
K25M,-0.084428048686721,2110,-0.1755241714658342,2894,1,-0.2258733499537345,-0.7185407060109287,-0.2369175297200104,0.4792348998213367,25
K25T,-0.0844607677963869,2111,-0.1895596646603597,2920,1,-0.7878901322957587,0.0030572701328499,0.3266754137828362,-0.3000812102613667,25
K68Q,-0.0844824062796971,2112,0.7303871357006262,1098,1,0.7512196571485321,0.608347349055872,0.2796679682074673,1.2823135683906333,68
C122Y,-0.0844840549146873,2113,-0.5147642899237296,3328,1,0.6302674434142694,-0.7972544240728916,-0.2220148281492651,-1.670055350887031,122
G289Y,-0.0846657359417723,2114,-1.0704021202507417,3726,1,-0.5653926675494204,-1.0298527197860858,-1.7125128042618392,-0.9738502894056216,289
D303C,-0.0846715451584132,2115,0.4622989077484403,1645,1,0.0775509702875363,0.2252673443375887,1.8330874813141096,-0.2867101649454734,303
T59V,-0.0847014500650091,2116,-0.1740806266711692,2891,1,0.4293555156162186,0.0476075108043791,-0.0049497046462462,-1.1683358284590286,59
A96E,-0.0847074969070244,2117,0.073630547168946,2433,1,0.0025679581576761,0.7130340618347715,-0.260141719397692,-0.1609381119189714,96
S41G,-0.084735732132179,2118,0.7033094777772594,1163,1,0.4344893195592335,0.9912038011797614,0.1605315491618749,1.2270132412081678,41
A361F,-0.0847477691228253,2119,0.925415164852383,714,1,0.2093293462546616,0.6336766314951912,1.919829580537548,0.9388251011221314,361
V78M,-0.0847556969129003,2120,0.5175605330234484,1542,1,0.8255824082184943,0.7726091481091699,0.0845968472371461,0.3874537285289832,78
A67V,-0.0847693065901707,2121,0.5655799896268734,1433,1,0.4819051745633397,0.8776807061087075,-0.0177926951299698,0.920526772965416,67
R253V,-0.0847980541760076,2122,0.3688722265409057,1854,1,0.3327111672264175,0.6988588238726205,0.0758689948168571,0.3680499202477277,253
M58R,-0.0848580250662978,2123,1.3537347876772925,130,1,1.6136798311688123,1.8096135234487951,0.3719028443531346,1.619742951738427,58
L145E,-0.0849027280469147,2124,-1.0613074241964724,3724,1,-1.9510764147838249,-1.216467020327008,-1.1928181220007128,0.1151318603256556,145
L20K,-0.0849282138143382,2125,-0.6528267753227137,3439,1,-0.7017177639539397,-1.2920886623740586,-0.280433258248947,-0.3370674167139093,20
A86M,-0.0849975678611284,2126,-0.1775787885654084,2896,1,-0.3035496109824028,0.4561897564071051,0.1852148392349429,-1.048170138921279,86
K108V,-0.085045906020701,2127,-0.1232262493802354,2808,1,-0.2322432634804465,-0.1014381612571426,0.1459744311973193,-0.3051980039806721,108
E321W,-0.0850685306357453,2128,0.3219690188658224,1937,1,-0.5876511506489808,0.0031779859977749,1.6577083760068223,0.2146408641076728,321
A171R,-0.0851055290360955,2129,-0.8589707344555293,3608,1,-0.837900322666741,-0.4736671791843613,-0.8109037658345504,-1.313411670136465,171
L22V,-0.0851232853761914,2130,-0.7667003835723736,3534,1,-1.015872664410033,-0.3530481912769941,-0.2065761996628704,-1.4913044789395966,22
L259I,-0.0852486943413862,2131,0.0931169642458609,2401,1,0.4972224632097375,0.6228038346949175,0.1286937460605306,-0.8762521869817419,259
K68M,-0.0853627259046778,2132,0.0511478940836085,2478,1,-0.3928258692495346,0.0365770986468557,-0.2338617310911159,0.7947020780282292,68
R304N,-0.085385872833009,2133,0.877829752622532,798,1,0.4815839242458714,0.7856395190908148,1.7804479370881476,0.4636476300652939,304
L259F,-0.0853890060053329,2134,-0.0833238798431585,2728,1,0.0229661494512725,0.5522274691095991,0.0851492457014207,-0.9936383836349268,259
G289S,-0.0854446721436069,2135,-0.1805263962261512,2903,1,0.11864947892661,-0.1183789591079643,-0.2724233747203617,-0.4499527300028889,289
E71A,-0.0854799511674541,2136,0.9824986054045656,611,1,0.9643886667923012,1.4822039476439837,0.3496910884851822,1.1337107186967956,71
E230S,-0.0855076668579394,2137,0.3427916155077251,1893,1,0.1158502210592033,0.569951398453884,0.1090108816598985,0.5763539608579147,230
P263S,-0.0855086034818242,2138,-0.0272655426792073,2630,1,-0.3404291159798431,0.6151371726495772,-1.0601859320887654,0.676415704702202,263
G229R,-0.0855627992962096,2139,-0.5556509232587419,3373,1,-0.6298284310032742,-0.3073460777935124,-0.7465116251649877,-0.5389175590731933,229
P64M,-0.0856381831926838,2140,-0.1861469236932935,2914,1,-0.1483572374512818,-0.3567032698552122,0.220985509821122,-0.4605126972878022,64
K75Y,-0.0857176191791719,2141,-0.0128331338699901,2604,1,-0.9849937957534266,-0.0439214897036413,0.0179430373671685,0.9596397126099392,75
C207I,-0.0858933207494089,2142,0.8920912730666852,771,1,1.503912148356476,1.6649115619859132,0.1986295281252829,0.2009118537990689,207
V324I,-0.0860022512441116,2143,0.7826539501834696,990,1,0.6109662734562399,0.4338930796668896,1.8603029350468423,0.2254535125639064,324
K76T,-0.0860513211955756,2144,0.3273385373852265,1929,1,0.1916490315112414,0.2993238646191252,0.3150626794473903,0.5033185739631493,76
S2M,-0.0860971955456186,2145,1.1988384647721828,298,1,-0.0785778239891039,1.193257773381705,1.919829580537548,1.7608443291585822,2
R65A,-0.0861011180343184,2146,0.529861530288803,1515,1,0.8169659929611895,-0.1613481009142099,0.2663155146521326,1.1975127144561,65
G170R,-0.0861012378270362,2147,0.6334642413008867,1308,1,0.7383438964663271,0.0834812986844227,0.9401604886919036,0.7718712813608936,170
N247K,-0.0861468564806608,2148,0.8462133248463585,871,1,1.017590604711594,1.5146115924907022,-0.3738199273448982,1.226471029528036,247
T155F,-0.0862771343985985,2149,-0.5415543230452258,3359,1,-0.8864348784154,-0.6106096909609797,-0.0272138877418492,-0.6419588350626739,155
Y27C,-0.0863121243481472,2150,-0.0547271531885056,2674,1,-0.1519849514281623,0.0846098398586166,0.2883172461565165,-0.4398507473409935,27
V347R,-0.086315913372402,2151,-2.155602788588989,3953,1,-2.702498056285332,-2.298284307466516,-2.1394734757428675,-1.4821553148612423,347
K4Y,-0.0863361726844377,2152,0.5499629006391031,1466,1,0.1134811608927711,0.0639092246644213,1.2526377059642626,0.7698235110349576,4
A319F,-0.0863438359864719,2153,0.4674148797991886,1634,1,-0.3564299939325145,0.3750941824556973,1.1074822466027212,0.7435130840708503,319
Y27F,-0.0863610593579084,2154,0.5883632939593944,1398,1,0.5113565632232034,0.660927033379412,0.3399794298741946,0.8411901493607675,27
Q349C,-0.0863760643722097,2155,0.3965772670591134,1784,1,0.1584075593390201,0.6000255625187931,-0.1954288930227979,1.023304839401438,349
D268G,-0.0863877795550174,2156,0.4967118464021868,1582,1,0.7392739096984019,0.0161298346061479,1.5722486336772747,-0.3408049923730775,268
G314C,-0.0865090296363157,2157,0.3725806496774424,1847,1,-0.3258453205557798,0.3270107836934766,0.5045072511921328,0.98464988437994,314
Q97N,-0.0865481906654635,2158,0.6940289215900493,1193,1,0.5895154023925087,1.089844766725649,0.3670556705368997,0.7296998467051395,97
L152Y,-0.0865720942646201,2159,0.0606246526156527,2458,1,-0.2270345446984933,0.3693107259439011,0.163867761794314,-0.0636453325771107,152
P308T,-0.0866117710728153,2160,0.9502651092544452,662,1,0.8006896508952497,1.430993729014971,1.3412545996715408,0.2281224574360187,308
A319W,-0.0866345731190491,2161,0.4305976689942778,1712,1,-0.3739396840617868,0.2575800776035339,1.119152418392113,0.7195978640432511,319
K108M,-0.0866540685565616,2162,-0.0571409437205305,2677,1,-0.4422647099017441,-0.3667646582314783,0.1868527611711015,0.3936128320799987,108
R317F,-0.0867773766221881,2163,0.7723862220780284,1006,1,0.1244514725231872,0.6654580627926112,1.1720679452773275,1.1275674077189877,317
S315H,-0.0867781189383141,2164,0.933919419150081,695,1,0.3210806261968716,0.8172453607937444,1.3079735768041476,1.2893781128055604,315
L326H,-0.0868026739004072,2165,-1.0347473152225246,3708,1,-0.9515199824265176,-1.1126610134723067,-1.3331403868859548,-0.7416678781053196,326
V174S,-0.0869115332890779,2166,-1.5713383011057478,3868,1,-2.150973459279084,-1.253939913010171,-1.0099135569475723,-1.870526275186164,174
D303R,-0.0869147412036585,2167,1.116945535715705,419,1,1.0833168335112031,1.8389525190201443,1.8086288509045731,-0.2631160605731009,303
G229T,-0.0869368310978949,2168,-0.8301158336997727,3581,1,-0.8246501155470136,-0.8253523096579805,-0.798641171492661,-0.871819738101436,229
S72C,-0.086937305941549,2169,0.3471126309579057,1886,1,-0.3207400654265015,0.6627456965019825,0.0009988657174436,1.045446027038698,72
A192T,-0.0869555942896155,2170,0.7640166595393125,1023,1,0.9411004510758164,1.1273552246136267,0.0351358139031164,0.9524751485646908,192
L149W,-0.0869827867476237,2171,-1.0273865685526653,3705,1,-0.424776836766102,-1.3546577747237123,-0.9552510902330392,-1.3748605724878076,149
V246L,-0.0870970017031766,2172,0.3691145268203916,1852,1,0.5745369552431279,0.9408281324089462,0.2841366313349239,-0.3230436117054316,246
E249M,-0.0871490353275515,2173,-0.0557179848917231,2675,1,-0.350455380744444,-0.2785316319639998,-0.3145724784530327,0.7206875515945838,249
G125L,-0.087149311692646,2174,-0.4903915953117481,3297,1,-0.49621107902261,-1.0545079207779875,-0.1854334573112581,-0.2254139241351369,125
D100H,-0.0872389486242162,2175,0.4465444898645703,1674,1,-0.0348217991488977,0.6098708796410338,0.1069450079767628,1.104183870989382,100
G314F,-0.0872945141372023,2176,0.8373947882902031,885,1,0.1863534575087003,1.092377469895358,0.7876502732664931,1.2831979524902613,314
H257W,-0.0873453088837698,2177,0.3938331803368713,1788,1,0.2497460345328912,0.5485014446002617,-0.1574653357595681,0.9345505779739006,257
A126E,-0.087433830692922,2178,-0.4988223813758501,3308,1,-0.4995824531518094,-0.1291408038265054,-0.485828990752339,-0.8807372777727466,126
H257C,-0.0874624018463399,2179,0.4200191088408612,1735,1,0.0150492734915306,1.1084141826333307,-0.2991853003393468,0.8557982795779302,257
V231R,-0.0874819530551339,2180,-1.3519569777680152,3810,1,-1.2675721751304756,-1.0434312257520844,-1.7159996092202303,-1.3808249009692706,231
K306F,-0.0874912427479135,2181,0.7062256492924218,1150,1,0.6681861448866818,0.7737867301034896,1.5146305168998782,-0.1317007947203623,306
V129I,-0.0875131249669761,2182,0.9328819410931586,697,1,0.8434453272676099,1.2083843382680768,0.496930383565816,1.1827677152711318,129
Y358H,-0.087587864677006,2183,1.701084532516118,22,1,1.1637328961858986,1.9680013290916032,1.919829580537548,1.7527743242494225,358
V351R,-0.0876067224185561,2184,-1.911671843045389,3923,1,-2.600636950239348,-1.4522291622016985,-2.1044855882608107,-1.489335671479698,351
T270A,-0.087641580888648,2185,0.4269747851586499,1718,1,0.990771740984934,-0.1173962406697617,1.273311021064434,-0.4387873807450068,270
K151W,-0.087715711342553,2186,-0.4952886954435006,3303,1,-1.1807344081378828,-0.426708834530909,-0.5022618224663825,0.1285502833611715,151
L311S,-0.0878070444567441,2187,1.3760246188479646,114,1,1.2432159777311875,1.5958558422316316,1.0988310552470155,1.566195600182024,311
N98G,-0.0879317579820155,2188,0.6401469248900005,1301,1,1.0010299144953396,0.6028434283888522,0.2910112807995342,0.6657030758762756,98
L311H,-0.0879729421183393,2189,1.0165135815837874,560,1,0.4817600719007492,1.0694503475764403,1.0457673677125137,1.469076539145446,311
L350M,-0.0879934461401606,2190,0.1936153467139,2194,1,0.2990830134107865,0.3162249733252816,-0.0956321850822359,0.2547855852017677,350
T325F,-0.0880268274494464,2191,0.552703111269994,1463,1,-0.2122334638108416,1.217067218355154,0.669622053421907,0.5363566371137567,325
D172Y,-0.0881096453540105,2192,-0.968920180115739,3669,1,-1.5879373123058471,-0.6094962392699015,-1.338689789797544,-0.3395573790896627,172
V324R,-0.0881211754583159,2193,1.07569994605716,470,1,0.8695999421580254,0.6528208742880318,1.86754317796934,0.9128357898132434,324
D169S,-0.0881988086503577,2194,0.6472213809343044,1289,1,0.7559169148419749,0.4799461821357836,0.3088187488130994,1.0442036779463597,169
A316P,-0.0882389023659385,2195,1.1346341976169505,391,1,0.5552376033679008,1.0886629844025206,1.4162631021236356,1.478373100573744,316
T264H,-0.0883100529413348,2196,0.6069808746204391,1359,1,0.3643905623096612,0.5915658783944182,0.7680091054011674,0.7039579523765097,264
L102Q,-0.0884172244385088,2197,0.3001823003086535,1986,1,0.7748213594775448,-0.1215015944962453,0.2101918830981763,0.3372175531551384,102
L300S,-0.0884687047096345,2198,-0.1634920108893802,2876,1,0.8243294838257423,-0.6181529108902438,0.5270078421414871,-1.3871524586345063,300
A154P,-0.0884893290334742,2199,-1.2491850770519095,3780,1,-1.6252626898262628,-1.2642976385464473,-0.8339498801300418,-1.273230099704886,154
T264I,-0.0886663193199532,2200,0.21133544158987,2164,1,0.0440959470920784,0.0392773553102782,0.5887673119465826,0.1732011520105407,264
R93S,-0.0886794531505493,2201,0.5193448658311046,1538,1,0.7329746360591739,0.6156726590966133,0.2874205008101639,0.4413116673584675,93
G26V,-0.0887245158129246,2202,-1.5658668112163805,3865,1,-2.3453002911664007,-1.1569647503188203,-1.511008203794447,-1.2501939995858526,26
T92I,-0.0887293464465282,2203,-0.0200908759009859,2617,1,0.359929183661765,0.2448274355327631,0.3361815849053606,-1.0213017077038324,92
K75V,-0.0887941402217333,2204,0.0794147715577915,2422,1,-0.5138624616807836,-0.359799910755773,0.2819968842976662,0.9093245743700566,75
D303H,-0.0888693628207285,2205,0.7093958733330697,1143,1,0.5525350871605373,1.1161444836226933,1.8245549185828425,-0.6556509960337937,303
D62L,-0.0889236757986895,2206,0.4586198737119322,1651,1,0.5589793946700335,0.4663384482213973,0.1074462449752836,0.7017154069810143,62
G63C,-0.0889952792246475,2207,0.0715116201168753,2440,1,0.1760004488683257,1.3525940053443113,-0.2239204751044777,-1.0186274986406578,63
N98Y,-0.0892463520494073,2208,-0.0267453010203694,2629,1,0.1211694497931259,-0.32092471056189,0.0269044963876646,0.0658695602996217,98
V231C,-0.0893067247437032,2209,-0.2508145771504868,3007,1,-0.4307143807199508,-0.1691658479942751,-0.4579138368152544,0.054535756927533,231
Q143E,-0.0893199961362633,2210,0.7180614315363609,1128,1,1.267887518601001,0.9855849341560666,0.0236050936489666,0.595168179739409,143
D62V,-0.0893525830819832,2211,0.2539444666723686,2082,1,0.4411662728751303,0.3894151163514605,-0.1875806863650307,0.3727771638279142,62
Q150E,-0.0893803284564625,2212,1.2558154004918671,229,1,1.5710686383281425,1.3759937201302197,0.5014809179859673,1.5747183255231396,150
Q191I,-0.0895728668646298,2213,0.8874942524885793,787,1,1.8684864552262388,0.4750273910472264,0.324565024781581,0.8818981388992707,191
R304V,-0.0895969510932791,2214,1.0413820495333233,520,1,0.8161654272246542,0.8680509847315706,1.798336899402587,0.6829748867744815,304
G312V,-0.0896105916812577,2215,0.8970969007209668,760,1,0.7672275322631245,1.2806920655192264,0.7894902980944749,0.7509777070070414,312
T270D,-0.089658688322137,2216,0.2191491814981396,2146,1,0.8565924146962733,-0.5276194358607174,1.353067300066281,-0.8054435529092783,270
I265M,-0.0896914290312064,2217,0.1626305005933816,2258,1,0.2289735442138912,0.99878756616975,0.0725581075546754,-0.6497972155647903,265
L149R,-0.0897374052523413,2218,-1.4865708799797832,3844,1,-1.2990224917806017,-1.234775001429533,-2.194519404849087,-1.2179666218599117,149
E296K,-0.0897990288404562,2219,0.4816392972750394,1610,1,0.3085810808976188,-0.2505818515577264,1.2983315173069578,0.5702264424533073,296
V276A,-0.0898164577756676,2220,-0.5562808168507207,3375,1,-0.6596235257600859,-0.9327342704063272,-0.1929147238954764,-0.4398507473409935,276
L173Q,-0.0899883846508424,2221,-0.6701540021601011,3455,1,-1.4897299826994044,-0.6080725021571093,0.0157367917217594,-0.5985503155056504,173
G228S,-0.0900173610428136,2222,0.1486666874234511,2297,1,1.2203406338779432,0.0154227845401585,0.107267260421107,-0.7483639291454046,228
L277S,-0.0900734070701395,2223,0.0383539962716076,2503,1,-0.1250732573763529,-0.2404604856561352,-0.024750455536445,0.5437001836553639,277
D303L,-0.090108247959406,2224,0.8634956456756007,825,1,1.006039764501121,1.021676727026417,1.862842511670791,-0.4365764204959265,303
A146S,-0.0901135382001727,2225,0.7038707786779848,1160,1,0.3404552172176992,1.1286767431585485,0.1549133163735068,1.1914378379621844,146
Q191H,-0.0901679961496601,2226,0.7871511235568958,981,1,0.9293641565920114,0.9710193667703808,0.183708043773671,1.0645129270915197,191
D172N,-0.0901849824869271,2227,0.0697420330439239,2445,1,-0.4933352258181065,0.3586796144782357,-0.0209023815546401,0.4345261250702066,172
K4E,-0.0903461187923801,2228,0.8512739089638427,859,1,0.3438974572662984,0.1005048984888117,1.5822292618297982,1.3784640182704626,4
G312E,-0.0905469191901355,2229,0.969331239270583,627,1,0.8944902426126179,1.0534027298338633,0.9885959625252678,0.9408360221105831,312
A19R,-0.0905739567019012,2230,-2.476501996513422,3969,1,-3.59843558152338,-1.9448072057711316,-3.155390129330593,-1.2073750694285834,19
L326M,-0.0909170337992153,2231,0.1482722761505617,2298,1,-0.1707434187559017,0.6771584353202306,-0.1483813090362984,0.2350553970742164,326
R278T,-0.0909844678433388,2232,-0.1320711473296565,2820,1,0.0711500805608593,-0.2525377782556977,-0.1475407132814377,-0.1993561783423498,278
V239T,-0.0909906708108708,2233,0.6572860511443152,1270,1,0.8441631554954185,0.8368822625300724,-0.0210691118935106,0.9691678984452806,239
G101L,-0.0909993061525442,2234,0.1705190147365853,2241,1,0.5403461883336506,0.8537381661880713,0.2947273954398425,-1.006735691015223,101
G269N,-0.0910065650006179,2235,0.4176497500083125,1737,1,0.2135111823873268,0.1375873666466549,1.6618583797377728,-0.3423579287385043,269
E249Y,-0.091032689790618,2236,-0.0833326357329848,2729,1,-0.2312253140055774,-0.3420456756428777,-0.4483249520825608,0.6882653987990766,249
R313Q,-0.091083070057852,2237,1.0487020084304404,502,1,0.6051898116386948,1.2055777181840162,1.006824098911996,1.3772164049870548,313
G229A,-0.0911285652825995,2238,-0.5143006440024807,3327,1,-0.6299039256632144,-0.0481285390381814,-0.8021766582314513,-0.5769934530770754,229
E294C,-0.0912112294820397,2239,0.1023514540488287,2380,1,-0.6149939367019545,-0.427056780259222,0.8667219801163358,0.5847345530401558,294
G125S,-0.0912941218320873,2240,0.1747082152962913,2232,1,0.4632365598359432,-0.2493659435443168,0.3671930248421859,0.1177692200513529,125
E296G,-0.0913604229812122,2241,0.1070409892396635,2373,1,0.1278792170467394,-0.1876277671850553,1.1152579477514122,-0.6273454406544421,296
S307D,-0.0914523603866516,2242,0.9581571751441124,644,1,0.7225330818725789,0.8846659321686412,1.431006610633673,0.7944230759015561,307
A344F,-0.091486888025684,2243,-2.3165358654885204,3962,1,-2.682614677249086,-1.7913550242327092,-3.424277712769091,-1.3678960477031947,344
T130G,-0.091538784972191,2244,0.3146143516303739,1955,1,0.6083214543523011,0.8213743949645291,0.1043642789940246,-0.2756027217893592,130
E121R,-0.0915793523385555,2245,-0.2740206531076716,3040,1,-0.7349613981705747,-0.4159189664865815,-0.3041556458535954,0.3589533980800652,121
T264P,-0.0916161960714662,2246,-0.3213519924578329,3106,1,-0.3942296257225736,-0.2872712323402887,0.4063713798363554,-1.0102784916048249,264
V299K,-0.0916572007936259,2247,1.1125270716812388,425,1,0.5958375543926246,1.4779348285448628,1.26997265769542,1.1063632460920472,299
D172G,-0.0916937660330279,2248,-0.0299558632513901,2636,1,-0.3593509749004189,0.1520131661099524,-0.1085175928929702,0.1960319486778763,172
G84H,-0.0917414251978797,2249,-0.0877364053663046,2740,1,0.9459041010093678,-0.9232157230150864,0.4708961721389486,-0.8445301715984486,84
Y144S,-0.0917526743355964,2250,0.0357042107279515,2510,1,0.3359096760772582,-0.0987163481892692,0.1167241036416652,-0.2111005886178479,144
T270L,-0.0917689531572433,2251,0.1912149452834666,2199,1,0.4661644593459718,-0.3004645126785117,1.1802698849596305,-0.5811100504932241,270
E148N,-0.0919665066156609,2252,-0.2833003939754747,3057,1,-0.6799864462473134,-0.5631170010819033,0.162239721587686,-0.0523378501603679,148
L311C,-0.091981446125973,2253,0.6157590037871017,1336,1,-0.0880932959334676,0.6168919273730695,0.822104584204861,1.112132799503944,311
I21N,-0.0919919927312138,2254,0.5352683438553281,1509,1,0.3779729970359944,0.321067492782796,0.4711488608686697,0.9708840247338518,21
G290D,-0.0920111240994196,2255,-0.9410815851781036,3659,1,-0.4196233090815489,-1.1996355261269904,-0.1778117194202517,-1.9672557860836235,290
D190E,-0.0920168801574912,2256,0.0275842091973165,2528,1,0.4673542127319421,-0.2126719978761062,-0.3336128412204619,0.1892674631538921,190
Y27G,-0.0920255117881781,2257,-0.8404270856487861,3589,1,-1.1838295123008955,-1.0680734929013156,-0.4290230931945469,-0.6807822441983856,27
V351T,-0.092035602129926,2258,-0.0981965615935163,2763,1,-0.5305720381373525,0.1583414924448401,-0.121611114088039,0.1010554134064863,351
G228L,-0.092064032146294,2259,-0.4930777653170424,3301,1,-0.2187602434872502,-0.4855536342033435,-0.2280760320618084,-1.0399211515157674,228
L152G,-0.0921773097953409,2260,-0.1434366958498648,2841,1,-0.2788293061835835,-0.1200287848627326,-0.1154389200582256,-0.0594497722949175,152
G240P,-0.0922041648944276,2261,-0.9961301617978762,3685,1,-0.5182505666780008,-1.3155651084496338,-0.4139417919473165,-1.7367631801165535,240
L103T,-0.0922168690168136,2262,0.4651706935269684,1636,1,0.8852616543070176,1.088926876003773,0.4386933569379934,-0.5521991131409106,103
I127N,-0.0922588170929688,2263,0.0921983456489472,2403,1,0.6273555626878522,0.1682680898920985,-0.0035933096577134,-0.4232369603264482,127
H85M,-0.0922963697337464,2264,0.817886111520482,927,1,0.4955447757094689,1.3121298603879363,0.2130992744808309,1.2507705355036918,85
I271R,-0.0923179437744867,2265,0.7274297420361775,1109,1,1.03817631404819,-0.100937165057228,0.944732002489866,1.0277478166638825,271
S72F,-0.0923857252868412,2266,0.4521621530279572,1661,1,0.4854578361166371,0.4636776904990716,0.0673483475632741,0.7921647379328463,72
P64C,-0.0924055407365472,2267,-0.2888586098574701,3065,1,-0.1371280897946344,-0.6762407003593148,0.1475053827141214,-0.4895710319900525,64
V29T,-0.0924358540624933,2268,-0.2759805657080765,3043,1,-0.489803310063707,0.2581853053590877,-0.7852490678656244,-0.0870551902620623,29
R93T,-0.0924664568631202,2269,0.6300513981639829,1313,1,1.2584970324787048,0.5585072301332825,0.4541642414897968,0.2490370885541477,93
G63L,-0.0925094585572803,2270,0.1975104647504544,2185,1,0.6520522225827642,1.3307636602036177,-0.064119667605536,-1.128654356179028,63
G289V,-0.0925346495409691,2271,-0.9432715848127848,3660,1,-0.4510798858330002,-0.9301817385145827,-0.9562890761515817,-1.4355356387519749,289
A19T,-0.0925712125159886,2272,-0.975917723705416,3673,1,-1.329412659779891,-0.7268196333438639,-0.6186330104264182,-1.2288055912714912,19
S307V,-0.0926245801881039,2273,0.7125976363931836,1137,1,0.689047102132105,0.8106193341732711,1.3782360343451467,-0.027511925077788,307
D303E,-0.0926646667739397,2274,1.1733335114566668,336,1,1.018681965421787,1.522070140131307,1.8825512577352663,0.2700306825383072,303
V129S,-0.092712861489533,2275,0.018841779713094,2545,1,-0.3089065673913466,0.3920829750070171,-0.1901596048521892,0.1823503160888949,129
Q349N,-0.0927262100445543,2276,0.8295497104751799,900,1,0.8739595474788786,1.0982849391339364,0.3653842189866293,0.9805701363012757,349
K306E,-0.0927635160513224,2277,1.0957197724993402,442,1,1.1112483442580572,0.9217995650864604,1.7233937059620963,0.6264374746907466,306
D268E,-0.0927951581665186,2278,0.5531804486339742,1462,1,0.6065518406545473,0.1776811377039092,1.5384537659728756,-0.1099649497954355,268
I110F,-0.0928437065921996,2279,0.7787355083666875,993,1,1.137897212328944,1.199102594319848,0.5092749697665802,0.2686672570513776,110
I110Y,-0.0928537017517742,2280,0.4732813938313774,1623,1,0.923191696685128,0.3960971579229113,0.42773562433142,0.1461010963860504,110
G289W,-0.0929985288831331,2281,-1.2581535001163249,3781,1,-0.8425155799120528,-1.2517596729035314,-1.7651914485533924,-1.173147299096322,289
G290Y,-0.0930324036929221,2282,-1.2901537724037329,3792,1,-0.9953012245665688,-1.513683681638862,-0.7423594619536695,-1.909270721455831,290
K90E,-0.0930509584904177,2283,1.0128337932194924,563,1,1.3869062160159935,1.318689795230866,0.5207574565725613,0.8249817050585484,90
L300T,-0.0930531025072781,2284,0.0340916751571867,2513,1,0.7518590326465432,-0.0135184636684768,0.3277256505585114,-0.9296995189078308,300
K204N,-0.0930775294924424,2285,0.0540679340271174,2472,1,-0.2220532336789744,-0.2127165055111783,0.0871741756569663,0.5638672996416564,204
K4N,-0.0930789898637672,2286,0.7994128466527745,966,1,0.2562881942070615,0.3525023731780733,1.579011252197525,1.009849567028438,4
T270V,-0.0931276813630683,2287,0.0977621607674565,2388,1,0.5874401935443374,-0.623228556521776,1.2358602088836288,-0.8090232028363643,270
S266M,-0.09313316478425,2288,-0.8735297128282509,3616,1,-0.1263536593881096,-2.4301795773445263,0.9672842431415796,-1.9048698577219472,266
A192Y,-0.0931649337794459,2289,0.2854916381238215,2021,1,0.5638423632403202,0.6077248761767575,-0.6561434454339289,0.626542758512137,192
L350C,-0.093181187846995,2290,-0.3227192399744184,3110,1,-0.5613264320005716,0.0146892327769324,-0.4323562340354157,-0.3118835266386187,350
N98H,-0.093187750164551,2291,0.5046160029584513,1568,1,0.4019840136824398,0.5278061551059896,0.478744871547791,0.6099289714975847,98
K204M,-0.0932406145634522,2292,-0.642439715532065,3431,1,-1.3168026340110923,-0.6297309825231991,-0.781470830776774,0.1582455851828056,204
Q3N,-0.0932581853408312,2293,1.2604344781044912,223,1,0.8571646881976595,0.9811508768623016,1.919829580537548,1.283592766820456,3
S120N,-0.0934221749838313,2294,0.5205497293807084,1534,1,0.0656091341723003,0.5581168056079632,0.5693786896516361,0.889094288090934,120
G269R,-0.0934424157685597,2295,0.559369513469718,1446,1,0.5398997949545211,0.3193937647795631,1.6552190759049827,-0.2770345817601951,269
V203F,-0.0934881189691001,2296,-0.3648730126321585,3168,1,0.6150456286836904,-0.6038667208463604,-0.5796737721992541,-0.8909971861667101,203
K256I,-0.0934948745350497,2297,-0.0449571094214963,2657,1,-0.5571968878602969,0.1665832666806923,-0.2462769435440426,0.4570621270376616,256
F168P,-0.0934962423122765,2298,-0.683260558501218,3465,1,0.6493563104383374,-1.4718447294377388,0.5798309585847791,-2.49038477359025,168
G290E,-0.0935011228248711,2299,-0.8540186081011851,3605,1,-0.2153479280988328,-1.229390718807216,-0.1362164594442976,-1.835119326054394,290
T305W,-0.0936711139348327,2300,0.6653431471101519,1254,1,0.2568192414524662,0.675592362536873,1.6336698602656092,0.0952911241856588,305
L152E,-0.0937200322965421,2301,0.287346274115835,2016,1,0.1614200537504764,0.3464788163614076,0.1414840927619343,0.5000021335895218,152
I127A,-0.0937250414828715,2302,0.9057917428730636,741,1,1.922504830253559,0.8429570792084983,1.4769752335844093,-0.6192701715542129,127
G240F,-0.0937410293657331,2303,-0.4453224812236871,3245,1,-0.995747293639036,-0.7009444666624206,-0.2319942519823725,0.1473960873890808,240
E249F,-0.0938598702721153,2304,-0.1060494047480334,2777,1,-0.2666734866362278,-0.3719592444946277,-0.5340842176389813,0.748519329777703,249
D172C,-0.0938912323164506,2305,-0.6631273592363623,3451,1,-1.6619166149715456,-0.4336030798838218,-0.2102677989551708,-0.346721943134911,172
W88R,-0.0939648250432066,2306,0.4471684130735546,1673,1,2.007146402358079,-0.9413416159011908,0.4996631628599887,0.2232057029773419,88
L80R,-0.0939671027647491,2307,-0.3420348955906866,3130,1,-0.1017523259968974,-0.7783677169120495,-0.4716466426785475,-0.0163728967752518,80
L326T,-0.0940160084465612,2308,-0.4338799982906199,3232,1,-0.637816575808875,0.0021243850296426,-0.6208272660602465,-0.4790005363230008,326
H359K,-0.094097456807248,2309,1.5664072823820412,42,1,1.1324734094377151,1.604537969429583,1.919829580537548,1.6087881701233189,359
L311Y,-0.0942270571210724,2310,0.7010383115526115,1171,1,0.1958124214740669,0.7279148916355519,0.7372554630525895,1.143170470048238,311
P112Q,-0.0942559459633887,2311,0.1766526561060727,2226,1,-0.1692137723331314,1.2415813715131534,0.2099362231272379,-0.5756931978829689,112
E79R,-0.0942718580363786,2312,-0.0319594400900903,2639,1,-0.5117409064623603,-0.5527703073526107,0.3733536296841543,0.5633198237704554,79
T111L,-0.0943099500436226,2313,1.2587667464852617,226,1,1.5153980584422126,1.6418771173033655,-0.0279967558638147,1.9057885660592824,111
K306L,-0.0943978502253323,2314,1.2664572260983156,213,1,1.1891002222579743,1.022583918797555,1.7137485219829909,1.1403962413547422,306
D268S,-0.0945284667460981,2315,0.9565039812180284,650,1,0.7880932656612073,1.1579240447594945,1.5147650364257328,0.3652335780256786,268
R115T,-0.0945425906842846,2316,0.6032246053798949,1368,1,0.9982228044757208,1.1257711458924338,0.0531542008560638,0.2357502702953612,115
V347Q,-0.0945480784457524,2317,-1.7944961134394706,3908,1,-2.155691865697884,-2.017310523710792,-1.5333603958175317,-1.471621668531675,347
L20Y,-0.0946391234278545,2318,0.448645337986332,1669,1,0.4840562515154865,0.4091588807927943,0.2719965905207228,0.6293696291163244,20
T155D,-0.0946455499170191,2319,-0.2123949662213777,2961,1,-0.7343311229140506,-0.4391400325706031,0.521057565456689,-0.1971662748575462,155
S72D,-0.0946871030782466,2320,0.8670710796273651,817,1,1.1359165437865038,0.6584123519978358,0.2759296704413276,1.398025752283793,72
T130I,-0.0947152391603642,2321,0.3714843199806527,1849,1,0.5754756952726547,1.0843026943928105,0.3387449656019547,-0.5125860753448092,130
I271A,-0.0947648360944615,2322,0.9578868762870169,647,1,1.2682601371282465,0.4261067161756573,0.985008415067508,1.1521722367766554,271
D352L,-0.0947921714611448,2323,0.1673486647737016,2249,1,-0.2689782456362984,-0.082587973181488,0.3152341573368135,0.7057267205757796,352
E275I,-0.0948300581722803,2324,-0.3526003294123915,3145,1,-1.6291633717378609,-0.138747732475995,-0.0505479858097339,0.408057772374024,275
I110K,-0.0949979397497757,2325,0.2786181993681386,2034,1,0.4305800779172513,0.1532046012641916,0.2869889194811882,0.2436991988099231,110
A344V,-0.0950227801844394,2326,-1.1857154843197264,3770,1,-1.1577111902742083,-1.0519525992339025,-1.1338801435752557,-1.3993180041955384,344
S120V,-0.0950472905813512,2327,-0.1117912697195913,2791,1,-0.5806134995325384,-0.0868293859607705,-0.0761054164160243,0.296383223030968,120
H30G,-0.0952237596500533,2328,-0.0282609132618058,2633,1,0.076800878460589,-0.1314881694688289,0.1022869551801144,-0.1606433172190978,30
T155E,-0.0952359130647052,2329,0.2567117337745999,2074,1,-0.279223171710932,0.136843670693099,0.7723445413822289,0.3968818947340036,155
C207Y,-0.0952414902224361,2330,0.4397576361313534,1686,1,1.803691399300708,0.4000059046605647,0.1660806867772378,-0.6107474462130973,207
D172P,-0.0952611274833761,2331,-0.6979800412894738,3484,1,-1.0303900850705932,0.1256581792259082,-0.4824007605967179,-1.4047874987164923,172
I265H,-0.0953578991094079,2332,-0.7307880825934583,3510,1,-0.8648200752477292,-0.548231669796664,-0.3043942644698118,-1.205706320859628,265
L300D,-0.0953893753360135,2333,-0.6495567797657726,3438,1,0.7332066823896234,-1.6637560725641418,0.2436460270842707,-1.911323755972843,300
H30E,-0.0954037019988246,2334,0.3357441760283491,1910,1,0.2218246067749853,0.3218460593906108,0.4025136344619726,0.3967924034858276,30
Y358N,-0.0954458167865263,2335,1.621420762752039,32,1,0.8494643311584859,2.035860573297076,1.919829580537548,1.6805285660150469,358
A218H,-0.0954924215568066,2336,0.6153175011487959,1338,1,0.4188596154950401,0.7332075595389529,0.1310570740488619,1.1781457555123287,218
Y27T,-0.0955208983898274,2337,-0.3583437152898824,3155,1,-0.6950167824626257,-0.0725598070285521,0.1275060566352334,-0.7933043283035853,27
P82M,-0.0955393638972796,2338,-0.8945817227496837,3631,1,-0.7688341283467803,-1.186312400152545,-0.1375296247681811,-1.485650737731229,82
I21F,-0.0956209508299818,2339,0.6437534272796684,1294,1,0.6233614804575772,0.6728790452284008,0.3854622782952919,0.893310905137404,21
G26D,-0.0956528103526006,2340,-0.4600977999555198,3263,1,-1.0048282536210713,0.0352880256606921,-0.5512185559691481,-0.3196324158925521,26
K4C,-0.0956784899291588,2341,0.4311601923426261,1709,1,-0.094487149188325,0.0406990635850043,1.4606203742910115,0.3178084806828137,4
T130W,-0.0957188764541458,2342,-0.1526552446223098,2859,1,0.6700347518253366,-0.3025092010418687,0.0742402266950416,-1.0523867559677489,130
L350V,-0.0957552032582673,2343,-0.0741366317887439,2707,1,0.2760689350984978,0.2878540822179407,-0.1669321653122356,-0.6935373791591787,350
T270R,-0.0957591885432483,2344,0.749173101292456,1057,1,1.0314421943124972,0.5949676692203383,1.2745913389300725,0.0956912027069159,270
K140Q,-0.0958145842402641,2345,0.766619195820668,1020,1,0.8166460890077426,0.8572771571882023,0.1813539258505833,1.2111996112361436,140
V327S,-0.0958162558251729,2346,-1.4355782102459815,3828,1,-2.0698828780571783,-1.251464223360175,-0.796135054155472,-1.6248306854111012,327
R209L,-0.0958354897254545,2347,0.5293019553764213,1517,1,0.0452163283347889,1.2919568931733958,0.3684919331356354,0.411542666861865,209
V351C,-0.0958718974480407,2348,0.0915739418181394,2404,1,-0.066271781664887,0.6157392303456528,-0.3729339785226092,0.1897622971144012,351
S266P,-0.0959172422270728,2349,-0.6164198127243048,3414,1,0.5794080019975425,-1.8885543735303485,0.91674371485387,-2.073276594218284,266
G101R,-0.0959810408354563,2350,0.2889968954363868,2007,1,0.8223839779874503,0.8075844460313433,0.4672367266941011,-0.9412175689673474,101
K108G,-0.0960371058215409,2351,0.2887245395987178,2009,1,0.4810973070131705,-0.0379185382735833,0.0854240481234049,0.6262953415318789,108
P112C,-0.096146531305772,2352,-0.3584584871618042,3156,1,-0.7328660233445071,0.267376766013381,0.1137847441929148,-1.0821294355090056,112
G153D,-0.0963780432218846,2353,-0.5349777470607612,3349,1,-0.9573949450220608,-0.0537641439759204,-0.9654764864913444,-0.1632754127537189,153
Y114L,-0.0963975440027406,2354,0.2898463792103116,2004,1,1.1726768120345226,0.4955211281598828,0.2028916791859989,-0.7117041025391578,114
C122L,-0.096398857095943,2355,0.7725814289643087,1005,1,2.2646321925432,0.8366544937565729,1.1992725547366487,-1.2102335251791858,122
I265V,-0.0964388714508283,2356,0.6895374533016712,1201,1,0.6765534533176172,0.7602963834915764,0.3596177576526851,0.961682218744806,265
S41L,-0.096503374334254,2357,0.6982995631250979,1180,1,-0.133729198736532,1.304440235224252,0.248397740520754,1.3740894754919175,41
V347F,-0.0965148786060843,2358,-0.951459192968966,3663,1,-0.8577206879357976,-0.7641672452764532,-0.8926046574894396,-1.2913441811741737,347
E345F,-0.0965218871969946,2359,-0.1705960855979583,2881,1,-0.48777741548312,-0.299437413407616,-0.0898011873545527,0.1946316738534555,345
Q191W,-0.0966084292152855,2360,0.4983448745451948,1579,1,0.9644074962336506,0.2315521140552475,-0.1167056287333302,0.9141255166252116,191
E345K,-0.0967396446117599,2361,0.1638366311578469,2255,1,-0.2463545539253466,-0.0300958459007323,0.5009030912250447,0.4308938332324218,345
V347T,-0.0968381710645052,2362,-0.0614308050805448,2685,1,0.0306833704368737,-0.0515255747748844,-0.2195208069257861,-0.0053602090583827,347
Y107V,-0.0968843933564826,2363,0.1492797404366983,2295,1,0.7153743955788615,0.227839847604045,-0.0263944310596549,-0.3197008503764583,107
E345H,-0.0969381247276714,2364,0.1229238486239882,2350,1,-0.2811451505750118,0.1272050414488287,0.1976330494146527,0.4480024542074833,345
K75W,-0.0970101545206296,2365,-0.0460788262294821,2659,1,-0.9207666499305562,0.076086057131595,-0.0569742381935086,0.7173395260745413,75
G84C,-0.0970523951238061,2366,-0.4287423114503625,3228,1,0.4507092420934476,-1.2017130563065404,0.1910941069940229,-1.1550595385823803,84
Y107P,-0.097090626532115,2367,-0.6814709310466467,3464,1,-0.2108944507405217,-0.4782674426965616,-0.4380752317168492,-1.598646599032654,107
D62F,-0.0971353258392109,2368,0.1256064574431615,2344,1,0.1499074031063309,0.0347191901879467,0.0637506380262989,0.2540485984520695,62
K90M,-0.097175042132662,2369,0.3101472133009624,1964,1,0.2155265320876594,0.4763680092005035,0.2547642019229877,0.2939301099926988,90
G91Y,-0.0972225109042672,2370,-0.7273640213787839,3508,1,-1.334664855309511,-0.2521292209901634,-1.546609963133563,0.2239479539181022,91
H1I,-0.0973842470445874,2371,1.512195191937925,53,1,1.303444520685463,1.4707157154966368,1.919829580537548,1.3547909510320524,1
V81F,-0.0973957775544694,2372,-0.3527878233950893,3146,1,0.4014659878408909,-0.7673975358846092,-0.3383007926794285,-0.7069189528572103,81
V129T,-0.0974671947564735,2373,0.3374656198109136,1903,1,0.2597720044732537,0.4322261355909397,-0.0476939272821048,0.705558266461566,129
G153L,-0.0974688952932809,2374,-1.5817291463740195,3871,1,-2.4264515275615888,-1.4941099591879323,-1.588135354112217,-0.8182197446343411,153
G101T,-0.0974772768738817,2375,0.0365292763465987,2507,1,0.8523752291374422,0.6177718090818035,0.5181644660186155,-1.8421943988514664,101
K204C,-0.0975504503954772,2376,-0.4044934530526397,3203,1,-1.0039952179084306,-0.315013690856696,-0.4855107798165202,0.1865458763710881,204
G240D,-0.0976350596973887,2377,0.7330115403096731,1089,1,0.6719598705675539,0.6383737086238518,1.260727206214493,0.3609853758327936,240
L326R,-0.0977045781498138,2378,-0.8466423956561615,3597,1,-1.4223302135938114,-0.5618512597334986,-1.074469856661781,-0.3279182526355551,326
E345M,-0.0977067712291937,2379,0.1785477553848629,2223,1,-0.0482750418940312,0.2832628216746585,0.0140921665762794,0.4651110751825448,345
I21A,-0.0977327520501138,2380,1.1837050542741447,322,1,1.8619508603051067,0.2103721858679675,1.5499906138536426,1.1125065570698622,21
A354P,-0.0978612392074805,2381,-0.1641169786397463,2877,1,-0.001402312101623,-1.6077040952918888,1.919829580537548,-0.9671910877030208,354
V299P,-0.097863089358438,2382,0.3736238885374678,1842,1,0.8766691787778585,-0.0869241073379753,1.1691165678604802,-0.4643660851504922,299
S2Q,-0.0978646478632524,2383,1.2503759727329964,235,1,0.5651470980792066,0.993482186327842,1.919829580537548,1.5230450259873898,2
V239P,-0.0979375309002831,2384,0.7454404188513372,1068,1,0.9906399348954884,1.26291853861312,0.1900304188640905,0.5381727830326491,239
L20R,-0.0979811367760392,2385,0.0323323816441535,2521,1,0.2320111576504461,-0.6449286280682182,-0.011765736965633,0.5540127339600192,20
L152N,-0.0980678857258129,2386,-0.0118200711686711,2601,1,-0.0898739458852066,-0.1095504702639104,0.2162842980120523,-0.0641401665376199,152
N113H,-0.0981135663796533,2387,0.395039465367382,1787,1,0.3700136565584704,0.0933957231032853,0.2630979921860922,0.85365048962168,113
L102P,-0.0981440792597653,2388,-0.5918639174745594,3399,1,0.8465394388556875,-1.2103272491298769,0.0058435881724289,-2.009511447796477,102
V174K,-0.0981514717704527,2389,-2.265498160594954,3960,1,-2.34113552535713,-2.515129056004616,-2.072371254126435,-2.133356806891634,174
V276L,-0.0982494486701765,2390,0.0120343029044275,2555,1,0.3719000108270954,-0.1578385914672249,0.19634289162024,-0.3622670993624004,276
K306D,-0.0982857265687326,2391,0.9233043933923588,719,1,1.0486156079156257,0.8546081573112336,1.726024621018954,0.0639691873236225,306
E148G,-0.098296302285639,2392,-0.0625109889192152,2687,1,-0.6095566701705124,-0.7528715625418047,1.497871723204318,-0.3854874461688617,148
S215Y,-0.0984346882049627,2393,-0.0480979740419287,2663,1,-0.0148461990909296,0.3097590030078561,0.07815491035971,-0.5654596104443512,215
G63D,-0.0984397806619815,2394,0.8249913128454104,912,1,2.0972632831482487,1.3999080940723931,0.521130857447412,-0.7183369832864127,63
G289P,-0.0984915371652847,2395,-0.7109390301543992,3495,1,-0.0535983981672894,-0.0639991248092057,-0.8039906080656029,-1.9221679895754988,289
A348K,-0.0985148279971363,2396,-0.5877471901244211,3393,1,-1.6738047144556238,-0.7160773161917078,-0.1026121874329457,0.1415054575825931,348
P123S,-0.098518656330597,2397,0.0449997899231909,2490,1,0.076536735598069,-0.0821094210026781,0.5384739485475831,-0.3529021034502101,123
E345N,-0.0986566253731472,2398,0.0863072856296519,2413,1,-0.3638797700241275,0.041935640386211,0.256388648808634,0.4107846233478902,345
L80S,-0.0986810299292511,2399,-0.3494886665885206,3138,1,-0.0757723551577447,-0.3836226541287328,-0.4951239956084491,-0.4434356614591558,80
E272T,-0.0986948526634877,2400,0.6580541362668635,1268,1,0.6645839233789351,0.3275432268834139,0.9202125286351877,0.7198768661699173,272
A361W,-0.0987684202026898,2401,0.7911883511623617,979,1,-0.0771609380099886,0.4163082525325026,1.919829580537548,0.9057765095893856,361
T325D,-0.0987910035622441,2402,0.8600347269208704,835,1,0.3391661670282874,1.004410871276714,1.0652870446981966,1.0312748246802836,325
H105Y,-0.0988133472929211,2403,0.8531397245320449,853,1,1.0329162761938329,1.0184683732298494,-0.0519386751837679,1.4131129238882647,105
G228A,-0.0989646526155921,2404,-0.1627780866418923,2874,1,0.1891316452705476,-0.0941318081720801,0.1609618420261632,-0.9070740256922,228
D352F,-0.0989760521279106,2405,-0.6666596538467154,3452,1,-0.7944027407537819,-0.3756386691296374,-2.127219712094244,0.6306225065908014,352
R253E,-0.099031065417973,2406,0.7628374196003535,1026,1,0.7576333127647252,1.014513565527979,0.4789680572667031,0.8002347428420061,253
D190Y,-0.099036040936596,2407,-0.8654356479849283,3609,1,-0.7921773287836984,-0.8595708192809536,-0.9793827934637068,-0.8306116504113543,190
K108Y,-0.0990361736211407,2408,-0.2122355437158281,2959,1,-0.430853911204438,-0.3823479098114101,-0.0170564771928107,-0.0186838766546534,108
G289D,-0.0990694500224326,2409,0.0027156724674348,2567,1,0.4699882904061341,-0.2372840860591061,0.270572180690159,-0.4924136951674475,289
G289E,-0.0991245285196519,2410,-0.0963211675714331,2758,1,0.104573704974944,-0.3034390428879771,0.3737129167095724,-0.560132249082272,289
I271C,-0.099155036985839,2411,0.3730592830746969,1845,1,0.1153590340508095,-0.2356057297690352,0.8703973397259297,0.7420864882910836,271
V78N,-0.0991886344618203,2412,0.3363227309787793,1906,1,0.7250456329957654,0.5456428117653146,0.1948220731523672,-0.1202195939983298,78
G91M,-0.0991938043073564,2413,-0.674374556676122,3460,1,-1.437007389681603,-0.5079834534416381,-0.9445385470464968,0.1920311634652494,91
K151Y,-0.0992612268186458,2414,-0.2659733322850529,3030,1,-0.8757007209998197,-0.0483887375201417,-0.3125628305809734,0.1727589599607232,151
S72E,-0.0993037032539724,2415,1.2011918952126936,293,1,1.5683772369945606,0.866568030907728,0.8859376043252414,1.483884708623244,72
L145C,-0.0993508081938938,2416,-0.5100574657143193,3320,1,-0.7789671784504743,-0.3976642423832881,-1.1585076915550938,0.2949092495315788,145
L149E,-0.0993591421226937,2417,-1.1496701996582384,3759,1,-1.2815908317997189,-0.9301048962728344,-1.6661686532803726,-0.7208164172800278,149
I274W,-0.0994280570481555,2418,-0.658117317225895,3446,1,0.2513144601704656,-1.2062695729979436,-0.340024075988893,-1.3374900800872085,274
G269E,-0.0994507933642857,2419,0.4251993547193238,1724,1,0.7481346064920432,-0.1089054265613121,1.6433257849413103,-0.5817575459947463,269
A86I,-0.0994811463555677,2420,-0.3636322884988073,3167,1,-0.2419375758077306,0.888910324803833,0.2499556040903656,-2.351457507081697,86
K75T,-0.099631793695636,2421,0.4153252956592316,1741,1,0.0954928727500782,0.0809844330371133,0.4351454401913595,1.0496784366583756,75
S41R,-0.0996516995738117,2422,0.5811706867718098,1406,1,0.1930224997075377,0.9275366753286872,-0.0902186729328526,1.2943422449838666,41
G104R,-0.0997207678957724,2423,0.7149513122753315,1133,1,1.217660003456532,0.9888339915163332,0.5248873113529493,0.1284239427755113,104
Q143I,-0.0997824352419604,2424,0.3184919602550751,1942,1,0.4722036980070663,0.9205024718498174,-0.0644685205538008,-0.0542698082827821,143
F95E,-0.0998034558314936,2425,-0.7554023814939304,3526,1,-0.7404698942379773,-0.4547680453903652,-0.9388908798149246,-0.8874807065324541,95
D169F,-0.0998430778092792,2426,-0.3518231113914346,3143,1,-0.6472890427243528,-0.1389565759944104,-0.8289811115324245,0.2079342846854495,169
D189V,-0.0998676676951756,2427,0.1303212306803883,2338,1,0.6901114569420743,0.3889069558171253,-0.0319974654018491,-0.5257360246357972,189
R65N,-0.0999893235699003,2428,0.1848412569888758,2210,1,-0.0661324084199932,-0.2626897035306573,0.0622857161796508,1.005901423726503,65
H30P,-0.100130941270152,2429,-0.8947400934467715,3632,1,-1.216634919769801,-0.639560956557566,-0.939567416009091,-0.7831970814506278,30
F355T,-0.10014286020258,2430,0.9422089341568808,677,1,1.110757717415716,0.8492662266835433,1.919829580537548,-0.1110177880092839,355
Q150G,-0.1002731254246,2431,0.4132243914931186,1749,1,0.5493301511413028,0.7764237123797298,-0.1674573711010324,0.4946010735524742,150
S245Y,-0.10030258281128,2432,-0.3819650064170788,3182,1,-0.8746549401168601,-0.4898489379937532,-0.2031626978734745,0.0398065503157723,245
D268L,-0.100381359274984,2433,0.2548389539458362,2078,1,0.4196602008865246,0.1011282589845799,1.4629473655842808,-0.9643800096720408,268
A86T,-0.100443305141528,2434,0.2024697452201925,2175,1,0.5005977388463564,0.7022589028664225,0.061281177465526,-0.4542588382975347,86
V231S,-0.100520020713827,2435,-0.6124498856923087,3409,1,-0.4358324705310668,-0.4546115712545275,-0.6032086861439042,-0.9561468148397366,231
L117I,-0.100587192526909,2436,0.4016028662193805,1770,1,1.1053051101964106,1.014536516758601,0.1408047665586762,-0.6542349286361654,117
V78C,-0.10063987231535,2437,0.603645197590361,1366,1,0.6240185454098831,1.1318802626144124,0.0342343718705766,0.6244476104665715,78
G84N,-0.100741602204499,2438,0.0501046902766275,2481,1,0.6420251519652456,-0.3354411737262606,0.2803118969574053,-0.3864771140898801,84
G84R,-0.100868372906949,2439,-0.1715517529674183,2884,1,0.5156814873861644,-0.5818520525973143,0.0104675086374641,-0.6305039552959874,84
I21R,-0.100878217267378,2440,0.8273732687242282,908,1,0.6298994831099882,0.4526759990804195,0.4214223948985539,1.8054951978079516,21
D190T,-0.10096073915062,2441,-0.7834912545055783,3545,1,-0.0286235126387438,-1.442100441762118,-0.7865887981184455,-0.876652265503006,190
R24N,-0.10099209451091,2442,0.2413415624427851,2107,1,-0.1503677422066326,0.039638234881262,0.3078830885287481,0.7682126685677629,24
L173E,-0.101015660692651,2443,-0.8405203226568484,3591,1,-1.6638398517523754,-0.6393281473894963,-0.3091912010442499,-0.749722090441272,173
L80E,-0.101193992385795,2444,-0.0087320691143038,2594,1,-0.0811588529553607,-0.224054540240454,-0.4217125935285762,0.6919977102671756,80
T130Y,-0.101302127030093,2445,0.1090804107322666,2366,1,1.051266628156042,0.0802915848375855,0.3158420785827923,-1.011078648647353,130
E230L,-0.101304573082193,2446,0.033877377211424,2514,1,-0.1197438277237867,0.2533609820429772,-0.1446877832468464,0.1465801377733521,230
L103S,-0.101326930899713,2447,0.53447234579667,1512,1,1.0478632950794164,1.2410507867705851,0.6207912016955877,-0.7718159003589096,103
L302T,-0.101422155935263,2448,0.7021040959663339,1167,1,0.7948575950538458,0.4146494238088166,1.420159755605141,0.1787496093975321,302
R5G,-0.101483297232058,2449,-0.6130274913838485,3410,1,0.7726960305088716,-0.3267246513829722,-2.537561956733879,-0.3605193879274142,5
V239Q,-0.101516653667195,2450,0.7620604490575696,1027,1,0.6314952487819226,1.028912768192256,0.1467388269376863,1.2410949523184134,239
R278K,-0.101632670508522,2451,0.7392606950966897,1080,1,0.5909446218522576,0.7836237416698979,0.2174709351582098,1.3650034817063934,278
P123E,-0.101705994121086,2452,-0.0147222872523536,2608,1,-0.0339406677755242,-0.1954349896676533,0.2635955184254644,-0.0931090099917012,123
A126D,-0.101713725569287,2453,-0.5318713497632831,3346,1,-0.8298796685751364,-0.3143869066966915,-0.3864004271374397,-0.5968183966438647,126
T111F,-0.101731422661648,2454,1.0146080494200589,562,1,1.15851540146912,0.7759915698716789,-0.4659291765955567,2.589854402934992,111
K204D,-0.101777291937525,2455,-0.3656563923127212,3171,1,-0.6367844747705702,-1.1653146869840652,0.3179495777714788,0.0215240147322714,204
E294G,-0.101782457384211,2456,0.0200923435479918,2543,1,-0.4225194265386943,-0.2155213741373772,0.7370887873316233,-0.0186786124635842,294
P123L,-0.101787486149514,2457,0.2660946644757743,2056,1,0.5168694128618574,0.3817226500219687,0.0565769496465181,0.109209645372753,123
L20Q,-0.101844012615647,2458,-0.1526708780345479,2860,1,-0.1118284750226093,-0.4503023192024143,-0.1874102873879326,0.1388575694747645,20
G128T,-0.10186601783198,2459,-1.3183908751983835,3802,1,-0.7110890471908515,-1.833242922152173,-0.1391956209193808,-2.590035910531128,128
L152T,-0.101877177944955,2460,-0.0513267113171088,2667,1,-0.1103119777608647,-0.0835485012033441,0.2823809849668727,-0.2938273512710992,152
R5V,-0.101909039633255,2461,-0.2099074715012824,2954,1,1.0958845421743386,-0.0887183610025646,-2.537561956733879,0.6907658895569753,5
S215D,-0.101969512907802,2462,0.0457025206066352,2489,1,0.6573355220695193,-0.1782937172554383,0.5002837624682893,-0.7965154848558293,215
D268A,-0.10216656330114,2463,0.5740136970605578,1417,1,0.5942052894799953,0.4677479834677276,1.505766622164064,-0.2716651068695555,268
Y144T,-0.102178823323031,2464,-0.0730974588239771,2705,1,0.3195769243070671,-0.3857904676022182,-0.1019190634523093,-0.1242572285484479,144
V347M,-0.102212446370536,2465,-0.5124336285258815,3325,1,-0.4445128823030202,-0.6533259888232542,-0.1471416990980486,-0.8047539438792027,347
L102Y,-0.102215059946558,2466,-0.0104872513937579,2598,1,0.6160624381715051,-0.344047251197333,0.4083367266123516,-0.7223009191615554,102
G269Q,-0.102233337665991,2467,0.4404061424275451,1685,1,0.4925256084427538,0.1301381072803209,1.6901755633980673,-0.5512147094109614,269
Q349Y,-0.102274380222372,2468,0.1513224075001661,2291,1,0.0647295948498134,0.2975942801678886,-0.8962671001454786,1.1392328551284412,349
V6D,-0.102346848398732,2469,-2.060881967064411,3940,1,-2.3554631971379543,-1.5188696453402304,-2.6723449423499703,-1.6968500834294884,6
K108W,-0.102468353049115,2470,-0.2538961496094252,3012,1,-0.719532302345559,-0.3658402688876723,-0.0859150081008298,0.1557029808963604,108
L173N,-0.10251046443733,2471,-1.0173098901385165,3701,1,-2.277076075560975,-0.638250961178847,-0.0395451821971523,-1.1143673416170918,173
L173T,-0.102562073046125,2472,0.1409271989550359,2316,1,-0.1512731081323901,0.9715198557607788,0.110603788484286,-0.3671417402925307,173
A344D,-0.102583844448985,2473,-2.165502508137821,3954,1,-2.9659860945171217,-1.5249155827768115,-2.4150150655345244,-1.7560932897228267,344
V251G,-0.102594965010288,2474,0.154053152982895,2281,1,0.6104008300497064,0.7758447327166543,-0.1181458514155012,-0.6518870994192797,251
L259T,-0.102629128792159,2475,-0.1049353843224126,2774,1,0.2602694712379221,-0.23160181784585,0.335614368766779,-0.7840235594485018,259
R260G,-0.102638534439525,2476,0.5430444476784453,1483,1,0.5615392356010349,0.4863047508380918,-0.0663301976003476,1.190664001875002,260
S266A,-0.102639679685412,2477,0.6850627306057504,1211,1,1.4226762187851147,0.0010772509828455,1.225049187949934,0.0914482647051071,266
E121V,-0.102661480903135,2478,-0.6345706713367172,3428,1,-0.7578503923860497,-0.6610376023119935,-0.6700947203385277,-0.4492999703102975,121
D190P,-0.102661826387747,2479,-1.1633110700166889,3766,1,0.3484446985598467,-2.049336239791592,-0.7139963768761343,-2.238356361958875,190
D262L,-0.102720900475047,2480,0.2923831074890711,1997,1,1.2898745668518825,-0.7309248603679683,0.3747587545020405,0.2358239689703296,262
L60M,-0.102837081958563,2481,0.6623041888025751,1258,1,0.3130589500479076,0.9669603909140612,0.0005826974684303,1.3686147167799014,60
L103E,-0.102841086456747,2482,0.7009279449708486,1172,1,1.2861920548765866,1.0968764500072337,0.7195874199899788,-0.2989441449904045,103
G101K,-0.102858108428913,2483,0.3496190915025582,1880,1,0.7191183292704588,0.94889764561276,0.5821024848600194,-0.8516420937330051,101
V129D,-0.102862548064234,2484,-0.0718725571535724,2702,1,-0.8945240496599735,0.7760909512363166,-0.3704217044216576,0.2013645742310247,129
T111R,-0.102869074038659,2485,0.2352707841308788,2119,1,0.4414061222204186,0.0885975210772741,-0.6310711502035246,1.0421506434293473,111
L20S,-0.102927599187073,2486,-0.1117573875640641,2790,1,0.1975804038110359,-0.4272102111379608,-0.4299507231825083,0.2125509802531765,20
D303G,-0.102938670081503,2487,0.7355716002135237,1086,1,1.062374445811176,0.8570174659157587,1.840914194500873,-0.8180197053737126,303
L311P,-0.102952424133645,2488,1.113287546148371,424,1,1.0521504915673563,1.3889231564180826,0.9469634917346328,1.0651130448734123,311
R93V,-0.103051177950126,2489,0.7715981185825735,1009,1,1.7751943370451002,0.4718864327151623,0.6885517990877007,0.1507599054823308,93
G84E,-0.103078643791977,2490,0.2287527482694478,2129,1,1.350650195490123,-0.201691419053578,0.2332609649691333,-0.4672087483278872,84
V327Q,-0.103204355177464,2491,-1.6596220361199556,3890,1,-2.3769065894935086,-1.9264649880262428,-0.94799042928091,-1.3871261376791606,327
T155P,-0.103264858281417,2492,-1.047165231229124,3715,1,-1.5893803393674206,-1.2562898147000767,0.2756808110110798,-1.6186715818600788,155
L60G,-0.103273264577823,2493,0.4985424635978647,1578,1,0.9035120411975116,0.8174394001343973,0.0953689803348597,0.1778494327246897,60
H359F,-0.103290480425906,2494,1.1704257850411,339,1,0.82451215692376,0.6730566319603625,1.919829580537548,1.2643047707427293,359
P248W,-0.103318670779183,2495,-0.2157394520905903,2966,1,-0.3180772718715047,-0.5270294243906585,-0.1510759971308643,0.1332248850306663,248
G153R,-0.103339079537183,2496,-0.6790303689632493,3462,1,-1.2689921272816689,-0.2791525832145647,-0.845449044376118,-0.3225277209806458,153
K256C,-0.103357840449472,2497,0.0419447707833984,2496,1,-0.6896446327779376,0.1055040822857327,-0.0130766141986578,0.7649962478244567,256
T92Y,-0.103423525420165,2498,0.2876870092813204,2012,1,0.3470101427813856,0.7488654343189984,-0.0014952353947284,0.0563676954196259,92
V239K,-0.103469848055715,2499,0.983438680617294,607,1,1.1728813414360688,1.1392238321977477,0.0920979826863749,1.5295515661489845,239
V81D,-0.103526949663495,2500,-0.5508162969695923,3368,1,-0.2678343079369513,-1.1940481060933177,-0.2645037065260039,-0.4768790673220964,81
P123Q,-0.103674023378792,2501,-0.1437086588124252,2843,1,-0.1917281039066424,-0.137936831261504,0.1100960251587489,-0.3552657252403034,123
C122W,-0.103674712296398,2502,-0.8032229643118594,3557,1,0.3276482488577519,-1.398615087470463,-0.5062869489584538,-1.635638069676273,122
L102M,-0.103701257861801,2503,0.5227749759098081,1530,1,0.3478690837170937,0.7713966637599966,0.2474511424369433,0.7243830137251986,102
R297Y,-0.10370280479248,2504,0.5056425563072892,1563,1,0.6339539453442561,-0.358784857710894,1.4443534486711564,0.3030476889246379,297
V351L,-0.103775996221071,2505,-0.3112850186298531,3092,1,0.2274224542415258,-0.6080399139456747,0.2362104719324693,-1.100733086747733,351
L103H,-0.103778871618495,2506,0.6873022047204058,1205,1,0.5569953454763281,1.0720751726745823,0.7721133633104098,0.3480249374203028,103
E148D,-0.103803672718759,2507,-0.1067531479242639,2779,1,-0.4061624598710686,-0.2046578339107796,0.0554995715128027,0.1283081305719895,148
K204L,-0.103821936542971,2508,-0.2932993211888025,3077,1,-0.6416078582731345,-0.2057383169832859,-0.6482815499404063,0.3224304404416168,204
A361I,-0.10388350733538,2509,1.042600332079179,515,1,0.3596440100035836,0.8337636214167338,1.919829580537548,1.0571641163588503,361
G228R,-0.103934516157572,2510,-0.3402545578231093,3128,1,-0.0358558067172769,-0.2258363672718892,-0.2500739063157052,-0.8492521509875659,228
P64Q,-0.104032649596951,2511,0.3182132056710252,1943,1,0.6600892099371679,0.3669641845170419,0.413875783238765,-0.1680763550088738,64
L261S,-0.104069838116665,2512,-0.2126653303302977,2963,1,-0.3686564140574555,0.193363548744315,-0.5226635389213833,-0.1527049170866672,261
G312N,-0.104139526809311,2513,0.7311858497198467,1095,1,0.3862786282362885,0.820173164326503,0.8460795789847477,0.872212027331847,312
Q143D,-0.104220952938411,2514,0.3848355234211509,1811,1,1.1448410503727764,0.4236674188084697,0.0194760125331106,-0.0486423880297531,143
Y107R,-0.104346267625264,2515,-0.3172771987208888,3098,1,0.3336866227010808,-0.623576248645331,-0.2657726191562231,-0.7134465497830818,107
K140D,-0.104389799019278,2516,0.6778754111769071,1225,1,0.8946539093747431,0.3934210571127117,0.2992178244033665,1.124208853816807,140
R24P,-0.104444642441439,2517,-0.8725641833560701,3615,1,-1.0770592682089155,-0.9818040014745554,-0.500941165510073,-0.9304522982307364,24
G312W,-0.104526246203259,2518,0.5536831326002851,1460,1,0.0138394327474612,0.9626806204150942,0.6216085114651921,0.6166039657733929,312
C122T,-0.104543285424465,2519,0.3744918209753993,1840,1,1.0482258699276124,0.4531365453213938,0.0680412040121887,-0.0714363353595975,122
T264V,-0.104543507076504,2520,0.4899315167792832,1595,1,0.403717776752823,0.2990955569355144,0.7469981280558755,0.50991460537292,264
R363E,-0.104577057359043,2521,1.3703162490600216,121,1,0.9709201440015726,1.0273992232944502,1.919829580537548,1.563116048406516,363
S120L,-0.104672260884674,2522,-0.1398279222004236,2833,1,-0.6378670497184628,-0.303350281222591,0.0223258053220553,0.3595798368173037,120
K204T,-0.104695067248663,2523,-0.1612466588681075,2871,1,-0.1831101752182481,-0.3171590603090767,-0.2384187384278463,0.0937013384827408,204
D172S,-0.104726050525212,2524,0.2176101880429874,2150,1,-0.072813047038868,0.6169798648229915,0.1203189855444134,0.2059549488434128,172
S41K,-0.104728061560464,2525,0.6252483743140581,1321,1,0.1495723844969364,1.0166218769850617,-0.0414380296739401,1.3762372654481747,41
Q191G,-0.10472943663344,2526,0.8362085704928743,889,1,1.2674372826793,0.8934265817398643,0.0155002452252827,1.1684701723270503,191
A96L,-0.104850871657474,2527,-0.2762639968076085,3044,1,0.3523548738119167,0.1170872260138529,-0.5094772725222595,-1.065020814533944,96
Q191A,-0.104876405108629,2528,1.2489287698949454,236,1,1.7948927826641674,1.545559694402824,0.4843603739117472,1.1709022286010429,191
P227F,-0.104877938102683,2529,-0.445963574196619,3247,1,-0.0774867187932511,-0.3641470767192439,-0.2035483894901714,-1.1386721117838097,227
L103N,-0.104931297544429,2530,0.5388352558080387,1495,1,0.7505141230914584,1.13717920723558,0.7116940005283032,-0.4440463076231867,103
V324W,-0.105266334290798,2531,0.3984843329911011,1777,1,0.0849096358620563,0.061711612631842,1.8484592338793169,-0.4011431504088107,324
G91L,-0.105307898949873,2532,-0.5717742689750893,3383,1,-1.152480182779844,-0.4900522022074872,-0.6061348335576209,-0.0384298573554051,91
R65S,-0.105410759836824,2533,0.2922931465942556,1998,1,0.2615378935581312,-0.3562574326902161,0.1350928970799193,1.128799228429188,65
P217C,-0.105575737665613,2534,-0.447272493065111,3248,1,-1.0431497439677766,-0.5763272729389288,0.0294273715244609,-0.1990403268781994,217
L255K,-0.105597458457999,2535,-0.0702528121519745,2699,1,-0.1203399131961489,-0.3824791502738023,-0.2253944823029022,0.4472022971649552,255
L326W,-0.105627814220155,2536,-0.6982780763704335,3485,1,-0.672139541906782,-0.3929077583400086,-0.7386748237928947,-0.9893901814420488,326
V324S,-0.105709387585762,2537,0.6411032716636171,1300,1,0.2627064294264222,0.2811690607905805,1.8648872574517967,0.1556503389856687,324
G228K,-0.105873948189007,2538,-0.3041359391224848,3085,1,-0.0872892316159717,-0.1943903916684387,-0.0374656906986073,-0.8973984425069215,228
M87V,-0.105893351403364,2539,0.9769531391888694,615,1,1.2601098783015083,1.696055304118724,0.2065655613257607,0.7450818130094845,87
T92V,-0.105925517265889,2540,0.3064264651373125,1972,1,0.5886537294188594,0.8429017299700111,0.140645984079316,-0.3464955829189366,92
G228M,-0.10598398855918,2541,-0.7961819468561735,3552,1,-0.5916349533408156,-0.7102653291446088,-0.6400349579967776,-1.2427925469424916,228
A154W,-0.106261044825473,2542,-1.4852099970283177,3842,1,-1.393645702087526,-1.83717861439539,-0.9824385049296452,-1.7275771667007085,154
L277W,-0.106420616417212,2543,-0.8229506652467032,3572,1,-1.014168855482256,-1.2494305668038015,-0.7925662555091391,-0.2356369831916162,277
T130F,-0.106488798494324,2544,0.0463042008537853,2487,1,0.9728619350544624,0.0495142381792504,0.1691130723825573,-1.0062724422011289,130
E79Q,-0.106512102038036,2545,0.3808100328717954,1821,1,-0.1228655741704626,0.2819451547520025,0.4508351913229584,0.9133253595826836,79
V78S,-0.106559731575214,2546,0.7490651949216831,1058,1,1.1165484192439683,1.0126096912066385,1.0987283388329765,-0.2316256695968511,78
A96Q,-0.106661676893519,2547,-0.3762138167544906,3177,1,-0.3081005867163023,-0.0368303202559504,-0.512990864422591,-0.6469334956231186,96
I265P,-0.106664686817007,2548,-1.0012020250273677,3687,1,-0.8196161292635944,-0.7817111152423835,-0.3399061655258267,-2.063574690077666,265
D62G,-0.106691546716185,2549,0.4257321898986716,1722,1,0.54160644402246,1.0279017411229143,0.0111557352248231,0.1222648392244889,62
A348H,-0.106742210038409,2550,-0.6919559330414434,3476,1,-1.1754273752999491,-0.6171180766742219,-0.8404821411225178,-0.1347961390690845,348
K68N,-0.106799908416793,2551,0.0945435801841075,2396,1,-0.3117764061813899,-0.0613758371899108,0.156158384368322,0.595168179739409,68
G104V,-0.10687480743071,2552,0.5482352142190257,1470,1,1.3787226223953846,1.0648631288589927,0.5333681366880885,-0.7840130310663634,104
V246S,-0.106910164515498,2553,0.0240397682007146,2535,1,0.2389082857074655,0.6099711169217304,-0.236954683075699,-0.5157656467506382,246
H1M,-0.107068441248629,2554,3.2178328570221035,1,1,4.649961585949404,4.281450314855573,1.919829580537548,2.02008994674589,1
H30V,-0.107085182395963,2555,0.6217032614983947,1326,1,1.276046386295496,0.6076009902523545,0.7045236668429414,-0.101357997397213,30
L22I,-0.107181263845435,2556,-0.3924908106077047,3190,1,-0.71662046092904,0.0848273059388124,-0.1138386169748504,-0.824331470465741,22
G240K,-0.107197451851541,2557,0.0679915950418975,2449,1,-0.0475668937287116,0.0088336257114153,-0.029186849842357,0.3398864980272437,240
L22M,-0.107205302659897,2558,-0.3287345490184881,3115,1,-0.79679810906974,-0.0860352226603236,-0.3217451002182585,-0.1103597641256304,22
L20I,-0.107208952576708,2559,0.0528195997258502,2474,1,0.1884572446530326,0.1341983194598367,0.2059916485233116,-0.3173688137327801,20
Y107I,-0.107359951968371,2560,0.1596536088303232,2268,1,0.6622751547692247,0.4073979761539143,0.003512068096691,-0.4345707636985369,107
R93Y,-0.107443600365107,2561,0.6731448125529373,1237,1,1.6030820791007945,0.3772934429192051,0.3734542954354615,0.3387494327562885,93
Q191F,-0.107534921943623,2562,0.6763029958551173,1229,1,1.480449072384287,0.3818554755141001,-0.0837415916568717,0.926649027178954,191
Q150N,-0.107578275941323,2563,0.2913388456082927,2001,1,-0.0500402921930592,0.4465769948481758,0.4205726463328393,0.348246033445215,150
A171T,-0.107656655958402,2564,-0.398969375521165,3198,1,-0.2423684516044536,-0.0662032037631203,0.2810821820495252,-1.5683880287666114,171
L255T,-0.10771906481926,2565,-0.4765599176509273,3280,1,0.1929846639302961,-1.0480351665332792,-0.3660429094059266,-0.6851462585947993,255
A171K,-0.107734567705289,2566,-0.8186171113092072,3567,1,-0.7127564354977305,-0.4177804254121059,-0.6245373818418802,-1.519394202485112,171
I265F,-0.107782289879678,2567,0.2539556322869667,2081,1,0.7823482222799848,1.304392048338898,-0.2159697357465214,-0.8549480057244943,265
T155C,-0.107864447724661,2568,-0.2423061978574006,2992,1,-0.7774082461533715,-0.5693793901796468,0.4590958987338323,-0.0815330538304167,155
V299C,-0.107943967912981,2569,0.5554629571328311,1456,1,-0.045954401694994,0.3959701653402196,0.9187871194948612,0.9530489453912376,299
N113Q,-0.108024497035165,2570,0.1965201813020503,2189,1,0.2278593346252345,-0.1442224251946269,0.3759757407858657,0.3264680749917278,113
W106R,-0.108080657712428,2571,-0.0392533447070753,2650,1,0.9205649503069936,-0.5754735125202942,0.0480044126714203,-0.5501092292864213,106
A348Y,-0.108110923537452,2572,-0.8371705594212995,3586,1,-1.081771581593458,-0.5349232528981974,-0.9539018512711503,-0.7780855519223916,348
G229M,-0.108115789055793,2573,-1.1424415835076558,3754,1,-1.1065789971272053,-0.86803462448265,-1.702797364958191,-0.8923553474625775,229
D268H,-0.108196309961322,2574,0.3287501657921893,1927,1,-0.0491687720898524,0.0874890146789816,1.5007045982724825,-0.2240241776928545,268
V203A,-0.108201521585196,2575,0.0226712225816517,2538,1,-0.0058915712949828,-0.3739066754331975,-0.0085043457862982,0.4789874828410856,203
V7G,-0.108211564937398,2576,-0.7947856995088475,3550,1,-0.6330432927718629,-0.4528268277683725,-0.7126951935061417,-1.3805774839890126,7
G273V,-0.108296584199795,2577,-1.470523617057411,3839,1,-1.4386201175747109,-1.5471719363604666,0.4008828109510327,-3.2971852252455,273
K68Y,-0.108308706759561,2578,-0.1579342812300212,2866,1,-0.500775606843994,-0.1442437279943196,-0.5308180522583992,0.544100262176628,68
A344K,-0.108310274491422,2579,-2.5197968390284338,3970,1,-3.7841123488803343,-2.0705903473706586,-2.659576261392904,-1.5649083984698395,344
V203R,-0.108495192458404,2580,-1.686330674653706,3894,1,-2.139486124209529,-1.8634563786305487,-1.4974503872581415,-1.2449298085166036,203
P123G,-0.108544559601164,2581,-0.2478149300519044,3002,1,-0.0816107202378469,-0.5372207852055255,0.1406737513053498,-0.513101966069595,123
S266H,-0.108581659435892,2582,-0.5064024821750445,3317,1,0.1672315308600505,-1.803894257899416,0.9943992468306267,-1.383346448491439,266
T130N,-0.108626501294931,2583,0.1391724522463687,2323,1,0.4464862190146993,0.099195156714851,0.3951166613646419,-0.3841082281087176,130
T270Q,-0.108698648516453,2584,0.4558040367313664,1655,1,0.7250832525685657,0.0726929522686449,1.284592066786206,-0.2591521246979513,270
K75E,-0.108761724067633,2585,0.6880209069517575,1204,1,0.6885701256519947,0.1855460552690081,0.7696880352447732,1.108279411641254,75
V78A,-0.108802749548167,2586,0.6601508675819381,1266,1,1.2553374207723635,1.0019365447522937,0.3541408278739972,0.0291886769290981,78
A362M,-0.108815291972548,2587,0.8632862766846955,827,1,0.0560816727089147,0.4598775499991369,1.919829580537548,1.0173563034931823,362
G125E,-0.108909783849048,2588,0.0711713986608397,2441,1,0.5615811890901375,-0.574330262270122,0.2959514284917043,0.0014832393316391,125
Q191E,-0.109005077483113,2589,1.163696786235495,351,1,1.4947580129985076,1.3797173670949483,0.5318469450331644,1.2484648198153594,191
V251T,-0.109024618385733,2590,0.9832827679159352,608,1,1.1868140077024898,1.414087128180769,0.1223200513563068,1.2099098844241756,251
D62M,-0.109096831639654,2591,0.1774363733174553,2225,1,0.0375560575645425,0.2180983816303058,-0.1243422622552926,0.5784333163302657,62
K68I,-0.109181706719766,2592,0.0247677532425198,2533,1,-0.2352904292223205,0.2158002153110823,-0.2819898090279549,0.4005510359092725,68
P248S,-0.109189791746411,2593,0.4380264149599306,1693,1,0.281583936954091,0.6091666826285745,0.1107563550069963,0.7505986852500609,248
G187C,-0.109222572544982,2594,-0.706013672264417,3492,1,-0.904331024156166,-0.3051520162275485,-0.3655726204608166,-1.248999028213137,187
V29L,-0.109231341177806,2595,-0.3652682496310453,3170,1,-0.6481499491549826,-0.1899492651420377,-0.1793591402716533,-0.4436146439555076,29
L80W,-0.109237692510465,2596,-0.2168530777175048,2968,1,-0.2637165764211558,-0.5939474779370911,-0.3675330041744674,0.3577847476626949,80
I110T,-0.109270363991322,2597,0.6675247050028494,1251,1,0.3925557114378512,0.1292312166648338,1.2517477166905189,0.8965641752181943,110
F355G,-0.109317884270767,2598,0.6771188487129662,1228,1,1.0882332635433585,0.2881818029667839,1.919829580537548,-0.5877692521958249,355
R24F,-0.109318902853849,2599,-0.9925985453517732,3683,1,-1.7655398265246829,-1.1792571157781464,-0.6287391402258223,-0.3968580988784416,24
V81A,-0.109372148156201,2600,0.3855163335279105,1808,1,1.3131528666464878,0.092409200593709,0.1837927577963997,-0.0472894909249548,81
G312P,-0.10941566645371,2601,0.7268661616968466,1112,1,0.9348785294892296,1.187090604945534,0.4732249606746551,0.3122705516779676,312
E121P,-0.109458817419543,2602,-1.2332472107562122,3779,1,-1.2811594842842149,-1.9157367459381696,-0.3442392315431171,-1.3918533812593472,121
L302W,-0.109468421162045,2603,0.507332598114393,1559,1,0.1153167366000956,0.604186392386143,1.002136558023616,0.3076907054477178,302
W106A,-0.109489147895934,2604,0.0607921303112166,2456,1,1.0164780166562477,-0.509201390293114,0.2353490776998376,-0.4994571828181048,106
R278A,-0.109533508639334,2605,0.7059203041669335,1152,1,0.5288982810922239,0.8370969706585223,0.2260402355678787,1.2316457293491092,278
L60P,-0.109607953854026,2606,1.185500233207526,315,1,1.414965552725077,2.1137581278458137,0.0744760607984513,1.138801191460762,60
E296N,-0.109688356350073,2607,0.1553025888768693,2280,1,-0.2826424646063211,-0.6015180871802457,1.2501957719531578,0.2551751353408864,296
T155W,-0.109724234287908,2608,-0.6616035446682172,3450,1,-1.0414921045157086,-0.8964913608006568,-0.0793480896492137,-0.6290826237072898,155
G240L,-0.109739342571509,2609,-0.3542121107807295,3148,1,-0.6750527984796445,-0.5496249743384667,-0.3291541877589183,0.1369835174541112,240
E296L,-0.109851990634702,2610,-0.0188759048757024,2615,1,-0.4042997406788762,-0.9492053922448777,1.2049831816492818,0.0730183317716624,296
N247Y,-0.109962925215083,2611,-0.0225262699612818,2620,1,-0.1300921879686719,0.2354863480711047,-0.7387782883173833,0.5432790483698231,247
L255S,-0.109978865100926,2612,-0.6949462192724557,3481,1,-0.4591563894628034,-1.4114992236083843,-0.429107474628201,-0.4800217893904343,255
R24T,-0.109988075431577,2613,0.0953499638600187,2392,1,-0.2744541734528491,0.1353470222123112,0.3634353361062465,0.1570716705743662,24
L20F,-0.109998525554208,2614,0.1554413328201376,2279,1,0.1798208501398493,0.1799405024951213,0.0792114705068677,0.1827925081387123,20
S245M,-0.110119023580229,2615,-0.2913682304455032,3072,1,-1.0022797732507172,-0.2895723151142322,-0.1431303610395154,0.2695095276224522,245
E296W,-0.110183591722482,2616,-0.3528366879443008,3147,1,-0.7057538095007916,-1.352743819613231,1.1794618766181042,-0.5323109992812842,296
I274K,-0.11019359912482,2617,-0.8272068654891099,3576,1,-0.2266536121277291,-1.9416470368786296,-0.1924078894909507,-0.94811892345913,274
T305F,-0.11025593317045,2618,0.785627690535604,983,1,0.5446373944312306,0.7028038360907032,1.6438214828172542,0.251248048803228,305
D132F,-0.11032824714309,2619,-1.161998974403644,3764,1,-0.8892693382968535,-1.9675796450378165,-0.4766981985027993,-1.314448715777106,132
Y144H,-0.110338950054729,2620,0.7006754812882369,1173,1,0.6313944582023407,0.8549532816866114,0.2726979831888435,1.0436562020751516,144
M87R,-0.11034777797841,2621,0.0985187103327393,2387,1,-0.2540475010486656,0.618020278343695,-0.5123136569985368,0.5424157210344649,87
S315V,-0.110391984683315,2622,1.1843513653639066,318,1,0.7061405200919221,1.0904059465047549,1.383154534871626,1.557704459987323,315
L102S,-0.110407541043238,2623,-0.0079843073083271,2590,1,0.9693373112862224,-0.4740740880189667,0.2869816575836655,-0.81418211008423,102
T264C,-0.110429983377377,2624,0.4630187160764002,1641,1,-0.0408358401650967,0.5432062406492784,0.8338044732027597,0.5158999906186598,264
R278I,-0.110510456110982,2625,-1.0152607201318566,3698,1,-1.3863318989345923,-1.1919551060235154,-0.4579008388937391,-1.0248550366755795,278
E121K,-0.110690725886199,2626,-0.1264904815787145,2813,1,-0.5446801641354289,-0.1691677500299619,-0.329997264673312,0.5378832525238446,121
K108L,-0.110744653368719,2627,-0.0300395949185388,2638,1,0.2746688442734877,-0.4554142303143756,0.2178401845372345,-0.1572531781705019,108
E99Q,-0.110889094849893,2628,0.4228038136782292,1729,1,0.2606998458334401,0.5853206076178563,0.1160108452812668,0.7291839559803536,99
V347G,-0.110889103684634,2629,-1.3007449340777315,3797,1,-1.34374622804548,-1.213291635149012,-0.6932731604857042,-1.9526687126307305,347
A348D,-0.110896955437275,2630,-0.7462479258253746,3520,1,-1.3469992400704978,-0.2940157240834575,-0.8666765365399058,-0.4773002026076372,348
E323W,-0.110919109307548,2631,0.4801453099070506,1611,1,-0.3362028498344742,0.2020284625193005,1.850706315267032,0.2040493116763445,323
S119G,-0.110971578497905,2632,0.5181185023488709,1539,1,0.6631293195522733,0.2401711253689904,0.3037418152395647,0.8654317492346553,119
D132W,-0.111071950402115,2633,-0.8928292704974969,3630,1,-0.9589834973276332,-1.6701618751526734,-0.2078368495638237,-0.7343348599458579,132
E272G,-0.111088013000141,2634,0.6721935475782037,1241,1,0.8055536808327939,0.946548473036534,0.8013941168958152,0.1352779195476715,272
D346W,-0.111135468954004,2635,0.1137882540287561,2358,1,0.8400169439582083,-0.4273201488006604,-0.3026102410819093,0.345066462039386,346
K208W,-0.111151998317541,2636,0.3928401853566938,1793,1,1.1826850237282678,0.1743554917066524,0.0906709045161527,0.1236493214757022,208
D172T,-0.111241058817045,2637,-0.1562800969245912,2863,1,-0.2052050505205309,0.2931038275160087,-0.3214831629864114,-0.3915360017074315,172
T61Y,-0.111253123707263,2638,0.3689493532071435,1853,1,0.228283675151343,0.3031222932869416,0.0558920098901856,0.8884994345001036,61
S245V,-0.111309465318056,2639,-0.0459150636585605,2658,1,-0.5416186699355758,0.0827717125708508,0.0321823771416971,0.2430043255887854,245
T59W,-0.111418023176517,2640,-0.2600406877941431,3022,1,0.6621449603856149,-0.3278815962900896,-0.3742969840487835,-1.000129131223314,59
D132N,-0.111436187897418,2641,0.164522112055876,2252,1,0.4765671851803899,-0.3753282569055445,0.3355652467115928,0.2212842732370661,132
L60D,-0.111555254202827,2642,0.7280794633185532,1105,1,0.7687100657726229,0.7917505695490751,0.1969423376287792,1.154914880323736,60
P112L,-0.111615402591289,2643,0.0859956123407355,2414,1,-0.0894377927346188,0.9554890868843277,0.1522068592500313,-0.6742757040367978,112
M87Q,-0.111646269116764,2644,0.5834626986087941,1405,1,-0.1965412864905638,1.2456620068008566,-0.2727848749839495,1.557514949108833,87
E294K,-0.111820661871861,2645,0.1997462899508255,2179,1,-0.1899071121716368,-0.3026541361612062,0.5627888516324017,0.7287575565037436,294
K208M,-0.111833709262213,2646,1.0091408172600969,567,1,1.8484849499452036,0.7250613308957697,0.6328605833197927,0.8301564048796216,208
S266R,-0.112080719580397,2647,-0.2121708112724396,2958,1,0.9656682236412416,-1.5014946761432924,1.1086234560093744,-1.421480248597082,266
K256P,-0.112249766149001,2648,-0.4709754245353571,3274,1,-0.2172295553521713,-0.7964455516964665,-0.594392244896388,-0.2758343461964028,256
L173K,-0.112299573874172,2649,-0.8860759628292775,3628,1,-1.4200630152016938,-0.7484602345744975,-0.3219619856023337,-1.0538186159385847,173
A192H,-0.112480058993347,2650,0.5691925799011625,1425,1,0.6083039811024478,0.8292739612797234,-0.143672946384984,0.9828653236074626,192
M87H,-0.112521511128124,2651,0.3445147269590281,1891,1,0.2962358957420374,0.9793581765268567,-0.2786718636786604,0.3811366992458787,87
I110E,-0.112552682759372,2652,-0.0392335567780589,2649,1,0.1846393690424831,-0.5652165948754205,0.4420081710141121,-0.2183651722934104,110
V239N,-0.112649509748511,2653,0.3589257535313297,1868,1,0.4121254367944997,0.6017710606686096,-0.1025372364315213,0.5243437530937308,239
V231D,-0.112691478341693,2654,-1.5644997094061963,3864,1,-1.7478576838709856,-1.4104564008424776,-1.3921799467576623,-1.7075048061536608,231
L350G,-0.11279453626621,2655,-0.9250336708559944,3653,1,-1.033115833427931,-0.7932158951002057,-0.9536105650590758,-0.920192389836766,350
K75Q,-0.112795254893941,2656,0.8060341364595187,953,1,0.7131416228302965,0.6932833232625859,0.5598028211515983,1.257908778593594,75
E272V,-0.112812140059329,2657,0.2276467153956416,2131,1,0.1944416558332878,-0.2996731390304055,0.8595205102925004,0.1562978344871839,272
P118T,-0.112887306644069,2658,0.5425513879442413,1485,1,1.6844967507803297,-0.2241188290466693,0.5530296974045423,0.1567979326387622,118
Q191N,-0.113122061062901,2659,0.7704575220147618,1011,1,0.8555092304449546,0.9155836490606656,0.2622695358409822,1.048467672712445,191
G269V,-0.113136166031437,2660,-0.1447235927375998,2845,1,0.2400519678924724,-0.8917639145021962,1.6564559659535512,-1.583638390294227,269
G187Q,-0.113226014260105,2661,-0.3964124303563983,3195,1,-0.1689387209737963,0.0994217525663437,-0.1479261180418644,-1.368206634976276,187
I298P,-0.113307976308544,2662,-0.0067452315371562,2588,1,1.3672347861246248,-0.906041101577162,1.284416653837776,-1.7725912645338642,298
E345C,-0.113419086993408,2663,-0.038372421038704,2648,1,-0.39126874520776,0.0278364838515339,-0.0795024420002911,0.2894450192017011,345
G153K,-0.113425691320916,2664,-0.6713054322965253,3456,1,-1.0569302809272625,-0.3146538257047452,-1.0520587057732191,-0.2615789167808746,153
F168V,-0.113430603378885,2665,0.4344736871987746,1704,1,1.5065282810620333,0.7367773635172108,0.7839171002105068,-1.2893279959946524,168
S205C,-0.113635177232219,2666,-0.086136912294948,2736,1,0.3136661503940514,-0.2589612063749271,0.2554876977798965,-0.6547402909788129,205
E294M,-0.113803936861288,2667,0.2423889067357637,2106,1,-0.1073706539205211,-0.4966124500937905,1.0653771012105018,0.5081616297468646,294
T250K,-0.113832637546123,2668,0.0833313050813004,2417,1,0.0452217236183491,0.1297333540861605,-0.3739067464144001,0.5322768890350923,250
E230Y,-0.113870070894288,2669,-0.1392791790247913,2831,1,-0.318279462334094,0.0087822707478705,-0.0408671577182933,-0.2067523667946486,230
R304S,-0.113972478701324,2670,1.2190699785604904,267,1,1.069163795954167,1.073833224259932,1.7881986697243943,0.945084224303468,304
T305P,-0.114102885264956,2671,0.9249602604549728,715,1,1.145930976271676,1.381741370820211,1.7439821837929372,-0.571813489064933,305
D172M,-0.114156298503602,2672,-1.050332779205407,3717,1,-1.996599832312524,-0.319139079459081,-1.5755564094767112,-0.3100357955733113,172
R24V,-0.114221383900114,2673,-0.708807785460843,3494,1,-1.3707033839948268,-0.8472915304914485,-0.0635894616721428,-0.553646765684954,24
V7K,-0.114235893634872,2674,-0.7396388581866916,3514,1,-1.3199429838672014,0.1992928279921026,-1.348886984943885,-0.4890182919277824,7
W88Y,-0.114283151022454,2675,0.5125560999270663,1552,1,1.1645773121141358,0.3181133777563695,-0.0529236437983234,0.620457353636083,88
P217R,-0.114313022870231,2676,0.2915155031738451,2000,1,-0.1265875729387343,0.5023552691850915,0.2129243667147446,0.5773699497342789,217
D169M,-0.114398592581161,2677,-0.2032323663794249,2941,1,-0.5202263804479846,-0.2503798553677837,-0.5915981916996255,0.5492749619976942,169
L309M,-0.114453867491988,2678,0.7241966215671133,1118,1,0.1724400924024102,0.7652844720803239,1.264363681500016,0.6946982402857028,309
V231A,-0.114519364959813,2679,-0.1739491686162985,2889,1,0.0807349541309064,-0.0071659180791769,0.0222172273070215,-0.791582937823945,231
L277R,-0.114530540075698,2680,0.0089612216076148,2558,1,-0.4071292082032289,-0.2720682610953467,-0.1158931494288312,0.8309355051578662,277
L149M,-0.11453483418864,2681,-0.1740679540299021,2890,1,0.2497183603643944,-0.2838255044900025,-0.4874449078557334,-0.1747197641382671,149
A96Y,-0.114562273135262,2682,0.1739499775871054,2234,1,0.5977220414410742,0.6720368238262664,0.0174425891146908,-0.5914015440336096,96
E230T,-0.114575135073107,2683,0.5198251549117312,1535,1,0.0445711546267593,1.1273506597279783,0.161786365748986,0.7455924395432012,230
L300P,-0.114649888606709,2684,-0.5212665606856834,3336,1,0.95952782095653,-0.976502140398668,0.1919739626278603,-2.260065885928456,300
A23T,-0.114672715134273,2685,-0.1359845514377958,2828,1,0.142954396028689,-0.1064925040889821,0.19856457414006,-0.7789646718309504,23
T250Q,-0.114862468837207,2686,0.4744442231853821,1619,1,0.4194309259039147,0.5285925834613099,-0.0815003845396962,1.031253767916,250
K320L,-0.114871141850526,2687,0.9221297945796348,723,1,0.3699412378980823,0.3798830011056533,1.7719145723209853,1.1667803669938182,320
L255E,-0.114894466255964,2688,-0.4476609161165333,3249,1,-0.234942752825631,-1.1147872357654398,-0.6628401804225748,0.2219265045475121,255
P116D,-0.114958051555569,2689,0.8755293969779909,802,1,0.4551312715330123,1.0848041027004574,0.4500130064401749,1.512169207238319,116
E71D,-0.114987790355545,2690,0.2890293843796237,2006,1,0.2594395410072574,0.1212239000279798,0.0671479222835488,0.7083061741997089,71
Q143G,-0.115010521835682,2691,0.4348016761187062,1702,1,0.7599805362825777,0.8590941718798442,-0.0620288088980018,0.1821608052104046,143
D268Q,-0.115090061856537,2692,0.381021251821484,1819,1,0.2457744768744183,0.1659415198399512,1.498156515631378,-0.3857875050598115,268
E321A,-0.115091163853757,2693,1.410894155007762,93,1,0.8378928335963863,1.3546444869913643,1.7393414581072268,1.7116978413360702,321
R317E,-0.115297932020954,2694,1.5363086002465132,47,1,1.2577269515684044,1.3250410331706313,1.865455667994154,1.697010748252863,317
S41I,-0.115334012483903,2695,0.2161721568783988,2151,1,-0.3380101617248253,0.5242994987125349,0.0981919418052811,0.5802073487206048,41
A354V,-0.11535486014199,2696,0.4134037140000938,1748,1,0.6930766615457157,-0.4744107483355381,1.919829580537548,-0.4848806377473501,354
V347S,-0.11535991789783,2697,-0.9057123513952752,3636,1,-0.9675079667325032,-0.8827325418515456,-0.3118314620680257,-1.4607774349290263,347
V327L,-0.115455997023424,2698,-0.1797912073115755,2900,1,0.5109399028685011,-0.4877790159569507,0.1170600026380169,-0.8593857187958693,327
V239C,-0.115555037570937,2699,-0.0597480769010495,2682,1,-0.1280014910205182,0.0357584624872381,-0.6108075160396076,0.4640582369686894,239
V251F,-0.115731150103618,2700,-0.4172835921124286,3213,1,-0.1649113432595487,-0.0540807695165903,-0.4210179600408342,-1.029124295632741,251
E296I,-0.115811672996969,2701,-0.2034770839522475,2942,1,-0.6990181370241108,-1.079220436445253,1.1572798954714498,-0.1929496578110763,296
D172K,-0.115815727800272,2702,-0.4093388250300292,3208,1,-0.8871088859339308,-0.1904104453949077,-0.0779875050998134,-0.481848463691465,172
W88M,-0.115850095433805,2703,0.5729472210589063,1418,1,1.4795319724538472,-0.0789980710261391,0.6393541743120977,0.2519008084958193,88
E148V,-0.115851882649192,2704,-0.6171193036104986,3417,1,-0.5347491669096803,-0.8446920817194287,0.2095938558011272,-1.2986298216140126,148
Y358I,-0.115914608306417,2705,1.4701658715817616,68,1,1.0606453606187063,1.364635801202868,1.919829580537548,1.5355527439679248,358
G101H,-0.116165853894375,2706,0.2380424911542731,2114,1,0.4848951738854178,0.9141847335135868,0.572554562238751,-1.0194645050206632,101
K306P,-0.116215076225183,2707,0.7569086125325784,1037,1,1.3387516690554857,1.266317478366797,1.6256974341347985,-1.2031321314267676,306
G269W,-0.116279911694743,2708,-0.2934576518471112,3078,1,-0.3497066844188906,-1.0984905940005627,1.6097668672637275,-1.335400196232719,269
D169N,-0.116349988205734,2709,0.5483716366978402,1469,1,0.3153477492292141,0.5162333457717679,0.4129573112420818,0.9489481405482963,169
T250D,-0.116391677754205,2710,0.6711417233195709,1245,1,0.5464271249695077,1.2754440815854562,0.2065892311662846,0.6561064555570348,250
K108F,-0.116445660352708,2711,-0.3149454628608573,3095,1,-0.582591848790971,-0.5778694434738217,-0.0581954359957731,-0.0411251231828632,108
I298E,-0.11645671168288,2712,0.3900441934514495,1800,1,1.2937161856410857,-0.4658520949542576,1.1562392524754872,-0.4239265693565168,298
D346H,-0.116501478781015,2713,0.6677797520642104,1250,1,1.0194745709038893,0.6513763415850635,0.0676336833431947,0.932634412424694,346
S266F,-0.116572770843159,2714,-0.7347964554504268,3511,1,0.034608817584485,-1.900321634312955,0.8438729854828229,-1.91734599055606,266
K151V,-0.116582874917705,2715,0.1623281599982406,2261,1,0.0153050630006335,0.4640587316483359,-0.0221402242230173,0.1920890695670103,151
T305R,-0.116617273917022,2716,1.3077204066406631,167,1,1.093517909394135,1.4246548463820217,1.762018282994282,0.9506905877922134,305
K25H,-0.116678195178206,2717,0.3067771158318676,1968,1,0.2238584714374798,0.4291739389242615,-0.0100057403818424,0.5840817933475715,25
S72P,-0.116694453894662,2718,-0.2050561863196205,2948,1,0.2231737421441516,-0.2867207832125161,-0.3962951852505018,-0.3603825189596157,72
Y27D,-0.116704790726509,2719,-0.667160731245135,3453,1,-0.9460907547693052,-0.9410618898528456,-0.0411331858293073,-0.7403570945290818,27
E165C,-0.116764070322816,2720,-0.3999702035491034,3200,1,-1.074119536419459,-0.5475976579010495,0.3134001292354151,-0.2915637491113202,165
L117F,-0.116780330277986,2721,-0.6548099872546963,3443,1,-0.2415278880462628,-0.5227949857422278,-0.7317058926168676,-1.123211182613427,117
D346K,-0.116791993554084,2722,0.5179508648831981,1541,1,0.6702681150373836,-0.0130340785802273,0.1756327890956181,1.2389366339800176,346
L102A,-0.116855660017882,2723,0.2677540687067356,2054,1,1.128809392769632,0.1040398952140003,0.3513531799700188,-0.5131861931267088,102
D189Y,-0.116872086845504,2724,0.0308729407225332,2522,1,0.042747440681287,0.5322489300633193,-0.2364084982150679,-0.2150961096394055,189
L311D,-0.116982704419412,2725,1.1169870633116026,418,1,0.9567573575897252,1.3027549464103598,0.8643207777027077,1.3441151715436173,311
K320W,-0.117053744181306,2726,0.2992432643108496,1989,1,-0.5407047344519603,-0.454849325715383,1.746804057936245,0.4457230594744968,320
T59L,-0.117121439391692,2727,-0.0128261088365455,2603,1,0.5104142361654445,0.4960498940808254,-0.0859397255574205,-0.9718288400350314,59
V174F,-0.117224910896402,2728,-0.9640700547824648,3667,1,-0.5270542936013382,-1.1255317085580412,-0.633605854488505,-1.570088362481975,174
F168C,-0.117352028660343,2729,0.4159709520322746,1740,1,0.9476907064107192,1.1800533819850112,0.7175360062352018,-1.181396286501834,168
E165D,-0.117376627916578,2730,0.9048588302657304,746,1,0.8499856000666555,1.0603002720486336,0.9599720952862696,0.7491773536613634,165
D132E,-0.11741446085198,2731,0.0938375316603812,2398,1,0.8056210776536571,-0.6915605833978082,0.5826592313310831,-0.3213695989454069,132
G125C,-0.117430348188261,2732,-0.6956001969712639,3482,1,-0.9074479453128096,-1.0975631613996577,-0.2042443517671335,-0.5731453294054546,125
C258L,-0.117449373975022,2733,-0.2435081227948762,2993,1,0.814315778573691,-0.5004073916961812,-0.4124204136338946,-0.8755204644231199,258
D132A,-0.117506215945679,2734,-0.2835987702893163,3059,1,0.1786952603355964,-1.23146038723926,0.2359652196951529,-0.3175951739487545,132
G91Q,-0.117507752015701,2735,0.1720248991267677,2237,1,-0.3634283548054736,0.7188882740741183,-0.6550897589170284,0.9877294361554546,91
L259S,-0.117720879109329,2736,-0.1893413466345427,2919,1,0.2063264827683215,-0.3723076974324575,0.2713864217793609,-0.862770593653396,259
L22F,-0.117722582197622,2737,-0.6870770753598108,3469,1,-0.6802437884974044,-0.1924065684470607,-1.0350917087714715,-0.8405662357233059,22
L117V,-0.117780672773447,2738,0.1880924307088277,2203,1,0.8809925993372044,0.9382627300757208,0.1244863220004473,-1.191371928578062,117
Q143M,-0.117803857229728,2739,0.4251601335784534,1725,1,0.3398113014264191,0.8507002664896393,5.117110168406699e-05,0.5100777952960713,143
R93I,-0.117843023399796,2740,0.6068998609454781,1360,1,1.6205321950789917,-0.0020074704940778,0.7940625088173912,0.0150122103796075,93
V324E,-0.117876081174171,2741,0.5257397141210957,1525,1,0.3053176320945669,-0.3075831982424722,1.8655944435188911,0.239629979113397,324
G229F,-0.117912044837266,2742,-0.9670334027770796,3668,1,-1.089581750833904,-0.6092563291686008,-1.0404200789018736,-1.1288754522039404,229
L261I,-0.117927110874243,2743,0.3721482234459287,1848,1,0.7105688194602869,0.9184301088672168,0.0156679648271976,-0.1560739993709864,261
H105L,-0.117956800414509,2744,1.309872146733713,165,1,1.5822184979196503,1.8625778944899996,0.5545184756439093,1.2401737188812942,105
D172Q,-0.117973317261644,2745,0.1106393802769253,2364,1,-0.3808687022739098,0.6443466078900577,-0.090161438386371,0.2692410538779244,172
V347N,-0.118044923680988,2746,-1.630482034250205,3884,1,-2.025360054683191,-1.5557224743894826,-1.5440333586815689,-1.3968122492465775,347
G84L,-0.118116479938996,2747,-0.2202487100942778,2970,1,1.232708127400885,-1.4243321315851396,0.4363197804141852,-1.1256906166070422,84
R313D,-0.118181734071571,2748,1.20614169893684,286,1,0.9192362560850124,1.2740512327397036,1.0837189431257617,1.5475603637968816,313
F355E,-0.118279066931672,2749,0.9974429025317476,586,1,1.3426726348746756,0.7119676538263477,1.919829580537548,0.0153017408884189,355
K75P,-0.118359729524591,2750,-0.2358535598254534,2988,1,-0.0131703886383111,-0.4908595529553629,0.3943121686697984,-0.8336964663779383,75
G240A,-0.118554100424624,2751,0.1115460711612757,2363,1,0.233317435402846,0.1958945242316085,-0.02145500724498,0.0384273322556282,240
E296M,-0.118555936812197,2752,-0.0820570711389609,2724,1,-0.7511384237781242,-0.6181517696688318,1.1646032074541388,-0.1235412985630265,296
D100W,-0.118656488337079,2753,-0.1075787393784974,2780,1,-0.8431906291428918,-0.004618965492114,-0.3687847351964119,0.7862793723174277,100
Y144N,-0.118669563609684,2754,-0.1952081686117066,2929,1,-0.2012707586457724,-0.4458797058233652,-0.1707408525553114,0.0370586425776225,144
L300Q,-0.118684362214854,2755,-0.1109935813058862,2787,1,0.5629768378966246,-0.6238328966606758,0.2580509399427974,-0.6411692064022911,300
A86C,-0.118733557824199,2756,0.0844544738500092,2416,1,-0.0570310662556204,0.6720301667013625,-0.0844631716416723,-0.1927180334040327,86
L173W,-0.1187644820804,2757,-0.4751571057734522,3277,1,-0.1166853014212655,-0.8106559139176344,-0.1674962182350656,-0.8057909895198436,173
D189G,-0.118832279098128,2758,0.4253157268610585,1723,1,1.1585377688013283,0.8633048033815945,-0.2367303668378015,-0.0838492979008874,189
L152S,-0.118887560881355,2759,0.2039690344164163,2174,1,0.1900858537451078,0.229347591293006,0.3181233204491555,0.0783193721783958,152
A67H,-0.118888663707317,2760,0.151966196627089,2288,1,-0.1616165251575478,0.8348567847271524,0.0730108443170603,-0.1383863173783089,67
R5Q,-0.11904307757158,2761,0.5712177578547823,1421,1,0.607189270312586,0.500372523783936,0.5505137976391502,0.6267954396834573,5
L302G,-0.11918399343527,2762,0.414654854805832,1744,1,0.9387869161409208,-0.0373040539443536,1.2201128957349705,-0.4629763387082098,302
Q252S,-0.119314821417739,2763,0.9223521020205,722,1,0.9321346396137654,0.9418444534776164,0.3954887352855394,1.419940579705079,252
R313Y,-0.119331183538951,2764,0.7680825095790271,1016,1,0.0673450396321481,0.8266532731092006,0.9477440986305684,1.2305876269441918,313
G289C,-0.119371538871526,2765,-0.803589636929624,3558,1,-0.8757004065206322,-0.9944241350591428,-0.4174876984207381,-0.9267463077179832,289
K256Y,-0.119440739493223,2766,0.0155842593229018,2550,1,-0.3548412057675519,0.1739530209553163,-0.3521324685140631,0.5953576906179062,256
L145G,-0.119466495109643,2767,-1.3963317801256767,3821,1,-1.426675372526991,-1.4745339542941778,-2.0786924446394512,-0.6054253490420872,145
G63F,-0.119473911839002,2768,0.0521058922008418,2476,1,0.1089853664287971,1.6922055838885524,-0.4867595753148617,-1.1060078061991203,63
N247C,-0.119538554807914,2769,0.2627442773585546,2063,1,-0.2350968672824369,0.5230464376020424,-0.1525719510099877,0.9155994901246008,247
R260W,-0.119849425830888,2770,0.0755544427109062,2429,1,-0.3955309406002963,-0.1554605396491537,-0.1045669378783492,0.957776188971424,260
R93N,-0.119850228462792,2771,0.3698970001000828,1851,1,0.2997988171788258,0.805723113908198,0.1740807131424271,0.1999853561708806,93
G128W,-0.119948982022851,2772,-1.8915926474862728,3921,1,-1.5297490317000364,-2.332950556290172,-1.0875194395292151,-2.6161515624256686,128
R288L,-0.120055996166455,2773,0.4686442910758702,1631,1,0.7077213873123505,0.5500613674682319,-0.2120512117804781,0.8288456213033768,288
P248L,-0.120108935644057,2774,0.2938844535582834,1995,1,0.1105800314235753,0.2420237081279761,0.2261655808571236,0.5967684938244583,248
V351G,-0.120119945019212,2775,-1.4596046467101107,3833,1,-1.4749954534697998,-0.5765761860091471,-2.2774389153347507,-1.5094080320267456,351
G240V,-0.12015536772394,2776,-0.5459112131932622,3364,1,-0.2433430815712498,-0.9733069740495288,-0.0962173688825442,-0.8707774282697258,240
G153A,-0.120172693745843,2777,-1.050231500841717,3716,1,-1.630333234315224,-0.7321334138433889,-1.3201563683622402,-0.5183029868460142,153
V29D,-0.120224409952566,2778,-2.091400259530769,3945,1,-2.607616462016008,-1.8115980096406497,-1.9429657877370567,-2.0034207787293608,29
L302E,-0.12039460840968,2779,0.5510404255317567,1465,1,0.9423357941164942,0.0357150960735781,1.3363073861394337,-0.1101965742024791,302
R260I,-0.120395875099739,2780,0.036870038413083,2506,1,-0.2593574035091852,0.0284921789539785,-0.0748054548656716,0.4531508330732107,260
A348P,-0.120436484356688,2781,-1.555810039422234,3860,1,-1.910187241181381,-1.6655622456523689,-1.692849414661254,-0.9546412561939324,348
F355P,-0.120588066991063,2782,0.0447040657197544,2491,1,0.5543922833119997,-0.8397186388054696,1.919829580537548,-1.45568696216506,355
M87A,-0.120608203854596,2783,0.7740522442925437,1004,1,0.6138251054747219,1.3321388201174826,0.0708239353783383,1.079421116199632,87
P308H,-0.120611187413629,2784,0.7435250240916867,1070,1,0.3674065553020779,1.0487525537351807,1.3002811538039103,0.2576598335255776,308
K306Y,-0.120658570885823,2785,0.5511100782447779,1464,1,0.4552247504714858,0.5108171723511011,1.517401779376618,-0.2790033892200934,306
F74Y,-0.120664986762574,2786,0.8614685847538848,830,1,0.6802806164237954,1.269153888094159,0.1855364444098637,1.3109033900877205,74
A344T,-0.120725232926939,2787,-0.9916604051766564,3682,1,-1.4877501396648314,-0.9612653129185,-0.3885138273212413,-1.1291123408020531,344
L173R,-0.120734607393184,2788,-0.5881250748194928,3394,1,-1.0653442108977391,-0.518950337607221,0.0478925248604252,-0.8160982756334367,173
L326P,-0.120742422751645,2789,-1.956104209731098,3930,1,-1.9511270852429048,-1.5578854693725612,-1.9112838097704752,-2.404120474538452,326
G26R,-0.120856132591967,2790,-0.5437316968822288,3362,1,-1.0564023686462578,-0.1096748633978299,-0.7106108120976989,-0.2982387433871285,26
V251M,-0.1208975022897,2791,-0.007961650887891,2589,1,0.2892346259365946,0.356103433942785,-0.322945455449143,-0.3542392079818008,251
G240C,-0.120913967836144,2792,-0.3825340852996148,3184,1,-0.5804418135511328,-0.7251048847709848,-0.1281010222181827,-0.0964886206581587,240
M87K,-0.12095889304567,2793,0.0161514924683346,2549,1,-0.493185415795179,0.6241472425005352,-0.5036562105957201,0.4373003537637023,87
I110S,-0.120968774119447,2794,0.2689780257646332,2052,1,0.2373644778937848,0.3118372940016807,0.428197522043033,0.0985128091200342,110
N247L,-0.121086019996421,2795,0.2510958616357084,2087,1,0.4905409597730972,0.3985980812463526,-0.4734488192008523,0.5886932247242362,247
A23Q,-0.121157152587026,2796,-0.0396249076662478,2653,1,0.5958429693311338,-0.0355961526999471,-0.3935813665898421,-0.325165080706336,23
L152A,-0.121309362992314,2797,0.5254874617472618,1526,1,0.8432955860370044,0.597204970397583,0.4877322478191331,0.1737170427353265,152
V246R,-0.121321161038792,2798,-0.3607460994933579,3161,1,-0.4959435751637741,0.4557018208522401,-0.71941779517706,-0.6833248484848378,246
V351S,-0.121332148060998,2799,-0.6134091072231129,3411,1,-1.2000174464052604,0.0026301997199639,-0.4042017457618168,-0.8520474364453383,351
P263E,-0.121410098385364,2800,-0.3589336385686911,3158,1,-0.5777187382668888,-0.1059989892294357,-0.995347532213521,0.243330705435081,263
K75D,-0.121523404688529,2801,0.5695697649083247,1424,1,0.4472423940484292,0.0605385638225759,0.7542262216293742,1.0162718801329191,75
L261W,-0.121613991615158,2802,-0.4524765112126233,3255,1,-0.1203336629222984,-0.6169102475748393,-0.3780245392607057,-0.6946375950926497,261
G26T,-0.121681347967637,2803,-0.9778958040027635,3674,1,-1.5236470740959918,-0.6741099131805333,-0.919490118981372,-0.794336109753157,26
S215W,-0.121736830628934,2804,-0.2701841786422423,3033,1,-0.3020551272637808,-0.0772835760580182,-0.1809946121645214,-0.5204033990826488,215
L302I,-0.121785020431955,2805,0.8408242683462199,880,1,0.5691129164925084,0.6360391500218198,1.306231700301726,0.8519133065688251,302
T59I,-0.121863404741741,2806,-0.3928684057335317,3191,1,0.1440310450093929,-0.1974467094124384,-0.1117069950670239,-1.4063509634640574,59
V347E,-0.121943987257178,2807,-1.8515887849551969,3915,1,-2.3591700419403803,-1.93008849281206,-1.5222033742680554,-1.594893230800292,347
V29W,-0.121945664297302,2808,-2.399985059568328,3966,1,-2.968263395553136,-2.6894229837851973,-2.022423170194229,-1.9198306887407517,29
Y114V,-0.122010111968344,2809,0.1067093744747629,2375,1,1.0112839113290368,0.2284009481316639,0.0919104200600801,-0.9047577816217292,114
C258G,-0.12210864688938,2810,-0.1867408136539761,2915,1,0.5207032286362215,0.2223368779548686,-0.636929407503154,-0.8530739537038409,258
P301L,-0.122119476334613,2811,-0.394239880639544,3193,1,0.5543889419706329,-1.4296525058083795,0.0489789503043766,-0.7506749090248063,301
L302D,-0.122202047968574,2812,0.3228118578323181,1935,1,0.8159651039822402,-0.0576833519098515,1.289594388381015,-0.7566287091241309,302
R65W,-0.122231522344687,2813,-0.196589327227255,2932,1,-0.4468492464614306,-0.6037475266099849,-0.2745808143717758,0.5388202785341712,65
P206V,-0.122298160144826,2814,-0.0993118418423547,2766,1,-0.7099830238885432,0.7921289478483778,-0.6709927911268241,0.1915994997975703,206
L309S,-0.122334768921044,2815,1.2252031982325515,264,1,1.2196476495059445,1.4607755501948123,1.7268518862729627,0.4935377069564874,309
R304F,-0.122335375237367,2816,0.7754452983765514,998,1,0.4912670135971529,0.4381459680614827,1.683684089056929,0.4886841227906407,304
D262T,-0.122385274996208,2817,-0.0467827095334586,2660,1,0.6269016316356982,-0.7799024061065742,0.1708219497860053,-0.2049520134489638,262
L261V,-0.122414331725449,2818,0.0881301401219501,2411,1,0.6021474711868534,0.6430236152674788,0.0830896080329507,-0.9757401339994825,261
A67R,-0.122422002078607,2819,0.609217101217557,1355,1,0.9503057384391204,1.222585174460513,0.0933610577750525,0.1706164341955421,67
R313L,-0.122566455149982,2820,1.3310695106693875,148,1,0.831839443371856,1.6715426290009563,1.1713419045411544,1.649554065763583,313
C258K,-0.122580933963607,2821,-1.5566857564728491,3861,1,-1.4386528627201054,-1.5470410763052107,-2.1438114229883283,-1.0972376638777537,258
Q191V,-0.122581250412018,2822,1.0531965842416826,491,1,2.119274998360397,0.8372525888783009,0.37332882937919,0.8829299203488424,191
S266T,-0.122620690772655,2823,0.329496980505246,1926,1,0.8285164204177291,-0.0603714355448782,1.056738421947083,-0.5068954847989501,266
P124Y,-0.122660055553571,2824,-0.4341061792378113,3233,1,-1.2615520214250704,-0.5712993050019469,-0.2878001699277597,0.3842267794035317,124
A23G,-0.122799376960479,2825,-0.2569951451171917,3017,1,-0.485415126446693,0.1698327044480962,-0.8126797357894742,0.100281577319304,23
V129Y,-0.122812517946469,2826,0.5306406402669769,1513,1,1.3696149906472626,0.8056998773722237,0.1987193629763382,-0.2514716699279171,129
H105I,-0.122851351120469,2827,0.6811523046516524,1221,1,0.852428690599311,1.3463967688939908,0.3626687971914481,0.1631149619218598,105
L309I,-0.122956706212429,2828,0.8218105171151154,919,1,0.5532518048837152,0.9416805931031949,1.3586889862672566,0.433620684206295,309
A86V,-0.122994373455569,2829,0.5966830512237156,1380,1,0.256815860801201,1.4952516905515685,1.9617421636943315,-1.327077510152239,86
P116G,-0.12299529076314,2830,0.1742485604995677,2233,1,-0.2899907228852308,0.4130191890216229,-0.1601559913414281,0.7341217672033071,116
G125V,-0.123104248685696,2831,-0.9063767028565944,3637,1,-1.0508753772716424,-1.511471487332683,-0.0510126673876423,-1.012147279434409,125
S245C,-0.123161354241859,2832,-0.1358864082491596,2827,1,-0.9998469622565016,-0.2211851292032814,0.3288034971591815,0.3486829613039633,245
L255I,-0.12328728384706,2833,0.1582052304144705,2270,1,0.4947637371649802,0.1893303454715524,0.1975874701789222,-0.2488606311575727,255
W106Y,-0.123294800739043,2834,0.2856644203776181,2020,1,0.7360938961547739,0.1216461519504591,0.1792507886220952,0.1056668447831441,106
L277F,-0.123320028377579,2835,-0.4188897513466096,3217,1,-0.5366638537876008,-0.4709428300689054,-0.4503715137058426,-0.2175808078240898,277
A146H,-0.123373940781557,2836,0.5270687500466733,1520,1,0.498839574156521,1.246383900670352,0.0516232442529342,0.311428281106886,146
S28P,-0.123433494196704,2837,0.1021038559765443,2381,1,0.218297427863347,0.0726542775430124,0.033732757902229,0.0837309605975887,28
K68E,-0.123453914899239,2838,0.5457873691652475,1478,1,0.9279432610032556,0.0388406479165788,0.1841747738148289,1.0321907939263266,68
A344L,-0.123466337537938,2839,-1.837431197375236,3913,1,-2.214706440368754,-2.060035824541983,-1.7645345940257289,-1.3104479305644792,344
L103K,-0.123502306313778,2840,0.9140703121246196,729,1,1.022127792498618,1.4702829548269878,0.5495406659413965,0.6143298352314757,103
V174I,-0.123587414641188,2841,0.5878053051568135,1399,1,0.6559248273994069,0.5584468722008201,1.2615752625806382,-0.1247257415536112,174
E275W,-0.123656945438379,2842,-0.8725445217112868,3614,1,-2.134414164564224,-0.8592375826286185,-0.5067428719678264,0.0102165323155217,275
S215C,-0.123687062218633,2843,0.2530826303701435,2086,1,0.0410882091783325,0.8830949774936874,0.2017024629132138,-0.1135551281046599,215
S266Q,-0.123699099986082,2844,-0.5728452779049552,3384,1,0.684507280581886,-2.302780466225456,0.9989583458992248,-1.672066271875476,266
E71I,-0.123743172870442,2845,0.8021599006917064,961,1,0.4334807356676659,1.5706532036684615,0.3816612199462686,0.8228444434844295,71
V81W,-0.12376144423502,2846,-0.653399737979452,3440,1,0.0069981542286399,-1.4091503363375115,-0.3409694004301605,-0.8704773693787761,81
T270G,-0.123818085114785,2847,0.5146879807301968,1548,1,1.2876168912826602,-0.3350873950885077,1.347881644501475,-0.2416592177748402,270
D352P,-0.123885073373098,2848,-1.1585345422718376,3763,1,-0.6459579899084655,-1.2947796624638055,-2.127219712094244,-0.5661808046208349,352
K140C,-0.12394265045238,2849,-0.0371530644780868,2645,1,-0.3011201806394527,-0.2621400152171594,-0.2654421721242684,0.6800901100685331,140
L60C,-0.123954446891667,2850,0.3306934349083829,1920,1,0.070979259397219,0.6457501200233794,-0.2171159347356538,0.8231602949485869,60
S307A,-0.124039876246646,2851,0.8819825617815334,790,1,0.9597840428745158,1.100169840649301,1.4452363207330523,0.0227400428692642,307
L277C,-0.124046302082267,2852,-0.1511074340104027,2855,1,-0.5051543757403335,-0.4122430923181873,-0.2889965183928983,0.6019642504098083,277
S219G,-0.124170279139439,2853,0.6640038849069777,1256,1,1.2253585325854286,0.3568558158593108,0.5288849793908148,0.5449162117923566,219
G128Y,-0.124225286629243,2854,-1.6762861245298115,3893,1,-1.222917879801179,-2.1127612682003254,-0.6439238972730668,-2.725541452844676,128
C122F,-0.124254884660228,2855,-0.4501367121605097,3251,1,1.138036251439701,-0.7329384821484403,-0.4851583166028784,-1.7204863013304217,122
V174L,-0.124296282486146,2856,0.064947342023762,2451,1,0.164840663527463,0.5284896833306517,0.1529490750029353,-0.5864900537660019,174
D62Y,-0.12431419659273,2857,0.1934762956457801,2195,1,0.2847675178710019,0.1625943174382436,0.038603886717978,0.2879394605558968,62
P263Y,-0.124336415373179,2858,-1.422086876002289,3824,1,-2.293962546560492,-0.8987000046402197,-2.066778458700413,-0.4289064941080306,263
G273W,-0.124375943476376,2859,-1.6367745488476246,3886,1,-1.8843120115666028,-1.769675114264548,-0.1005669927852759,-2.7925440767740723,273
D189K,-0.124403015571579,2860,0.095667243112493,2391,1,0.5570037283121689,0.8293276937878767,-0.2663796427054374,-0.7372828069446363,189
F355Q,-0.124459035672977,2861,0.8668340144018725,818,1,1.1077847097972355,0.6022812500410107,1.919829580537548,-0.1625594827683044,355
G269D,-0.124472191529709,2862,0.2657627703389351,2057,1,0.5767537878278783,-0.4049109983501628,1.6456207765619997,-0.7544124846839745,269
L326I,-0.124626344700925,2863,0.5382528051523986,1498,1,0.6440965575807436,1.5274207567219673,0.1526287563269955,-0.1711348500201119,326
K25D,-0.124653912949687,2864,0.0446216444851313,2492,1,-0.4811149576922702,-0.0580864566730832,0.2633790371974365,0.4543089551084425,25
S119F,-0.124758856745463,2865,-0.0145048842553887,2606,1,0.5913138695557124,-0.3681001408884009,-0.6941235654644604,0.412890299775594,119
Y114D,-0.124842391370892,2866,-0.7113472050639472,3496,1,-1.2892480658803116,-0.8779490489015126,-0.3987145390576386,-0.279477166416326,114
I110A,-0.124882487390136,2867,0.3920610992028611,1795,1,0.6528007223588251,0.3844319730554985,0.4390264892029509,0.0919852121941697,110
Q3F,-0.124914040100924,2868,0.8712577027680156,811,1,0.4452170203239963,0.2390862676144043,1.919829580537548,0.880897942596114,3
K76S,-0.124946342487663,2869,0.4008249171688164,1772,1,0.373169071933154,0.1639285320713749,0.2090245670326624,0.8571774976380743,76
P227N,-0.124962207798774,2870,-0.2724294695606369,3037,1,0.1136969722351678,-0.4440627545329129,0.17817001089193,-0.9375221068367324,227
P64I,-0.125050957924786,2871,-0.0980240564410113,2762,1,-0.2180063975650024,-0.0789728373526939,0.3216923921845418,-0.416809383030891,64
V327R,-0.12506105286434,2872,-1.8160585466449908,3909,1,-1.9291125593730187,-2.060583610819794,-1.4503576793746566,-1.8241803370124932,327
P301T,-0.125180625964922,2873,-0.270549047284126,3034,1,0.6079630463533392,-1.381522380369452,0.4354841360232048,-0.7441209911435959,301
G104S,-0.125198670687891,2874,0.8716677816309013,809,1,1.200530046946122,1.3495923116876931,0.6131918298199845,0.3233569380698051,104
T325L,-0.125199836160883,2875,0.7426427257912338,1074,1,0.5465396986911449,1.171677030799166,0.9335981385993456,0.3187560350752786,325
P217M,-0.1252186893335,2876,0.0002186860496692,2573,1,-0.7779808537888941,0.4383476472454777,-0.0951025976883766,0.4356105484304701,217
A67I,-0.125231250887621,2877,0.197453197200206,2186,1,0.3163164728837708,0.5964377526026998,0.0389758147722051,-0.1619172514578515,67
V81S,-0.125336276406896,2878,-0.0680515722050274,2695,1,0.6378455663242658,-0.566687122066109,0.2306228668982626,-0.5739875999765292,81
V129C,-0.125432442485237,2879,0.3040906346517048,1978,1,0.13603869404466,0.7948825566128164,-0.016200861959805,0.301642149909148,129
R317Q,-0.125462367108983,2880,1.2690800779894245,208,1,0.8418656098617107,1.2881225289094644,1.4596416507233685,1.4866905224631548,317
V246M,-0.125511859623767,2881,-0.2199102373648623,2969,1,-0.1488321206793006,0.2412299252346668,-0.2458318050798782,-0.7262069489349371,246
T92Q,-0.125518814424062,2882,0.234249198869071,2120,1,0.3086604279276056,0.6514602213588533,-0.254010011557551,0.2308861577473761,92
P112I,-0.1255376399525,2883,-0.229145324743298,2984,1,-0.5060073808813783,0.8407271008686479,0.1392573712958481,-1.39055839025631,112
I274T,-0.125629595579155,2884,-0.0158650628018161,2610,1,0.5792352743038283,-0.6263263386437489,0.364296260282086,-0.38066544714943,274
G104C,-0.125776702074745,2885,0.3545659672219231,1871,1,0.2868072102259391,1.017453922496271,0.3214868255187529,-0.2074840893532706,104
E364K,-0.125811650827009,2886,1.3612512934776024,127,1,0.7268989571222322,1.4896842260423109,1.919829580537548,1.3085924102083186,364
D262P,-0.125850839166191,2887,-1.3389190507789257,3808,1,-0.7553022068399338,-2.2287281304224305,-1.2077319578924777,-1.1639139079608611,262
N98Q,-0.125980224229012,2888,0.3047152247617335,1976,1,0.207202425235102,0.2090400000729022,0.4644165168538426,0.3382019568850876,98
N113S,-0.125980451768922,2889,0.5415360460495899,1489,1,0.7561433005470499,0.3168495384436514,0.280340449901218,0.8128108953064405,113
Y27P,-0.125981080504513,2890,-1.5184829659192354,3854,1,-1.868823439865258,-1.6112776399403317,-0.6914403601430267,-1.902390423728325,27
A96K,-0.125998912331911,2891,-0.5106217407342643,3321,1,-0.4142514837035227,-0.1272836561818712,-0.519136812558265,-0.981815010493398,96
D216S,-0.126073559461106,2892,0.2396616934974512,2110,1,0.3130202396254257,-0.1097201318471768,0.3567749661443201,0.3985717000672358,216
R304Y,-0.126143788563992,2893,0.73999107107217,1078,1,0.2375946176941602,0.3675052502687594,1.6801437811478594,0.6747206351779006,304
L277Q,-0.126261468088573,2894,0.0409598159522029,2500,1,-0.1948670779163065,-0.2552476718999336,-0.0285392438269074,0.6424932574519596,277
A171Y,-0.126392171369914,2895,-0.4289183072790714,3229,1,0.3732091876845048,-0.0152297885771197,-0.6843102661043534,-1.389342362119317,171
G101V,-0.126449803271122,2896,-0.1432919490418343,2839,1,0.5670908153171199,0.6157303541791143,0.4997181700595401,-2.2557071357231115,101
R5L,-0.126474425073806,2897,-0.1945870387141691,2927,1,1.4308676743854103,0.023271725005488,-2.537561956733879,0.3050744024863042,5
K75L,-0.126510938576163,2898,0.3928469835704939,1792,1,-0.0420428112865805,0.2256906740802909,0.2711432379575935,1.116596833530672,75
R304Q,-0.126588185531236,2899,1.0523660216823387,492,1,0.6508052143297265,0.7990443057974148,1.7807079146788245,0.9789066519233892,304
E121W,-0.12660641121464,2900,-1.028109829295665,3706,1,-1.754746429092164,-1.033029626592631,-1.0110162308510444,-0.3136470306468193,121
V174E,-0.126813036217923,2901,-2.175876337525652,3956,1,-2.9893932521587905,-1.8783855835389656,-1.9904367712046636,-1.845289743200189,174
M58W,-0.126851412617984,2902,0.8944497376277873,764,1,0.9069938957962568,1.0710479783019025,0.0264127047589252,1.5733443716540647,58
G125T,-0.126895069598408,2903,-0.1561290002721951,2862,1,0.2886349239535769,-0.8301292088842991,0.3622511479842663,-0.4452728641423248,125
L326C,-0.126897407335256,2904,-0.0957154242563957,2756,1,-0.5337376839131033,0.5839971711869504,-0.353435861534314,-0.0796853227651162,326
I298H,-0.12701705125502,2905,0.4071107875671048,1759,1,0.642414830988411,0.3708390750194696,1.140272509203745,-0.5250832649432059,298
S245L,-0.127131979736641,2906,-0.0741401803814207,2708,1,-0.7894150025658693,-0.1658260001305566,0.2635197769163795,0.3951605042543633,245
E296F,-0.127254306941719,2907,-0.2783854441093274,3050,1,-0.6311208225340524,-1.1361288369861016,1.1298657562284504,-0.4761578731456058,296
Q191D,-0.127454876686804,2908,1.074071608226184,474,1,1.416906292238184,1.435181932345914,0.327559261261413,1.1166389470592253,191
L350W,-0.127472756612158,2909,-0.3121088830542198,3093,1,-0.0988473048477564,-0.6791394027460647,-0.3782610480684758,-0.0921877765545821,350
G153E,-0.12749554816454,2910,-0.7848305604195195,3546,1,-1.3441449483452848,-0.4856865230966643,-1.020811797830757,-0.2886789724053719,153
R313E,-0.127544706858284,2911,1.2131409892017466,279,1,0.9676149087764864,1.290653770384561,1.1153325876724405,1.4789626899734982,313
L326F,-0.127589810438275,2912,-0.1840423464668126,2909,1,0.2712573150830392,0.0832754984231059,-0.5002271529679746,-0.5904750464054214,326
G290N,-0.127651911681911,2913,-0.9240668712164088,3651,1,-0.4772920504147212,-1.1235170723585357,-0.2669719167852465,-1.8284864453071323,290
L255F,-0.127704691380269,2914,-0.1331844557856289,2821,1,-0.0822379096673438,-0.0694372984426503,-0.0142946323059088,-0.3667679827266126,255
G312Q,-0.127757791255464,2915,0.7958234466313192,973,1,0.5864360025339197,0.9441328243130528,0.7507702528051937,0.9019547068731106,312
L277E,-0.127849705663108,2916,0.0620291605703668,2453,1,0.033320524110618,-0.2782889322103586,-0.0341803287559555,0.5272653791371634,277
V203E,-0.127947543787646,2917,-1.9130550749291149,3924,1,-2.740012435797412,-2.0017029260740675,-1.4280127147553034,-1.4824922230896764,203
R65V,-0.127978874512282,2918,0.3937951074325749,1789,1,0.1273647094411003,0.0461835200868287,0.1065792894241588,1.2950529107782118,65
R93C,-0.127991192111677,2919,0.5108339988073938,1555,1,0.866283975330667,0.3779440025252953,0.2198903365740263,0.5792176807995864,93
A96N,-0.127994393402346,2920,-0.4620715568089538,3266,1,-0.4609700105918531,-0.1470077662544409,-0.4311852279228426,-0.8091232224666787,96
T250L,-0.128055479857044,2921,0.4927085433885594,1588,1,0.4468755835586773,0.3163510782913193,0.5417517742869525,0.6658557374172887,250
V203M,-0.128056265974038,2922,-0.3417117788606289,3129,1,0.1211517701663056,-0.6232589890927654,-0.3442154210388161,-0.5205244754772398,203
L255Y,-0.128062913531536,2923,-0.2765492776772237,3045,1,-0.1543906189375097,-0.3857072852415135,-0.2159344824356729,-0.3501647240941986,255
E294P,-0.128275966639241,2924,-0.890704242123304,3629,1,-0.6176758152126409,-1.949667794567671,0.3399478942840915,-1.3354212529969958,294
H85S,-0.128322845500761,2925,0.7423398497038982,1076,1,1.5828399382765015,0.6914730924982272,0.1070796016841876,0.5879667663566764,85
V174P,-0.128367166910198,2926,-2.633141842166053,3973,1,-3.6223311253431785,-1.7156857044911078,-2.6938690075082365,-2.5006815313216904,174
L255W,-0.128398183087479,2927,-0.5169098834661173,3330,1,-0.4242791537969924,-1.037169217061478,-0.1211315427622898,-0.4850596202437089,255
W88T,-0.128630903472496,2928,0.4627130569397091,1644,1,2.1148700687266504,-0.720448447804833,0.295916155303365,0.1605144515336538,88
K320I,-0.128663517529988,2929,0.7589455365639539,1033,1,-0.031423065330389,0.3187245018225524,1.7929260094234538,0.9555547003401984,320
K76V,-0.128677721453848,2930,-0.291858711572715,3074,1,-0.9412861810531408,-0.1162335896555837,0.359630973580492,-0.4695460491626276,76
I298S,-0.128721875428563,2931,0.336108959254332,1909,1,1.0694966721740968,-0.0747118970070263,1.0937457320385076,-0.74409467018825,298
D346R,-0.128738424432304,2932,0.5550243669089878,1457,1,1.0268425234419143,-0.1592501555516212,-0.007228926700417,1.359734026446075,346
D109I,-0.128762407226218,2933,-0.0977625729678629,2761,1,-0.6109525646638645,-0.0936552848313362,-0.2044481094226076,0.5180056670463566,109
P123T,-0.128903216323162,2934,-0.0871495583286267,2739,1,0.1157715914348626,-0.3927192032022528,0.4245848763366056,-0.4962354978837224,123
A23W,-0.128938034724175,2935,-1.5753289466527856,3870,1,-1.432517531012292,-2.0314274325785453,-1.444969965889757,-1.3924008571305482,23
V351P,-0.129044601531413,2936,-2.523662296566007,3971,1,-3.027520394367642,-1.9586897838422663,-2.820872987979903,-2.287566020074217,351
Y107S,-0.129135150441776,2937,0.1613852468142826,2263,1,0.313818397630682,-0.2037264704361217,0.0991962803216543,0.4362527797409161,107
T130D,-0.129176011512855,2938,0.2455673177734293,2097,1,0.8697760701579539,0.505617323789218,0.297412667396254,-0.6905367902497086,130
G104N,-0.129304349071986,2939,0.7474579351724019,1064,1,0.6552389581190243,1.3208265024957229,0.6664256874935569,0.3473405925813034,104
V239G,-0.129367545568349,2940,0.1970464132364905,2187,1,0.5088729540127382,0.4437796709635347,-0.5747146478891383,0.4102476758588276,239
L145I,-0.129494486065457,2941,-0.0401435778809164,2654,1,-0.0259653871341855,0.2792853480475202,-0.081806780474605,-0.3320874919623954,145
S310N,-0.129537509272124,2942,1.0179258620021563,558,1,0.3869449899795739,0.90347576538714,1.69402846013124,1.0872542325106724,310
L102V,-0.129539020828287,2943,0.2434412719930496,2102,1,0.9000607107348999,0.0598449548087736,0.5051676374714322,-0.4913082150429073,102
S119C,-0.12957185256404,2944,-0.0800362147694931,2720,1,-0.145239176307584,-0.5016798535706797,0.0468573374339314,0.2799168333663595,119
P112M,-0.129722652227072,2945,-0.3397997514050037,3126,1,-0.7977152876199766,0.502232017272584,0.031616291438063,-1.0953320267106854,112
T59P,-0.129748229178722,2946,0.2843332473182597,2024,1,0.7792406568791685,1.6266480247683244,-0.2482489167827093,-1.0203067755917448,59
C207K,-0.129779932053924,2947,0.6444357131988276,1293,1,1.7764367656949704,0.0814372443329612,0.4955102819458741,0.2243585608215046,207
H1N,-0.12979109766475,2948,1.350088935897145,132,1,0.9287898193209574,1.3824449575962203,1.919829580537548,1.1692913861338552,1
D346G,-0.129862722046876,2949,0.4134878256429001,1747,1,1.0399626541077271,0.7833718170431753,-0.1877697254342976,0.0183865568549958,346
N247E,-0.129873419234754,2950,0.6813305484988101,1219,1,1.0389807911196194,0.6451248574919246,-0.0613091054188682,1.1025256508025647,247
Y114F,-0.129917446705655,2951,1.0632194017994423,482,1,1.197629625055098,1.3297327132730306,0.2843442065822832,1.4411710622873584,114
L60N,-0.129956649281769,2952,0.6616316919073155,1263,1,0.4662018627143308,0.8266444920444463,0.087780592233775,1.2658998206367096,60
A354K,-0.129996620940777,2953,0.2070671942682078,2170,1,0.3485406343669722,-0.7129785196507015,1.919829580537548,-0.7271229181809871,354
L117W,-0.130005606621777,2954,-1.1892454117047484,3771,1,-0.9169837011647642,-1.3511780638358215,-0.8382946797982993,-1.6505252020201084,117
E296P,-0.130017941211455,2955,-0.5086614891225791,3318,1,0.2598363842594121,-2.0492753746496124,1.2508773983303587,-1.4960843644304749,296
Y27M,-0.130045729870082,2956,-0.3618813642574698,3163,1,-0.8364208160194219,-0.3479481995886704,0.2193711029176152,-0.4825275443394021,27
G289I,-0.130065848726003,2957,-1.0467054772945552,3714,1,-0.7437059636967703,-1.1107338709143968,-0.8880710293026434,-1.4443110452644108,289
I127P,-0.130104146822541,2958,-0.2909584713761488,3069,1,0.4772276995762833,0.0955031786443082,-0.4802537741168651,-1.2563109896083218,127
W88G,-0.130203570314565,2959,-0.2830945214572842,3055,1,1.3747254543380825,-1.5331290800821191,-0.1427890128471989,-0.8311854472379011,88
D268C,-0.13024462915246,2960,0.1943694842476488,2192,1,-0.4556612481183882,-0.2923458635527878,1.4635899526194305,0.0618950960423407,268
I21Q,-0.130337120542505,2961,1.0197781934725554,556,1,0.8416688441651049,0.8422680350803444,0.5309428528861442,1.8642330417586284,21
N247I,-0.130340373053792,2962,0.0900777396211997,2407,1,0.1536859688184475,0.1669796509178306,-0.5656142952706382,0.605259634019159,247
S2W,-0.130343708038949,2963,0.5775680710308374,1412,1,-0.5287509284726516,-0.1646388762572078,1.919829580537548,1.0838325083156617,2
A154Q,-0.130438033223305,2964,-1.260472245914601,3782,1,-1.376239554230726,-1.1696964699970367,-1.3204262459710188,-1.1755267134596228,154
Y114N,-0.130495411141183,2965,-0.4309529177581248,3231,1,-0.9199557063808346,-0.404818305811024,-0.309829414431259,-0.0892082444093817,114
D303I,-0.130585133067218,2966,0.6251664796138691,1322,1,0.5317724439710948,0.7939368327687228,1.862524428202312,-0.6875677864866535,303
V7L,-0.130692507852664,2967,0.1574976618239757,2274,1,0.7627567143258672,-0.1145742537223814,0.1717414630208158,-0.1899332763283986,7
R65G,-0.130761385760013,2968,0.0832735368311075,2418,1,0.2311653363933399,-0.6542691449191704,-0.3037719743484938,1.0599699301987542,65
G104K,-0.130783132866535,2969,0.6999933620805036,1175,1,1.0298831833955977,0.934975410097554,0.7096493874342678,0.1254654673945946,104
P308E,-0.130838328461762,2970,0.8860741637912157,788,1,0.8938623652598984,1.127451134763136,1.3004091550928014,0.2225740000490273,308
D268P,-0.130923260393258,2971,-0.1163890494580828,2796,1,0.4853043506182057,-0.5678708222752215,1.4521085431148089,-1.8350982692901243,268
V239M,-0.13101594601403,2972,0.5048213501619848,1567,1,0.3678268370811733,0.7313219447602055,-0.1360799431598247,1.0562165619663852,239
G125F,-0.131067459801476,2973,-0.6538277089411393,3442,1,-0.6284685640318355,-1.3001104344821326,-0.1376543894137466,-0.5490774478368425,125
G91E,-0.131089640545829,2974,0.4422654893014712,1682,1,0.0133794577984231,1.3293745480654748,-0.7168256693687668,1.1431336207107536,91
N247M,-0.13111692363284,2975,-0.077141385583636,2712,1,-0.0964074180718235,-0.0651303288333613,-0.5892343752696003,0.4422065798402408,247
S307F,-0.131123252178601,2976,0.7740619474337594,1003,1,0.3241358504679244,0.5705638539450474,1.517204508869579,0.6843435764524872,307
L145V,-0.131190325180383,2977,-0.0784075456955581,2714,1,0.1071826734515118,0.472663414293238,-0.2354037466013346,-0.658072523925648,145
L102K,-0.131231410197278,2978,-0.1208983932242781,2805,1,1.0533193812247337,-0.5897940660089199,0.2693684960565272,-1.2164873841694537,102
Y107M,-0.131266914953796,2979,0.1139947764689796,2357,1,0.6256164927811806,0.1090503644226633,-0.0640022485919224,-0.2146855027360031,107
F95Y,-0.131363544742563,2980,1.088475404976884,450,1,0.6677590821501067,1.3772868349422178,0.9627875163849036,1.346068186430308,95
G63E,-0.131439945617092,2981,0.4438049115647081,1680,1,0.9898248441514824,1.3436727407470572,0.3184954032578967,-0.8767733418976039,63
A126F,-0.13147148548892,2982,0.1557361205831938,2277,1,1.0938508838888108,0.3169317697865126,0.410440375918373,-1.198278547260921,126
C258W,-0.131471499692537,2983,-1.0079914699425878,3693,1,-0.8531170271105238,-0.8835450914969653,-1.118439943171649,-1.1768638179912136,258
T325W,-0.131579500719529,2984,0.7647848012145692,1022,1,-0.0514350270444077,1.641035371410153,0.7014946460389817,0.7680442144535494,325
Y107G,-0.131597518263054,2985,-0.2520108319130712,3010,1,0.420021557127869,-0.6349158050031561,-0.2849428114018028,-0.5082062683751949,107
R253H,-0.131637241816116,2986,0.5354942348602215,1507,1,0.3911077018466514,0.8219321352291014,0.2243211261049629,0.7046159762601701,253
E71C,-0.131727920672121,2987,0.1575889101697037,2273,1,-0.4829960542619799,0.6345684960287522,-0.0754190459264738,0.5542022448385163,71
A319M,-0.131728359919844,2988,0.6750380428343684,1233,1,-0.1881904292521227,0.6084403586009586,1.257550221170734,1.022352020817904,319
E275Q,-0.131735127635977,2989,0.8480973994545351,867,1,0.1865490439083532,1.2977024174469278,0.5259733918707126,1.3821647445921466,275
V129R,-0.131737687050053,2990,-0.0863433481167835,2738,1,-0.6136291756481616,0.1786947959226178,-0.2505834561312305,0.3401444433896401,129
P248A,-0.131754928742348,2991,0.5957417016741404,1383,1,0.5081778763886475,0.8275578178806738,0.3571179825628566,0.6901131298643839,248
T325R,-0.131850635223006,2992,0.9513002755072496,659,1,1.5927414825608497,0.7958376955335597,1.0583370781203163,0.3582848458142733,325
M58V,-0.131954721382337,2993,1.2650553084609404,216,1,1.2981611327514366,1.7868802344166643,0.1388628301572582,1.8363170365184025,58
G26S,-0.131984745626619,2994,-0.307697738982453,3088,1,-0.6573477774650587,0.3531190131477479,-0.7193939537233811,-0.2071682378891202,26
D189T,-0.132128652327388,2995,0.351935698695194,1875,1,0.8742971114041965,0.3694523008001918,-0.01991513406901,0.1839085166453978,189
L311T,-0.132139648202453,2996,1.2148603592383784,275,1,0.9782047398999704,1.334224196194241,1.1357051945077918,1.4113073063515107,311
E294R,-0.132186771902094,2997,0.1210956620755361,2354,1,-0.03888944985409,-0.5314049940870532,0.5347868447941394,0.5198902474491482,294
E79W,-0.132197198670561,2998,-1.0991276951946958,3737,1,-2.499425518884764,-1.3822350097401228,-0.2518605321664635,-0.2629897199874338,79
V7Y,-0.132272876012382,2999,-0.4750725923838226,3276,1,-0.2658518114842341,-0.4046745119130986,-1.012646487127962,-0.2171175590099956,7
G187E,-0.132404463077296,3000,-0.3872758997248947,3185,1,-0.070731469987151,0.02888374470071,0.0204346939971088,-1.5276905676102466,187
E99W,-0.13249241116918,3001,-0.4344616969377287,3234,1,-0.5974019906102115,-0.3827652164411036,-0.621262070781189,-0.1364175099184105,99
Y107C,-0.132534846640345,3002,0.0245841751425698,2534,1,0.2787663115366413,-0.0111173338174053,-0.0815358927104106,-0.0877763844385459,107
I265R,-0.132726209173568,3003,-0.8176881796017624,3566,1,-0.7781400588775473,-0.7308158103219227,-0.4138468214657723,-1.3479500277418075,265
Y107E,-0.132749087928409,3004,-0.1409575910382363,2834,1,0.0227493160515167,-0.6503008644645187,-0.2361206123034133,0.2998417965634701,107
A86F,-0.132786492362234,3005,-0.4543517907953295,3258,1,-0.1233338336805954,-0.2110698498158881,-0.0957194162735986,-1.3872840634112358,86
Q150P,-0.132852861987517,3006,-0.2981962241630639,3080,1,0.3604691247716902,-0.699851303352002,-0.2481247663797935,-0.6052779516921504,150
P301F,-0.132900909465584,3007,-0.7490477199630083,3523,1,0.1522608867255086,-1.507741214943646,-0.269513856130281,-1.3711966955036148,301
L259K,-0.132935532698482,3008,-0.0044412000632628,2582,1,0.4685378730836552,-0.6174869447950903,0.2173182282833267,-0.0861339568249431,259
K108N,-0.132965977811768,3009,0.2086319428339489,2169,1,0.3072640715429466,-0.1296431948525904,0.4173664067802184,0.2395404878652211,108
W88Q,-0.133050559934908,3010,0.3092368829755444,1966,1,1.928333534926121,-0.9299174823564909,0.3115102226754405,-0.0729787433428929,88
K75G,-0.13320914310974,3011,0.2875607608919902,2015,1,0.2413815858970668,0.0010404782928999,0.3815400039707796,0.5262809754072142,75
L309Y,-0.13327703808614,3012,0.7766514162184139,997,1,0.1924919143534396,0.6533855886834556,1.243203404229357,1.0175247576074031,309
V351F,-0.133387240361573,3013,-0.8843612445726861,3626,1,-0.8321732242541532,-0.9818524399833805,-0.3381040581018731,-1.3853152559513375,351
M58A,-0.133452659574394,3014,1.472746980057512,67,1,2.0410555138452846,1.8669059132942227,0.5131340043293602,1.4698924887611815,58
H1V,-0.1334817931566,3015,1.7402419239033742,18,1,1.5313771881935758,1.699143671164047,1.919829580537548,1.810617255718326,1
C207F,-0.133582796886908,3016,0.5035865910549433,1571,1,1.9104240434748372,0.6467200314212908,0.1590728829454424,-0.7018705936217973,207
Y107T,-0.133606270218453,3017,-0.0137033717243056,2605,1,0.3558675277160841,-0.1544386392758021,-0.124531052235004,-0.1317113231025006,107
Y107L,-0.133637092447724,3018,0.2314783451299597,2124,1,1.2265712822619823,0.2774377105813201,-0.035071984216253,-0.5430236281072105,107
V251W,-0.133707956613282,3019,-0.6735969937337982,3459,1,-0.6664781303344756,-0.3819274331222385,-0.5384216689139318,-1.1075607425645473,251
G312A,-0.133769523182646,3020,1.0311880662624568,534,1,1.0403965371116803,1.2173842401532589,0.8154979619718971,1.0514735258129912,312
P112H,-0.133776680429874,3021,0.0214335214318573,2541,1,-0.1700149670280417,1.1376715491731195,-0.0438620156433034,-0.8380604807743449,112
L80D,-0.133891342947416,3022,-0.2017825616278772,2940,1,-0.497925403348218,-0.1337957191641077,-0.4799992209071165,0.3045900969079333,80
D132H,-0.133980297885716,3023,-0.2647829886979527,3029,1,0.0693904319223579,-1.0879845096807124,0.3764241675384474,-0.416962044571904,132
Y27V,-0.134043222767991,3024,0.0790163641646823,2424,1,0.02762955149469,0.3061243396126768,0.4618490493634261,-0.4795374838120634,27
V276K,-0.13405659361083,3025,-0.7723629455219457,3539,1,-1.5368544137714784,-1.053772466979075,-0.361870443929757,-0.1369544574074731,276
T270K,-0.134086933457698,3026,0.8717188763057844,808,1,1.160693317254422,0.8114763914537629,1.3670622921456137,0.1476435043693388,270
D62W,-0.13411750930715,3027,-0.2601059118355062,3023,1,-0.1964177551347384,-0.2238279443889613,-0.7487703447080502,0.1285923968897248,62
E249T,-0.134157182513611,3028,0.6174808819406571,1333,1,0.6058868940676054,0.5840749644465423,0.2436490137149292,1.0363126555335516,249
V299W,-0.134248083869131,3029,0.4420348914490027,1683,1,0.1790996412607757,0.3915291656161977,0.7550093843789227,0.4425013745401144,299
A354I,-0.134249896701592,3030,0.0369085756029304,2505,1,0.4107246678737417,-1.1326072813131003,1.919829580537548,-1.0503126646864671,354
D132C,-0.13426394747639,3031,-0.7139627087516224,3499,1,-0.6146914666884625,-1.565934884399284,0.212835283631327,-0.88805976755007,132
W106F,-0.134403845086973,3032,0.2880368092803922,2011,1,0.9940535573380288,0.1425741238104219,0.0697314581541327,-0.0542119021810142,106
L145R,-0.13449234843525,3033,-1.3917798721634445,3818,1,-1.3416826549272447,-1.5633914822788366,-2.4294773916494505,-0.2325679597982469,145
W106S,-0.134525421300916,3034,-0.0026706604525249,2577,1,0.5420789293466745,-0.4875725816837386,0.2558226444796606,-0.3210116339526962,106
L300G,-0.134620873267322,3035,-0.5178807458200295,3332,1,0.7915756116336828,-1.6455941678023664,0.2604184781301306,-1.477922905241565,300
I298W,-0.134634519985519,3036,0.1998201171390024,2178,1,0.21368732021473,0.3392079679424997,0.9424177861247814,-0.6960326057260013,298
G84T,-0.134758179472916,3037,-0.1310150824748895,2819,1,1.219838499062836,-1.1248160359302717,0.4832295510363827,-1.1023123440685056,84
V324H,-0.134812396038873,3038,0.5943878561595844,1384,1,0.1493039372005381,0.2400637237538733,1.8793162907306764,0.1088674729532498,324
D62S,-0.134837162550416,3039,0.88332854441199,789,1,0.7706386290446904,1.220101444747166,0.2636927880426267,1.278881315813477,62
G128H,-0.134964500839927,3040,-1.782723101969864,3906,1,-1.3319209457790977,-2.409806999905121,-1.1038725726629377,-2.2852918895323,128
G273S,-0.135082840826402,3041,0.1520030221114822,2287,1,0.2693571630400642,0.7382107376108162,0.8133940355659621,-1.2129498477709135,273
V251K,-0.135124206038693,3042,0.0153981348172454,2551,1,0.1252352332781424,0.0233741813278193,-0.2185572192254833,0.1315403438885032,251
H85T,-0.135144433030952,3043,0.8093557377566083,945,1,1.4127217142401032,1.1233692235264927,0.098904514035935,0.6024274992239024,85
F74V,-0.135163288137677,3044,-0.2270153424565387,2981,1,-0.2509744890485721,-0.398837037587796,-0.0862727225986003,-0.1719771205911864,74
L309R,-0.135210810366925,3045,1.189224344807605,312,1,1.0232117629479054,1.1408308938501566,1.3551709659268234,1.237683756505534,309
R260E,-0.135238478926952,3046,1.0349401360470232,529,1,1.158837192297692,0.8522768004692745,0.5409993726319102,1.5876471787892157,260
V351A,-0.135249877896342,3047,0.3105092889352066,1963,1,0.2528420428235681,0.9974284031685262,-0.0165494495907904,0.0083161593395225,351
V327E,-0.135794907430799,3048,-1.764595240341586,3904,1,-2.682411484384087,-1.832277195232773,-1.0005249923956403,-1.5431672893538435,327
Q3V,-0.135814842922028,3049,1.1298509421648828,401,1,0.8970045037163863,0.6745902433346647,1.919829580537548,1.0279794410709329,3
E165G,-0.135842900775754,3050,0.0256673428976221,2530,1,0.1700467485462215,0.1731716646951609,0.3079177600219178,-0.5484668016728116,165
F95I,-0.135911682671162,3051,0.4800515230806129,1612,1,1.0739920342291884,1.92033466634837,0.1772420417481158,-1.2513626500032229,95
F95T,-0.135964014220025,3052,-0.263263377551899,3026,1,-0.1912126135535427,0.4977458759015943,-0.1717102668475648,-1.187876505708083,95
R115K,-0.13598133928518,3053,0.839189080594593,882,1,0.7420961540289176,1.1706641175444348,0.1750851128766942,1.268910937928325,115
G228V,-0.13604434443415,3054,-0.9866546695800116,3679,1,-0.494991568043526,-0.9737908519282618,-0.8584908600313121,-1.6193453983169468,228
G187H,-0.136187862880413,3055,-0.5612225832999749,3379,1,-0.539867296030695,0.3634280465704412,-0.5894437551378104,-1.4790073286018357,187
A154E,-0.136198692776517,3056,-1.324806901702231,3805,1,-1.6315154795105935,-1.2346900438355204,-1.1896188903562872,-1.2434031931065226,154
E272P,-0.136258354971799,3057,0.2636326294010734,2061,1,0.7857661884663019,0.2573821390897229,0.8659932875443291,-0.8546110974960602,272
R5I,-0.136363893009496,3058,-0.4434978908099106,3243,1,0.8720776647112003,-0.2585723034781571,-2.537561956733879,0.150065032261193,5
E275P,-0.136400664652902,3059,0.0809853934795108,2421,1,-0.2735456823901664,0.5353486142209788,0.2954593812083763,-0.2333207391211455,275
V29Y,-0.136553825688728,3060,-2.0687025642153127,3943,1,-2.477623974044588,-2.1510142491198527,-1.775466776014294,-1.870705257682516,29
P217V,-0.136557686220895,3061,0.0595415813833685,2461,1,-0.2648480332277499,0.3016122037539669,0.0175357518904127,0.1838664031168444,217
T325M,-0.13660048293,3062,0.6606914994922192,1265,1,-0.0524174207161444,1.0460846792293268,0.8484481255192167,0.8006506139364777,325
P123W,-0.136638895156786,3063,-0.661581603004966,3449,1,-0.8321915033569245,-0.7925645112786514,-0.3253377523976515,-0.6962326449866368,123
A126M,-0.136647650952106,3064,0.0951088966998857,2394,1,0.4959147113361464,0.3290480541176551,0.50017528480093,-0.9447024634551884,126
K306W,-0.136831047669764,3065,0.5139113750371456,1550,1,0.2993022741967706,0.607761965872651,1.5087795323513489,-0.3601982722721877,306
A86P,-0.136964863745978,3066,-0.5520979283966414,3369,1,0.785977321930785,-1.5994302400541192,-0.0759734037487056,-1.3189653917145256,86
K140A,-0.137024247974181,3067,1.0746855853716824,472,1,1.313308936770741,1.134358646814965,0.222977534935702,1.628097222965322,140
P301G,-0.137059716126518,3068,0.2141993198798859,2156,1,0.8431761232556667,0.1677504825805188,0.5223889231156514,-0.6765182494322931,301
Y114M,-0.137060984721518,3069,0.1468265587251887,2300,1,0.552387498146871,-0.0009501922569507,0.098461423374097,-0.0625924943632623,114
E79Y,-0.137210980009988,3070,-0.978073801137446,3675,1,-2.2264512552730444,-1.2487103292903834,-0.2485479765716862,-0.1885856434146696,79
W88S,-0.137269807450167,3071,0.2445207378787127,2099,1,1.8488479768572317,-0.987533186568087,0.3029849186592135,-0.1862167574335071,88
N113D,-0.137426085617393,3072,0.7035349754187515,1162,1,0.924084453960963,0.5646640562504062,0.5863212846552311,0.7390701068084059,113
D189C,-0.137496060257893,3073,0.2779071330733872,2035,1,0.0530064593545086,0.7526280413147125,-0.1181089951287638,0.4241030267530917,189
G91I,-0.137595835082786,3074,-1.1037612796840746,3739,1,-1.5811483749167896,-0.9355345741468776,-1.046256827125532,-0.8521053425470992,91
S120M,-0.1376342341691,3075,-0.4922214301418963,3300,1,-1.2760263584369476,-0.6993035170741907,-0.1036393461466967,0.1100835010902495,120
L311W,-0.137778529788286,3076,0.5157449440905889,1545,1,0.0461900246914975,0.6810257810811005,0.2484465677862482,1.0873174028035093,311
E296Y,-0.137824108818536,3077,-0.279606741246145,3051,1,-0.6031101613067038,-1.152914935934393,1.1530479275429977,-0.5154497952864808,296
D132L,-0.137932435032815,3078,-1.1430409088738152,3756,1,-0.4668971177676676,-2.165562032471866,-0.0770218547627413,-1.862682630492985,132
V251Q,-0.137939619137151,3079,0.1018030298167361,2382,1,0.6521963031879955,0.0751341516715193,-0.2961334185311834,-0.0239849170613867,251
I265A,-0.13814603820566,3080,-0.5006510281465881,3310,1,0.0319889897484749,-0.6457529703348962,-0.1443630439152837,-1.2444770880846476,265
E148K,-0.13831589383998,3081,-0.1395603605261375,2832,1,-0.5751721840815576,-0.1660479042940217,0.0119989828917072,0.170979663379322,148
K151F,-0.138320828127457,3082,-0.2691038689781809,3032,1,-0.8349532595812267,-0.0891999564384734,-0.2821812329322006,0.1299189730391772,151
Y144E,-0.138335767677124,3083,-0.137083871681228,2830,1,0.2701018595834517,-0.4568761349432837,-0.3716040253753192,0.010042814010239,144
L255V,-0.138370405141702,3084,0.0324993108954374,2520,1,0.6886134942974409,-0.3067488385878434,0.0682914228716357,-0.3201588349994833,255
L103C,-0.138422364818306,3085,0.0883820279767269,2410,1,-0.1600594797355693,0.5518244911487465,0.2253002963523652,-0.2635371958586347,103
R5F,-0.138438955543452,3086,-0.6248927427371465,3425,1,0.6789101603484665,-0.4235068208532969,-2.537561956733879,-0.2174123537098763,5
G128V,-0.138443766089619,3087,-1.2936156272138537,3794,1,-0.3648704777393829,-1.4217499279366803,-0.1354762006974403,-3.2523659024819103,128
L311Q,-0.138466698384085,3088,1.140615499356179,377,1,0.8117663744207234,1.2523626903033256,0.9753142276686236,1.5230187050320438,311
P118W,-0.138486083328432,3089,-0.8391465914662587,3588,1,-0.7199186596823066,-1.492551304343753,-0.5507092010079828,-0.5934072008309922,118
T59A,-0.138591399267571,3090,0.383855416063306,1814,1,0.9358114516537884,1.129385473356061,0.1621302191710886,-0.6919054799277143,59
V203D,-0.138703624349822,3091,-2.100612052110198,3948,1,-3.122567168830181,-2.1534250159517367,-1.4239679915942038,-1.7024880320646698,203
A86G,-0.138779523356672,3092,0.2976089644024685,1991,1,1.1752368691699653,0.2378837372519923,-0.0162113841441079,-0.2064733646679755,86
D262C,-0.138922534272191,3093,0.4207190536661421,1734,1,1.211880190470146,-0.4845559530844044,0.507560051453482,0.4479919258253449,262
E294H,-0.139065718361998,3094,0.2241190954151417,2136,1,-0.2694974311198508,-0.0835239015417943,0.7654671364367895,0.4840305778854225,294
K140W,-0.139089615877451,3095,-0.0431664011935453,2656,1,0.1864111251297017,0.0091048560003592,-0.8844290131334673,0.5162474272292251,140
D268M,-0.139092620270749,3096,-0.018520001313211,2614,1,-0.3238968468201557,-0.2769521815296448,1.4420236017107686,-0.9152545786138124,268
E294V,-0.139096579911954,3097,0.5050140701776413,1566,1,0.5346199743937774,-0.2626077891937439,1.262286862954393,0.485757232556139,294
V174M,-0.13912864630085,3098,-0.8077209998884696,3561,1,-1.1449142066284634,-0.3850534921747558,-0.4230010709941395,-1.2779152297565193,174
E294L,-0.139152452909886,3099,0.3493030390782401,1882,1,0.5179571374064451,-0.7020262177587182,1.0889385010814625,0.4923427355837713,294
K140P,-0.139221123247748,3100,-0.1414938835417156,2835,1,0.4941498836185266,0.3152156897886526,-0.5964185492716447,-0.778922558302397,140
A154F,-0.139349151269486,3101,-1.1300513722234995,3750,1,-0.4875498701360409,-1.622120257774374,-0.9248740948702164,-1.485661266113367,154
A154K,-0.139819146324807,3102,-1.5349092038415248,3857,1,-1.5097678496364906,-1.3979625624274965,-1.667303327914292,-1.5646030753878206,154
Y114S,-0.139926912019093,3103,0.0438742928560981,2494,1,0.0529067301421845,-0.1923440548741531,-0.0973767426016097,0.4123112387579711,114
V174C,-0.139975655664609,3104,-0.6537079759249915,3441,1,-1.0591197636501783,-0.1989286488172479,-0.7583805730768332,-0.5984029181557066,174
T155A,-0.140042663505355,3105,0.1390875671172328,2324,1,-0.259028025870216,0.0351522203126514,0.5670065415075207,0.2132195325189753,155
V347K,-0.14004825500185,3106,-2.375876778285417,3965,1,-3.053081655823637,-2.4509574151876063,-2.282929884101937,-1.7165381580284862,347
P308W,-0.14007285328943,3107,0.72738049368267,1110,1,0.0503249149779592,1.526318146634304,1.2302705633465036,0.1026083497719131,308
S310Q,-0.140239179566764,3108,0.9278048208548224,708,1,0.5146653068567246,0.9255491114371251,1.6061282672470314,0.6648765978784086,310
F95M,-0.140243299715156,3109,0.1246984423159401,2348,1,0.2294745292144694,0.5273912577214994,0.0965251553022961,-0.3545971729745045,95
L80Y,-0.140247507037605,3110,-0.2039070961328909,2944,1,-0.0991704125579259,-0.4462582109250471,-0.4459698383009293,0.1757700772523386,80
P123M,-0.140248608124865,3111,-0.3435950096832187,3133,1,-0.4781105021550437,-0.4970807312798914,-0.0472816339598173,-0.3519071713381226,123
R93W,-0.140291553209403,3112,0.3494154540624422,1881,1,0.9874145184191704,0.113778951942536,0.3000387299829055,-0.0035703840948431,93
P118Q,-0.140361340744539,3113,0.3216872812940647,1938,1,0.8896048674002244,-0.1751651221553385,0.3896747975247359,0.1826345824066371,118
K322P,-0.140524301559063,3114,-0.1968679022516956,2933,1,0.3003336283470055,-1.8455290582701511,1.406189196140632,-0.6484653752242687,322
V81Y,-0.140649515918609,3115,-0.4853418089917823,3289,1,0.005746743266978,-1.0575273390296624,-0.3465630120972342,-0.5430236281072105,81
G273R,-0.140703454089618,3116,-0.3157354606271833,3097,1,0.1634261066598298,-0.0667208110747,0.676459002984464,-2.036106141078327,273
D268F,-0.140756121913466,3117,0.0185304152351212,2547,1,-0.1173096900204993,-0.5304429444366474,1.4968750313534394,-0.7750007359558078,268
G84V,-0.140758930757696,3118,-0.4217827347314306,3220,1,0.9551651298086498,-1.3535908595057724,0.3510915713923817,-1.6397967806209817,84
V81G,-0.140858458888585,3119,-0.5213369885219414,3337,1,0.1516145730304241,-0.9520381573944836,-0.2061113745883279,-1.0788129951353782,81
K151H,-0.140916960773267,3120,0.4119936851463576,1751,1,-0.0407330447806946,0.6112360974558607,0.2932874636383951,0.7841842242718693,151
E296H,-0.141030223756272,3121,0.2667291167498873,2055,1,-0.0886291488139557,-0.4552481191977246,1.228314667042691,0.3824790679685386,296
L300E,-0.141047871952744,3122,-0.2643362945052298,3028,1,0.829269814276145,-1.0885396504965126,0.2565118460341464,-1.054587187834698,300
V7T,-0.141072483041907,3123,0.7276299721894801,1108,1,0.1837512405071885,1.6142467203895083,0.0004996763697321,1.1120222514914913,7
G84D,-0.141141566148227,3124,0.1815722326996008,2217,1,1.2385065143142815,-0.1564284222089989,0.2343700336343847,-0.590159194941264,84
E294Y,-0.141303013183213,3125,0.0228921689513771,2537,1,-0.3348144831866717,-0.3921714169244416,0.7615867627150965,0.0569678132015255,294
G91T,-0.141330538850513,3126,-0.2874416540924078,3062,1,-0.4330545186286105,-0.0193161220467349,-0.9101943729277204,0.2127983972334346,91
R304G,-0.141348774050291,3127,0.9353036582099898,693,1,1.0235975502911256,0.8665034250955649,1.7610972527189974,0.0900164047342713,304
I265Y,-0.141582558661096,3128,-0.3902636041598758,3186,1,-0.1568137400417616,0.1683714338310837,-0.2998926372576562,-1.2727194731711693,265
V6E,-0.141791352433039,3129,-2.073263113324657,3944,1,-2.555754519914496,-1.6269537108617806,-2.6723449423499703,-1.4379992801723824,6
P64Y,-0.141862123918018,3130,-0.0723679574594692,2703,1,-0.1297776498163613,-0.1666467919306192,0.3001008825322657,-0.293148270623162,64
G312R,-0.141862486858089,3131,0.9038855176703192,749,1,0.9241527057721172,1.1033384894509064,0.6282427087341014,0.9598081667241526,312
L103R,-0.142094224558125,3132,0.8160292861349707,934,1,0.9902036736426802,1.4073738060474184,0.3826143707857453,0.4839252940640391,103
L259E,-0.142123784081706,3133,-0.4818501394335939,3281,1,0.2525578322578983,-1.124214739048471,-0.0100845311625542,-1.0456591197812488,259
W88P,-0.142211678456521,3134,-0.1448637394872869,2846,1,0.9492261313885592,-0.8449659748583341,-0.1889746468593162,-0.4947404676200566,88
W88V,-0.142218720550538,3135,0.6647986382873242,1255,1,1.955456735886449,0.0262328141627663,0.1892525439771198,0.4882524591229616,88
C258Y,-0.142316304281043,3136,-0.7869118156902659,3548,1,-0.4605036183018959,-0.6549356182238403,-1.0404279020478395,-0.991780124187488,258
L309F,-0.14232134299839,3137,0.9700087466000344,625,1,0.4548506971329475,1.118618873548303,1.1212656245434482,1.1852997911754386,309
E249W,-0.142401213101867,3138,-0.3069354279028501,3087,1,-0.5890957501064916,-0.757374949036355,-0.4502077281098929,0.5689367156413392,249
A126W,-0.142410257556601,3139,-0.0379212338248396,2647,1,0.6730893766204383,0.0506332691750101,0.2942600877047431,-1.1696676687995502,126
W106I,-0.142556056064047,3140,-0.1721284211404924,2886,1,0.8457061869386052,-0.8340728896774009,0.1986885848456523,-0.8988355666688265,106
D262Q,-0.142662920414284,3141,0.0709111243332778,2442,1,0.0728237584514877,-0.3277545403062085,0.1868180302994302,0.3517572488884019,262
N247F,-0.142689555185763,3142,-0.2203548765810445,2972,1,-0.3509615153417166,-0.2208262784703636,-0.8179512679910377,0.5083195554789398,247
G229H,-0.142707100917798,3143,-0.3915211848065024,3187,1,-0.6966125874444586,0.028495856222973,-0.2562092122024789,-0.6417587958020454,229
R24G,-0.142760704971141,3144,0.1213690563928726,2351,1,0.0483240411477245,-0.0970573926632041,-0.0649593878650727,0.5991689649520429,24
D346L,-0.142799586500242,3145,0.6526732182359842,1279,1,1.7017615402423654,-0.4749136465711395,0.3342402412893039,1.049604737983407,346
K4F,-0.142819172594702,3146,0.4629845553533308,1642,1,0.0988088199224874,-0.1202604528093902,1.2526377059642626,0.6207521483359636,4
G125D,-0.142868318583772,3147,0.2755397320392356,2042,1,0.7941421942122654,-0.2712699133163886,0.5003724214918462,0.0789142257692192,125
R304T,-0.142946933110339,3148,1.1980684936262662,299,1,0.8878842731458163,1.1721171222313582,1.7795184284365266,0.952754150691364,304
F74W,-0.142979375638448,3149,0.5406913764346251,1492,1,0.6549880528648017,0.9099288969636792,-0.1201332014749745,0.7179817573849943,74
T111Q,-0.142979468166981,3150,0.5242518733451075,1527,1,0.2943723215595543,0.4239666724231999,-0.3590186532472754,1.737687152644951,111
P263V,-0.142991377216128,3151,-0.9747601185637907,3672,1,-1.894728977411728,-0.7662606257533935,-1.295018684291567,0.0569678132015255,263
T305I,-0.143057897709228,3152,0.7429779284643685,1071,1,0.6522486344902843,0.6870086977352571,1.743545829055557,-0.1108914474236238,305
G312T,-0.143109502644818,3153,1.084678753653969,457,1,0.7691978033374292,1.060930622525551,1.7001502362250005,0.8084363525278954,312
T130P,-0.143426023419793,3154,-0.9402017314514802,3658,1,-0.4422485928433866,-0.8413704933983038,-0.9207442603337458,-1.5564435792304847,130
G269F,-0.143520717716038,3155,-0.1718766857328943,2885,1,-0.0322914897790941,-0.9257898113112816,1.5846653089431937,-1.3140907507843953,269
R260N,-0.143564210374308,3156,0.6833230103683627,1214,1,0.4462356970319865,0.4869029410616042,0.4991308999291159,1.301022503450744,260
L302A,-0.143597513707495,3157,0.7184713777092117,1127,1,1.0328668636515026,0.6353301345189539,1.411509117641781,-0.2058206049753912,302
P64F,-0.143624568141939,3158,-0.2215612810341039,2974,1,-0.350890364425553,-0.2815557419037025,0.1393583547495974,-0.3931573725567576,64
R115E,-0.143710057084972,3159,0.6531761852252436,1276,1,0.8499432239961446,0.7288906359429027,0.3018863753327317,0.7319845056291951,115
C207R,-0.143721285437631,3160,0.8513245901493041,858,1,1.978697140938965,0.3251888237090491,0.4020027046565204,0.6994096912926819,207
G91W,-0.143754693837768,3161,-0.9234525414121688,3650,1,-1.5522274536813288,-0.687924905583596,-1.59518432073062,0.1415265143468698,91
D132P,-0.143825169661912,3162,-1.010474262800803,3695,1,0.3159550085402056,-2.1241080522937605,-0.3647232909092971,-1.86902071654036,132
I265D,-0.143861154834176,3163,-1.2787989540438776,3789,1,-1.3791072899412031,-1.5595714338053797,-0.3803633086691124,-1.796153783759815,265
L20V,-0.143862039766026,3164,0.1083670212265699,2368,1,0.2542251222900314,0.2076148681339397,0.2274269294691481,-0.2557988349868396,20
G101P,-0.143912105792009,3165,-0.6167824861680424,3415,1,0.2448466846516048,-0.7415870384165189,0.3297789025867347,-2.3001684934939903,101
V276M,-0.143937496814131,3166,-0.2913059726080113,3071,1,-0.5006817348065362,-0.6043310711587085,0.1026800423388616,-0.1628911268056623,276
T250N,-0.144023687507613,3167,0.3113329977058849,1961,1,0.5810004852929578,0.3958670750059927,-0.2290740616445251,0.4975384921691143,250
P301A,-0.144063044399698,3168,-0.0582898166926034,2680,1,0.8037822588797121,-0.9073517309677764,0.6206797716301237,-0.750269566312473,301
F168W,-0.14410233171632,3169,0.2540645447214452,2080,1,0.4489128190449624,0.4832759492103618,0.329150352600308,-0.2450809419698511,168
R65Q,-0.144258374930741,3170,0.5933215172820856,1386,1,0.2689500795593676,0.5689021721678315,0.141298302317524,1.394135515083619,65
E230R,-0.144421105069377,3171,-0.079967935481717,2718,1,-0.4637345971288422,-0.0492809190596505,0.0675414378992314,0.1256023363623931,230
A67L,-0.144435789276748,3172,0.3357235095287178,1911,1,0.769347210433898,0.7573343116158598,0.243192316241799,-0.4269798001766856,67
P301R,-0.144451937554883,3173,-0.1949187729636049,2928,1,0.7730903087901536,-1.022041693232114,0.1591392663803814,-0.6898629737928406,301
E321C,-0.144455567493041,3174,0.4173313829077958,1738,1,-0.8021684701540496,0.2443776040928245,1.6892489377417712,0.5378674599506371,321
A354L,-0.144459570425451,3175,0.3151886285773259,1951,1,0.7584623683501497,-0.7190622441962613,1.919829580537548,-0.6984751903821322,354
T270Y,-0.144492788148689,3176,-0.2516776251035505,3009,1,-0.2159963645284329,-1.0600101296128892,1.1337563927137482,-0.8644603989866283,270
R65T,-0.144493836220387,3177,0.4008790725815703,1771,1,0.2291737593540846,-0.0047548976425338,0.0097983669958293,1.369299061618901,65
P263L,-0.144554601222598,3178,-0.9876394091834506,3680,1,-1.807499644520845,-0.5836395857358101,-1.2978816032248257,-0.2615368032523212,263
Y144V,-0.144557014380496,3179,-0.1292015232174602,2816,1,0.4884908502950753,-0.1375800093666521,-0.2797371139596656,-0.5879798198385987,144
P217A,-0.14464960935312,3180,0.4547225360654641,1657,1,0.3143904549276268,0.6246429764017163,0.2517557538638801,0.628100959068633,217
E345W,-0.144831344051533,3181,-0.2712770150244779,3035,1,-0.4755773919549763,-0.6082468554284033,-0.1753272352961542,0.1740434225816222,345
G26F,-0.144849875372232,3182,-1.4828193103464269,3841,1,-2.2095790930765573,-1.0391029533431029,-1.541412064042207,-1.1411831309238398,26
V327T,-0.144981599386767,3183,-0.7404876547096774,3517,1,-1.2903642901012629,-0.6754413381613239,-0.3649251052947136,-0.6312198852814088,327
R24D,-0.144990389186328,3184,-0.1348784143575533,2826,1,-0.3861540163929595,-0.6714031895957755,0.3455162130048418,0.1725273355536796,24
G84Y,-0.145033673505626,3185,-0.6730668259197882,3458,1,0.1518054029323667,-1.693476774997246,0.1802138900060574,-1.330809821620331,84
Q349M,-0.145202926024714,3186,0.4643620929127049,1637,1,0.3687707267073951,0.7666664278091953,-0.5500687638177791,1.2720799809520087,349
D100P,-0.145242389179311,3187,-0.1343305127093463,2822,1,0.0441546171154895,0.0552374635609633,-0.2366869896117127,-0.4000271419021252,100
R93L,-0.145261809938113,3188,1.092507213500977,445,1,2.0393781997890508,0.3942296758843785,0.6705527428401842,1.2658682354902944,93
V203Q,-0.145293949461464,3189,-1.8201852914653904,3911,1,-2.33675302202044,-2.128348831061147,-1.5148564370186366,-1.300782875761339,203
A344P,-0.145321418923065,3190,-2.0339123745203973,3934,1,-2.0216363066244387,-1.7795837057739703,-2.481727761457485,-1.8527017242256951,344
L22P,-0.145354263956397,3191,-1.8762492348751696,3918,1,-1.971093172305452,-0.8818002907602339,-2.6121018339654163,-2.0400016424695773,22
C207M,-0.145368917076849,3192,0.7944981843420872,975,1,1.2934868123837295,1.228486870228267,0.141598301828151,0.5144207529282013,207
W106E,-0.145375561971421,3193,-0.1588164175067262,2868,1,0.473841171481238,-0.4098146999556043,0.1382208633506055,-0.8375130049031441,106
A316F,-0.14539729353221,3194,0.7564630161231585,1039,1,-0.048698095020966,0.7715453712501129,1.1051814865343057,1.1978233017291813,316
S245T,-0.145465170127536,3195,0.8264082079806057,909,1,0.6954746243149703,1.1215019158412312,0.4593397461637044,1.0293165456025166,245
V299N,-0.145537056798426,3196,0.6501571765585445,1287,1,0.2976616559307242,0.3117444112589732,1.290723260200466,0.7004993788440146,299
S307H,-0.145541947676256,3197,0.8145364812066,935,1,0.3200280053915846,0.70995485626134,1.3751758616265248,0.8529872015469503,307
G187R,-0.145558319408637,3198,-0.2778285566961809,3048,1,-0.0117192146002875,0.2778213511793565,-0.1953673171693674,-1.182049046194425,187
V7R,-0.145596700848023,3199,-0.5372719426605017,3351,1,-1.0992752966181687,0.4090217440197728,-1.2151430225160424,-0.2436911955275686,7
F95S,-0.145706006609554,3200,-0.5110658416091185,3323,1,-0.655852389618773,0.0772327310460036,-0.2933228867652565,-1.1723208210984482,95
R209F,-0.145859445079443,3201,0.3340699183187462,1913,1,-0.1565416565797581,1.4469170962763052,0.3530763092100775,-0.3071720756316397,209
V351K,-0.146124222539151,3202,-2.1410514694377665,3952,1,-3.1767324351204707,-1.6216193883768384,-2.211237149324297,-1.554616904929461,351
R93P,-0.146286532837535,3203,-0.1116612397024484,2789,1,0.7632868525298705,-0.008696930004707,0.0718688777842685,-1.2731037591192258,93
D189L,-0.146404748098148,3204,0.3774605861816886,1829,1,0.7196455339732916,0.6176244013160732,0.262101769501998,-0.0895293600646082,189
E294S,-0.146424128276868,3205,0.3793355761070516,1825,1,-0.1341256587171773,-0.2468113828145065,0.941598108730868,0.9566812372290224,294
R65H,-0.146458754323893,3206,0.1605141107432932,2266,1,-0.192694871893752,0.0233401982902143,-0.1059044998364681,0.9173156164131788,65
L261E,-0.146711986604919,3207,-0.4214362578517915,3219,1,-0.5778488736856507,-0.3818365158164074,-0.665641258453449,-0.0604183834516592,261
W106P,-0.146769844544624,3208,-0.4857249080292505,3290,1,0.3086946668491407,-0.6458374207193921,-0.2063651753762438,-1.3993917028705067,106
L80V,-0.14687531599841,3209,-0.2281006836062308,2983,1,0.0366107331270282,-0.060168044528765,0.0500190525362061,-0.9388644755593925,80
I274S,-0.146901341662916,3210,-0.5111333514649632,3324,1,0.4687408693991627,-1.512201361826915,0.2343866153509226,-1.2354595287830228,274
K25W,-0.147139715614023,3211,-0.7775276404142041,3542,1,-1.2859373272694448,-1.0179340569628064,-0.4643392333090856,-0.3418999441154793,25
G153W,-0.147224164024072,3212,-1.9080414028577517,3922,1,-2.7526621252537296,-1.4148528929314272,-2.5290657087226,-0.9355848845232492,153
E294T,-0.147257503297983,3213,0.3361117874726661,1908,1,0.0054514473099501,-0.2549097435595707,0.8519610910080693,0.7419443551322159,294
A146Y,-0.147257830745956,3214,0.52673419705939,1521,1,0.7034085018057845,1.5059335229688828,-0.0996034243383775,-0.00280181219873,146
L145W,-0.147278407727152,3215,-1.0105140646574315,3696,1,-1.0849572361075113,-1.5113302294823403,-1.2102265652875035,-0.2355422277523711,145
S205V,-0.147326914573857,3216,-0.4407878991031666,3241,1,0.7737169478810725,-0.6112954382272765,0.1278311668654159,-2.0534042729318784,205
G229P,-0.147333659092652,3217,-1.1552638641039303,3762,1,-1.1626402584387103,-0.9219304541002964,-1.346744714530117,-1.1897400293465976,229
L277D,-0.147382518763439,3218,-0.4363494136561551,3235,1,-0.707810660626395,-0.9317429294063442,-0.191501719120815,0.0856576545289338,277
L149D,-0.147387123696144,3219,-1.1312021562226822,3751,1,-1.7032354850737594,0.0482961745253956,-1.643248362364608,-1.226620951977757,149
S307Y,-0.147410031358502,3220,0.7678679894813946,1018,1,0.1264998720206273,0.4221089541678596,1.6011992935007129,0.9216638382363782,307
S307N,-0.147443226110387,3221,0.8019001212421064,962,1,0.4068446040038713,0.8960046326104072,1.4485524486518435,0.4561987997023033,307
L261T,-0.147467217002741,3222,-0.2932455660357227,3076,1,-0.0561074408820409,0.2145943246856233,-0.3455585968012031,-0.98591055114527,261
V7A,-0.147604422545032,3223,0.3298532718517415,1924,1,0.6206766979281441,0.9828175039323038,0.0077879577398576,-0.2918690721933392,7
Q143Y,-0.1476065601766,3224,-0.1067014897347557,2778,1,0.2774498230381234,0.0693082163627169,-0.1808095572014555,-0.5927544411384078,143
L80A,-0.147633179812717,3225,-0.130228499242322,2817,1,0.2374353831230832,0.0189724903413255,-0.6095929520353954,-0.1677289183983015,80
L20W,-0.147640827740344,3226,0.1874475009495403,2205,1,0.1884679959102542,0.082213021288435,-0.1518030505001406,0.6309120370996129,20
N113G,-0.147704276484259,3227,0.5747521228968633,1416,1,0.8083388804977738,0.9842757946934068,0.234857575212154,0.2715362411841184,113
I265E,-0.147806165438659,3228,-1.15128572237548,3760,1,-1.1825924691071108,-1.4556033735101597,-0.2788671057765204,-1.6880799411081286,265
W88E,-0.147810300748812,3229,0.6622096628541777,1259,1,2.4054816420529046,-0.5966117227248428,0.5338730765349115,0.3060956555537376,88
V203S,-0.147864098898546,3230,-0.8070228707244633,3559,1,-1.0380035082693824,-1.351383990899517,-0.3944576368451316,-0.4442463468838223,203
K68G,-0.147961719351814,3231,0.3135939429810246,1956,1,0.0794916016984226,0.4298058585806206,-0.0642055756449907,0.8092838872900461,68
T270M,-0.148042972816734,3232,0.0076438975534955,2560,1,-0.0849156213287962,-0.4554622884160632,1.1483733525125268,-0.5774198525536853,270
L259R,-0.148133860255913,3233,0.0934029838354532,2400,1,0.7174430888113676,-0.4899427717543042,-0.0043482283066385,0.1504598465913879,259
R278H,-0.148259454962172,3234,0.1683788714677897,2246,1,0.0574047063055217,0.0734445099697064,-0.0338877305226124,0.5765540001185433,278
I274F,-0.148291481925915,3235,-0.0808222215608001,2722,1,0.688285433540069,0.0840197015861786,-0.1746751731651226,-0.9209188482043256,274
L311V,-0.148394867085635,3236,1.0716475817769402,478,1,0.8307952938496813,1.199528491810727,0.8757126393223932,1.3805539021249589,311
D190R,-0.148447047280752,3237,-0.6858859390748242,3467,1,-0.0520367633146693,-1.5713998133347231,-0.4712733110507867,-0.6488338685991177,190
T130H,-0.148487473351597,3238,0.2557374257037293,2076,1,1.1302100437606948,0.1901053616127517,0.2719367673663737,-0.569302469924903,130
R253G,-0.148510784070923,3239,0.7491929181486852,1056,1,0.99973918380777,1.115618539054686,0.3384033751069959,0.5430105746252883,253
D262K,-0.148546110966696,3240,-0.6613001191961569,3448,1,-0.7495625685697458,-1.4249742588330183,-0.4232004401516258,-0.0474632092302375,262
S266I,-0.148574902852131,3241,-1.11617915473367,3747,1,0.0157497955365542,-2.261780184959852,0.9467836709904354,-3.1654699005018188,266
C122N,-0.14860073982045,3242,-0.2067717943662708,2950,1,-0.2280790480097539,-0.5835216595232258,-0.1567129253880305,0.141226455455927,122
Q191M,-0.148605043547797,3243,0.792285707879681,978,1,1.064089025651124,0.5317549713954457,0.3247761085550339,1.2485227259171203,191
G125A,-0.148606179893165,3244,-0.1099950485528358,2785,1,-0.0731186028793871,-0.5646402780623069,0.2722314035726329,-0.0744527168422821,125
H30C,-0.148608611679045,3245,0.3091766847019757,1967,1,0.5807272814988491,0.3112322564496957,0.4452418709212126,-0.1004946700618548,30
Y107N,-0.148628730319696,3246,-0.1631787863640967,2875,1,-0.1734063695504926,-0.2763136047483818,-0.177362562291447,-0.0256326088660656,107
K76E,-0.148641379159077,3247,0.392735865387862,1794,1,0.1081509548697111,0.0231846117710305,0.4521943102194089,0.9874135846912974,76
A154Y,-0.148777417559228,3248,-1.208122037328938,3775,1,-0.9806563808702384,-1.492215024434319,-0.7663764692066581,-1.5932402748045371,154
G240Y,-0.148787172830353,3249,-0.3182066155751676,3102,1,-0.8243001395212656,-0.5331624750616966,-0.1520353514501887,0.2366715037324803,240
V81Q,-0.148903131731725,3250,-0.1260718982556042,2812,1,-0.000241431836052,-0.2334787466616274,-0.0798866230645092,-0.1906807914602281,81
C207N,-0.148979100347252,3251,1.1393977223114176,380,1,1.667166254823064,1.1401814596151811,0.6811819866320785,1.0690611881753471,207
I265S,-0.148980226386267,3252,-0.7732936416435352,3541,1,-0.547570070628622,-0.7202158922415215,-0.2157029959991285,-1.609685607704869,265
P112S,-0.148986567153307,3253,0.2876493291681137,2013,1,0.2338661917574947,1.1305495033461122,0.0669327222239275,-0.2807511006550796,112
D190L,-0.149037570424887,3254,-0.8580954685391028,3607,1,-0.1515499087822053,-1.5031291588101872,-1.2887424207379972,-0.4889603858260215,190
V6R,-0.149119153197499,3255,-2.0428391364083645,3936,1,-1.7148100094980383,-1.6274216116407452,-3.166392063384988,-1.6627328611096868,6
K90A,-0.149196234433604,3256,0.6738147351561469,1235,1,1.1567442448578529,0.7055594419926129,0.4766760647572382,0.3562791890168837,90
H105S,-0.149196875723944,3257,1.0035806583900346,576,1,1.303888270473923,1.3793991882251342,0.1403711729860791,1.190664001875002,105
V203G,-0.14925338538007,3258,-1.4677352021376875,3838,1,-1.2437979809671391,-1.6673067927843424,-1.5371976641669547,-1.422638370632314,203
L20T,-0.149286449009621,3259,-0.0235067761498106,2622,1,0.1940275555357209,-0.2317464993604292,-0.2190125157929918,0.1627043550184574,20
Q150F,-0.149378190323894,3260,-0.1347111510661483,2825,1,-0.2742712644954407,0.0091445451450247,-0.2706054854423592,-0.0031123994718181,150
L300W,-0.149445315526318,3261,-0.0288415602269984,2635,1,0.0753196421777387,0.5045646738389292,0.4302242278485441,-1.125474784773206,300
D262V,-0.149567464982883,3262,0.2261235443156343,2133,1,1.411739762804724,-0.7229918499252804,0.6668676448033533,-0.4511213804202591,262
G290C,-0.149607134134897,3263,-1.4966562953323552,3847,1,-1.1779800225195372,-1.7589415464765503,-0.6053489254526045,-2.4443546868807293,290
W106C,-0.14960955317481,3264,-0.4272862402176305,3226,1,0.0282738112475814,-1.0485329926737157,0.166809741411943,-0.8556955208563306,106
E230M,-0.14973207620698,3265,-0.1119946381877122,2792,1,-0.5461870501270066,-0.0156314985141811,0.0239078182131812,0.0899321776771576,230
T111M,-0.149763295610593,3266,0.999876519888,582,1,0.727777120598274,1.1983861846532495,0.1135488720617659,1.9597939022387103,111
T92L,-0.149880750617018,3267,0.1456547303165588,2303,1,0.2690496908419967,0.6383628036192472,-0.0334930336371539,-0.2913005395578546,92
K320C,-0.149888909810819,3268,0.3904402021375924,1798,1,-0.6173701610973757,-0.2769542103677108,1.8013947918560498,0.6546903881594065,320
T111P,-0.150086647903506,3269,-0.3507817238318719,3141,1,0.0212679028741235,-0.7146826168237348,-0.1287021505149666,-0.5810100308629098,111
S245Q,-0.150113115438966,3270,0.540227374155156,1493,1,0.1398572182685337,0.6723331609862767,0.4295083921677042,0.919210725198109,245
A154L,-0.150149085949244,3271,-0.8411397459370693,3592,1,-0.240325005154216,-1.4603698749413896,-0.1713699175314209,-1.4924941861212504,154
D262G,-0.150235909450098,3272,-0.6695012110609023,3454,1,-0.1002155448275614,-1.45631752450938,-0.5481579913869996,-0.5733137835196681,262
M87S,-0.150268390744364,3273,0.4381206619613946,1691,1,-0.0923512655119226,1.229171159267204,-0.330384817178843,0.9460475712691404,87
V231G,-0.150342132319775,3274,-1.570010297555824,3867,1,-1.1818820999325297,-1.799946139023045,-1.3227397629250075,-1.975473188342713,231
E230V,-0.150343364524013,3275,-0.0042473558592216,2581,1,-0.5254444648132394,0.2025243866240502,0.0130270620181063,0.2929035927341962,230
W106L,-0.150368177347992,3276,0.0416353130212633,2498,1,1.2851386380458565,-0.6904552470589937,0.2648056508576152,-0.6929477897594244,106
M58P,-0.150477844870664,3277,0.5941120946681069,1385,1,1.4771897707755195,1.2277574276546397,0.1376676187384388,-0.4661664384961701,58
E148P,-0.15048147284557,3278,-1.669437539049159,3891,1,-1.693600157249074,-1.8164025517856173,-1.5527818558146187,-1.6149655913473255,148
V81M,-0.150494805811974,3279,0.0032373364089696,2566,1,0.4116535411187619,0.079505790494161,0.0410616120257115,-0.5192715980027558,81
P301H,-0.150528173808147,3280,-0.2419459872737032,2991,1,0.2836816408916406,-0.7851469525070981,0.5447547469769285,-1.0110733844562838,301
H257V,-0.150549848133199,3281,0.625624348744868,1320,1,0.5968342372124417,1.3325993782461802,-0.056542738193587,0.6296065177144372,257
V231E,-0.150583535530735,3282,-1.3847836510050962,3816,1,-1.5195671783574378,-1.2920054800133545,-1.3624717117863083,-1.365090233863284,231
L149A,-0.150588546508486,3283,1.1457505102600762,371,1,2.650941669489635,1.0895701920239556,1.355149953546492,-0.5126597740197776,149
P301W,-0.150631973196095,3284,-0.9220559303107134,3648,1,-0.1386698240111728,-1.8839920239295056,-0.2270888159335606,-1.4384730573686149,301
V347H,-0.150678181527333,3285,-1.9743483011302592,3932,1,-2.38683752775441,-1.9954401565691868,-1.505261899981459,-2.0098536202159805,347
D190A,-0.15072899611479,3286,-0.4931068933690832,3302,1,0.3121815531148852,-1.2445045479796346,-0.4822464600712289,-0.5578581185403546,190
A344R,-0.150740244068026,3287,-2.174441094080141,3955,1,-3.109006275928189,-1.7101147687667222,-2.4913540040233477,-1.387289327602305,344
E165S,-0.150798777278293,3288,0.6019032456404291,1372,1,0.8073723827662159,0.6911860119118929,0.619756966031843,0.2892976218517643,165
G290S,-0.150799942563257,3289,-0.8294025005228605,3580,1,-0.1678038835159369,-1.009564339126419,-0.3414085224350342,-1.7988332570140515,290
L255Q,-0.15090313712149,3290,-0.2489344522787007,3005,1,-0.1750593900894946,-0.7839676903812549,-0.4080349757368552,0.3713242470928017,255
P123C,-0.151187869814384,3291,-0.5257182079911591,3342,1,-0.7128643018590302,-1.218940681138938,0.1845611054574151,-0.3556289544240832,123
G104M,-0.151258516759625,3292,0.4877730720550108,1596,1,0.7626805956212892,1.0272239190053127,0.338102705407588,-0.1769149318141469,104
W88L,-0.15131964831306,3293,0.6119165949279678,1345,1,1.636062258378132,0.1720683571944124,0.4651185839917863,0.1744171801475404,88
R313V,-0.151494662576485,3294,1.1375082883118872,384,1,0.6967253473534101,1.3440950956964697,1.111192222104945,1.398020488092724,313
R304A,-0.151574326470756,3295,1.147086094982178,368,1,1.099940773354036,0.7965958786589304,1.7841782230699903,0.9076295048457552,304
D172F,-0.151608111592804,3296,-1.0608601054717168,3722,1,-1.8300230370259447,-0.721724586948326,-1.3749135735795708,-0.3167792243330258,172
W106M,-0.151654565161423,3297,-0.417837611354894,3214,1,0.4379919003019273,-1.1638516411337445,0.0948831673599641,-1.0403738719477231,106
Y144F,-0.151727147298141,3298,0.8413130655446638,878,1,1.037526776941434,0.9387167459941704,-0.0058532342081282,1.394861973451179,144
G290V,-0.151960997145225,3299,-1.4661843583696046,3836,1,-0.5730605742674375,-1.9291732332395504,-0.611625621510458,-2.7508780044609726,290
T59D,-0.152126263490905,3300,0.3560636437636532,1870,1,0.8447032734998866,0.8067110629445394,0.1471781280943808,-0.3743378894841941,59
T92K,-0.152207743006553,3301,-0.0168848082192612,2612,1,0.0532755945741296,-0.0190692378145825,-0.0044936612733963,-0.0972519283631957,92
F74N,-0.152251952679018,3302,-0.6213671780668097,3421,1,-1.243434639575924,-1.020486842459309,-0.4099197809041248,0.1883725506721188,74
V6M,-0.152259127639663,3303,-0.8404556178599235,3590,1,-0.8491895948130418,-0.9985845211181658,-0.4987372972414559,-1.0153110582670304,6
L102T,-0.152437770066478,3304,0.0620243099382137,2454,1,0.9451112694953492,-0.3784536819461664,0.3763246642765802,-0.6948850120729078,102
G290T,-0.152465281286611,3305,-1.2670283123481272,3784,1,-0.3963165882303764,-1.790696666280303,-0.4684146814737088,-2.412685313408121,290
G312M,-0.152473913497751,3306,0.6155920780574966,1337,1,0.0991098747796358,0.9400881137243848,0.6776305260934563,0.7455397976325095,312
G290W,-0.152616319628072,3307,-1.3764038433275476,3814,1,-1.112012509563347,-1.6624456967782857,-0.7474613121756722,-1.9836958547928856,290
A86K,-0.15277810126381,3308,-0.880216615988145,3623,1,0.0613249842014889,-1.8693960556734248,-0.0272475272768297,-1.6855478652038147,86
A96H,-0.152806530037046,3309,-0.1917970045505255,2923,1,0.0304672937526627,0.1246228378003696,-0.4411982579597756,-0.4810798917953588,96
D189S,-0.152845801020143,3310,0.6061183833547387,1363,1,0.9608501764573892,1.0262642310492185,-0.0124963235515129,0.4498554494638599,189
D190V,-0.152918361769156,3311,-0.9103918479938136,3639,1,-0.1992780219645133,-1.102569065722672,-1.318781825768016,-1.0209384785200526,190
A23R,-0.152953534656584,3312,-0.1433842030385295,2840,1,0.1998493908035322,-0.2771359181769939,-0.3239467843431742,-0.1723035004374821,23
E323I,-0.152978840467873,3313,0.8184821246276577,925,1,0.1907630060555129,0.501695960214842,1.8549808420873808,0.7264886901528955,323
A67W,-0.153047940142241,3314,0.0573325988124455,2468,1,0.07798308434606,0.5579432765521334,-0.2082505119913565,-0.1983454536570547,67
I21E,-0.153065411827824,3315,0.9619214556307584,640,1,1.0623148618326266,0.6926096856234955,0.7303740963219322,1.36238717874498,21
G104I,-0.153067881519418,3316,0.3528584302132465,1872,1,1.0996817604332616,0.9140506082970696,0.3700618754556797,-0.9723605233330248,104
D216P,-0.153105465586709,3317,-0.9268491251661832,3654,1,-0.3341533300049287,-2.000041054093283,0.1285044039259135,-1.5017065204924347,216
L261R,-0.153117232182034,3318,-0.3218617326789394,3108,1,-0.5140268556760299,-0.6473012273839871,-0.0577357431163049,-0.0683831045394356,261
L255R,-0.153128538201053,3319,-0.2575599560802128,3018,1,0.043011151134924,-0.9313039395698208,-0.2722450306821194,0.1302979947961646,255
F74D,-0.15328000346448,3320,-1.1044040675385605,3740,1,-2.0768930908645147,-1.75599237674291,-0.5878143559635053,0.0030835534166884,74
L277G,-0.153351456744354,3321,-0.6221335714404809,3423,1,-0.7550034123019451,-1.1024361768293514,-0.5429498188172318,-0.0881448778133949,277
H30W,-0.153377478398613,3322,-0.4575652495473206,3260,1,-0.4036639620365716,-0.6985755446156463,-0.6066490396945652,-0.1213724518424995,30
I110R,-0.153392868222231,3323,0.2757395597840635,2041,1,0.7063953071986149,0.0583077295666664,0.2736437837368972,0.0646114186340755,110
D132Q,-0.153489819921631,3324,-0.474730074981516,3275,1,0.3354596268775745,-1.642438563795514,0.3841146224555155,-0.9760559854636396,132
D190M,-0.153611835144709,3325,-1.2260196142138318,3778,1,-0.7815408368107747,-1.917657801981882,-1.371225465213286,-0.8336543528493848,190
E275G,-0.153658040764322,3326,-0.1173666588381538,2798,1,-0.4782805960855626,-0.0209364028471675,-0.0674569261547506,0.0972072897348654,275
S266E,-0.153669226648835,3327,-0.590089164021451,3397,1,0.8683925779375571,-2.227361454380244,1.0000694558174077,-2.0014572354605247,266
E165V,-0.153684149891089,3328,0.0224916456679505,2539,1,-0.2778037305884182,0.2962995010746645,0.3255114073552711,-0.2540405951697151,165
I21P,-0.153739295033729,3329,-0.2412215178508831,2990,1,-0.2624738922569457,-0.0894075319330976,-0.917326270376888,0.3043216231633986,21
G240H,-0.153745105454056,3330,0.1874788185062376,2204,1,-0.2423429984452183,0.2073417358093089,0.4062592714085962,0.3786572652522635,240
L103D,-0.153785260176829,3331,0.4986980594175743,1577,1,1.1251341531255463,1.195987265918664,0.709154257070479,-1.035483438444392,103
N113R,-0.153846606452897,3332,0.2111050568109204,2165,1,0.5837526204196183,-0.2154904343568713,0.074038276333028,0.4021197648479068,113
G26A,-0.154023443806469,3333,-0.5665330950814038,3381,1,-1.1334025387317783,-0.1160815536030153,-0.5571779005347364,-0.4594703874560851,26
D268R,-0.154048143343185,3334,0.5086042447144951,1557,1,0.3431100112083652,0.524215492136366,1.461066224134285,-0.293974748621036,268
G84A,-0.154088775488207,3335,-0.0278121896073036,2631,1,1.0191808669977478,-0.7832186687277759,0.4812844889023326,-0.8284954456015191,84
E71W,-0.154111873119271,3336,0.0906101550244746,2406,1,-0.1252962624301628,0.0905805834843774,-0.2686310038897055,0.6657873029333894,71
E230F,-0.154185154094931,3337,-0.3932749828611024,3192,1,-0.7027338462086332,-0.1508350424635079,-0.4408487692074014,-0.2786822735648669,230
S307L,-0.154258714145863,3338,0.9318113534263412,702,1,0.831950041771097,0.974319779094192,1.3839556676515896,0.5370199251884864,307
K322G,-0.154316049907043,3339,0.4823381576801938,1608,1,1.5450152464261917,-0.9124676997558696,1.5639640433647348,-0.2671589593142811,322
G128A,-0.15435000678876,3340,0.0272605800821376,2529,1,0.6516562981994853,0.0407097149848506,0.0511178773600054,-0.6344415702157911,128
N98P,-0.154359228464342,3341,-0.3502036020304113,3140,1,0.6191755659229496,-0.919444873864729,0.14620085425563,-1.246745954435496,98
Y107H,-0.154397070250342,3342,0.3045751893965364,1977,1,0.3507994400957744,0.3017492137246092,0.2126840713011153,0.3530680324646467,107
E272K,-0.154398467229992,3343,0.8764999214148896,800,1,0.6709329240396809,0.8703042947091796,0.9831710775419892,0.9815913893687088,272
V81R,-0.15443141298077,3344,-0.5130869256300487,3326,1,-0.1868385814999643,-1.206780586585808,-0.2801634995216197,-0.3785650349128023,81
M87P,-0.154862331478285,3345,-0.6059791163068606,3407,1,0.1219907515010845,-0.6676952344254632,-0.6312396676515935,-1.2469723146514704,87
G84P,-0.154941113703551,3346,-0.5021854314161395,3312,1,1.010954799031882,-1.1048865060035225,-0.2947539545816321,-1.620056064111285,84
A171P,-0.154983894496385,3347,-1.0204286362090182,3702,1,-0.7066622809085253,-1.3628502228340855,-0.762123853711132,-1.2500781873823308,171
Q191C,-0.15501284268496,3348,0.506965958166906,1561,1,1.02791273542675,0.2760376221122343,0.0782985523726193,0.6456149227560207,191
R313G,-0.155093910001651,3349,1.2747978954093335,202,1,1.128201917254199,1.4982905412678438,0.8850203591796607,1.5876787639356305,313
I265T,-0.155098191948273,3350,-0.2354112667644059,2987,1,-0.2700183069290359,-0.1741935623264987,-0.1522483984593971,-0.3451847993426917,265
I265Q,-0.155227990315376,3351,-0.8254013715086728,3575,1,-1.0222874501858066,-0.6908731877005829,-0.3102769372204622,-1.2781679109278394,265
F74M,-0.155242368106342,3352,0.0291336558159922,2525,1,-0.1717838338377254,-0.0735850042637609,-0.1012493347393294,0.4631527961047847,74
S266N,-0.155244261752972,3353,-0.3499532319831135,3139,1,0.2740803357840488,-1.3896019743624066,1.106314478621836,-1.3906057679759325,266
E148S,-0.155279278299894,3354,-0.0050108555477319,2586,1,-0.2806805272304841,-0.0130992550030965,0.2552918970858959,0.0184444629567567,148
D268I,-0.155362837585534,3355,0.1212411193533639,2353,1,-0.0388861674775708,-0.0405662987520489,1.451729196061316,-0.8873122524182405,268
K68P,-0.155387639679558,3356,-0.0899028384088971,2744,1,0.0021628893092742,0.3527140063488294,-0.2050396318261518,-0.5094486174675406,68
G153V,-0.155418498410551,3357,-1.75058779784628,3902,1,-2.292849761955653,-1.3891168284598818,-1.955836578786433,-1.3645480221831523,153
G170F,-0.155429276613481,3358,-0.0237400545640377,2623,1,-0.0178224497760307,-0.5433586543669704,0.4545461726451466,0.0116747132417033,170
L255N,-0.155457110408612,3359,-1.0158538803392418,3699,1,-1.156748333621993,-1.830794114606552,-0.6425657152865011,-0.4333073578419215,255
M58G,-0.155480516299093,3360,1.4751203017881824,66,1,2.286001996768888,2.523122300319401,0.4147201093373339,0.6766368007271072,58
E294I,-0.155545808801024,3361,0.2089859766102831,2168,1,0.5110447276264098,-0.8691372979715029,1.0680445902847069,0.1259918865015188,294
A23H,-0.15564327447784,3362,-0.527240705156006,3344,1,0.1321123329419101,-0.9876546632472868,-0.220532298071399,-1.0328881922472484,23
S215E,-0.155652564968622,3363,0.0889984106008983,2409,1,0.5574413850663716,0.3739553068876048,0.52820428552116,-1.103607335071543,215
G125W,-0.155659749198314,3364,-0.782444289146253,3544,1,-0.4695248468932625,-1.635484974929171,-0.2063159657211865,-0.8184513690413917,125
S245A,-0.155695692120482,3365,0.7032883083164418,1164,1,0.3418660396449814,0.7913311389795312,0.437660866759056,1.2422951878821986,245
K76H,-0.155698042255875,3366,0.8509946650221751,860,1,0.3578282464850694,1.1258756469031284,0.5504492859746779,1.3698254807258252,76
A19W,-0.15572592596334,3367,-2.523886114025644,3972,1,-3.6234236260404256,-2.372619666179743,-2.236165773696831,-1.8633353901855767,19
G273L,-0.155775390341901,3368,-1.292571526436742,3793,1,-1.4069000564015384,-1.479564204673984,0.461086567116987,-2.7449084117884333,273
P248H,-0.155923079576464,3369,0.3830901377054927,1815,1,0.1218701880425907,0.4840815881261193,0.3160218185326511,0.6103869561206097,248
I265C,-0.155926480766126,3370,-0.3464334974417333,3135,1,-0.5291787970621444,-0.2417150683951773,-0.2491986784718158,-0.3656414458377957,265
L311R,-0.15606300347645,3371,1.3016510226639455,176,1,1.1523767579023636,1.2934196101300452,1.0752360615639904,1.6855716610593838,311
L20N,-0.156078765154357,3372,-0.1754100086739196,2893,1,-0.5412235464914777,-0.6131902461785105,-0.1584186193798976,0.6111923773542071,20
R288M,-0.156108703641346,3373,0.1159464178944324,2356,1,0.0453449994598347,0.1797023676271285,-0.2266886221559287,0.4654269266466951,288
L152P,-0.156134602966854,3374,-1.1917813497866887,3772,1,-1.3040029772922537,-1.58399839051486,-0.1393181487850636,-1.739805882554577,152
M87G,-0.156270559405653,3375,0.1414773233157783,2315,1,-0.1714912109537909,0.8781918147983572,-0.5353990747735392,0.3946077641920862,87
G342H,-0.156307946591518,3376,-1.5745889004490106,3869,1,-0.6911309596926347,-2.8794726143813176,-1.2362369811397196,-1.4915150465823703,342
G240Q,-0.156405018315382,3377,-0.0327105983154557,2640,1,-0.2193226305491803,-0.0119992443642052,0.0965536576637924,0.0039258239877699,240
L261A,-0.156442044316665,3378,0.2066585649459102,2171,1,0.1465014264390359,0.7377474651186906,-0.3145690636963804,0.2569544319222946,261
S266K,-0.156505545185521,3379,-0.4082015108254704,3207,1,0.8348437613244383,-1.902137951591512,1.1478098842503786,-1.713321737285187,266
V251L,-0.156506441866669,3380,0.0440914906149688,2493,1,0.5557519045965732,0.3439609649203536,-0.2408825330104863,-0.4824643740465651,251
G312D,-0.156703133324521,3381,0.8887775707307557,781,1,0.7725257203739111,1.0024061256627808,0.8410585410643259,0.9391198958220052,312
S119W,-0.156717152212721,3382,-0.2067308189038748,2949,1,0.3664253409272943,-0.629797807376997,-0.5764783998819839,0.0129275907161873,119
V276F,-0.156757681586772,3383,-0.5659305814790745,3380,1,-0.1394415755921568,-0.7895884594406365,-0.1726682275165041,-1.1620240633670005,276
T270P,-0.15677239928235,3384,-0.3760501802663404,3176,1,0.8017620838893468,-1.5228410958543606,1.277352372437534,-2.060474081537882,270
L350E,-0.156867612086405,3385,-0.3448051356010813,3134,1,-0.5782172663988147,-0.4876432106089101,-0.5861175989087811,0.2727575335121804,350
G228T,-0.156905088773482,3386,-0.1604514121212998,2869,1,1.1160710103549756,-0.4102090553546768,-0.0957890627574821,-1.2518785407280155,228
K108P,-0.156977012235146,3387,-0.4665259176547683,3269,1,0.0825005975289182,-0.6171009583530401,-0.1223278870206902,-1.2091754227742613,108
G125I,-0.157067611810139,3388,-1.0850779868834564,3733,1,-1.21770906274448,-1.766273513642196,-0.1328774621930829,-1.223451908954066,125
V251E,-0.157077301862596,3389,0.2177600595179211,2149,1,0.5394504631604837,0.228666218708789,-0.1910960450384702,0.2940196012408817,251
H30M,-0.15711865825792,3390,0.0364833274503454,2508,1,0.1686869012297318,-0.2410357880502161,0.4575777926066129,-0.2392955959847469,30
Y114T,-0.157167234707289,3391,-0.0161420814130361,2611,1,0.2465970561540759,-0.1930790014635495,0.038587736810208,-0.156674117152879,114
D190I,-0.157258573814407,3392,-1.1087112483717236,3743,1,-0.6087888102694733,-1.4637859310349617,-1.4204999431528424,-0.9417703090296174,190
V129K,-0.157274656957703,3393,-0.4657821275449247,3268,1,-1.1287192360522795,-0.1947323776849332,-0.5338534385700092,-0.0058234578724768,129
H30F,-0.157313736288419,3394,-0.1016482799615889,2771,1,-0.1049813000190234,-0.3282722744201674,-0.1895386100713336,0.2161990646641688,30
E275L,-0.157331049760099,3395,-0.247069694952975,2999,1,-1.4574299825946513,-0.1466683162855289,0.0108441513668563,0.6049753677014237,275
C207H,-0.157410230353563,3396,0.8166752637037158,931,1,1.8795367231900677,0.6714379361896688,0.6931653350622143,0.0225610603729123,207
M87N,-0.157416746521296,3397,-0.0800016867931826,2719,1,-0.6323470161958701,0.6863012038609407,-0.3575880380625495,-0.0163728967752518,87
L102E,-0.15742274377119,3398,0.34174500213933,1898,1,1.2696779665449245,-0.2581060511301221,0.3906741716653086,-0.0352660785227906,102
L326G,-0.157655191547969,3399,-1.5583831558373815,3862,1,-1.9312306553203804,-0.8950983098636124,-1.6684295570605354,-1.7387741011049984,326
V81H,-0.157697105392904,3400,-0.4124082149062232,3211,1,-0.0332878286372997,-1.029283377103824,-0.0603254329448154,-0.5267362209389539,81
G128D,-0.157703959014664,3401,-1.7586046993201854,3903,1,-1.2093006361597836,-1.726428402050402,-1.4817275112202135,-2.616962247850342,128
V251Y,-0.157733928510229,3402,-0.327117060575754,3114,1,-0.0914024621483969,0.0612915163498078,-0.527808728065281,-0.7505485684391461,251
G269K,-0.158131781442577,3403,0.564820052139753,1436,1,0.5966855573490938,0.3666635360761416,1.6661102936732617,-0.3701791785394851,269
L300K,-0.158173015932862,3404,-0.1840350300363231,2908,1,0.7081437328611134,-0.7543375248468447,0.2579514992746635,-0.9478978274342248,300
W106G,-0.158185785567434,3405,0.0064765291133457,2562,1,0.4562591314839,-0.3898169503488873,0.0827946662386297,-0.1233307309202595,106
R209Y,-0.158252380411336,3406,0.3769160806093471,1830,1,-0.0935936548518945,1.4567112486385698,0.3167186243114662,-0.1721718956607528,209
L80I,-0.158264655226038,3407,-0.0743168190387259,2709,1,0.0458209833650097,0.1883175748694977,0.0321797240342866,-0.563585558423698,80
A86L,-0.158273694973005,3408,-0.0485991984301215,2664,1,0.1163271778843641,0.7368394332817915,0.6229867799608845,-1.6705501848475264,86
R209C,-0.158293765678084,3409,0.3004521496477066,1984,1,-0.5433440993074917,0.7229136155993753,0.545741561833618,0.4764975204653252,209
S266V,-0.158324004667241,3410,-0.6921991011661683,3477,1,0.5325040306633548,-1.565735804664061,1.0339644027553485,-2.769529033419316,266
R288V,-0.1583930025729,3411,0.6103207402158037,1352,1,0.8391683710082116,1.0056671341472796,-0.033027457229984,0.6294749129377079,288
T59E,-0.158457422013472,3412,0.2625828999008296,2064,1,0.8284461539742802,0.5078248898085586,0.1554168618072844,-0.4413563059868047,59
Q252V,-0.158504133745509,3413,0.3066833248299879,1970,1,-0.0295554717107911,0.4763983149691139,0.1038011312057224,0.6760893248559063,252
N98M,-0.158645436413042,3414,-0.2905928385264646,3068,1,-0.3030564879615114,-0.5719263427667097,-0.0436552143215151,-0.243733309056122,98
G187A,-0.158929783119588,3415,-0.3544547542900993,3150,1,0.1288797227541789,-0.105925063442407,-0.4238886250754354,-1.016885051396734,187
Q191P,-0.158966202807054,3416,1.073352624787276,476,1,1.611403571845106,1.904009050239863,0.41519109112138,0.3628067859427552,191
M58Q,-0.159096823257518,3417,1.229011189820681,258,1,1.3765655506837269,1.5453454934838906,0.3798023517958651,1.614331363319241,58
L145Y,-0.1593137289443,3418,-0.7690104124675188,3535,1,-0.9651826486555524,-1.3025693862180838,-0.7975599310474164,-0.0107296839490222,145
V129F,-0.159346875133547,3419,0.4869740942328877,1599,1,1.167156473860217,0.8030975755466736,0.2318619051907275,-0.2542195776660669,129
C207P,-0.159351180412422,3420,0.0008037891474803,2572,1,1.5704066694660068,-0.6285703603470871,0.0178573063481032,-0.9564784588771016,207
Y114W,-0.159424960198574,3421,0.7123009932816984,1138,1,0.4758377015676959,1.013661675444437,0.0992058355149987,1.2604987605996618,114
S310P,-0.159451039638103,3422,0.9705142127818686,623,1,0.9619120252613332,1.0963262861848142,1.607561568915397,0.2162569707659297,310
G128I,-0.15949399000825,3423,-1.6074117260225396,3877,1,-0.864512416327644,-2.237262184142161,-0.1335230509126433,-3.19434925270771,128
G312C,-0.15951699774812,3424,0.2507730536573462,2089,1,-0.1861209793040717,0.5032652664588672,0.1340092847958522,0.5519386426787373,312
S205W,-0.159789805771592,3425,-0.8388767579133034,3587,1,-0.0443193850894744,-1.097400600749622,-0.710159095581407,-1.5036279502327106,205
V203P,-0.159797981894231,3426,-1.876951132830264,3919,1,-2.1476050333922667,-1.855934968710495,-1.850191262417514,-1.6540732668007794,203
Q3M,-0.159854581348553,3427,1.2348819843535488,249,1,0.4215986702529971,1.0680532865141563,1.919829580537548,1.5300464001094938,3
Y27R,-0.160064394095818,3428,-0.1514757650816456,2856,1,-0.4018585370213454,-0.6281874171621361,0.3260091064938453,0.0981337873630538,27
P112F,-0.160211241113511,3429,-0.0244589155066854,2625,1,-0.3442387168567725,1.1309000009723054,0.0814886418058915,-0.9659855879481664,112
G125K,-0.160231344366436,3430,-0.0986574942373595,2764,1,-0.5427869404620527,-0.2957393488228753,0.2064193873694191,0.2374769249660706,125
G273H,-0.160281415820848,3431,-0.3958319086510246,3194,1,-0.2632588519638031,-0.0359815051301016,0.6636752090439912,-1.9477624865541847,273
R288C,-0.160296772638872,3432,-0.1904091291806317,2921,1,-0.2859217552984411,-0.4098313110672694,-0.2507289930125406,0.1848455426557244,288
C122D,-0.160332907402521,3433,-0.6934596813533566,3479,1,-0.4830534663686412,-1.1895103561540254,-0.3801110490001593,-0.7211638538906001,122
V129Q,-0.160348431679926,3434,0.1337182944829897,2332,1,-0.4680549122062118,0.3394487022592646,0.0107209578419138,0.6527584300369923,129
P308Y,-0.160423089428264,3435,0.5656991508818477,1432,1,0.1740943315482635,0.8901893804020459,1.1124972720554436,0.0860156195216375,308
A67M,-0.160447062519672,3436,0.305177680868047,1974,1,0.2326574418631068,0.4133611750381172,-0.0007985269515924,0.5754906335225565,67
V251C,-0.160478155643942,3437,0.3156766847683784,1950,1,0.3448969802262773,0.7483670375678558,-0.2020605083097731,0.3715032295891536,251
V174W,-0.160743107009896,3438,-1.4525326017396445,3831,1,-1.226326617988839,-1.8713622533641048,-0.8505906473015847,-1.8618508883040488,174
A96I,-0.160748459304079,3439,-0.5665849414163091,3382,1,0.2681304485220924,-0.2696009404023728,-0.5898234697642867,-1.6750458040206693,96
T92M,-0.16084693520164,3440,0.350182801602855,1878,1,0.1594518267908902,0.8280515546443837,-0.0178660475169115,0.4310938724930573,92
L350R,-0.160856951346249,3441,-0.1574203068074702,2865,1,-0.1663347939917026,0.0559523753744583,-0.6474068999239906,0.128108091311354,350
L255G,-0.16086702365793,3442,-1.1155858048361438,3746,1,-0.746122893492019,-1.904394780335141,-1.0690574514786175,-0.7427680940387976,255
T92G,-0.160900799553759,3443,0.3108742938208372,1962,1,0.4188755949687532,0.7914129899152551,-0.1411033059268164,0.1743118963261569,92
V276E,-0.160934188708715,3444,-0.5263811628768592,3343,1,-1.0308298055944638,-0.9649993893789116,-0.2114720641170312,0.1017766075829699,276
R65C,-0.160946780949312,3445,-0.3194884303193372,3104,1,-1.1034969438504718,-0.616948161486197,-0.1480653643034312,0.5905567483627512,65
G63R,-0.161072090062843,3446,0.236756726602996,2116,1,0.4723556504194587,1.7105758883604163,-0.2274738718283732,-1.0084307605395175,63
V276D,-0.161290128260978,3447,-1.275702796582656,3787,1,-1.7392983465862055,-1.975751297558013,-0.1682683049164125,-1.2194932372699927,276
P301V,-0.161362182647874,3448,-0.490771713411783,3298,1,0.4996718040162439,-1.882888589626378,0.346102403593803,-0.9259724716308008,301
K204P,-0.161472633861011,3449,-0.9309637576767688,3657,1,-1.0800756149904185,-1.0931742774534552,-0.2220957681401264,-1.3285093701230748,204
V81T,-0.161477612823575,3450,0.378675160174964,1826,1,0.5870474876589927,0.2370614872245698,0.0670494962136334,0.62354216960266,81
S307G,-0.161566924571782,3451,0.8578618474601343,844,1,0.8619717384374254,1.1129995627162814,1.4191647649378805,0.0373113237489497,307
D262F,-0.16161237445119,3452,-0.0662267024497903,2691,1,1.271671194599914,-1.3292204566573806,0.5688328953957669,-0.7761904431374617,262
A316L,-0.161933749526469,3453,1.1027399976063326,435,1,0.5628272440781381,1.034458549494684,1.2003746149828391,1.6132995818696692,316
V351E,-0.162081809415258,3454,-1.8384070439426885,3914,1,-2.690840981074344,-1.1647463587208362,-1.9377333405002612,-1.560307495475313,351
D268Y,-0.162278136474739,3455,-0.0093115929985437,2595,1,-0.3083701445173311,-0.4209165018525739,1.4955676617358018,-0.8035273873600716,268
V81N,-0.162278433200942,3456,-0.6459618458566978,3435,1,-0.0944349652981553,-1.3817447917424337,-0.3426530608887611,-0.7650145654974412,81
G91F,-0.162308628721024,3457,-0.9163327340381336,3645,1,-1.5698526756020952,-0.5793444087477795,-1.5573933188535445,0.0412594670508848,91
L302K,-0.162320278665819,3458,0.5563264505490748,1455,1,0.7604874767327684,0.6046346387963426,1.268507193694455,-0.4083235070272665,302
K208Y,-0.162377841927216,3459,0.537743563737212,1500,1,1.381174223521051,0.3919226333986161,0.2261752023454544,0.1517021956837266,208
S310D,-0.162442825918979,3460,1.1279579179291552,406,1,0.7812318997842872,0.9289975655385624,1.6466610051146893,1.1549412012790818,310
V129M,-0.162483411647598,3461,0.3058648895411737,1973,1,0.3146823309234911,0.5114902393794857,0.1110215400658462,0.2862654477958721,129
L259Q,-0.162527497822563,3462,0.1439425090940977,2308,1,0.5228299924161876,0.0959572579639474,0.094453134128515,-0.137470348132259,259
K90G,-0.162615402800978,3463,0.4447986236649889,1678,1,1.2827506305083798,0.2420151489673854,0.0812538841289956,0.1731748310551948,90
C258I,-0.162633700902519,3464,-0.0994751562755029,2767,1,0.6355552930217679,0.0419729202856731,-0.2594463749795379,-0.8159824634299149,258
V347P,-0.1626623563201,3465,-2.46852868506651,3968,1,-3.013360182754142,-2.247479159037611,-2.2411559414457933,-2.3721194570284925,347
G228P,-0.162851823886459,3466,-0.8426070841619697,3595,1,-0.4070356309900093,-1.2517786932603998,-0.1799753014852813,-1.5316387109121885,228
D262N,-0.162940355322239,3467,0.4780898095848502,1615,1,0.7087904789650809,-0.0431608022312829,0.3092731501614775,0.9374564114441256,262
Y27A,-0.16295577831201,3468,-0.0081946842443088,2592,1,0.1788036377255759,-0.1585183790217029,0.1295204699146137,-0.1825844655957223,27
W106D,-0.162997030938181,3469,-0.2278354635196255,2982,1,0.2602257586308647,-0.4341347622594841,0.1394878887976579,-0.8769207392475408,106
G290M,-0.163129798682515,3470,-1.2116536792645634,3776,1,-0.7994898740198825,-1.4649230947709353,-0.5708267768324436,-2.011374971434992,290
G240W,-0.163312446458265,3471,-0.540528061340067,3358,1,-1.244459212768679,-0.9183655320136348,-0.075332742214433,0.0760452416364784,240
V129L,-0.163448103962268,3472,0.5801530753017824,1408,1,1.1481328907499715,0.7671742396369877,0.3228797296077572,0.0824254412124131,129
V129G,-0.163454468727954,3473,-0.50251509825639,3313,1,-0.6490359156458629,-0.172435954549476,-0.4082814822766105,-0.7803070405536102,129
C258F,-0.163480653348651,3474,-0.5381184329306756,3353,1,0.1051337432704427,-0.4447989691461006,-0.730463238504196,-1.0823452673428486,258
T61H,-0.16360598196649,3475,0.8291007437075035,902,1,0.8312852917336475,1.0004922656540838,0.3376805223973926,1.1469448950448904,61
D190W,-0.163630623611023,3476,-1.0390320117926617,3709,1,-0.6374621184547056,-1.5121222371423422,-1.1902137915331186,-0.8163299000404803,190
L149G,-0.163756576908931,3477,0.0170669416574206,2548,1,1.0608816327632375,0.1452183338222721,-0.7816820906158887,-0.3561501093399383,149
A86Y,-0.163761114661411,3478,-0.8689506299681516,3610,1,-0.3631057581239836,-1.177339863805808,-0.35336619945326,-1.581990698489555,86
D132G,-0.163801847153556,3479,-0.362475315828753,3164,1,0.4695910933648933,-1.2029270622842632,0.0270661269785136,-0.7436314213741558,132
D303Y,-0.163898251063238,3480,0.3199691361408746,1941,1,0.335370088756419,0.2576949605590193,1.831521634188301,-1.1447101389402412,303
I21G,-0.163941157405337,3481,0.1063020806668509,2376,1,0.771187886600544,-0.8676770417735233,-0.1877878751588411,0.7094853529992244,21
G314L,-0.164289835788791,3482,1.1377556763072365,383,1,0.7863299612021518,1.2208748798212006,0.9587711958045828,1.5850466684010094,314
V129W,-0.164338818522305,3483,0.1693203473933992,2244,1,1.0379281703143324,-0.005642260691636,0.0970328296172096,-0.4520373496663091,129
E165W,-0.164389420309913,3484,-0.3992197251136895,3199,1,-1.1846953128138804,0.2434334335778752,-0.0094152481542631,-0.6462017730644897,165
S72G,-0.164419808475243,3485,0.4380282269590919,1692,1,0.6112110070564085,1.0600903824105905,-0.1878294177266629,0.2686409360960318,72
L22H,-0.16445505833924,3486,-1.6045502227413695,3875,1,-2.3167766357645028,-1.1197515489081016,-2.1705859405573653,-0.8110867657355079,22
T92P,-0.164661291591258,3487,-0.7140325801893872,3500,1,-0.3927034582258146,-0.2249980767435076,-0.551243757161871,-1.6871850286263552,92
L309D,-0.164741014505015,3488,0.8586627480543941,839,1,0.8486028743892782,1.0466519930735227,1.4000068719820178,0.1393892527727579,309
A146E,-0.164751315876466,3489,0.528828187135032,1518,1,0.7933586693167008,0.700578898145423,0.0149942743610902,0.6063809067169137,146
Y144W,-0.164772052919465,3490,0.9160552779372696,725,1,1.1655168186866822,0.7234390846584607,0.5371603166128615,1.2381048917910746,144
G26C,-0.16486678247066,3491,-1.2016940356051282,3774,1,-2.070222908678623,-0.6898847631553198,-1.2475156260050504,-0.7991528445815196,26
V174Q,-0.165052562643377,3492,-2.0535317141235288,3938,1,-2.583280254234776,-1.8149379843067477,-2.012674497204642,-1.8032341207479492,174
L145F,-0.165079934971572,3493,-0.4954111500928978,3304,1,-0.4108719232879746,-0.7916567330465104,-0.7869056842697046,0.0077897402325983,145
P248V,-0.165132188679324,3494,0.1573157453196185,2276,1,0.0345520540911478,0.1816027548830436,0.2996450605475756,0.1134631117567071,248
K75C,-0.165189716611563,3495,-0.122011168570331,2806,1,-1.0247899576299435,-0.362508916783355,0.3370451206771355,0.5622090794548391,75
A192P,-0.165337282241118,3496,-0.0633244935028059,2689,1,0.935282930069358,-0.5922634155399596,-0.1723382772734136,-0.4239792112672085,192
G312S,-0.16550723538678,3497,1.0297890879637452,538,1,0.9901706729829458,1.2617951349165677,0.8493920484124674,1.017798495543,312
V81P,-0.165513080142942,3498,-1.00727075976392,3692,1,-0.3827211812375602,-1.0737938018283086,-0.5351037536156165,-2.037464302374194,81
L22R,-0.165553954232559,3499,-2.049334454153082,3937,1,-3.1320362944042923,-1.690970652776261,-2.4770640317015893,-0.8972668377301851,22
L103W,-0.165565771558588,3500,0.287582033792701,2014,1,0.267632706588135,0.7330906477454016,-0.0091777518346007,0.1587825326718681,103
I110Q,-0.165634101281587,3501,0.1922302199889277,2197,1,0.3634434296168189,-0.0524405807426354,0.3906218750021392,0.0672961560793883,110
A316H,-0.165708043466023,3502,0.8671991978137817,816,1,0.0569963354256514,0.8054347652980725,1.2635033964622695,1.3428622940691333,316
L277T,-0.165753926294709,3503,0.1900837045915558,2200,1,0.3196800145157072,0.0647732560757649,-0.0275542648404698,0.4034358126152209,277
K68W,-0.165812590065233,3504,-0.2367749122536609,2989,1,-0.6239758553948882,-0.4440202757359068,-0.5065885665973818,0.6274850487135328,68
F74C,-0.165837856143614,3505,-0.357658690967787,3154,1,-0.7535015383224177,-0.5557978409565494,-0.4000677749679626,0.2787323903757818,74
A96C,-0.166055747365944,3506,-0.0022179064851208,2575,1,0.128953369848893,0.150872578709742,-0.1640086822829916,-0.124688892216127,96
P112W,-0.166062945453174,3507,-0.3803527117500881,3179,1,-0.6360197006965577,0.4810771959563704,-0.2716469420831965,-1.0948214001769687,112
G290L,-0.166086639852014,3508,-0.991398706658201,3681,1,-0.5112113038557227,-1.323665498032764,-0.6926029323684131,-1.438115092375904,290
E165R,-0.166109826905041,3509,0.1667590738263946,2250,1,0.3689772903961853,0.0994482542635804,0.416791676251802,-0.2181809256059894,165
V246W,-0.166154738825517,3510,-0.549141289318189,3366,1,-0.71103037716744,-0.4955039436954979,-0.3034106043156293,-0.6866202320941884,246
C258M,-0.166391070844616,3511,-0.1106283466015237,2786,1,0.2753109911193385,0.16449597271795,-0.2763422611390262,-0.6059780891043574,258
S307P,-0.166458284152044,3512,0.6431336716642695,1296,1,0.9619725821598692,0.9257120841948928,1.3800719406036577,-0.6952219203013418,307
L309C,-0.166492046094136,3513,0.4261344645265095,1721,1,0.0365051270848882,0.4874024790341589,1.2948591965485188,-0.1142289445615279,309
T111S,-0.166547691084692,3514,0.7492453678187613,1054,1,0.8292692737650416,0.8873537304983149,-0.2014363577570661,1.481794824768755,111
D190G,-0.166584567873173,3515,-0.6589937220834423,3447,1,0.3677778766026752,-0.9679290315461676,-0.6980967647049484,-1.337726968685328,190
E272F,-0.166960497242381,3516,-0.1430410282019207,2838,1,-0.5722473310886579,-0.553977719606619,0.5781353461971636,-0.0240744083095696,272
V129E,-0.167049295927883,3517,0.4628948417930267,1643,1,-0.27572643831563,1.0282649823882093,-0.240615578608431,1.3396564017079584,129
Y107Q,-0.167146766181296,3518,-0.0573694525989413,2678,1,0.3193305102087404,-0.320339897989375,-0.1622646931783674,-0.0662037294367634,107
E364C,-0.16719218740687,3519,0.9743889112114046,617,1,-0.1663186179684973,1.0600858333752392,1.919829580537548,1.0839588489013283,364
D268N,-0.167293726853225,3520,1.0081795795764277,573,1,0.4016033955908633,1.0999393614749478,1.5912344516110886,0.9399411096288098,268
L309G,-0.167324063533021,3521,0.8652763224616851,820,1,1.029042266048321,1.248416776599579,1.353722994814028,-0.1700767476151873,309
P112A,-0.167335100130752,3522,0.2534941286697223,2084,1,0.156465217947552,1.080335634411058,0.0132548375617129,-0.2360791752414337,112
P217Y,-0.167358980736614,3523,-0.1625769749997556,2872,1,-0.6647186585905173,0.082206807971858,-0.2054849684377505,0.1376889190573873,217
V203T,-0.167363712047991,3524,-0.1476006297955623,2852,1,0.035796173066651,-0.4556341056397747,-0.342955053195007,0.1723904665858811,203
L350Q,-0.167418293566006,3525,-0.2263723543466724,2980,1,-0.5450507385479557,-0.1276747147190863,-0.5179239317909797,0.285159967671332,350
I298N,-0.167475252235939,3526,0.078237008699271,2425,1,0.5173868687098789,-0.6558085258017227,1.104662330323697,-0.6532926384347696,298
V327D,-0.167519663817025,3527,-2.1759450144121613,3957,1,-3.3506235445886623,-2.148665869058495,-1.0396645028978804,-2.164826141103607,327
V203Y,-0.167575988250365,3528,-1.0023932731720937,3690,1,-0.6491346228008283,-1.6758806624511169,-0.6135674002299522,-1.0709904072064762,203
Y144R,-0.167723091260659,3529,-0.1779210218450738,2898,1,-0.0040931925790505,-0.3925193626527549,-0.3039049203407195,-0.0111666118077705,144
A19V,-0.167777936433681,3530,-1.6148818622203795,3881,1,-1.7331691472225474,-1.3312919003227326,-1.3004329839500086,-2.09463341738623,19
S205P,-0.167934147695618,3531,-0.5903638936855252,3398,1,0.7061111162878942,-1.4747310051913347,0.0774986671750299,-1.6703343530136905,205
E165T,-0.167987257612502,3532,0.3283120598768329,1928,1,0.3506194007609517,0.4649073565706159,0.3424238439917368,0.1552976381840272,165
V251R,-0.167999728939548,3533,0.1309243532747743,2337,1,0.5449713418458928,0.0575803911200174,-0.1921700342735761,0.1133157144067633,251
F95V,-0.168109027304544,3534,0.4058619996161893,1762,1,1.1298435870600283,1.53891751632931,0.3783623113483735,-1.423675416272955,95
G273D,-0.168123000598085,3535,-0.2598847787878299,3020,1,0.5016065979072131,-0.486966466311531,0.8807228210249997,-1.9349020677720008,273
V7S,-0.168301015182542,3536,-0.0469722019633531,2661,1,-0.7211616190158058,1.1609316703899109,-0.1873501272634992,-0.4403087319640185,7
H105C,-0.168343217068307,3537,0.730270584903965,1099,1,0.370687536319831,1.3784231269118357,0.1857846482120339,0.9861870281721592,105
R115I,-0.168407973209245,3538,-0.1465364250438474,2850,1,0.1853128065674867,-0.0283458462664569,-0.3724175912121483,-0.370695069264271,115
L20C,-0.168425137499572,3539,-0.2439145292812646,2994,1,-0.1680903150908682,-0.5665123883876776,-0.3819028473454524,0.1408474336989396,20
V81K,-0.168463909792784,3540,-0.5445408459119663,3363,1,-0.4083046920960682,-1.0327714569487372,-0.3885122962117719,-0.3485749383912876,81
P248I,-0.168582649310822,3541,-0.0695324525026094,2698,1,-0.3586994329888427,-0.2171230149880788,0.273831322399465,0.0238613155670189,248
M87T,-0.168598128143394,3542,0.589192423289464,1395,1,0.2483518500201207,1.4140321355739731,-0.0721845333903982,0.7665702409541603,87
L311G,-0.168800904793899,3543,1.463765227948128,69,1,1.2245044267672278,1.46264409420327,1.6205994440053832,1.5473129468166305,311
I274R,-0.168832221917103,3544,-0.7497892124907691,3524,1,-0.0080202317775485,-1.7973345172226298,-0.2323068679968058,-0.9614952329660924,274
S72W,-0.168996871766108,3545,0.2835314541041335,2025,1,0.4026885649920527,0.1409894744785228,-0.1932731985118166,0.7837209754577751,72
G342D,-0.169033053422928,3546,-1.440514531420892,3829,1,-0.5108232168834438,-2.321918749306478,-1.234192730734854,-1.6951234287587928,342
T250M,-0.169177987241498,3547,0.342509628787935,1895,1,0.1435804749535552,0.232960317876597,0.1329879917366782,0.8605097305849093,250
G101I,-0.16932139865889,3548,-0.3576403695534801,3153,1,0.1309897110349888,0.3136660379133913,0.4082743090243139,-2.283491536186615,101
W88C,-0.169373061946427,3549,-0.1076017336492267,2781,1,0.9284380350398814,-1.1362465095939276,0.0956652661716923,-0.3182637262145533,88
P123Y,-0.169419953191857,3550,-0.4005621763533917,3201,1,-0.4425808204499922,-0.4609447160798216,-0.1653540671975444,-0.5333691016862088,123
S245I,-0.169428414009369,3551,-0.3728328202809707,3174,1,-1.0920058350306676,-0.2978535248899917,0.0412520896161464,-0.1427240108193698,245
L309W,-0.169445846269687,3552,0.6329066432287035,1309,1,0.0467236958726226,0.7642250065021574,1.2289405169292311,0.4917373536108025,309
W106Q,-0.169502386275591,3553,-0.0842860523847412,2732,1,0.4645207749078477,-0.6608306608292649,0.3210470633482531,-0.461881386965801,106
L300A,-0.169759947623338,3554,-0.143900068418599,2844,1,0.964490243569852,-0.5510485846488796,0.4850275847835065,-1.474069517378875,300
D169K,-0.16979791358227,3555,0.401614785747,1769,1,0.6252578685777772,0.1695066955313712,0.0557106261649508,0.7559839527139011,169
P112V,-0.169847470020858,3556,-0.0248193088788198,2626,1,-0.2116566500161866,1.108730665521324,0.124743726783175,-1.121094977803592,112
L173G,-0.169913449645693,3557,-0.4842520029651881,3285,1,-0.8850414211357506,0.5072412184574558,-0.2916840925966385,-1.2675237165858193,173
V203W,-0.170144690861205,3558,-1.289311562335227,3791,1,-0.7394732310731094,-2.184821285022572,-0.9976448660032092,-1.2353068672420169,203
L80G,-0.170146736807412,3559,-0.9078434766672946,3638,1,-0.6526032103088524,-0.801742340677189,-0.8809885160751922,-1.2960398396079449,80
C258H,-0.170223027606646,3560,-1.0848272402100407,3732,1,-0.9136845000090876,-1.2262001173437245,-1.5071819553312098,-0.6922423881561414,258
G128S,-0.170326059655969,3561,-0.6096649994027667,3408,1,-0.291006294111245,-0.7457923125177512,-0.2255450488620582,-1.176316342120013,128
V231P,-0.170392680615397,3562,-2.06765204512638,3942,1,-2.1180874665183915,-2.002048589359557,-1.6954679792137477,-2.4550041454138256,231
G26E,-0.170571566443519,3563,-0.671381147236652,3457,1,-1.318390714597883,-0.3929376837014816,-0.5615823678985385,-0.4126138227487048,26
G84Q,-0.170765824691766,3564,-0.1170813265992437,2797,1,0.6262753070239668,-0.6481194831364673,0.200452365338644,-0.6469334956231186,84
Y27I,-0.170787320910446,3565,-0.0394849876398119,2652,1,-0.1975258225517652,0.3994478473900448,0.3985828796454957,-0.7584448550430233,27
D346P,-0.170793843359646,3566,-0.8793124830946973,3622,1,-0.0804160727695215,-1.3123078089347238,-1.2325971026885765,-0.8919289479859676,346
L20A,-0.170834159533924,3567,-0.0114617757473631,2599,1,0.8097730087810895,-0.3875814244049502,-0.4265555991900177,-0.0414830881755739,20
V276G,-0.170842332443794,3568,-1.3108625039652255,3799,1,-1.5127139299745445,-1.8494201160759176,-0.5184577529605201,-1.36285821684992,276
D346Q,-0.170946932108963,3569,0.7680640355029843,1017,1,1.053748517558451,0.7266769834093643,0.1103947661135118,1.1814358749306104,346
G128R,-0.171020452452489,3570,-1.590742333189663,3873,1,-1.3448312991719231,-1.8836707067008085,-0.9395668622036998,-2.1949004646822217,128
R209P,-0.171103908766574,3571,-0.0288335280901085,2634,1,0.3909342862297146,0.0625817305573835,0.4426022770657387,-1.0114524062132713,209
D262R,-0.171170334562237,3572,-0.4832195316583813,3283,1,-0.4460391873844237,-1.2676469965886,-0.2798025760819436,0.0606106334214417,262
L350D,-0.17125236104594,3573,-0.9491504274319807,3662,1,-1.1410551538993057,-1.2769720435492988,-0.8951309986938736,-0.4834435135854451,350
G290A,-0.171398603865577,3574,-0.7952302712139558,3551,1,-0.0109248991376031,-0.8872294614247607,-0.457638832888501,-1.8251278914049585,290
V129P,-0.171429355054336,3575,-1.287219105924773,3790,1,-1.05258645853063,-1.3934922713538975,-1.0875215151941442,-1.6152761786204206,129
G187V,-0.171507680024832,3576,-0.9857560870813484,3678,1,-0.9395379912500326,-0.0471478494380448,-0.9624722356986494,-1.9938662719386664,187
S266W,-0.171521044908516,3577,-1.0432785130011868,3711,1,-0.5054319429331681,-2.5034208851306805,0.7273428722865384,-1.8916040962274367,266
V327C,-0.171655847869114,3578,-0.4512758727375731,3253,1,-0.7338734770764946,-0.2321747109947273,-0.3485209239233455,-0.490534378955725,327
V29E,-0.171766006691986,3579,-2.06412159990028,3941,1,-2.6934748228891445,-1.948323942953726,-2.382349770279286,-1.2323378634789617,29
Y114P,-0.171795676064354,3580,-0.4595925716314128,3261,1,-0.0974016243680388,-0.4786151348201166,-0.4380010001074783,-0.8243525272300176,114
F168H,-0.171908069711747,3581,0.1072218700205209,2372,1,0.3816917527376454,-0.3096252237558677,0.8982916428420898,-0.5414706917417837,168
I274Y,-0.172078280418874,3582,-0.486169411066215,3292,1,0.4618959350597875,-0.7122508007969155,-0.1882153943014064,-1.5061073842263255,274
V327P,-0.172131432839074,3583,-2.324890625110002,3963,1,-2.9232956234387864,-2.029421418940821,-2.220821669328234,-2.1260237887321654,327
S245H,-0.172236837193906,3584,0.2590659165908209,2068,1,-0.2455203782256513,0.4032648526064028,0.203409006665506,0.6751101853170263,245
A67T,-0.172286259145022,3585,0.4751833353101595,1617,1,0.2798089378002518,0.7042332793105559,0.1059964336332251,0.8106946904966053,67
T111N,-0.172286322141004,3586,0.52575837316362,1524,1,0.4671994300068624,0.0429224165005455,-0.1983018012900057,1.7912134474370776,111
D132T,-0.172327423469275,3587,0.2910982596448572,2002,1,0.7499899943881778,-0.3595664675758077,0.4810080129311019,0.2929614988359571,132
T92D,-0.172470796131569,3588,-0.1345973719130676,2824,1,-0.0602710077394093,0.1931781636660373,-0.2663527472180897,-0.404943896360809,92
P301S,-0.172595986123816,3589,0.0496203235450115,2483,1,0.8031261766748669,-0.7268998992498488,0.7670775717593735,-0.6448225550043456,301
G290R,-0.172602598082441,3590,-0.8999878919412311,3634,1,-0.2940105137890811,-1.1923253689705535,-0.4656172946984324,-1.647998390306857,290
Y107A,-0.17263594810041,3591,0.3793455355270481,1824,1,0.9511351183312072,0.0522337688042996,-0.0458479952652677,0.5598612502379534,107
C258P,-0.172638736711156,3592,-1.4171054096549616,3823,1,-0.53358174154602,-1.272456610828732,-2.070688272320938,-1.791695013924156,258
C258R,-0.172843987200582,3593,-1.3858739924603387,3817,1,-1.0976012059736069,-1.276016460820229,-2.132573454493166,-1.0373048485543537,258
S205F,-0.172862499584011,3594,-0.8005087036239451,3555,1,0.1547582838828494,-1.2859745052575098,-0.3620714378751206,-1.7087471552459994,205
L117T,-0.172908417916895,3595,-0.3103338097291084,3090,1,-0.345642807463948,1.107260883294613,-0.6951532722904548,-1.3078000424566436,117
F74S,-0.173009830931605,3596,-0.5780318957450167,3391,1,-1.0606935354339395,-1.027353191288815,-0.4237714177283195,0.1996905614710069,74
A23N,-0.173074356303501,3597,-0.820100886639233,3568,1,-0.4924327295149347,-1.2453835420717143,-0.605244150629902,-0.9373431243403808,23
E294W,-0.173086641288473,3598,-0.2339691715021594,2986,1,-0.6997856627910132,-1.002085027596233,0.7814298751435337,-0.0154358707649252,294
M58S,-0.173368602218009,3599,1.5888997926562358,37,1,2.280956138896142,2.0285377359027272,0.2876193242665157,1.7584859715595582,58
R93G,-0.173397179706037,3600,0.0753878658439637,2430,1,0.5449280714751927,0.2019645541202225,-0.0565004263395867,-0.3888407358799734,93
L302N,-0.173549843496125,3601,0.364748563109237,1865,1,0.3989972082896095,0.0674742735534621,1.3549741166437046,-0.3624513460498284,302
G187I,-0.173549843496125,3601,-1.1513136034112768,3761,1,-1.3760528715230684,-0.2363718697436959,-1.0380394907467012,-1.9547901816316413,187
V231F,-0.17361345477371,3603,-0.5376473715493509,3352,1,0.345060312854266,-0.2711616240846176,-0.6180453089608424,-1.6064428660062098,231
G240M,-0.173655595222826,3604,-0.4982355085922395,3306,1,-0.9871619332014934,-0.7204968863136579,-0.1762500268776287,-0.109033187976178,240
K75H,-0.17367988331704,3605,0.6894706971171642,1202,1,0.0368972433217564,0.7401925319941282,0.6740430698186846,1.3067499433340874,75
G128L,-0.17388893601992,3606,-1.277835575377375,3788,1,-0.3008048169792748,-2.241809571062267,-0.1109758603159874,-2.4577520531519688,128
F168G,-0.173900001599018,3607,0.1976614568715795,2184,1,1.18282443628306,0.0887387789276171,0.934688023639436,-1.415605411363795,168
Y107D,-0.173937697514406,3608,-0.0898995222061377,2743,1,-0.3137516892677447,-0.5468310107168723,-0.2254198519357225,0.7264044630957888,107
Y27E,-0.174123334048805,3609,-0.7434399838446378,3518,1,-1.2566446523245038,-1.1204700111882129,-0.0591911579098924,-0.5374541139559424,27
L173A,-0.174176349590559,3610,0.6552966335431808,1272,1,0.5883122050212743,1.8863854215774645,0.4592462899300991,-0.3127573823561153,173
C258D,-0.174254635973335,3611,-1.0400052772448285,3710,1,-1.6278438563771636,-1.035525858228045,-1.5947378040175295,0.0980864096434242,258
F95R,-0.174281528094797,3612,-0.85272937990541,3604,1,-0.6052515483688872,-0.5805463684994856,-0.8305235779468464,-1.3945960248064209,95
G128N,-0.174425251388371,3613,-1.7407164415524692,3901,1,-1.2841399214734983,-2.0759340532316566,-1.262089026777504,-2.340702764727218,128
A67Q,-0.174469789168634,3614,0.4088285999187779,1756,1,0.5187306579328584,0.3768293462116153,0.1737340417416621,0.5660203537889757,67
D190H,-0.17451275323099,3615,-0.6891119977111327,3472,1,-0.3094763643691315,-1.193666430932158,-0.5713279799721327,-0.6819772155711087,190
L103P,-0.174518441804892,3616,-0.1672064034043127,2880,1,0.9199683636334268,0.8974831166503856,0.3008606586448848,-2.787137752545948,103
A23P,-0.17452425712354,3617,-1.4580303889201025,3832,1,-1.6672281684477994,-1.5705520126279078,-1.2934532150219793,-1.3008881595827224,23
P123N,-0.174525040077924,3618,-0.1802293683874131,2901,1,-0.5347342881131237,-0.5117134722259178,0.4684016949587026,-0.1428714081693136,123
L302C,-0.174629952690612,3619,0.07508126031304,2432,1,-0.1200714855546997,-0.2206194637900143,1.1280970602111735,-0.4870810696142991,302
V246G,-0.174661091642415,3620,-0.5558654159737748,3374,1,-0.3083951652676838,-0.1397299437046811,-0.3862047604461909,-1.3891317944765431,246
Y114R,-0.174833332164451,3621,-0.6186446719622887,3418,1,-0.6053000567835531,-0.4462294267849862,-0.355154141422861,-1.0678950628577542,114
A67F,-0.174891824409324,3622,0.0694524521104685,2446,1,-0.0255375676820657,0.9054398708385644,-0.0528781779099767,-0.5492143168046479,67
A23Y,-0.175073564668706,3623,-1.2711821020292,3786,1,-1.154924393644605,-1.3061573863377458,-1.1880057055610913,-1.4356409225733582,23
L102G,-0.175077492944608,3624,-0.0670901844992065,2693,1,0.7139355943313697,-0.1490358435061329,0.0723711485171629,-0.9056316373392256,102
L20E,-0.175092085527888,3625,-0.2213370211198986,2973,1,-0.277290480899529,-0.6442501085375314,-0.3753606902865373,0.4115531952440033,20
G269I,-0.17517903048991,3626,-0.3652640973791973,3169,1,0.1081046183269333,-1.361754650278464,1.6495593614265218,-1.8569657189917803,269
V78H,-0.175191029121218,3627,0.2962308642395811,1994,1,0.8306216816832525,0.4354374058422277,0.1909400832058023,-0.2720757137729579,78
A86W,-0.175210144183024,3628,-0.8689521717600575,3611,1,-0.3599870287120124,-1.357545572105858,-0.0236501676799319,-1.7346259185424278,86
G187K,-0.175250952390813,3629,-0.5355845552916056,3350,1,-0.0480760944980623,-0.2608598183975345,-0.1560507885618243,-1.6773515197090016,187
P64G,-0.175263229448263,3630,0.3648233018640577,1864,1,0.8495336148544739,0.7994894455493258,0.0990544032791865,-0.2887842562267553,64
I265K,-0.175357578457536,3631,-1.0503979266078218,3718,1,-1.132759389483518,-1.0664849126956637,-0.5234032459431002,-1.4789441583090053,265
E353P,-0.175359976834139,3632,0.0619168650379812,2455,1,0.2379297345783007,-1.188617413800242,1.919829580537548,-0.7214744411636813,353
W106V,-0.175493325526995,3633,-0.100212540931915,2769,1,0.9554001833463291,-0.698302158686257,0.2051066715834058,-0.8630548599711383,106
V29M,-0.175500102199161,3634,-1.1099288927612467,3744,1,-1.7655838143010292,-1.3674468090772918,-0.639773846935752,-0.666911100730914,29
G342R,-0.175515039152372,3635,-1.3943585064942563,3820,1,-0.4051921736480491,-2.471145621967766,-1.3834679431782744,-1.317628287182935,342
W106H,-0.175591181883952,3636,0.1014036520845631,2383,1,0.4827243240543591,-0.3710396736412283,0.1305623148319345,0.1633676430931871,106
M87W,-0.175746090615011,3637,0.3259765274008028,1930,1,0.6137676737131114,0.5362262134868887,-0.1898487202509991,0.3437609426542104,87
V203K,-0.175753690059129,3638,-1.954053735626072,3929,1,-2.464928960275377,-2.163059714322255,-1.7535960700185915,-1.4346301978880631,203
T325K,-0.175781501759746,3639,0.8040391930660943,958,1,1.2366214670997793,0.61807594458813,1.0820110402152714,0.2794483203611962,325
L22A,-0.176055818956196,3640,-0.3218332262190504,3107,1,-0.5015446460419861,-0.2674139797696398,-0.1913825240572088,-0.3269917550073667,22
D132R,-0.176099104720983,3641,-0.747850927122356,3521,1,0.2139328694952912,-1.9595403742014232,0.0709740202553539,-1.316770224038646,132
E294F,-0.176116257554762,3642,0.0198993147341532,2544,1,-0.1590418643948367,-0.5433412824410305,0.7941682706476841,-0.0121878648752039,294
D62K,-0.176132027935308,3643,0.5623244575243784,1440,1,0.4119158953809032,0.9121562441541626,-0.1293905573188808,1.054616247881329,62
C122E,-0.176200500662083,3644,-0.5107862878688876,3322,1,-0.2132394434216381,-0.7957907442106757,-0.4467984320793677,-0.587316531763869,122
G342L,-0.176259434752395,3645,-1.1631738371311071,3765,1,0.0218399208611698,-2.763841017649613,-0.6839259024082913,-1.2267683493276935,342
G128K,-0.176273365415726,3646,-1.9725885764116176,3931,1,-1.756300939025693,-2.282011758153672,-1.307098758635164,-2.544942849831941,128
S266D,-0.176302983923629,3647,-0.3174662831821738,3099,1,0.6554177788469956,-1.537309754521802,1.1064266662344298,-1.4943998232883189,266
L311A,-0.176618690639244,3648,1.3304404462229031,149,1,1.2323904444567,1.456519887998176,1.0991095901966348,1.5337418622401016,311
L22Q,-0.176644085227912,3649,-1.5238738289752558,3855,1,-2.5653693672820976,-0.889794419949659,-2.066907197137145,-0.5734243315321207,22
D346I,-0.176782650108142,3650,0.3652313923331556,1863,1,1.340825895156196,-0.7131857147381888,0.3582039358469182,0.4750814530676969,346
Y114G,-0.176869269259077,3651,-0.5772805261688576,3390,1,-0.4291052300275997,-1.0039525730359553,-0.3614462485143306,-0.5146180530975446,114
R313A,-0.176940434177943,3652,1.4358764080400082,81,1,1.1195753010782512,1.4511434671233645,1.584881739806813,1.587905124151605,313
C122K,-0.176952961905174,3653,-0.8337823662853572,3584,1,-0.3159864766486044,-1.13045316249656,-0.7294136703674138,-1.1592761556288504,122
N247G,-0.177001182222522,3654,-0.1225980012039167,2807,1,0.217880172946431,0.0538759864163205,-0.7169590854900915,-0.0451890786883271,247
A67E,-0.177024687305781,3655,-0.0195750992283954,2616,1,-0.0789452536097563,-0.2838965138223113,-0.1169624839743207,0.4015038544928067,67
A126P,-0.177105157382118,3656,-1.1045934275300977,3741,1,-0.6032588903074247,-1.4441023977237106,-0.7033049004191102,-1.6677075216701454,126
S245R,-0.17718206982392,3657,0.6523772689187124,1281,1,0.6197441934312561,0.8076896920060153,0.1879971396526109,0.9940780505849672,245
L102D,-0.177411094169021,3658,0.1529502641899209,2284,1,0.9798185684702349,-0.1333815825938923,0.4426140428742632,-0.6772499719909221,102
I271D,-0.177512048786549,3659,0.4248929085188567,1726,1,1.18380749822307,-0.8869362943242285,1.1740673462068498,0.2286330839697354,271
L255A,-0.17756382473275,3660,-0.3212499129204783,3105,1,0.1902164314002273,-1.0172977626243676,-0.2378738712132688,-0.2200444492445043,255
L309T,-0.177585044815199,3661,0.9255526278640944,711,1,0.9557301309788258,1.2270839207805024,1.4187674457671735,0.1006290139298764,309
A362Q,-0.17758687588101,3662,1.1004052900230912,437,1,0.5356690376532562,0.7641444552908195,1.919829580537548,1.181978086610742,362
L145T,-0.177592479014422,3663,-0.8851136465223648,3627,1,-0.9841206049795368,-0.5544906352301713,-1.2935188540070508,-0.7083244918727003,145
T61P,-0.177638694717321,3664,0.3148928872720115,1953,1,1.0069125818309757,0.6264246766307724,0.1553604543106908,-0.529126163684393,61
C122R,-0.177711274759573,3665,-0.5934282402109384,3401,1,0.1070919658608779,-0.8428166745322008,-0.6387803543862358,-0.9992078977861948,122
I298G,-0.177779861875616,3666,0.342947806735412,1892,1,0.9670655332909374,-0.1483008969167364,1.0634701401470754,-0.5104435495796281,298
I271G,-0.177798079679929,3667,0.4448628691668642,1677,1,1.3636799920093374,-0.7421913785554187,0.9917315001786792,0.1662313630348587,271
L311N,-0.177877055486406,3668,1.1670496953918863,346,1,0.6396427362608212,1.5758914733512188,1.0130938237531977,1.439570748202309,311
A86Q,-0.177902710380649,3669,-0.4528619409475157,3256,1,0.240751182883373,-1.0977807542822324,0.2092114492519153,-1.1636296416431189,86
G128P,-0.17799757274144,3670,-1.9475928048784783,3927,1,-0.8677517288530581,-2.290221704992364,-2.0833488668025404,-2.5490489188659518,128
G312L,-0.178041623621839,3671,1.1379144633455782,382,1,0.8662480460834994,1.6834026457238918,0.8514562956475931,1.1505508659273294,312
G187D,-0.178138486127335,3672,-0.2780369410387538,3049,1,-0.0935463257341813,0.2470634686862167,0.3621084611117665,-1.6277733682188174,187
P112D,-0.178184072750094,3673,0.1992610467229763,2181,1,0.0654750874186441,1.0655288254990904,0.1143505763634497,-0.4483103023892792,112
Q349P,-0.178186576904509,3674,-0.6864656550149428,3468,1,-0.108261789663046,-0.6249246651449242,-1.1994626663243129,-0.8132134989274884,349
E148C,-0.178315097090287,3675,-0.3814984592256619,3181,1,-1.0274780471045823,-0.6742897189541296,0.03335776651849,0.1424161626375739,148
L145K,-0.178351180568831,3676,-1.4225266172291111,3825,1,-1.619350205932665,-1.7603472776515074,-2.184293497336378,-0.1261154879958936,145
R209Q,-0.178399124891209,3677,1.0113634739691777,565,1,0.5638967681397513,1.2259982705110468,0.7960105039158004,1.4595483533101112,209
L309V,-0.178646365532008,3678,0.8548438482871792,850,1,0.8183228330704488,1.132945196545179,1.3203217260048823,0.1477856375282065,309
Y107K,-0.178690692202683,3679,-0.4379044312365104,3238,1,-0.0792331003410313,-0.8229055309504247,-0.2351888468518795,-0.6142902468027062,107
S205K,-0.178784189391161,3680,-0.688664615460336,3470,1,0.1521300437285749,-1.2940688083264422,-0.03024995736662,-1.5824697398768568,205
R65D,-0.17880221028391,3681,0.3409641722485392,1899,1,0.319826817331405,-0.3830511558060258,0.1782792994249843,1.2488017280437933,65
S245P,-0.178852369341675,3682,-0.6216542502762945,3422,1,-0.7152333521979877,-0.8056093060309214,-0.0071744149982631,-0.958599927878006,245
C258Q,-0.178975729835046,3683,-0.9157548831696158,3644,1,-0.7150815570251888,-1.1122884680824436,-1.4283893671395578,-0.4072601404312728,258
L300C,-0.179019345329506,3684,-0.3811527779460466,3180,1,-0.1291634129983981,-0.696082990249227,0.4450032579841768,-1.144367966520738,300
G269H,-0.179029070609611,3685,0.243427376057292,2103,1,0.0693096697360278,-0.1183269701325239,1.63861736551342,-0.6158905608877555,269
H105T,-0.179058120888293,3686,0.8694490665886896,813,1,1.1249080818996586,1.5064939736343088,0.124622235865944,0.7217719749548472,105
V7C,-0.179091030904799,3687,0.0553958159104977,2470,1,-0.2372724146463581,0.3651984613877553,-0.1450041510560616,0.2386613679566553,7
F74P,-0.179094483279393,3688,-1.6069609684715234,3876,1,-2.023179927716102,-2.256404778504073,-0.8213079980993464,-1.326951169566572,74
F95W,-0.179168353555994,3689,0.0755964780533372,2428,1,0.635690725449344,0.2057250054754917,-0.1152032689852842,-0.4238265497262025,95
P301Q,-0.179174539217125,3690,-0.2599206769650979,3021,1,0.4227017060030243,-1.2252686270666877,0.5055049098921252,-0.7426206966888539,301
G229W,-0.179553980069842,3691,-1.142221982347002,3753,1,-1.3369910971690748,-0.9942856668611406,-1.0361583108821188,-1.2014528544756735,229
L259P,-0.179709721416315,3692,-1.3158276154924415,3801,1,-0.8920482336368724,-1.239011722520788,-0.9115186555530854,-2.2207318502590208,259
I274E,-0.179984798746322,3693,-0.9216843492342192,3647,1,-0.3749385289260176,-2.064205086767545,-0.1303943048309732,-1.1171994764123414,274
F74A,-0.180080595023063,3694,-0.3154628729205488,3096,1,-0.3364524480345738,-0.8367234398082072,-0.3346120838537707,0.2459364800143563,74
G84I,-0.180155713642538,3695,-0.6154339842176362,3413,1,0.7360223914495244,-1.788600622953401,0.3659077289697283,-1.7750654343363963,84
W106K,-0.180164572651986,3696,-0.1846681260875803,2911,1,0.5911308033587104,-0.7789341431395916,0.0762762368243666,-0.6271454013938066,106
H105W,-0.180213936700963,3697,0.4849282006383203,1603,1,0.6620275024090974,0.5306902752191404,-0.0628573950004802,0.8098524199255237,105
E99Y,-0.180440357118171,3698,-0.3343308867688185,3121,1,-0.363763137555477,-0.4232476367903696,-0.5265489516929459,-0.0237638210364815,99
V327G,-0.180480857341581,3699,-1.5425521463903826,3859,1,-2.125556189981049,-1.2747595956383626,-0.934262847354008,-1.8356299525881108,327
I110G,-0.180560713393901,3700,-0.2081711669137676,2951,1,0.0507912876129672,-0.3770321004738192,0.3233202608549851,-0.8297641156492036,110
W106T,-0.180827978313027,3701,-0.1344835448208705,2823,1,0.6591291835976395,-0.5292648235322164,0.181801048249233,-0.8495995875981383,106
D262M,-0.180833217410821,3702,0.1430873011890804,2311,1,0.8333484717528984,-0.8965316839572178,0.6572853170086708,-0.0217529000480297,262
R313H,-0.18085029851118,3703,0.974348872015198,618,1,0.3513155594072492,1.0702101157315504,1.054539486774631,1.421330326147361,313
A344M,-0.18103237902873,3704,-1.5023179485789808,3850,1,-1.9942790152189436,-1.3902225452058332,-1.805787181551761,-0.8189830523393851,344
W88K,-0.181043162115005,3705,0.274656872335417,2045,1,1.6688968534466233,-1.174931379416747,0.5703828656187343,0.0342791496930576,88
E99F,-0.181288518193661,3706,-0.3984812787835589,3196,1,-0.3801126353424007,-0.614320562586012,-0.5133579603808796,-0.0861339568249431,99
L311K,-0.181293975837198,3707,1.196986589048985,300,1,1.029767867808545,1.2450178626026351,0.893896715433635,1.6192639103511253,311
E272H,-0.181339602243554,3708,0.4863671582637969,1600,1,0.1544030206757622,0.2990549167730055,0.7990759593289178,0.6929347362775022,272
P248G,-0.181358430953919,3709,0.1722442484929802,2236,1,0.1348250598953918,0.4293318078862695,-0.3761506185560109,0.5009707447462705,248
A86R,-0.181368990893261,3710,-0.7119784659331649,3498,1,0.2502528767083358,-1.5343752938641395,-0.0608531053742137,-1.502938341202642,86
W106N,-0.181442737705757,3711,-0.338605538039975,3125,1,0.0430987925534802,-0.6361041969002961,0.1492527203794092,-0.9106694681924934,106
L309N,-0.181492533630202,3712,0.8113407492470108,940,1,0.5367936938474214,0.9127651491787108,1.395416307975783,0.4003878459861282,309
N247V,-0.181615862668984,3713,0.3258938121235495,1931,1,0.428633903810686,0.4246797456021974,-0.3926709975233697,0.8429325966046844,247
L300R,-0.181697500104201,3714,0.1633352816973523,2256,1,0.8971577730103761,-0.138742533578451,0.529409571101829,-0.6344836837443445,300
E230Q,-0.181772697466626,3715,0.5428506689503008,1484,1,0.1769547261352083,0.8397875586405367,0.4038195529862149,0.7508408380392428,230
G125Q,-0.18190763988962,3716,-0.1174909265909943,2799,1,-0.1409009948813767,-0.5968702727758743,0.1922360968530275,0.0755714644402459,125
V231W,-0.181976490825895,3717,-0.8738582108806545,3617,1,-0.1278390428652442,-1.073764130071594,-0.5893465101058731,-1.7044831604799071,231
S205D,-0.182013132930211,3718,-0.8220178323687602,3570,1,0.1090360565428262,-1.4684393247440135,-0.0565098868562251,-1.8721581744176283,205
Y114E,-0.182014210569518,3719,-0.642688311030171,3432,1,-1.14235165331447,-0.6830335038089295,-0.2046554387694758,-0.540712648227809,114
A126Y,-0.182097441622052,3720,0.0673637733170233,2450,1,0.9838454646382266,0.2626176825213292,0.4025218560747706,-1.3795299099662333,126
H105K,-0.182098409609989,3721,0.774344660081105,1001,1,1.102348209808813,1.026705011969347,-0.0352334401544264,1.0035588587006865,105
G84W,-0.182170698547117,3722,-0.824549280376834,3574,1,-0.2052851640935372,-1.653314150248128,-0.018812431789733,-1.4207853753759374,84
D352I,-0.182332056804084,3723,-0.3400349217452263,3127,1,-0.530630098857338,-0.2546462482157533,-0.6488239618808724,0.0739606219730582,352
L20G,-0.182480422417797,3724,-0.7002702304141437,3487,1,0.0343249706353756,-1.2005819790847638,-1.0498710032334106,-0.5849529099737757,20
V246F,-0.182538866178202,3725,-0.193536458336536,2925,1,-0.1103514547263662,0.1757607156720926,-0.0490565798281958,-0.7904985144636746,246
V246C,-0.182668738971023,3726,-0.0585163590276606,2681,1,-0.0780266205932777,0.4359749845285192,-0.3953739442952621,-0.1966398557506219,246
V276Q,-0.182697826249737,3727,-0.5963403192758495,3402,1,-1.1955825822838568,-0.8580697327168965,-0.313367257867488,-0.0183417042351572,276
A96F,-0.183062186011072,3728,0.1813561220381137,2218,1,0.4743252630529646,0.6617445283176175,0.1270720202912807,-0.537717323509408,96
S307E,-0.183183879414305,3729,0.8636092801588182,824,1,0.843175966016073,0.8759504559449804,1.4468132338649833,0.2884974648092361,307
G312Y,-0.183209474696796,3730,0.4482591011614796,1672,1,0.1110571749707538,0.5332463575775002,0.4290297242330296,0.7197031478646346,312
G128E,-0.183370730301915,3731,-1.501231713410316,3849,1,-1.0636860997268902,-1.7867665533417671,-0.9513458052491568,-2.20312839532345,128
C258E,-0.183395055075595,3732,-1.1693968607443994,3767,1,-1.2593330169684314,-1.1863621066851615,-1.7125944003659028,-0.5192979189581016,258
S205R,-0.183590253529076,3733,-0.3986737296291144,3197,1,0.5433648347442114,-0.7978839978852368,0.0165233579234654,-1.3566991132988977,205
V29Q,-0.183772935780079,3734,-2.042456273000001,3935,1,-2.8237379202013764,-1.8694183728921503,-2.3221198868578123,-1.1545489120486638,29
K68C,-0.183891037961502,3735,-0.1920849301465665,2924,1,-0.9245920533866558,-0.1782331057182175,-0.1959226626869009,0.5304081012055082,68
L302Q,-0.184022803348007,3736,0.7272599318843481,1111,1,0.5828350389429229,0.6749068688753346,1.357730938910209,0.2935668808089259,302
T92R,-0.184151912334061,3737,-0.0024804739247785,2576,1,0.185530150995922,0.1914365329887841,-0.0857966447371585,-0.3010919349466618,92
V29P,-0.18420613552177,3738,-1.01374449517814,3697,1,-1.0301408210046303,0.0350700523709798,-1.110839206139549,-1.9490680059393608,29
A96R,-0.184314589545801,3739,-0.3465757266917744,3136,1,-0.1569065605394361,0.0668813456286834,-0.4204413759690677,-0.8758363158872773,96
T270E,-0.184438618087185,3740,0.4705020846376588,1627,1,1.1532093415511726,-0.1757054270927813,1.33454798347123,-0.4300435593789858,270
F95P,-0.184439745674633,3741,-1.0554113463140806,3720,1,-0.4229592453373109,-0.6663649506660846,-0.5827721722353975,-2.549549017017529,95
R5P,-0.18457386425989,3742,-0.5182983687880409,3333,1,1.0643666518088064,-0.4012105245202187,-2.537561956733879,-0.1987876457068722,5
K204I,-0.184598095720162,3743,-0.6168394287939558,3416,1,-1.2539655648166064,-0.7017068025657076,-0.3297325851260944,-0.1819527626674147,204
V174Y,-0.184631596338151,3744,-1.2998694878579349,3796,1,-0.8537981497206705,-1.7595646533675613,-0.6851144710574576,-1.9010006772860493,174
L300H,-0.184663418291628,3745,-0.2455731260697675,2997,1,0.365587902506029,-0.6302138459828992,0.2659435388458138,-0.9836100996480136,300
S307W,-0.18473780762054,3746,0.5687455732223736,1427,1,-0.0285099070322727,0.4952249812034413,1.3049749657105223,0.5032922530078034,307
D189P,-0.184950233490009,3747,-0.2911968603250736,3070,1,0.9576578196056532,-0.5241957716243987,-0.2419609828860466,-1.356288506395502,189
S245K,-0.185204343908352,3748,0.6802527639057416,1223,1,0.3170923126941917,0.9053433108268624,0.4542033000413397,1.044372132060573,245
L102I,-0.185370358314995,3749,0.4355393105436335,1698,1,0.5963817606265297,0.451636282972801,0.5691001306572184,0.1250390679179846,102
I110D,-0.185514497188282,3750,-0.2142653198329585,2964,1,-0.225830344924849,-0.627288007887017,0.3932047028672778,-0.397147629387246,110
I110P,-0.185523258048314,3751,-0.6811174893976277,3463,1,-0.4120859505362272,-1.1877972560120749,0.048176262106057,-1.1727630131482656,110
L259D,-0.185574659247089,3752,-0.9246570716461426,3652,1,-0.5457174933902256,-1.6388602006566648,-0.0546471114777288,-1.4594034810599512,259
K140G,-0.185597877260573,3753,0.5294604263139413,1516,1,0.682864795095664,0.7802556485762296,-0.3079085115533993,0.9626297731372708,140
V246A,-0.186002436510953,3754,0.2107116220370739,2166,1,0.634499989315913,0.7178036699242905,-0.030919883583001,-0.4785372875089067,246
G289H,-0.186038196850427,3755,-0.3629512702374287,3165,1,-0.3391319188139812,-0.6225600543790399,0.0526051972684978,-0.5427183050251916,289
G187F,-0.186067900976683,3756,-0.8550062045572453,3606,1,-1.1764624835454842,0.3289809122579095,-1.2032732453691366,-1.3692700015722696,187
R93E,-0.186080362096193,3757,0.5351002020085663,1510,1,1.161990642177454,0.3246091466328886,0.1238772235967856,0.5299237956271373,93
G104P,-0.186167381561609,3758,0.0922666259066637,2402,1,1.1454611050557078,0.7488602354214544,0.0273353545172873,-1.5525901913677946,104
L302Y,-0.186214705222875,3759,0.4163427696147065,1739,1,0.2337856064657073,0.3093077133405576,0.9870314242513044,0.1352463344012564,302
L255C,-0.186426538451208,3760,-0.4453347229013505,3246,1,-0.556229078160879,-1.0279347069994726,-0.2996676440134419,0.1024925375683913,255
L261G,-0.186505072811842,3761,-0.757662392486848,3529,1,-0.978831576075085,-0.0995502006343815,-1.2538873582950385,-0.698380434942887,261
S219W,-0.186576446711342,3762,0.3957719669147695,1786,1,-0.1860043861453199,0.557371397822289,0.2992746163079915,0.9124462396741178,219
Y114I,-0.186699341343112,3763,0.0684091548251889,2447,1,0.8277540344200468,-0.1419739654080194,0.2835838329327176,-0.6957272826439893,114
S41P,-0.186830053637139,3764,-0.1194770974608527,2801,1,0.6686780984380949,-0.175612354146505,-0.3146124723068619,-0.6563616618281389,41
L350A,-0.186980000132714,3765,-0.0104133764869672,2597,1,0.2033115216607385,0.0676576297936739,-0.5384025498124836,0.2257798924102021,350
R278P,-0.187113777199164,3766,-1.1328523426386163,3752,1,-1.2155462321327015,-1.5494711170987228,-0.5062908141448592,-1.2601012071781816,278
L309K,-0.18754628539201,3767,1.0211952215021038,555,1,0.8774872570741457,1.0311682496606076,1.422515576731993,0.7536098025416694,309
R304E,-0.187584230159716,3768,1.1383446491040432,381,1,0.9877605634550752,0.6612969159193136,1.783323419777221,1.1209976972645628,304
F95G,-0.187636161829519,3769,-0.8242787896697135,3573,1,-0.6175825917885072,-0.5534256220479179,-0.4650112471552754,-1.6610956976871531,95
L350K,-0.187735981720239,3770,-0.1610854110630942,2870,1,-0.6658738389208158,0.0882417136014552,-0.4131604632236156,0.3464509442905993,350
A23E,-0.18781338361325,3771,-0.7402441197367113,3516,1,-0.9714047962740552,-0.8573266707752362,-0.6604722099126318,-0.4717728019849225,23
N113V,-0.187909216496083,3772,-0.4373990511353877,3237,1,-0.1758519759166479,-0.9001851141045074,-0.0875586305238334,-0.586000483996562,113
H1E,-0.188074771100312,3773,1.593132702592651,35,1,1.3701290854989676,1.3087936977183612,1.919829580537548,1.7737784466157274,1
T92W,-0.188353895269637,3774,0.0476301348595993,2485,1,-0.0835547519549478,0.2693454363504537,-0.0297967116304242,0.0345265666733156,92
I274G,-0.18836361124697,3775,-0.7191593376511942,3505,1,0.5953226733429505,-1.7666511311272246,-0.2418730414015099,-1.4634358514189931,274
P64D,-0.188439188431786,3776,0.2589480105923832,2070,1,1.0447389246970202,-0.4416820398648802,0.5720374441617517,-0.1393022866243589,64
G228I,-0.188486087901997,3777,-1.0770065701435905,3729,1,-0.5279222954686356,-1.2768094828992638,-0.8763212910301733,-1.6269732111762891,228
V203H,-0.188549484135441,3778,-1.6715290213347018,3892,1,-2.0718248263496624,-2.147692026786832,-1.3410402203720009,-1.1255590118303127,203
L255P,-0.188782770354048,3779,-1.700952573765676,3897,1,-1.865314284542052,-1.3882735926387144,-1.8270513791061893,-1.7231710387757482,255
E230W,-0.188931644199829,3780,-0.4123932641381032,3210,1,-0.7559597238560715,-0.4474161702511976,-0.4206908941647385,-0.0255062682804055,230
V246E,-0.189183947354901,3781,-0.1550977610953031,2861,1,-0.1390489483266088,0.3980025538728018,-0.4730215355064595,-0.4063231144209461,246
D268K,-0.189249497067327,3782,0.6275555378279178,1317,1,0.3947654191035107,0.8329079906630071,1.4975290389810374,-0.2149802974358837,268
Y114K,-0.189312977785949,3783,-1.052709401628428,3719,1,-1.2065160998493398,-0.9618194393152673,-0.6134940255230019,-1.4290080418261033,114
S310E,-0.189362116053365,3784,1.018150557405609,557,1,0.8435511003768182,0.860444078307392,1.6556947095529198,0.7129123413853045,310
A67P,-0.189370000763898,3785,-0.7440682370252424,3519,1,-0.7978576091072531,-0.6523610227181288,-0.7485004476511966,-0.7775538686243912,67
A96P,-0.189461350760126,3786,-0.7975733752582779,3553,1,-0.1939517764137203,-1.047196241993002,-0.6220100663723894,-1.327135416254,96
L311E,-0.189531520375276,3787,1.2526782462844448,232,1,1.0733324337884331,1.3473029462460957,1.0958066475003752,1.4942709576028748,311
G128Q,-0.18958085853135,3788,-1.5972917451008413,3874,1,-1.255194274311923,-2.2421060350246567,-0.92981716995065,-1.962049501116135,128
V231N,-0.190127686846027,3789,-1.128123661331939,3749,1,-1.3175702383977914,-0.8330077496927684,-1.3772484551842643,-0.9846682020529314,231
S245G,-0.190289070931128,3790,0.4308093267246109,1711,1,0.2657466471437482,0.6192134887312416,0.0506606941744354,0.7876164768490185,245
E165Y,-0.190302278354893,3791,-0.2488920677770873,3004,1,-1.0266197351272492,0.5161573277454837,0.1663179868786015,-0.6514238506051855,165
R278Y,-0.190383167941116,3792,-0.3434014719424077,3132,1,-0.4396267012377089,-0.5713864182364043,-0.1270610689252846,-0.2355316993702328,278
C258N,-0.190670549371711,3793,-0.4916019702944909,3299,1,-0.7165322495169568,-0.6747519136260326,-1.008133756077238,0.433010038042264,258
T111E,-0.190677618113209,3794,0.3381366835235943,1902,1,0.2919277569057073,-0.2493531365040254,-0.2978053317453284,1.6077774454380236,111
G187L,-0.190774787345285,3795,-0.5985351901860401,3404,1,-0.5526235349667143,0.2533212294971221,-0.9836296282990284,-1.1112088269755396,187
G128F,-0.19080605305313,3796,-1.6534283165723465,3888,1,-0.9769800012390985,-2.2021866172386964,-0.7539350657429719,-2.68061158206862,128
L255D,-0.190852355882774,3797,-1.3286585699876208,3807,1,-1.7036989487762833,-2.255477345903169,-0.8361653305039974,-0.5192926547670325,255
Y114A,-0.190960833598093,3798,0.2121586027239184,2161,1,0.6483458494991197,-0.1756795594074402,0.2468335122341375,0.1291346085698566,114
R288K,-0.191066190728648,3799,1.0045250338885126,575,1,0.878262585855887,1.4942185206167722,0.2813156847872048,1.3643033442941863,288
K76G,-0.19112343519619,3800,0.2105850920013103,2167,1,0.1552768797179254,-0.4314350128055781,0.1754409903510921,0.9430575107418018,76
W88N,-0.191143729867785,3801,0.1355605352580649,2327,1,1.5627180267765663,-1.2697323885156555,0.2491998592194764,5.664355187244858e-05,88
G240T,-0.191315710373503,3802,-0.2202950198295275,2971,1,-0.0122878814184924,-0.502562271326996,-0.0823150274546062,-0.2840148991180153,240
E148L,-0.191326082069895,3803,-0.1750433557881306,2892,1,-0.3213665079679283,-0.2404928202628115,-0.0566020585950072,-0.0817120363267755,148
G269P,-0.191407678019857,3804,-0.0961789064925169,2757,1,0.9216963874586388,-1.678980727015914,1.6617598406140548,-1.289191127026847,269
V276W,-0.191439183736037,3805,-1.058100371261098,3721,1,-1.068908282149057,-1.4099418367879968,-0.5170442633015361,-1.236507102805802,276
A96W,-0.192050927974896,3806,-0.2831622652458546,3056,1,0.0373414746564719,-0.1609948294859734,-0.0371247525903319,-0.9718709535635848,96
L302R,-0.192154881371766,3807,0.8923335606276741,769,1,0.9112571132461528,1.1551773467247182,1.2830736902289408,0.2198260923108844,302
S307Q,-0.192573977792069,3808,0.7481613015670238,1061,1,0.545869582852559,0.9482961902279852,1.462694724848689,0.0357847083388618,307
W88I,-0.192575848976261,3809,0.6113118632797803,1349,1,1.5715473444437835,0.1841825492862994,0.4138752491709094,0.2756423102181287,88
S245E,-0.192580711939187,3810,0.7190075656456605,1126,1,0.5244910420019445,0.8228541787288937,0.5425032778707136,0.98618176398109,245
I127E,-0.192728301608381,3811,0.3066962196257096,1969,1,0.9136755761274402,0.3265518224822413,0.1264335633440622,-0.1398760834509056,127
P112G,-0.192942716180015,3812,-0.0653569102132225,2690,1,0.0578379898335238,0.4349301329245463,0.0629606144273938,-0.8171563780383543,112
V246T,-0.193012525900505,3813,0.4930040171071594,1585,1,0.534420309592162,0.8988364784427645,-0.0152797745216538,0.554039054915365,246
V174H,-0.193290164332947,3814,-2.096970901419676,3946,1,-2.161448053435312,-2.0709636535747964,-1.886546379170589,-2.2689255194980054,174
A67N,-0.193294810396474,3815,0.1631096513033001,2257,1,-0.4571446071357538,0.2394260979904536,-0.0009178477023909,0.8710749620608917,67
G91P,-0.193342655207752,3816,-0.3476339852304198,3137,1,0.1215658114990248,-0.3776869079596099,-0.4077762318584779,-0.7266386126026162,91
L261K,-0.193406682360151,3817,-0.8319445650295799,3583,1,-1.1497900491904869,-0.8807957623128221,-0.7037957761661572,-0.5933966724488539,261
E121H,-0.19351429035027,3818,-0.1773503340712628,2895,1,-0.8416631447645353,-0.223702790440767,-0.1014607573011906,0.4574253562214415,121
H105M,-0.193575021934171,3819,0.8505827895761213,862,1,0.7669219960775547,1.319584370165281,0.4023467709379531,0.9134780211236964,105
S245F,-0.193984363175172,3820,-0.4204388751811003,3218,1,-1.0211460283199598,-0.5162017692373528,-0.1523132556032086,0.0079055524361201,245
L302S,-0.194093421000338,3821,0.7312918479974636,1094,1,1.000186088215579,0.8827487435974922,1.1571195286219649,-0.1148869684451814,302
E165L,-0.194101363764334,3822,-0.0035963463415683,2579,1,-0.3279881424292552,0.3104058853449516,0.3569307173571833,-0.3537338456391533,165
A344H,-0.194138957531592,3823,-2.1773209025448645,3958,1,-3.0518920596772605,-2.0215241667690456,-2.401044822069506,-1.234822561663646,344
W88A,-0.194184162819567,3824,0.299619814521887,1988,1,1.8008357317290504,-0.9043629988918492,0.3636619936032826,-0.0616554683529356,88
S205N,-0.194191183656029,3825,-0.2931722100010325,3075,1,0.7235962573855951,-0.5718254080729278,0.225119384759389,-1.5495790740761863,205
P248K,-0.194325285686499,3826,0.4063435578774222,1760,1,0.2235470191121959,0.6535242470850265,0.0565158226880578,0.6917871426244087,248
M87E,-0.194566844380356,3827,0.7497102592265332,1051,1,-0.1256026437785487,1.6464226338883798,-0.135841803517776,1.6138628503140775,87
A348I,-0.194653026762131,3828,-0.689106323292225,3471,1,-0.684439884295726,-0.7949438311205138,-0.2560399289397706,-1.0210016488128897,348
I265G,-0.194906245033603,3829,-0.912202813747232,3640,1,-0.8432650820905239,-1.3342725170463965,-0.3072702566429703,-1.164003399209037,265
G228F,-0.194931127028229,3830,-0.7169263269324972,3504,1,-0.3377445054312156,-0.2458163645455292,-0.891817279297664,-1.39232715845558,228
I274A,-0.194938392859853,3831,0.132663009932567,2333,1,1.457907341811568,-0.3715380069911814,0.2104764492068384,-0.7661937442969567,274
D62P,-0.194992781650265,3832,-0.1122224558636489,2793,1,0.9687304843841138,-0.5053266899942547,0.1670984383085392,-1.0793920561529942,62
V351H,-0.195251507293077,3833,-1.73427381951944,3900,1,-2.477478645350081,-1.5153470752481963,-1.2645386234071805,-1.6797309340723026,351
L261Y,-0.195565523117052,3834,-0.1201450610406082,2803,1,0.2194355771801494,-0.1914807842770843,-0.2023578935459461,-0.3061771435195521,261
C207D,-0.195615072444947,3835,0.6729598162723097,1238,1,1.8049343389792585,0.4224112510396886,0.6018324184258219,-0.1373387433555297,207
S245W,-0.196156019950339,3836,-0.6907679529698996,3473,1,-1.2256435691936691,-0.9662126345423596,-0.3863254268595146,-0.1848901812840547,245
E275R,-0.196229880397449,3837,0.5154799967743768,1546,1,-0.1729802797339038,0.6647041592475359,0.4781093476716326,1.0920867599122424,275
R93D,-0.196378776139043,3838,0.2815265901425616,2028,1,0.6184623467807322,0.5691352983418487,0.1807785793865368,-0.2422698639388712,93
F95K,-0.196388218741575,3839,-1.0740495364917426,3728,1,-1.0372355107836988,-0.6619111439017713,-0.9003382768198036,-1.696713214461697,95
L259N,-0.196518934527164,3840,-0.367706038746092,3172,1,-0.4218889743876273,-0.6040408205128962,0.0514727425766072,-0.4963671026604517,259
I21C,-0.196690384696576,3841,0.5385598493523395,1497,1,0.6458689327988625,0.187124364481951,0.4316306571217553,0.8896154430067891,21
L350T,-0.196770295918383,3842,-0.5392314679067567,3355,1,-0.5070918623593451,-0.3027129724651192,-0.4415420413740285,-0.905578995428534,350
V7D,-0.196784406250721,3843,-1.2638910897528957,3783,1,-1.9612976566446527,-0.6074545941636433,-1.5108087646503383,-0.976003343552948,7
G342T,-0.196800091408554,3844,-1.5381595511590267,3858,1,-0.4823715379055764,-2.72844286549366,-0.8261283553825743,-2.115695445854296,342
N247Q,-0.196977772852669,3845,0.6523180138214042,1282,1,0.7385605726264893,1.1164054746195229,-0.3002839188863782,1.054589926925983,247
T250R,-0.197753101832032,3846,0.2156162855136553,2154,1,0.42621465473143,0.1037520538133913,-0.1440201437198021,0.4765185772296019,250
G63Q,-0.197754380584509,3847,0.3809794330031574,1820,1,0.4948540418291552,1.6578349748118215,0.2011139074154546,-0.8298851920438016,63
E249H,-0.197885596480977,3848,0.3205380610400822,1939,1,0.0885127909798908,0.0561882277996269,0.2165664874226846,0.9208847379581266,249
V29N,-0.197962481966872,3849,-1.817619940630124,3910,1,-2.6849783814418573,-1.3718067820810538,-1.984762667140425,-1.2289319318571583,29
F74T,-0.197973860410911,3850,-0.5040665974444656,3314,1,-0.8487973803014275,-1.0491299782746264,-0.3587007328738276,0.240361701672019,74
G312I,-0.197996843606347,3851,0.7319695011677747,1092,1,0.4319709997084519,1.2114559515490582,0.7121505196789996,0.5723005337345892,312
D190K,-0.19820707928668,3852,-0.8114051592759608,3563,1,-0.1994681049783856,-1.5120471701339016,-0.5506847732220397,-0.9834205887695164,190
Y114H,-0.198265972844854,3853,0.3461660392585624,1888,1,0.1472369834310376,0.4015944848662167,0.0072713337513605,0.8285613549856345,114
V129N,-0.198286610697786,3854,-0.1779070971656742,2897,1,-1.0251544390082137,0.2809929322859788,-0.0864363375556001,0.1189694556151381,129
L309E,-0.198439490971026,3855,0.8896963747922717,779,1,0.937691093757256,1.1345859400795424,1.4396373706015824,0.0468710947307063,309
L309Q,-0.19901868295802,3856,0.9375587407597312,685,1,0.6708047541158403,1.0613867623838509,1.4039978776254936,0.6140455689137403,309
L309P,-0.199152953689872,3857,0.6829418519372192,1216,1,1.0932086191132648,1.2410505252406785,1.3336932657000828,-0.9361850023051488,309
A192M,-0.19940527209624,3858,0.4436026353963732,1681,1,0.4022153524347174,0.8193546549692646,-0.3551048221284016,0.9079453563099126,192
P112Y,-0.199420232351504,3859,-0.0923374220426171,2749,1,-0.301020510391976,0.9700102734373204,0.0050455380235184,-1.0433849892393317,112
I110W,-0.199465475716366,3860,0.5702896472727745,1422,1,0.5748972108073162,0.5155806939264223,0.4819323181078334,0.7087483662495263,110
V251N,-0.199774018028643,3861,0.025265049573834,2531,1,0.0620508316485779,0.132877165471755,-0.2590463236460072,0.1651785248210103,251
G312F,-0.200348435550042,3862,0.7320087726869087,1091,0,0.3151798173431087,1.5403441064956322,0.0857503419101807,0.986760824998713,312
L259G,-0.200359306342372,3863,-0.622489265293194,3424,0,-0.1190296946264309,-1.1475808670542085,-0.2616512272654089,-0.961695272226728,259
L22E,-0.200517458412801,3864,-2.0328766236773355,3933,0,-3.26574183814209,-1.5316990028503712,-2.258200605580281,-1.0758650481365997,22
N113P,-0.200540259151686,3865,-0.7117245807684625,3497,0,0.1844971261750037,-1.5854789350934997,0.1399749499165137,-1.5858914640718678,113
G342E,-0.20113263850236,3866,-1.1930252706859188,3773,0,-0.4128048696137174,-2.2796514586686776,-1.0007159471223728,-1.078928807338907,342
A86H,-0.201159477571192,3867,-0.5548710220889296,3370,0,0.0131728547997344,-1.2953203478083848,0.3812392462283319,-1.3185758415754,86
P248F,-0.201510417437316,3868,-0.089033177397997,2742,0,-0.2915517975717983,-0.3354826381042338,0.1353763895561144,0.1355253365279295,248
W88D,-0.201652321450716,3869,0.2464958697019688,2096,0,1.958980357252279,-1.072766956162171,0.2029705419892186,-0.1032004642714512,88
V129H,-0.201717028292795,3870,0.1641574742204132,2254,0,0.1694512625498105,0.4791984285060958,0.0128982228343188,-0.0049180170085722,129
L80K,-0.202041343496766,3871,-0.5401976083801181,3357,0,-0.5245346273865352,-1.1055859479267645,-0.4367922763193657,-0.0938775818878074,80
L145D,-0.202094502192455,3872,-1.8255343799764097,3912,0,-3.171414592060468,-2.275762683305736,-1.2032310708522305,-0.6517291736872045,145
G26K,-0.2022606454451,3873,-0.4899690661393063,3296,0,-0.8896956541453583,-0.0696977505293688,-0.7235535619436935,-0.2769292979388046,26
A192W,-0.20265708238053,3874,0.0585391177858914,2465,0,0.5168996814836507,0.1843476459839174,-0.959565196684503,0.4924743403605006,192
D303F,-0.202686780549371,3875,0.3750355335023375,1835,0,0.5169342348843733,0.2075755593964116,1.8608413270130848,-1.0852089872845203,303
L300N,-0.202771133000777,3876,-0.6025340954767616,3406,0,0.3708381325407274,-1.627787563306893,0.2635818464492221,-1.416768797590103,300
D190Q,-0.202793195321653,3877,-0.7483782098495986,3522,0,-0.2459404044904069,-1.485669992833511,-0.5311524962467735,-0.7307499458277026,190
W88H,-0.202908672460592,3878,0.5415674749410193,1488,0,1.6741821675656732,-0.3938500268192708,0.4605502696436842,0.4253874893739907,88
L102R,-0.202932800279746,3879,0.0334274529268743,2517,0,1.1319007428373444,-0.4303762129399018,0.3023625922978877,-0.8701773104878332,102
M87F,-0.203075331428883,3880,0.6205112055416931,1329,0,1.3946800727377622,0.9861287895601248,-0.0460495795077425,0.1472855393766282,87
G153I,-0.203290351387175,3881,-2.1363417352546805,3951,0,-2.875931991634748,-1.9187450055804816,-2.10384967553186,-1.646840268271632,153
V276H,-0.203520595793342,3882,-0.9525689999229006,3664,0,-1.156766573414866,-1.3524356898319627,-0.3502858681135307,-0.9507878683312424,276
R65Y,-0.203565985448093,3883,-0.224388393258392,2978,0,-0.5313450083251879,-0.6638223093599119,-0.4002272177025089,0.6978409623540407,65
S307R,-0.203742549668453,3884,0.8649059129371107,821,0,0.8997327285973249,1.0607971471712268,1.4085825372851106,0.0905112386947805,307
E249P,-0.203753373360527,3885,-0.0278493249257441,2632,0,0.2429073602948415,-0.1465903328223683,0.0336395675173712,-0.2413538946928212,249
R93A,-0.203966833737061,3886,0.7143829352006836,1135,0,1.475440264090814,0.7348067277432613,0.2580833090046905,0.3892014399639694,93
R278W,-0.203991846316287,3887,-0.438832941016373,3239,0,-0.6729685286998842,-0.7436568336509423,-0.0204742606465272,-0.3182321410681383,278
G312H,-0.204314213654465,3888,0.7509020241441203,1046,0,0.3306745213886088,0.7323546867369721,1.110564616730153,0.830014271720747,312
F74G,-0.204339234580031,3889,-0.8723964416852992,3613,0,-1.2590455436811916,-1.4016195430414014,-0.7969973628247864,-0.0319233171938173,74
P301M,-0.204714293753056,3890,-0.8285131711738224,3579,0,-0.1285340025596397,-2.058493400402332,0.0410999790829438,-1.1681252608162618,301
A86N,-0.204827975603524,3891,-0.3428596264762314,3131,0,0.0832971536558134,-0.7314125423180752,0.3114338628341681,-1.0347569800768324,86
P248M,-0.205003140864944,3892,0.127895866786027,2341,0,-0.212481823749141,-0.1316448972094248,0.1726036965514563,0.6831064915512177,248
G273T,-0.205118922374136,3893,-0.5232426805975681,3339,0,-0.1661806795348963,-0.1842041029487366,0.6088820955571896,-2.351468035463829,273
V276P,-0.205219629722183,3894,-0.8127956509687924,3565,0,-0.6042497552622736,-1.237665588464019,-0.3145037660736687,-1.0947634940752078,276
S266G,-0.205786100976787,3895,0.239054117828355,2113,0,1.099579358147844,-0.6607969313964183,1.04141182938066,-0.5239777848186657,266
L173P,-0.206376937786668,3896,-1.4636897493488747,3835,0,-2.5389189159235506,-0.7160288776828828,-0.7143556827305196,-1.8854555210585464,173
R115A,-0.206431495691834,3897,0.6238750490471623,1324,0,0.2968473513846866,1.2783672414764011,0.0237424848736437,0.8965431184539177,115
L20H,-0.206743422609482,3898,0.2924741710813821,1996,0,0.5368768048001833,0.0726719030737103,-0.0129738103503948,0.5733217868020295,20
V324Q,-0.206766079868956,3899,0.6391427749855825,1303,0,0.2142723104682594,0.0255295681681506,1.86959850928738,0.4471707120185401,324
F168R,-0.206925473992322,3900,0.072135532186045,2439,0,1.3999279146961308,-0.2587261147640332,0.788079399634446,-1.6407390708223637,168
R304D,-0.207059753067197,3901,0.9992339010084016,583,0,0.8825280243150443,0.6134072711923927,1.775295982842588,0.7257043256835818,304
T111G,-0.207106323058912,3902,0.2115010347100109,2163,0,0.5271183682010806,-0.2642151361515062,0.1180951154293149,0.4650057913611544,111
V251P,-0.207454571568375,3903,-0.702016497974808,3488,0,0.184651614075845,-0.2120255593473375,-1.130035239830895,-1.6506568067968448,251
R278F,-0.207718994941118,3904,-0.6001446884390446,3405,0,-0.8617499525251701,-0.7957068010356964,-0.2602259624810676,-0.4828960377142442,278
L80P,-0.207866570848838,3905,-1.6168802163371006,3882,0,-1.6353814900917742,-1.3662376215899756,-1.181983818003427,-2.283917935663225,80
L117G,-0.207994905461196,3906,-1.4668787596132786,3837,0,-1.95224572702261,-0.8460534320616924,-1.1715211140742514,-1.8976947652945604,117
A171I,-0.20838123069331,3907,-1.024990616454566,3703,0,-0.2539993660780346,-0.727697613016911,-0.7096862423492071,-2.4085792443741108,171
P248E,-0.208456865808755,3908,0.8253347922150955,911,0,0.851720532606517,0.9654772468866502,0.2734366120915806,1.2107047772756343,248
D189Q,-0.208805013903686,3909,0.4739714388577526,1620,0,0.4658344822310515,1.1421428863663463,0.096050941673653,0.1918574451599597,189
L309H,-0.20882575705091,3910,0.8191515107409244,922,0,0.4390789565782415,0.8361243647100547,1.3971064346219149,0.6042962870534865,309
G128M,-0.20912326359329,3911,-1.3639232404507755,3811,0,-0.8688803356920158,-2.258143492726606,-0.1837047851851535,-2.1449643481993266,128
L259H,-0.20918719509298,3912,0.1038249606489841,2378,0,0.0862595279467677,0.6843583378080192,0.2385787474415816,-0.5938967706004322,259
G342W,-0.209441509487502,3913,-1.6313917156139524,3885,0,-0.8046033056080344,-2.9313489893090536,-1.0848734616964235,-1.7047411058422963,342
P248Y,-0.209656010626724,3914,-0.0823484709019145,2725,0,-0.2726113647242131,-0.1772110785424868,-0.1219230062371592,0.242351565896201,248
G63M,-0.209670413254752,3915,0.0382368054118182,2504,0,0.1072791989071137,1.317269830488853,-0.183344853835081,-1.0882569539136129,63
G314I,-0.21029959911453,3916,0.8798348346326166,794,0,0.3521904405067718,0.8290311030231082,0.958516711459162,1.3796010835414247,314
L326Y,-0.211118355577432,3917,-0.5164208419323884,3329,0,-0.3869953071842714,-0.4176490581473346,-0.5312102900073642,-0.7298287123905836,326
G273P,-0.2114516796308,3918,-1.0263078898482394,3704,0,-0.0233063181920651,-1.809441861986044,0.4464515138379041,-2.718934893052753,273
N247A,-0.212271639243649,3919,0.4266609637198999,1719,0,0.713539075385877,0.5307583680967294,-0.2666059201763097,0.7289523315733031,247
D190C,-0.212588640128992,3920,-0.7399232567308718,3515,0,-0.8434429593809327,-0.9451094217944492,-0.842664388859211,-0.3284762568888943,190
G290H,-0.212951407576122,3921,-1.0852373123819028,3734,0,-0.6667354725845667,-1.2871923153066065,-0.4661168779175613,-1.9209045837188763,290
L309A,-0.213098568871021,3922,1.2508789722943865,234,0,1.1585863853182157,1.3654479942165962,1.8085932055632457,0.6708883040794872,309
F74K,-0.213336289894358,3923,-0.8447301677954586,3596,0,-1.096615038551621,-1.3869249225343636,-0.3680548997571416,-0.5273258103387082,74
L22G,-0.21428397697605,3924,-1.4425540098432732,3830,0,-1.9892323711482287,-1.102005809554608,-1.7129712139578115,-0.9660066447124432,22
V231H,-0.214728609632113,3925,-1.07377368534579,3727,0,-0.763069292431697,-0.7442637098374245,-1.1916366876035531,-1.5961250515104854,231
T59Y,-0.214776017247433,3926,0.0410679338155183,2499,0,1.0865266046479447,0.107235441970277,0.0894042345804943,-1.1188945459366428,59
V246N,-0.215099471422793,3927,-0.0544581413406964,2673,0,-0.314852739867901,0.8614532984428313,-0.4314875688310314,-0.3329455551066845,246
F74E,-0.215461289326893,3928,-0.9829031917414424,3677,0,-1.5873271833722702,-1.5123159911776425,-0.5762865696325388,-0.2556830227833178,74
V203N,-0.21609226011423,3929,-1.882506833775448,3920,0,-2.6056740420047424,-1.975217966751423,-1.5898041175120994,-1.3593312088335257,203
S219P,-0.216257481801086,3930,-0.3345192039903226,3122,0,0.0521824649185077,-0.900763332953308,0.3761173089043004,-0.8656132568307909,219
R278N,-0.216781026660868,3931,0.1520464308028289,2286,0,-0.0218440096253103,-0.0937559659203598,0.039947484647146,0.6838382141098397,278
A67K,-0.216920968781608,3932,0.3408999283153399,1901,0,0.5974405039484977,0.6916797803761976,0.0472332385121185,0.0272461904245456,67
L300Y,-0.217466803428667,3933,0.0531346120661751,2473,0,0.2106781278347421,0.4037322461758499,0.527422250449606,-0.9292941761954976,300
P301Y,-0.217612380478773,3934,-0.8222634990007434,3571,0,-0.0108868275009708,-1.6075813505888985,-0.3105755284316482,-1.360010289481456,301
P301K,-0.218484518028664,3935,-0.2123168260038701,2960,0,0.5229810210459668,-1.1714105845580205,0.6770937234294089,-0.8779314639328358,301
D132K,-0.220261028000806,3936,-0.7168479573157933,3503,0,0.0598518850676144,-1.7894344753985134,0.2888562378680123,-1.4266654768002869,132
G342F,-0.220281529243659,3937,-1.5891723523081092,3872,0,-0.441852073897894,-2.9174276097099057,-1.1308315937404017,-1.866578131884236,342
H257I,-0.220363534215074,3938,0.4635305518513168,1640,0,0.3687175993796629,1.0401863239117477,-0.2432629465190628,0.6884812306329195,257
L149I,-0.220445539186489,3939,0.0249411738204742,2532,0,0.8846507784853703,0.5196120585646876,-0.1311139540737192,-1.1733841876944415,149
L261Q,-0.220624459124121,3940,-0.2879448247665904,3063,0,-0.5032966685601913,0.0107181626699401,-0.6093897547289872,-0.0498110384471233,261
G290I,-0.220773559072148,3941,-1.6110827097577836,3878,0,-0.897743078277796,-2.1956311878428005,-0.6062955781023484,-2.7446609948081893,290
L145A,-0.220809213407546,3942,-0.4251064716837606,3222,0,-0.1995011940853916,-0.1673524471704383,-1.1404909828914072,-0.1930812625878056,145
E364H,-0.220876065286417,3943,1.2038240034025356,288,0,0.3004446591551291,1.326279290103361,1.919829580537548,1.2687424838141044,364
E165M,-0.220989361628503,3944,-0.247793603984976,3001,0,-0.9874812278515146,-0.2251733176314554,0.3178582021887652,-0.0963780726456992,165
P301I,-0.221007858990476,3945,-0.7692970052142418,3536,0,0.0727871216261482,-2.4309690489569444,0.5462856060462911,-1.2652916995724623,301
G342M,-0.221183583929222,3946,-1.4860531469882663,3843,0,-0.5390115391967599,-2.958988611095992,-0.8161702030906546,-1.6300422345696586,342
G187W,-0.221248324696129,3947,-0.874316353811738,3618,0,-1.3054625538210671,0.1475918207546948,-1.0811043567302214,-1.2582903254503583,187
L173H,-0.221295408890243,3948,-0.4605392167460034,3264,0,-0.8457174497592096,-0.4226133712899968,-0.0568233142828926,-0.5170027316519146,173
L117C,-0.221429598843467,3949,-0.3111648869236753,3091,0,-0.657504309480619,0.7411288407615719,-0.5806466081978021,-0.7476374707778519,117
V276Y,-0.221429598843467,3949,-0.7663224225090715,3533,0,-0.524879571745284,-0.9548635680061004,-0.4136521286630567,-1.171894421621845,276
V324P,-0.221491102572028,3951,-0.0824683981092152,2726,0,0.6443411830786916,-1.342316099163679,1.867570562936128,-1.4994692392880016,324
D189W,-0.221593608786297,3952,-0.1449663652414629,2847,0,-0.1136784381527599,0.2725317265330543,-0.3457350950946711,-0.3929836542514748,189
R278V,-0.221664917457092,3953,-0.6942731037925595,3480,0,-0.8881980452898108,-0.6978920797921735,-0.4734180861247466,-0.7175842039635071,278
V231K,-0.221710758745461,3954,-1.6131388448398962,3880,0,-1.6973514222367287,-1.3539347475579535,-1.8410669979109728,-1.5602022116539296,231
P227C,-0.221742708734323,3955,-0.4524606749725026,3254,0,-0.7201205160107595,-0.1701588374251866,0.0250917392815016,-0.944655085735566,227
T111Y,-0.221827908704625,3956,0.8581641970617631,842,0,0.7968989777344155,0.3363435655993025,-0.3802419934719812,2.6796562383853155,111
P301N,-0.221921628671956,3957,0.0149929223597382,2552,0,0.3550417643346532,-0.3009511802095854,0.990317682959766,-0.9844365776458808,301
L117Q,-0.221921628671956,3957,-0.7866493355747654,3547,0,-1.0551258386594968,-0.6213217023445256,-0.9208933709618374,-0.5492564303332014,117
P301C,-0.221979514534131,3959,-0.6914964958393301,3475,0,-0.1744836573170462,-1.6755065954327044,0.238837447758836,-1.154833178366406,301
V231Y,-0.222085638614785,3960,-0.70232061183457,3489,0,0.1589273737809476,-0.4799265250250058,-0.6745155290166978,-1.813767767077524,231
R260D,-0.222140308595729,3961,0.8190217823885924,923,0,1.0926124746760553,0.5234176515669245,0.3425312608585527,1.3175257424528368,260
L302P,-0.222249648557615,3962,0.4869878784649089,1598,0,0.9979281473045424,0.5398003921472263,1.168678357833028,-0.7584553834251616,302
S205Q,-0.222322541865539,3963,-0.5971361926998626,3403,0,0.236306707491803,-1.2179539050246035,-0.0034103297442644,-1.4034872435223855,205
V351N,-0.222413658500445,3964,-1.9181468199592768,3925,0,-2.92378267308037,-1.5664012635496982,-1.6484378598422469,-1.5339654833647909,351
V7W,-0.222637308422485,3965,-0.7141042709705334,3501,0,-0.6785556642191019,-1.0429217337927683,-0.7387817244040359,-0.3961579614662277,7
G273Y,-0.222637308422485,3965,-1.3774257282513729,3815,0,-1.5402782666150858,-1.4570172200373797,0.2171716610417552,-2.72957908739478,273
E230I,-0.222905688328934,3967,-0.2592241617412435,3019,0,-0.805926142655149,-0.0621388071050934,-0.1905662795797699,0.0217345823750383,230
V351W,-0.223028695786056,3968,-1.511304156142935,3853,0,-1.7915060192444348,-1.7065556795895,-0.6850092427338897,-1.862145683003916,351
G63K,-0.223084608266566,3969,0.2479479532276403,2091,0,0.4215294455218567,1.663331540940852,-0.0823379615153668,-1.0107312120367806,63
V327W,-0.223468008132921,3970,-1.4273802069777954,3827,0,-0.9461941398021836,-2.4831119624855966,-0.1164203659693726,-2.163794359654029,327
C122P,-0.223643733071667,3971,-0.8283101813080322,3578,0,0.5326970914020335,-1.006759977709737,-0.53869875815734,-2.3004790807670856,122
V246Q,-0.223819458010413,3972,-0.3016315983185982,3082,0,-0.3654645092695516,0.5789248224172755,-0.7236119282766122,-0.6963747781455045,246
G63I,-0.223889747985912,3973,-0.049183354730398,2665,0,0.4499500696799622,1.01415782145335,-0.055819775637385,-1.6050215344175194,63
