mutant,DMS_score,DMS_rank,avg_score,avg_rank,DMS_score_bin,MSA_Transformer_ensemble,SaProt_650M_AF2,GEMME,ESM-IF1,Residue
D131C,1.22,1,0.732327437828563,344,1,0.4408273711979002,0.7524100338412497,0.8563463114625328,0.8797260348125695,131
F140Q,1.12,2,1.4063391446256563,43,1,1.055573192835641,2.0879860890226927,1.1710409563534885,1.310756340290803,140
I2H,1.1,3,-0.5982348709376626,908,1,1.2540154698178436,-0.7348870436168037,-2.071950403569874,-0.8401175063818164,2
C85F,1.09,4,-0.2841244569115982,810,1,1.1317474943576986,-0.8910290830497809,0.0945746305762681,-1.471790869530579,85
L156Y,1.09,4,0.6729037745282005,377,1,0.704951085591848,-0.1066342650190513,0.6689562091788178,1.4243420683611878,156
F140W,1.08,6,1.3253481016922155,77,1,1.1477319568147215,2.0964048351117497,0.7349615864163418,1.3222940284260498,140
I2N,1.08,6,-0.6314774237042309,919,1,1.120028819886966,-0.8216684952748597,-2.071950403569874,-0.7523196158591554,2
D127F,1.08,6,0.7427988658140545,337,1,0.4191818504407715,1.0701833556403462,0.057312462493315,1.4245177946817855,127
D11N,1.08,6,1.6539281415523563,13,1,1.86886230858748,2.360397227456792,0.7765038012365858,1.6099492289285675,11
V10A,1.08,6,1.5990923664525476,17,1,1.8118141514510804,2.113172720438697,1.079400527497305,1.3919820664231075,10
L156F,1.08,6,0.7588670220581835,333,1,0.830280443447702,0.181884046091233,0.6347017535661896,1.3886018451276094,156
L156K,1.08,6,-0.1597649377663576,783,1,-0.057634780868489,0.3237480875965115,-1.8823694618895856,0.9771964040961332,156
K109Y,1.07,13,-0.1483260397209345,781,1,0.2718031323571643,-0.218399911236719,0.0951602853434167,-0.7418676653476002,109
F140R,1.07,13,1.5128964454467413,30,1,1.5446195367420836,2.2124264430864997,1.0350742090860556,1.259465592872327,140
F140T,1.07,13,1.1973239660553738,120,1,1.0280264174200353,1.914763086886773,0.9417543866729874,0.9047519732416994,140
F140V,1.07,13,1.01700110702007,200,1,0.963619579500528,1.6055303078208507,0.7260818206021558,0.7727727201567457,140
P130H,1.07,13,0.5877378632894655,426,1,1.0050546568825194,0.8879370283319732,0.9296067941677618,-0.4716470262243925,130
L156S,1.07,13,-0.3896984745485053,844,1,-0.3020853538220061,-0.4841711453338125,-1.0630380186304067,0.290500619592204,156
L156R,1.07,13,0.1736817441174539,637,1,0.3935475559476367,0.5066020937642811,-1.0129452732970563,0.8075226000549544,156
S135R,1.07,13,1.3887468217804366,52,1,1.6036292562817822,1.293667614345781,0.574037000318219,2.0836534161759643,135
D116H,1.07,13,0.9971246858256448,205,1,1.3083203715186722,1.1055676976608653,0.9231581505189904,0.6514525236040507,116
S135K,1.07,13,1.2812757007729334,86,1,1.5603899876675964,1.034285555674489,0.6084885004797875,1.92193875926986,135
D127M,1.07,13,0.6152355181411188,408,1,0.4481232451662104,0.7871152487001157,0.1942152726653323,1.0314883060328166,127
D116K,1.07,13,0.7577125337622477,334,1,0.941160213347758,0.9137930886005612,0.4196687460282065,0.756228087072465,116
R159W,1.07,13,0.7124782706685391,360,1,1.2362449538229228,-0.1024236029587606,1.5966004362955142,0.11949129551448,159
K106F,1.07,13,0.9482903176307292,230,1,0.9584560208551556,1.4201101014516162,0.8562474500168076,0.5583476981993369,106
R159Q,1.07,13,1.065159097688183,180,1,1.2823247517316745,0.6788085228264737,1.5966004362955142,0.7029026798990702,159
D11P,1.07,13,-0.7438435770344858,951,1,-0.3222589063516487,-0.3655738383390632,-1.399689257263035,-0.887852306184196,11
D116R,1.07,13,0.6684076663957774,379,1,0.8222482417802134,0.7971369779622173,0.2572626594575773,0.7969827863831017,116
D116Y,1.07,13,0.5134289938200876,473,1,0.7203685175520923,1.066006791116055,0.1449950735760135,0.1223455930361898,116
D127C,1.07,13,0.5480391956841856,449,1,0.4787498360347405,0.5146356696672056,0.3796206153082853,0.8191506617265109,127
D11K,1.07,13,0.470674276666972,491,1,0.5446469667382847,0.5132864384542365,-0.2671167201948859,1.091880421670253,11
E129C,1.07,13,0.9690700056553933,223,1,1.1534945114579882,1.1034425403406607,0.0357275862239359,1.5836153845989875,129
F140D,1.07,13,1.1957993584248698,123,1,0.6235980654705607,1.9421504978810404,0.99995927471434,1.2174895956335388,140
F140L,1.07,13,1.13489503048854,143,1,1.0452301259473196,1.5561659089043116,0.9269306668865444,1.0112534202159846,140
D142Y,1.07,13,0.6211957107590833,403,1,0.4333418139580273,0.6197116309867592,0.6646740592942496,0.7670553387972968,142
V136C,1.07,13,0.3635563437508521,539,1,-0.0116765278144405,0.4635702053708118,0.9520866137521103,0.0502450836949269,136
F140A,1.07,13,1.3349717229113676,72,1,1.117609894032813,1.8336409054790848,0.9686068497550572,1.420029242378516,140
F140I,1.07,13,0.8725355247045403,275,1,0.8119145300602362,1.3851677076924764,0.7582770624582734,0.5347827986071756,140
V10N,1.07,13,1.522512578288663,27,1,1.6190777194318702,2.317805630018721,0.7356079313179456,1.4175590323861147,10
V10P,1.07,13,0.5013620905107891,477,1,1.0054174831022316,1.3141475428143734,0.2483632974679304,-0.5624799613413792,10
R159P,1.06,42,0.6619379505582181,381,1,1.5797696770071792,0.3095385916493266,1.5966004362955142,-0.8381569027191469,159
D11S,1.06,42,0.5780418060287627,431,1,0.7674846053006974,0.9551633742946504,-0.3166787053029158,0.9061979498226188,11
R159F,1.06,42,0.943698935390939,232,1,1.371033495992981,0.2990693283908756,1.5966004362955142,0.5080924808843846,159
D11H,1.06,42,0.6628037734022918,380,1,0.5613650383500765,0.5752679020432925,0.5095067683568297,1.0050753848589682,11
D11A,1.06,42,0.1058917632483768,672,1,0.0782313657830678,-0.1945108890214864,-0.2409631127161609,0.7808096889480868,11
E157M,1.06,42,0.5387038379901378,459,1,0.3576341014571525,0.7085373388805064,0.4130478467567107,0.6755960648661813,157
F140N,1.06,42,1.2491566039498108,96,1,0.9016882203922664,1.8897627182484296,1.028208371054856,1.1769671061036917,140
D116L,1.06,42,0.5622847439117774,445,1,0.6332376984442765,0.9462528380014028,0.2708577297288583,0.3987907094725719,116
F140E,1.06,42,1.2772967254908705,87,1,0.7661776906940941,1.9014291702415944,1.0317077799798284,1.4098722610479644,140
P39E,1.06,42,-0.9277495157768552,983,1,-0.6475664163081628,-0.9984698972396344,-0.5393032316378042,-1.525658517921819,39
D116F,1.06,42,0.3840204519533254,529,1,0.4362146222000702,0.970034196709627,-0.0400290012222229,0.1698619901258276,116
D116C,1.06,42,0.3394270428241276,560,1,0.2643792034943236,0.239295948802736,0.560012852243275,0.2940201667561758,116
P130R,1.06,42,0.8456683077218036,288,1,1.501032421027603,1.2949143227693656,0.9899682774579448,-0.4032417903676991,130
L156H,1.06,42,0.0351929444720685,705,1,0.3375571567129848,-0.5017953054171819,-0.6120215508949991,0.9170314774874704,156
L156M,1.06,42,0.5403521453424329,456,1,0.6773306924758609,0.4860686864869767,0.3444718115277496,0.6535373908791444,156
L156Q,1.06,42,-0.0088399339000919,732,1,0.0405694050121716,0.0308753584775819,-0.7850678384653764,0.6782633393752552,156
Y128K,1.06,42,-0.5246043903057205,888,1,-1.1195535625158592,-1.159760388390868,-0.3638651535572749,0.5447615432411202,128
D116M,1.06,42,0.4828955723741244,487,1,0.4393389108695185,0.9340096435271376,0.0577439279573176,0.5004898071425238,116
D127H,1.06,42,1.1227066977042597,152,1,0.9366547353395278,1.2868669513286983,0.6637849481781153,1.6035201559706962,127
D127Y,1.06,42,0.8610773325864045,281,1,0.4758431153074489,1.1003512350157187,0.408085406323865,1.4600295736985855,127
F140G,1.06,42,0.852182354570299,285,1,0.6219799830158385,1.2538363674356678,0.7496080651291157,0.7833050027005738,140
F140P,1.06,42,1.0520002637337251,184,1,1.19399140771145,1.7031721316032529,1.0260705948314983,0.2847669207886985,140
F140S,1.06,42,1.363983012439387,59,1,1.1431415710092616,1.994117076267876,0.9670719893426648,1.3516014131377458,140
S138R,1.06,42,1.371166540043023,57,1,1.156374516910729,1.5410710298462496,1.428321537220545,1.3588990761945692,138
S138Q,1.06,42,0.9789490972204342,214,1,0.7390412406776815,1.1866289577283569,0.7183195891453906,1.2718066013303082,138
S138K,1.06,42,1.1253578792257954,148,1,1.0156537913651988,1.409126045195787,0.8468537111387897,1.2297979692034064,138
S138I,1.06,42,0.3897045014434578,527,1,0.1590048416643527,0.3965649563022303,0.4823138984511798,0.5209343093560682,138
S138E,1.06,42,0.8621282941081603,280,1,0.4524516139242486,1.106303173225844,0.6216734203848999,1.2680849688976483,138
I2K,1.06,42,-0.6409276551608691,923,1,1.053906924030567,-0.9871196837801672,-2.071950403569874,-0.5585474573240021,2
S135Y,1.06,42,0.0589458074708427,698,1,0.1947141581837317,0.0666007372397985,-0.3424364199901798,0.3169047544500203,135
D127K,1.06,42,0.9075040477505404,253,1,0.8116624468513653,1.1590652584831618,0.414113208223919,1.245175277443715,127
S135Q,1.06,42,1.390094462293501,48,1,1.3965400490379476,1.0070814918269912,1.0093180033201232,2.147438304988942,135
D131F,1.06,42,0.347178643512929,554,1,-0.0080798031435941,0.38713549909208,0.4767036332302704,0.5329552448729598,131
V10S,1.06,42,1.4062262369693703,44,1,1.6503286472311036,2.2078595830038776,0.5011647181374669,1.2655519995050326,10
I2Y,1.06,42,-0.1277523355475673,774,1,1.391252281243795,0.4675516681522152,-1.5900853904658905,-0.779727901120389,2
D127R,1.06,42,1.02012413282589,198,1,1.0284949353419075,1.2548736875249982,0.5042190863785642,1.29290882205809,127
D144C,1.05,78,-0.392915147809543,845,1,-0.6126087803318884,-0.4667387416905192,0.049569256975546,-0.5418823261913108,144
D142K,1.05,78,1.1040836999722383,158,1,1.18443318037465,1.3432176871592676,0.6870925479835794,1.2015913843714572,142
D116E,1.05,78,1.2150316542204442,114,1,1.219993157785952,1.422792619980208,0.9361504522653872,1.28119038685023,116
D142W,1.05,78,0.2416369513984925,602,1,-0.063898379521506,0.1413146688574878,0.4406855693365024,0.4484459469214859,142
I91Y,1.05,78,-0.4677077560391351,872,1,-0.6134031016358622,-0.243066025811543,-0.3077763109735522,-0.706585585735583,91
F140K,1.05,78,1.3433969565796915,68,1,1.223623276549987,1.9985508301276087,0.8363282359236422,1.3150854837175283,140
E118V,1.05,78,1.376136228950824,54,1,1.5081263933440452,1.5393355832797913,0.9092529645822048,1.5478299745972557,118
F140C,1.05,78,1.2740432199345575,89,1,1.2250661424883185,1.8168345645152275,1.1065149480906935,0.9477572246439908,140
D127Q,1.05,78,1.032899269163055,196,1,0.9691073682683764,1.2201533420763502,0.6655429030362215,1.2767934632712712,127
E118Q,1.05,78,1.2632240858238903,91,1,1.3666025760242182,1.4307887683897471,0.8057805186980656,1.4497244801835314,118
E118K,1.05,78,1.2162852456141326,112,1,1.3234412530813355,1.3944314649954612,0.7497897296859285,1.3974785346938057,118
L156T,1.05,78,-0.9384444351397928,985,1,-0.3447424380133705,-0.6276726051475011,-2.337410139300116,-0.4439525580981842,156
L156W,1.05,78,0.5789229311662663,429,1,0.6969980652976672,0.0078251786151286,0.7949499281367536,0.8159185526155153,156
C85L,1.05,78,0.0994642640861993,676,1,2.0543343951229325,-0.3643757902605076,0.7943247621917531,-2.0864263107093803,85
D132Y,1.05,78,0.2939923341546728,580,1,0.162393425895163,0.1938518822459775,0.5687618310198443,0.2509621974577065,132
D116G,1.05,78,0.5453798795541474,452,1,0.6018452978350908,0.6472714018029643,0.3645081604187213,0.5678946581598134,116
E118W,1.05,78,0.3708201945868766,533,1,0.2365378126096411,0.4377702479787379,0.2468029720867874,0.5621697456723401,118
D116I,1.05,78,0.0982052607072632,677,1,-0.0163981391449394,0.5223272881028881,-0.0553442620564079,-0.0577638440724875,116
D142H,1.05,78,1.062834043171866,181,1,1.0080410532639206,1.085915240584577,0.8669701360973766,1.2904097427415893,142
D11R,1.05,78,0.3350166481427625,561,1,0.2589820188085538,0.1707951959230094,-0.3324395381839083,1.242728916023395,11
F140M,1.05,78,1.041774249252195,192,1,0.8662925551806441,1.46098198306302,0.700480868277416,1.139341590487701,140
D116N,1.05,78,1.1244424801699355,149,1,1.097389312493232,0.9821296454248448,1.4048900818865104,1.013360880875155,116
D116Q,1.05,78,1.0437701171139215,190,1,1.125443901154446,1.3307891659783124,0.7270757541212127,0.9917716472017152,116
E157Q,1.05,78,1.2394722673514742,102,1,1.123313086757357,1.4658056181545884,1.4472352724471622,0.9215350920467892,157
D116T,1.05,78,0.4531119673481568,498,1,0.4041108189053045,0.478461897564798,0.3330797909644006,0.5967953619581243,116
D116V,1.05,78,0.2416108345251176,603,1,0.2843388650487495,0.4451267223162076,0.0442035587797464,0.1927741919557671,116
D116W,1.05,78,-0.0077207800137098,731,1,-0.053028807134331,0.0368730874381223,-0.0703133090117252,0.0555859086530946,116
F137Q,1.05,78,0.8414739856533324,291,1,0.6181934545171363,1.0946038206398874,0.8679711317735318,0.7851275356827742,137
D142F,1.05,78,0.6163555227091987,407,1,0.4367342077676995,0.5792655082125766,0.7019492241138344,0.7474731507426841,142
L156E,1.05,78,-0.8744084748154395,975,1,-0.8700405897025101,-0.8995439528856876,-2.1051002099121803,0.37705085323862,156
D11G,1.05,78,0.8001652610249684,310,1,1.0766654445968484,1.4404330845784288,-0.1460375869374605,0.829600101862057,11
F137V,1.05,78,0.4657193351815119,493,1,0.4448033297999497,0.6831413344756737,0.545616527446419,0.1893161490040051,137
K106Y,1.05,78,1.0760125234039144,174,1,1.0345121651543463,1.4781475604435057,0.9994044850797,0.7919858829381048,106
Y128W,1.05,78,0.9537279693940828,227,1,0.8562340493665546,1.120503676753544,0.6451142799497958,1.1930598715064364,128
A107T,1.05,78,0.516727774046205,469,1,0.6518250677143512,0.3222000410476247,0.3507988484064808,0.7420871390163631,107
V10G,1.05,78,0.8734668461756152,273,1,1.144814313687275,1.793150587878764,0.0249053315501223,0.5309971515862995,10
V10H,1.05,78,1.5199634602477077,29,1,1.7237037642393145,2.0172456098741693,0.8030665584728851,1.5358379084044609,10
P39N,1.05,78,-0.5923809314001044,906,1,-0.7019169304824855,-0.2685760160387898,-0.1044322897353191,-1.2945984893438232,39
V136S,1.05,78,0.5367424583105677,462,1,-0.0440844946366959,0.9506538447226016,1.2289708333054776,0.0114296498508876,136
P39H,1.05,78,-0.5145513990199362,883,1,-0.2804740228296,-0.2505744812455648,-0.2453439476722488,-1.281813144332331,39
S135I,1.05,78,1.3888855017263828,51,1,1.4201057783759352,1.2983148077321642,0.8182997202300067,2.0188217005674254,135
V136A,1.05,78,0.398525496769946,522,1,0.1597824176992149,0.6308436938738733,0.9458971297151624,-0.1424212542084669,136
P130W,1.05,78,0.1916987708667699,629,1,0.4288547931182705,0.447824816451928,0.6980474494732134,-0.8079319755763321,130
P130V,1.05,78,0.6259535478341243,399,1,1.168585253947377,1.025366824923895,0.8237662980413626,-0.513904185576137,130
A143I,1.05,78,-0.0291792918198212,744,1,0.4133292764134478,-0.622859543054269,0.6798483036304438,-0.5870352042689077,143
W133L,1.05,78,-0.3678457891277307,836,1,-0.5332955666620295,-0.3857727153351846,-0.0106383991550965,-0.541676475358612,133
P130Q,1.05,78,0.7353489021185089,342,1,1.2042239606458875,1.1378424732998087,1.1053206549255596,-0.5059914803972204,130
V10C,1.05,78,1.030616067499755,197,1,1.1229972172138072,1.524681752617752,0.3296108510239163,1.145174449143545,10
R159E,1.05,78,0.8564473317233714,283,1,1.3540971451569035,0.2776746130575054,1.5966004362955142,0.1974171323835624,159
S138L,1.05,78,0.3660984588833703,536,1,0.0782154282411201,0.6971963326764847,0.440934423704085,0.2480476509117913,138
P130K,1.05,78,0.7726440255091391,325,1,1.3335283367647046,1.257894373200674,0.8359919714489927,-0.3368385793778147,130
P130I,1.05,78,0.5770967615531555,433,1,1.117266634099471,0.8532433532332653,0.8591579843571172,-0.5212809254772316,130
S135N,1.05,78,0.9979186815201088,203,1,0.9068508628098112,0.7638800643849128,0.5918696972239195,1.729074101661792,135
V72H,1.05,78,-0.4934549580703063,880,1,-0.3455095859288795,-0.9728179925151226,-0.2526169783667718,-0.4028752754704517,72
Y128R,1.05,78,-0.0680481172728275,752,1,-0.6175592798404661,-0.3853205777111124,-0.1581826909634064,0.8888700794236745,128
W133Y,1.05,78,-0.0260748363706047,742,1,-0.2449209834329659,0.1949373562812874,0.2971458012968158,-0.3514615196275563,133
D142I,1.04,134,0.5475432084171478,450,1,0.7062110495501038,0.568755426121651,0.6536403322790607,0.2615660257177753,142
D142G,1.04,134,0.8324895236991681,292,1,0.9842177674613553,0.9939856441167793,0.7086868154830073,0.6430678677355309,142
D142L,1.04,134,0.9710732449054902,220,1,0.969165084593698,1.0638271882253163,0.7305107950183506,1.120789911784596,142
V136Q,1.04,134,0.2235037550001761,609,1,-0.4268713403536017,0.6711725162136817,1.0715499896035758,-0.4218361454629512,136
D142P,1.04,134,1.0409862136878176,193,1,1.1718469587075144,1.7959468313575324,0.946304729364313,0.2498463353219105,142
D142A,1.04,134,1.331602347693587,73,1,1.4092024743379512,1.6191086003709765,0.7540238639769398,1.5440744520884808,142
N147A,1.04,134,-0.5775562874947187,902,1,-0.9635846298787089,-0.6969808957114924,0.1240383535592047,-0.7736979779478782,147
S150W,1.04,134,-0.2722431119605126,807,1,-0.7444803183228537,-0.3247572156057575,-0.001604886263774,-0.0181300276496651,150
A143C,1.04,134,0.2289327094719175,608,1,0.2009623979650078,-0.0056772001138494,0.6490481280936312,0.0713975119428804,143
D132T,1.04,134,0.9013161743502318,256,1,1.0683548241982614,0.7427797970806866,0.7641366990022461,1.0299933771197332,132
D132S,1.04,134,1.0763247788239003,173,1,1.2223146379883925,1.2063345099777136,0.918153354120974,0.9584966132085224,132
D132R,1.04,134,0.9388131899171592,237,1,1.2754679437828322,0.8308910219518705,0.7476726645482451,0.9012211293856892,132
D132N,1.04,134,1.1038769422370054,159,1,1.1754158288468404,0.970528687708748,1.4531401141992015,0.8164231381932316,132
S138M,1.04,134,0.5255317060194487,466,1,0.1217979989833507,0.5112596146221888,0.8658610930003158,0.6032081174719393,138
D132F,1.04,134,0.2630316302625975,591,1,0.0173262059529274,0.2317645366118037,0.5252928897688551,0.2777428887168039,132
H141T,1.04,134,0.198387495344692,626,1,0.4484232253903301,0.180357974192009,0.1049742277650193,0.0597945540314097,141
D132C,1.04,134,0.6415945733647792,393,1,0.6304474712630066,0.5982874524359638,0.709020205577753,0.6286231641823932,132
H141Y,1.04,134,0.7686153930517416,327,1,0.7653947800432622,0.5545620121806439,0.8428417415898528,0.9116630383932078,141
H149P,1.04,134,-0.340986534780757,831,1,-0.3697667417746806,0.1009906956722141,0.5048884386663451,-1.6000585316869067,149
H149T,1.04,134,0.0835604953098293,688,1,-0.0261069473196355,0.4312564216596313,0.2274231734941436,-0.298330666594822,149
I155C,1.04,134,0.1315612910104377,655,1,-0.1120869239978945,0.1760186560822945,0.4562597523287503,0.0060536796286004,155
I155Q,1.04,134,0.2004109998354662,624,1,-0.1996251630982402,0.3408687949521264,0.3701633373766726,0.290237030111306,155
V10E,1.04,134,1.3205692722073388,81,1,1.1777191412159107,1.9625616634968812,0.7686587803088792,1.373337503807684,10
D142R,1.04,134,0.9507643009051984,228,1,0.9718562808080012,1.0736885884792622,0.6619717844428276,1.095540549890703,142
F137T,1.04,134,0.6864949051752988,372,1,0.6002076852608864,0.7931150646385571,0.9897758349433332,0.3628810358584186,137
D142T,1.04,134,0.970988083997817,221,1,1.096472994248456,1.1101918268723576,0.7327197229453146,0.9445677919251394,142
E118L,1.04,134,1.0454682702812943,189,1,1.1880487359384786,1.1202254641848353,0.6769516821792259,1.196647198822638,118
E118M,1.04,134,0.9358443913898308,238,1,0.9856448284696614,0.9019120461738152,0.8911309800942584,0.9646897108215882,118
E118N,1.04,134,1.0913214971986638,166,1,1.1494911082158144,1.060943567892371,0.963675478374444,1.191175834312026,118
E118P,1.04,134,0.5451887139559777,453,1,0.8438868787730062,1.0127484347902298,0.1164625861382817,0.2076569561223929,118
E118S,1.04,134,1.219712638174552,110,1,1.2755711218862813,1.4507014762139123,0.9184822216679877,1.2340957329300264,118
E118T,1.04,134,1.226483573162654,105,1,1.3386261138687472,1.4948772279876412,0.8009343809009756,1.2714965698932523,118
Y128H,1.04,134,0.5061517459075016,475,1,0.1115897984201196,0.2973339448845263,0.1765261879497764,1.439157052375584,128
E129A,1.04,134,1.487203494954522,33,1,1.6472638470644854,1.6012972184208374,0.8134820125665342,1.8867709017662309,129
E129F,1.04,134,0.3998551493921057,521,1,0.5436039498572762,0.5260947128860372,-0.4511697427555929,0.9808916775807026,129
E129G,1.04,134,0.7347714818138023,343,1,1.056785458696532,0.6644295519973905,0.4257494733187216,0.7921214432425646,129
E129K,1.04,134,1.2051583359264328,117,1,1.537927601579684,1.1844962504586871,0.5639154645081501,1.5342940271592105,129
E129R,1.04,134,1.2238205962558273,108,1,1.8668816018448364,1.2006304924658815,0.3052825619215416,1.52248772879105,129
E129Y,1.04,134,0.544994391676296,454,1,0.642048531014192,0.5657738098999154,-0.060172801016598,1.0323280268076749,129
E134A,1.04,134,1.0086884348017855,202,1,0.9963948692922282,1.2450654745166756,0.7762497929185564,1.0170436024796818,134
E134C,1.04,134,0.8455077117075834,289,1,0.615180222304891,0.976548820990872,0.8817805007160489,0.9085213028185216,134
E134H,1.04,134,1.3405549092595868,69,1,1.395788561384912,1.6206390533892494,1.3102670316096343,1.0355249906545507,134
E134L,1.04,134,1.0944426916118173,164,1,0.674710980115551,1.3768137806817549,0.9971375615487312,1.3291084441012315,134
E134P,1.04,134,-0.4099325404080344,850,1,-0.1701468829771118,-0.6837379160592627,0.0174599899968304,-0.8033053525925934,134
E134Y,1.04,134,0.6089075426126285,410,1,0.6602474076297536,1.089535748261669,0.4234262058104089,0.2624208087486825,134
E139W,1.04,134,-0.5203646247989184,887,1,-1.2756553481880055,-0.8484159406339685,0.0303873505807064,0.012225439045594,139
F137A,1.04,134,0.8891251542863573,262,1,0.8168630645012362,0.9310752912166884,0.9445361181723424,0.8640261432551622,137
F137C,1.04,134,0.5941552739692951,419,1,0.5627483735908756,0.4517835680032328,0.9110211196206688,0.4510680346624036,137
F137D,1.04,134,0.64782980241981,388,1,0.2946147097480389,0.7945836218820986,0.8998993383485194,0.6022215397005831,137
F137H,1.04,134,1.2462371228598417,97,1,1.1265406439474746,1.3775921927479606,0.9048355787749184,1.5759800759690137,137
F137I,1.04,134,0.5153088609126582,472,1,0.2690479991128158,0.3783113882366133,1.481066362285757,-0.0671903059845533,137
F137R,1.04,134,0.7176612038073105,356,1,0.604028801360079,0.9123584140570588,0.5512825458966206,0.8029750539154838,137
W133F,1.04,134,0.4753105481585636,489,1,0.591458698069331,1.0418158016130648,0.3899682935188592,-0.1220006005670007,133
V136Y,1.04,134,-0.4711994764924833,874,1,-0.7918551319320793,-0.2261019645619059,0.2089784107236548,-1.0758192201996029,136
V136W,1.04,134,-0.7145900132148779,941,1,-1.1484975853684878,-0.6130328234625011,0.0361571138255459,-1.1329867578540684,136
D142S,1.04,134,1.1137633792648618,155,1,1.1203355150966108,1.2640464771441824,0.7772041440986632,1.2934673807199917,142
I155R,1.04,134,0.0599834155956998,697,1,-0.2509568271370593,0.0458828165633683,0.3212638004835438,0.1237438724729466,155
E118A,1.04,134,1.2386659261974788,103,1,1.3271654057539883,1.3430901359804974,0.7771835203963001,1.5072246426591294,118
D127A,1.04,134,1.4475633143870157,39,1,1.5404001388173785,1.6954482263918085,0.9135378724891362,1.6408670198497397,127
P39T,1.04,134,0.0013250642474209,725,1,0.0514152097261619,0.1726791231505445,1.169712559184248,-1.3885066350712707,39
D116S,1.04,134,0.775616615880235,324,1,0.7378495778872812,0.7325172060161333,0.7076161509487062,0.9244835286688194,116
D127L,1.04,134,0.9313210952611436,239,1,0.8262076841701081,1.2317210616002892,0.3513613954415557,1.315994239832621,127
S135F,1.04,134,0.2187630320052075,612,1,0.3778518017013285,0.2134163179602079,-0.2035602148145106,0.4873442231738042,135
S135E,1.04,134,1.191310456236209,125,1,0.793068410818282,0.8967343767649453,0.9861485718584678,2.089290465503141,135
D127G,1.04,134,0.8488525759420926,287,1,0.8341721392286896,1.0083344765297044,0.3198572922515175,1.2330463957584588,127
I155W,1.04,134,-0.6251398221877491,916,1,-0.8577625822543127,-0.5700118610121604,-0.2243077869942699,-0.8484770584902532,155
I91S,1.04,134,-0.3195999065601171,821,1,0.0287234170681108,-0.8142017793988571,0.0602263746199115,-0.5531476385296337,91
D116A,1.04,134,0.8944120926320438,258,1,0.9179123849268588,0.8461434544142075,0.5524876627812034,1.2611048684059052,116
P130S,1.04,134,0.8139688573060243,300,1,1.323616969906343,1.1689716208345324,1.0994300437066706,-0.3361432052234486,130
R159T,1.04,134,1.081320509994118,169,1,1.331734507345902,0.680193416808868,1.5966004362955142,0.7167536795261866,159
R158C,1.04,134,-0.97381540463587,991,1,-0.1543103189804633,-0.0958014993156159,-3.131963582209704,-0.5131862180376973,158
P130T,1.04,134,0.8027935328972386,307,1,1.2721857987031997,1.049692117592982,1.5277627480366347,-0.6384665327438614,130
R159D,1.04,134,0.8085883153275503,304,1,1.4683937697385017,0.2057859584640889,1.5966004362955142,-0.0364269031879042,159
D11T,1.04,134,0.1394930998115276,653,1,0.1771190033727535,0.6309573727877723,-0.4730089569126771,0.2229049799982616,11
R159G,1.04,134,0.9558629119663536,226,1,1.8209519326878811,0.5468946395176345,1.5966004362955142,-0.1409953606356151,159
R159L,1.04,134,1.1725327604237494,135,1,1.4986578598893108,0.9047227757344845,1.5966004362955142,0.6901499697756884,159
D127P,1.04,134,0.8726189158418869,274,1,1.1031311254262703,1.3185979771518883,0.3180074108595943,0.7507391499297946,127
P130M,1.04,134,0.439059700598384,507,1,0.9797344838666844,0.692024249002585,0.7974432655095423,-0.7129631959852756,130
D127N,1.04,134,1.22172555432798,109,1,0.999796220434478,1.0502256473551914,1.5620788696137544,1.274801479908496,127
L156A,1.04,134,-0.3230961755428054,824,1,-0.2223565584985743,-0.2810193148647348,-1.1207687332884666,0.3317599044805541,156
R158Q,1.04,134,-0.1447957448668189,780,1,0.1095623429609192,0.1495447275916172,-0.9403693775390644,0.1020793275192522,158
C85I,1.04,134,0.1646277329308688,642,1,1.7718940507541383,-0.0355691073526716,0.7910555830033279,-1.8688695946813192,85
S135T,1.04,134,1.7131669610110265,9,1,1.8286273841728304,1.6512847739768124,1.1829397235053654,2.189815962389097,135
P130D,1.04,134,0.6588445241445743,382,1,0.7141737324311765,1.0131113234181846,0.913944819320835,-0.0058517785918986,130
P130E,1.04,134,0.7589378316765888,332,1,0.9651371903405812,1.290932798606259,1.0229971141271927,-0.2433157763676774,130
A145I,1.04,134,0.3508881854834705,544,1,0.3335789859029568,0.2827586139876442,0.2718501018621589,0.5153650401811222,145
S135M,1.04,134,1.1805508577496968,130,1,1.1078259672318866,0.7570326898918709,0.8297242053976722,2.027620568477358,135
I91C,1.04,134,0.1058980921590166,671,1,0.6043339293379137,-0.2271442258783253,0.027507157076194,0.0188955081002841,91
R159H,1.04,134,1.120577558216124,154,1,1.3180337668603206,0.6273896840660854,1.5966004362955142,0.9402863456425762,159
P130F,1.04,134,0.3323538224698242,562,1,0.8223937050034672,0.5625903092571132,0.7819417565156641,-0.8375104808969478,130
D127V,1.04,134,1.0787605775304057,171,1,1.0791837811702911,1.3445595065316032,0.7256725399346147,1.165626482485114,127
D127T,1.04,134,1.0506928222977958,186,1,0.9832417738514952,1.1034396554006212,0.8951058209016421,1.220984039037425,127
D127S,1.04,134,1.1124241193181243,157,1,1.1587698016758048,1.3108075802107024,0.5919992424520206,1.3881198529339696,127
P130G,1.04,134,0.4789586988867659,488,1,1.017568701496976,0.5315885594469022,0.8403931106586151,-0.4737155760554296,130
C85M,1.04,134,0.1556216265665627,644,1,1.3961747152473392,-0.439301734280253,0.4157616659109337,-0.7501481406117688,85
E134V,1.03,229,1.3447045317428743,67,1,1.1457580162940284,1.624976821610964,1.1015138545456045,1.506569434520901,134
E139Q,1.03,229,0.9089173061741131,252,1,0.6998964796963644,0.7964952936393758,0.9214012578218588,1.2178761935388538,139
E139H,1.03,229,0.3606621982641849,540,1,-0.0909902719319893,0.0148134854981882,0.6078441081836513,0.9109814713068892,139
E139T,1.03,229,0.21686151779261,615,1,0.2851190450995426,0.0891571626835665,0.4764357890303997,0.0167340743569312,139
E134N,1.03,229,1.224942010078569,106,1,1.1093963937839468,1.4125654768491196,1.1810535350662137,1.1967526346149968,134
R158H,1.03,229,-0.1172961107077943,769,1,0.0560452947189398,0.378199796300615,-1.005707181074659,0.1022776472239265,158
P39V,1.03,229,-0.5004087577255247,881,1,-0.2891920993876047,-0.2253722588770063,0.0921944145706853,-1.579265087208173,39
E157D,1.03,229,0.9425501839984306,234,1,1.031489300494283,0.5422745001168351,1.446476002015458,0.7499609333671465,157
E134K,1.03,229,1.4898925689712383,32,1,1.5105871462040883,1.9086080366215223,0.984772994339648,1.5556020987196943,134
E134R,1.03,229,1.4965818344430215,31,1,1.5498278579390834,1.864789081341729,1.1830721529115398,1.3886382455797337,134
I155T,1.03,229,0.644462454163072,391,1,0.4898465967562614,0.4494049042497648,0.6242056702315972,1.0143926454146646,155
P39S,1.03,229,0.0843721674168902,686,1,0.0754971731668308,0.36090709741328,0.7713665835878788,-0.8702821845004287,39
E118F,1.03,229,0.674034531638288,376,1,0.6987453117648162,0.8979434735500356,0.2839148761520907,0.8155344650862095,118
E118G,1.03,229,0.451085584206152,499,1,0.6240801700866657,0.5948985686150267,0.1969934594617904,0.3883701386611253,118
E118H,1.03,229,1.1789528597145456,132,1,1.1148817232034165,1.5018191955213154,0.7863144993357104,1.3127960207977405,118
E118I,1.03,229,1.3258758209393693,76,1,1.200125040652691,1.1932861103238968,1.6444522701155593,1.2656398626653298,118
Y128M,1.03,229,0.2961436947931758,578,1,-0.0713857451057757,-0.1733143138253013,0.5612421347389883,0.8680327033647922,128
E118R,1.03,229,1.101985644407426,161,1,1.3136113702214798,1.313029996839262,0.5618911772888916,1.2194100332800704,118
P130L,1.03,229,0.7225066172755672,353,1,1.3190647642789073,1.0547035653502108,0.9885478219557292,-0.4722896824825778,130
Y128D,1.03,229,-0.5007906612237011,882,1,-0.9829165065924484,-1.076508630180361,-0.2422914139495937,0.2985539058275988,128
P130N,1.03,229,0.5657021349531088,438,1,0.7892602424649683,0.6731110731568594,1.088918430515925,-0.2884812063253172,130
L156I,1.03,229,0.1272105036551436,659,1,0.5449695633229895,0.2994424063815232,0.3953374086103793,-0.7309073636943176,156
E157G,1.03,229,-0.0130880810401372,736,1,0.3578016988158192,0.2025963196509901,-0.0938931851863731,-0.5188571574409853,157
E129H,1.03,229,1.4831100530099954,34,1,1.6690206352523302,1.4935032139120985,0.6705065716819903,2.099409791193563,129
E129P,1.03,229,0.6488989079810376,387,1,0.9158112695725752,0.9199063379260898,0.1614672355058668,0.5984107889196183,129
P39A,1.03,229,0.2174153657352206,614,1,0.535992290734821,0.2712171351417244,0.9684531066022696,-0.9060010695379324,39
E129V,1.03,229,0.8020061168032891,309,1,1.1233243828820203,1.0091391292739296,0.0522790681963026,1.0232818868609035,129
P39F,1.03,229,-0.9742998215347968,992,1,-0.9566398640584212,-0.6945847995543811,-0.502259823750804,-1.743714798775581,39
P39M,1.03,229,-1.0016819213999384,996,1,-1.015706130527398,-0.9580426800299656,-0.0632047166978239,-1.9697741583445665,39
E134F,1.03,229,0.5072856956648673,474,1,0.3702373456728735,1.021927945705889,0.3374746633218802,0.2995028279588262,134
E157K,1.03,229,1.048736144333723,187,1,0.9084020726887512,1.2914895613430426,0.9642976670647736,1.0307552762383247,157
F137M,1.03,229,0.6050775267535138,414,1,0.3645915377438447,0.8750839452570048,0.3240354281793063,0.8565991958338991,137
R158K,1.03,229,1.1430682403551884,141,1,1.1878506544141478,1.0979101153794797,1.028801351584767,1.2577108400423596,158
R159V,1.03,229,1.288843057696095,85,1,1.5619314445424246,1.1363877269394351,1.5966004362955142,0.8604526230070051,159
R159Y,1.03,229,0.9433729484566724,233,1,1.389349722104246,0.2749530711112507,1.5966004362955142,0.5125885643156789,159
I91G,1.03,229,-0.7162954530517136,942,1,-0.1487386652273201,-1.1475461660804052,-0.3579454753478476,-1.2109515055512812,91
S135G,1.03,229,0.2962911453603782,577,1,0.406496278332493,0.2018513913037541,-0.1373448044921043,0.7141617162973701,135
S150K,1.03,229,0.6831741380636756,373,1,0.8211583526124476,0.7590379073644733,0.6504101204298155,0.5020901718479658,150
S150D,1.03,229,1.0942983649870677,165,1,1.35768111497194,1.4546293144050595,1.0670077800416422,0.4978752505296278,150
S148T,1.03,229,1.1335912133768635,144,1,1.3208872137616918,1.3222604852592372,1.132476181029512,0.7587409734570132,148
P130A,1.03,229,0.9898303489868224,211,1,1.5485338217584903,1.5090768798442125,1.0394475869211186,-0.1377368925765321,130
V136F,1.03,229,-0.3276287044132223,826,1,-0.5396520659945089,-0.0318691410610856,0.2872921253898097,-1.0262857359871045,136
S138N,1.03,229,0.6818577711650066,374,1,0.5242450323669943,0.8631056742127556,0.5741923641269486,0.7658880139533276,138
S135L,1.03,229,1.3295312942772568,75,1,1.5401479471078434,1.0670258194579003,0.8933878097684756,1.817563600774808,135
S135P,1.03,229,1.0144187232423816,201,1,1.227758887850988,0.8178971292502905,1.0337844312925826,0.9782344445756654,135
I155A,1.03,229,0.0179065266232729,718,1,-0.2283161141803945,0.0999262141793197,0.4887018084641809,-0.2886858019700144,155
I155F,1.03,229,-0.3995354870929493,848,1,-0.3913820752360172,-0.4161651289800188,-0.1246195111103226,-0.6659752330454383,155
I155H,1.03,229,-0.1722493727081703,786,1,-0.5051794762078907,0.0185327256445066,0.300793973734241,-0.5031447140035381,155
I155K,1.03,229,0.0235682011421357,714,1,-0.2724205731154526,0.0381300619515285,0.3093515002551072,0.0192118154773599,155
S138D,1.03,229,0.3450556450280566,558,1,-0.0328014382754485,0.4352907954689943,0.8111045970918533,0.1666286258268275,138
I2C,1.03,229,-0.6268545499238114,917,1,1.4412518223551236,-1.0049299531869398,-2.071950403569874,-0.8717896652935551,2
I91F,1.03,229,-0.2979331183269437,815,1,0.1308814334432226,-0.1801328389179477,-0.2600599601433281,-0.8824211076897217,91
V136G,1.03,229,-0.5834626171167239,904,1,-1.143721048590853,0.108096487134757,0.2166505459543412,-1.5148764529651404,136
R159S,1.03,229,1.1135642415528393,156,1,1.5458600730537062,0.727644603671021,1.5966004362955142,0.584151853191115,159
V136I,1.03,229,1.246116397524217,98,1,1.062479465031542,1.1693586017809028,1.5883654301599488,1.1642620931244752,136
E90H,1.03,229,-0.3332511567332059,828,1,-0.7812876495041531,-0.3831595734763738,0.1121617197546158,-0.2807191237069124,90
R158N,1.03,229,-0.799868453710651,963,1,0.0425484510918775,-0.2940903029852444,-2.3875958627191523,-0.5603361002300847,158
R158W,1.03,229,-1.1998919559713506,1023,1,-0.7176514315213961,-0.5252410289735697,-3.131963582209704,-0.424711781180733,158
F137E,1.03,229,0.9020554462737465,255,1,0.4670002027079395,1.2137663610464298,0.9222179172290954,1.0052373041115212,137
R159A,1.03,229,1.1631297598061578,137,1,1.6134490546077205,0.8799470948198599,1.5966004362955142,0.5625224535015371,159
F137K,1.03,229,0.7358008565708604,341,1,0.3898350731241561,0.94346518796105,0.7017257838928842,0.908177381305351,137
F137L,1.03,229,0.9499739433093226,229,1,0.7009793524878716,1.0456140093202533,0.7893645836976256,1.26393782773154,137
F137N,1.03,229,0.6100815493413194,409,1,0.3162691275595985,0.6664953532108236,0.9194451386483397,0.538116577946516,137
L104T,1.03,229,-0.4642057523669102,869,1,-0.719663467830709,-0.7120071365983873,-0.1584374138952694,-0.2667149911432749,104
F137S,1.03,229,1.4028170040923964,45,1,1.2722116700836985,1.6849462620311006,1.7895944176779597,0.8645156665768267,137
E118C,1.03,229,0.7661763755981553,330,1,0.7482042543466284,0.7893044885182203,0.7090766071527692,0.8181201523750031,118
V72P,1.03,229,-0.9253988359751651,982,1,-0.4592498432178238,-1.2401989003908849,-0.604371656997155,-1.3977749432947972,72
K109M,1.03,229,0.2046202641153772,622,1,0.2444877285792749,0.0096327470041698,0.1093939322743983,0.4549666486036657,109
K109C,1.03,229,0.5853663294525382,427,1,0.5933301416296312,0.5037430568033751,0.7369498258789748,0.5074422934981717,109
V136T,1.03,229,1.0808552764471204,170,1,0.547245883138035,1.4567676074096991,1.3766410181017334,0.942766597139014,136
R159K,1.03,229,1.5880858026719613,18,1,1.4574908997031726,1.66100983779575,1.5966004362955142,1.637242036893409,159
R159M,1.03,229,0.8623401773058189,279,1,1.251648853339267,0.2930959065847111,1.5966004362955142,0.3080155130037841,159
R159N,1.03,229,1.099592963459403,162,1,1.3891630165731228,0.6664218179306665,1.5966004362955142,0.7461865830383088,159
K106H,1.03,229,1.3447334152877066,66,1,1.2494243606746247,1.584438584082407,1.4049534197194555,1.1401172966743398,106
W133M,1.03,229,-0.7332015348837225,948,1,-1.0355674904804304,-0.9870742613199696,-0.4429958723093337,-0.4671685154251565,133
S138T,1.03,229,1.2158134003739265,113,1,1.2556286968678614,1.1273173833825072,1.104912764298654,1.375394756946683,138
I155E,1.03,229,0.1309566612996456,657,1,-0.5778628170950376,0.4366513822970127,0.3711158179047656,0.2939222620918418,155
D11Y,1.03,229,-0.4149665373492242,852,1,-0.4413942265356042,-0.2517638131222988,-1.1669657325762184,0.2002576228372247,11
D132I,1.03,229,0.5580215645453155,446,1,0.5681380476195852,0.3524014348328182,0.6965800570329209,0.6149667186959373,132
A107I,1.03,229,-0.477731256490961,875,1,-0.0510429797631382,-1.232116648797505,0.6566874073021091,-1.28445280470531,107
D127W,1.03,229,0.2826076634959027,582,1,0.0256860374303579,0.6096143408483025,-0.3663252425174673,0.861455518222418,127
D127I,1.03,229,0.8323316449249067,293,1,0.6811782706813888,0.9679491830231644,0.7690381628035733,0.9111609631915006,127
D132K,1.03,229,0.975892792656907,216,1,1.2192078902595898,0.9024519596331336,0.7886811450722296,0.9932301756626744,132
D127E,1.03,229,1.4336017177377791,41,1,1.300574243906894,1.619930186792508,1.3272038870264118,1.4866985532253043,127
D70A,1.03,229,1.2364922802661604,104,1,1.1728572445549466,1.1223617622841289,1.3871147868030544,1.2636353274225118,70
D132P,1.03,229,-0.315204160949275,820,1,0.0246282041809274,-0.5935974120879124,0.5289196398545556,-1.220767075744671,132
D11Q,1.03,229,0.5666013192919436,437,1,0.36732803298528,0.3620998666653803,0.5575291661413213,0.9794482113757924,11
D132Q,1.03,229,1.443872607510658,40,1,1.6091465029798495,1.400185569976916,1.50079589096948,1.2653624661163874,132
D132V,1.03,229,0.7981030815123435,312,1,0.9494087653388428,0.6190538646577398,0.7364992342619454,0.8874504617908456,132
A84F,1.03,229,-0.0999291526221317,763,1,0.1669108148651514,-0.3940313779428978,1.0355488577629528,-1.2081449051737336,84
A145C,1.03,229,0.1689048632968467,640,1,-0.0613435987806596,0.0171322407095581,0.1886717404196388,0.5311590708388496,145
D142E,1.03,229,1.7213396444206126,8,1,1.7866647886191234,2.017717665860855,1.45199949931718,1.6289766238852923,142
D142N,1.03,229,1.1851124965674638,129,1,0.8957366093701615,0.9913160310912364,1.589598843945391,1.2637985018630666,142
A145H,1.03,229,0.7366628815410674,340,1,0.5846108595086955,0.7880749516260415,0.5923359869023198,0.9816297281272128,145
D144V,1.03,229,-0.8569349748584325,971,1,-0.4852551617586014,-0.8908068812850318,-0.0879486834740932,-1.9637291729160036,144
D142M,1.03,229,0.7402589396244508,339,1,0.6628694226152617,0.6403622773167351,0.7538415985787936,0.903962459987013,142
D144G,1.03,229,-0.128570770298167,775,1,0.028865203324425,0.1445203896767647,-0.0649271367674894,-0.6227415374263684,144
D70H,1.03,229,0.7825392101959022,320,1,0.6701877562209765,0.6360446269481687,0.9543441074404072,0.8695803501740563,70
D142Q,1.03,229,1.3534623157536525,64,1,1.5666762388480866,1.4233174642314474,1.026006744780008,1.3978488151550668,142
D11C,1.03,229,-0.1914081243793907,789,1,-0.2564515177526877,-0.0279493055094634,-0.6301621492220371,0.148930474966625,11
D132A,1.02,329,1.290152450879533,84,1,1.3886584523196135,1.5766645914013393,1.0831112032858892,1.1121755565112903,132
V88F,1.02,329,0.1213908179191663,661,1,0.5209407531519483,-0.0135948259798649,0.5291897422228152,-0.5509723977182334,88
R158S,1.02,329,-0.7872347082114513,958,1,0.0223496299632011,-0.0369713109753032,-3.131963582209704,-0.0023535696239988,158
H141I,1.02,329,-0.0192575027404171,738,1,0.4853112328429718,0.0805999394726104,0.235592607163247,-0.8785337904404978,141
G86P,1.02,329,-0.6355243447263869,921,1,0.3491014284223054,-1.0701590612984004,0.4532580844070101,-2.2742978304364625,86
R158V,1.02,329,-1.0518126152289744,1001,1,-0.576454864259188,-0.2448722438031189,-3.131963582209704,-0.253959770643887,158
R158I,1.02,329,-1.1341192361559014,1011,1,-0.6880461332898584,-0.328061760966815,-3.131963582209704,-0.3884054681572282,158
H149N,1.02,329,0.7276826056981273,348,1,0.3276836023359535,0.4087271269285758,1.388406410154533,0.7859132833734468,149
H149R,1.02,329,0.176735086002686,636,1,0.4547224845948458,0.0826893726416869,-0.477547196258951,0.6470756830331625,149
V72T,1.02,329,0.3652527518024421,537,1,0.5219245768930451,0.1351939309641969,0.5360906996295386,0.267801799722988,72
R158T,1.02,329,-1.004326739202025,997,1,-0.2202275584736966,-0.3369945174365374,-3.131963582209704,-0.3281212986881625,158
H149C,1.02,329,0.6570482626130143,383,1,0.5922796864253381,0.9237294359138324,0.4556842935436674,0.6564996345692192,149
A145D,1.02,329,1.5814509791748868,19,1,1.5189359467807004,1.642672545087283,1.3839849638758186,1.7802104609557448,145
D132H,1.02,329,1.019920247832328,199,1,1.08854383204468,0.7281524144996864,1.4660182758459006,0.796966468939045,132
D132L,1.02,329,0.8866372153190214,263,1,0.8197527988468304,0.9772574113699504,0.7801294333416625,0.9694092177176424,132
D132M,1.02,329,0.6399894696768539,394,1,0.4737610478474744,0.5917258711519471,0.7049276726261984,0.7895432870817956,132
D142C,1.02,329,0.5812522053670879,428,1,0.4363318149725921,0.3843231122254306,0.7096216599788819,0.7947322342914468,142
D142V,1.02,329,0.7840297056582828,318,1,1.009552021452224,0.9608229514535326,0.6610855632226736,0.504658286504701,142
D144M,1.02,329,-1.148278265460626,1014,1,-1.025032702919193,-1.50806030423749,-0.2463260142961922,-1.813694040389629,144
F137G,1.02,329,0.314346297007214,569,1,0.4490390269354822,0.452539913347221,0.5534595397065016,-0.1976532919603487,137
R159I,1.02,329,1.2430148223833282,99,1,1.500990527715751,1.075521169912263,1.5966004362955142,0.7989471556097848,159
A145V,1.02,329,0.812536754091399,302,1,0.77956265808116,0.6534673936640957,1.1662455930622648,0.6508713715580752,145
E157V,1.02,329,0.9473275189075824,231,1,0.8885404716231323,1.2226730609832417,0.4685347148253857,1.20956182819857,157
E157S,1.02,329,0.6432360614591306,392,1,0.7981832164987247,0.905826787044091,0.4292921840341685,0.439642058259538,157
R158Y,1.02,329,-1.1552613511870566,1019,1,-0.6888165844477986,-0.4497388335263481,-3.131963582209704,-0.3505264045643764,158
D131W,1.02,329,0.0836592219191922,687,1,-0.4158919170721546,0.1634529621406286,0.2314485382265508,0.3556273043817439,131
V72G,1.02,329,-0.3269314273612528,825,1,-0.3294724162605136,-0.6519227973030051,-0.1910763651774077,-0.1352541307040851,72
V72S,1.02,329,0.0061976406444534,722,1,0.0580919065731133,-0.4147903015969115,0.3052012331940975,0.0762877244075142,72
V10D,1.02,329,1.2021478140984878,119,1,1.063568751417842,1.88531601284937,0.7687837789037434,1.0909227132229964,10
K109W,1.02,329,-0.2229671632922617,795,1,0.0969375312243628,-0.0794592347170582,-0.1637689485881297,-0.7455780010882217,109
P39K,1.02,329,-1.0329519314174642,1000,1,-1.121856187714059,-0.9075468993188314,-0.4556706858232849,-1.646733952813682,39
L104K,1.02,329,-0.5599785047961007,898,1,-0.9588087199937976,-0.6850072896766687,-0.5445862568907184,-0.0515117526232181,104
L104Q,1.02,329,-0.3647667880228214,834,1,-0.6221001772876089,-0.45388688624961,-0.3009066033625441,-0.0821734851915224,104
P39C,1.02,329,-0.4486939291529814,865,1,-0.6041245588712378,-0.0586820193155596,0.3444132088250672,-1.4763823472501951,39
T73A,1.02,329,0.8027398878278914,308,1,0.7255652894562135,0.7783631999639351,1.1109022047635593,0.5961288571278577,73
K106S,1.02,329,0.883095812927685,265,1,0.9074613237111788,1.289916010696572,0.997581349359164,0.3374245679438251,106
P130Y,1.02,329,0.2138202169989436,617,1,0.6299921904221163,0.3921651158333878,0.750928419270357,-0.9178048575300866,130
L156G,1.02,329,-1.400633208199888,1037,1,-0.8815505330073713,-1.513888619697835,-2.882022488256562,-0.3250711918377846,156
S150A,1.02,329,1.5284773255016253,26,1,1.5441667453886458,1.7683420217167738,1.171584190240934,1.6298163446601477,150
S150C,1.02,329,0.539451748026752,457,1,0.4100536172623839,0.3500237531865978,1.29153327748477,0.1061963441732561,150
S150R,1.02,329,1.0851762258885844,167,1,1.290752082677611,1.2657112410012654,1.0097128517007403,0.7745287281747207,150
N147Q,1.02,329,0.014332775732297,719,1,-0.7109069338152053,0.8106659349685811,0.2981549069703636,-0.3405828051945512,147
S150H,1.02,329,0.7822415090830266,322,1,0.8710429071314182,0.6924770004436868,1.2003095200549094,0.3651366087020917,150
P105F,1.02,329,-0.4290425536796612,856,1,-0.1202749868689168,-0.2890155093105511,0.1090452432973611,-1.4159249618365382,105
A143H,1.02,329,0.2060879336314798,620,1,0.1919717918508225,-0.1741329002161004,0.587665885710739,0.2188469571804584,143
H149V,1.02,329,0.5624047290362248,444,1,0.5465887669512375,1.0559119869365683,0.6253733773871152,0.0217447848699785,149
K106D,1.02,329,0.6271081291725223,397,1,0.5485756552178099,1.0774810569972229,0.9624669327674946,-0.0800911282924377,106
V10Y,1.02,329,0.8153278597666005,299,1,1.0139257434877258,1.246346142367428,0.2335649816205258,0.7674745715907221,10
I155M,1.02,329,0.4458079632772869,502,1,0.4792522061637154,0.3020541978428687,0.5497290004243209,0.4521964486782424,155
R158A,1.02,329,-0.6805015062697263,931,1,-0.1500090392214849,0.2219282414743725,-3.131963582209704,0.3380383548779109,158
E157R,1.02,329,0.8672148051279285,276,1,0.806050925132094,1.183543023302425,0.5675633228558543,0.9117019492213412,157
I155S,1.02,329,-0.1999457889949509,792,1,-0.6060657080802083,-0.2783527709243407,0.5549505947766061,-0.470315271751861,155
V72F,1.02,329,-0.0772372452301638,758,1,0.2238111187497865,-0.0277573035425753,-0.0060730034426665,-0.4989297926852001,72
I155V,1.02,329,1.3889356657159355,50,1,1.287966481844089,1.2914566760956767,1.5020987756491184,1.474220729274859,155
I155Y,1.02,329,-0.3967657327646765,846,1,-0.5784197389466401,-0.3526208258516607,-0.0485326182739164,-0.6074897479864888,155
I91T,1.02,329,0.3458418641813501,556,1,0.4646176727986737,-0.0994494139230839,0.3237112983313646,0.6944878995184463,91
I2F,1.02,329,0.1840929672763923,633,1,1.630921820669944,0.3681296368748706,-0.6670877675452308,-0.5955918208940143,2
V136P,1.02,329,-0.9444584625643756,987,1,-1.40636614607775,-0.4283284044770177,-0.2095061709774479,-1.733633128725287,136
V136N,1.02,329,-0.2888895879302253,811,1,-0.987468326439746,0.1799102560505509,0.6116625857647672,-0.9596628670964734,136
V136M,1.02,329,0.1435036445951484,651,1,-0.024626082037719,0.3264815375931422,0.8103624929759687,-0.538203370150798,136
V136L,1.02,329,0.4617761128984572,494,1,0.6884701542363977,0.8612634251615366,0.8267665881207309,-0.5293957159248363,136
V136K,1.02,329,0.2771472788965889,585,1,-0.3150903398288514,0.8448596560966037,0.4639852512999633,0.1148345480186401,136
V136H,1.02,329,-0.1385614480132749,777,1,-0.6283003874417141,0.2925086064507004,0.6042866725886191,-0.8227406836507052,136
I91A,1.02,329,0.3474467634648613,553,1,1.295905237314889,-0.0257705005808636,0.4190260449517897,-0.2993737278263698,91
V136R,1.02,329,0.4926071365973297,483,1,-0.0593837874575174,0.9882168689083144,0.784041020082392,0.25755444485613,136
A145Q,1.02,329,1.0751183592908586,175,1,1.0060719832174685,0.9917265519206954,1.0840154711717536,1.2186594308535172,145
R158M,1.02,329,-1.1248948182208152,1008,1,-0.5671740068137363,-0.4225559463663748,-3.131963582209704,-0.3778857374934459,158
E134W,1.02,329,0.1205948111150316,662,1,-0.1858988646785218,0.5060438271757749,0.1589520574477009,0.0032822245151725,134
E134I,1.02,329,1.1797689920239556,131,1,0.7685005211270172,1.495693819473094,1.0751740445663565,1.3797075829293548,134
A145G,1.02,329,1.1579882169861802,138,1,0.9315030635446552,1.2799432333425884,1.144281707952139,1.2762248631053388,145
E129L,1.02,329,0.9830070612998556,213,1,1.174112916709168,1.0568764162536224,0.3888629543130001,1.3121759579236316,129
E139K,1.02,329,0.6264874789416757,398,1,0.3169959011725486,0.4632112451718471,0.8060829282538959,0.919659841168411,139
E129N,1.02,329,1.749287966310332,7,1,1.944389292135462,2.137446605931547,0.8634100211903507,2.051905945983968,129
E134M,1.02,329,0.7271942807302029,349,1,0.3966717481720507,1.0720780553567526,0.5012948964987161,0.938732422893292,134
E157F,1.02,329,-0.1232658619001397,772,1,-0.1835866431993915,-0.0302895443168725,-0.2914177198819072,0.0122304597976123,157
E139L,1.02,329,0.2133166573131621,618,1,-0.3348647304720421,-0.0641514973403458,0.4168473861711321,0.8354354708939044,139
E139V,1.02,329,0.1813891097810527,634,1,0.2114358223730577,0.0933077934383534,0.4760562498727144,-0.0552434265599147,139
D70N,1.02,329,0.9974419464824112,204,1,0.8009959394842872,0.9079375810458008,1.2047290465669656,1.0761052188325912,70
D70P,1.02,329,1.0517774025367506,185,1,1.5868200441124072,1.41775266042195,1.2655850911831086,-0.0630481855704636,70
E129I,1.02,329,0.5656400153710848,439,1,0.7269836101332698,0.7395598357063209,-0.0840721685010547,0.8800887841458032,129
A143V,1.02,329,0.3851467691897454,528,1,0.7368238970012203,-0.1346874219637239,1.4969365548332776,-0.5584859531117923,143
E129M,1.02,329,0.620023648877233,404,1,0.8265414322119248,0.5330519606273945,0.1065704664405207,1.0139307362290924,129
A145L,1.02,329,0.5444198421949108,455,1,0.4859055994792106,0.5773341329286462,0.2175275674047552,0.896912068967031,145
E134T,1.02,329,1.354464615603959,63,1,1.336178995925453,1.5916452295192849,0.918984539482857,1.5710496974882415,134
E139G,1.02,329,-0.0259432763031022,741,1,-0.1458833617590352,-0.1669664636310238,0.1591153089716884,0.0499614112059615,139
R71Q,1.02,329,1.1969709070156205,121,1,1.2174838026563453,1.1426129978728832,1.1907263405371409,1.2370604869961133,71
E129S,1.02,329,1.6539996652363078,12,1,1.8527657559030404,1.753561721968251,1.0801887438984197,1.9294824391755203,129
E129T,1.02,329,1.0695321468542789,178,1,1.393315650422709,1.069730880416908,0.4311470004497615,1.3839350561277357,129
E139F,1.02,329,-0.3115380183118341,819,1,-0.909247786788024,-0.6132348920286762,0.0417260181833015,0.2346045873860618,139
E134D,1.02,329,1.2541443080018424,94,1,1.1379061728688311,1.0751948647792784,1.466738717568077,1.3367374767911828,134
S135W,1.02,329,-0.0761994393147708,757,1,0.0673194781370151,-0.2842250356840117,-0.3824621388141321,0.2945699391020455,135
Y128N,1.02,329,-0.306723048156237,816,1,-0.7830640705942321,-0.9256044142251634,-0.1880509286041086,0.6698272207985563,128
A145K,1.02,329,0.8281631697523087,295,1,0.9513597398857008,1.033620392850262,0.4320683832066914,0.8956041630665807,145
A145N,1.02,329,1.060168477914326,183,1,0.7760983765539125,0.9705370356203518,1.2519083081376818,1.2421301913453584,145
E134G,1.02,329,0.3477623137878056,552,1,0.425914208128247,0.7698947960771756,0.3312010524962895,-0.1359608015504895,134
E139Y,1.02,329,-0.194413931249401,790,1,-0.7379821894572407,-0.4984802024032136,0.1247083471303406,0.3340983197325092,139
E129W,1.02,329,0.1091297854896278,670,1,0.1666541264058842,0.1569760876067095,-0.6795161877856126,0.79240511573153,129
Y128S,1.02,329,-0.0328269002784762,746,1,-0.6158034979877656,-0.4858366764621826,0.0185160706862444,0.9518165026497988,128
E129Q,1.02,329,1.5201185528797994,28,1,1.853261682298149,1.4530613801844106,1.1578393721144271,1.616311776922211,129
E157A,1.02,329,0.7675622643502372,328,1,0.915198349322828,0.8687618753779744,0.8358396057238469,0.4504492269762994,157
G86W,1.01,429,-0.7897903791152916,960,1,0.0019612340636254,-1.3889009863703534,0.3898647690763142,-2.162086533230753,86
S138V,1.01,429,0.598617476922551,417,1,0.5237537172500967,0.542515177774178,0.4236448487528949,0.9045561639130344,138
A83P,1.01,429,-0.1965110315158614,791,1,-0.5615288137218024,0.5458022293498891,0.3368512541027105,-1.1071687957942429,83
G86I,1.01,429,-0.5663346131083407,900,1,0.7415096548901515,-1.1676518656514183,0.541682112582923,-2.3808783542550187,86
P105Y,1.01,429,-0.4826957208908908,878,1,-0.1809609753582023,-0.2735318519731285,-0.1416334969201432,-1.3346565593120892,105
K109H,1.01,429,0.4313807069322936,512,1,0.7466205063241808,0.2597354420744973,0.7737124213600356,-0.0545455420295394,109
E134Q,1.01,429,1.627878796080794,15,1,1.639905060794621,1.8825335188720669,1.4278060769095111,1.561270527746976,134
S138A,1.01,429,0.9117339100030274,250,1,0.9095457601023124,1.0668060115795674,0.6202162795251909,1.0503675888050386,138
E129D,1.01,429,1.8909310209301395,2,1,1.8804145761929405,2.0676228932077225,1.526772705218035,2.08891390910186,129
P39Q,1.01,429,-0.7205049259009914,943,1,-0.4585404417667093,-0.4310531382718268,-0.445341546410725,-1.5470845771547044,39
A143F,1.01,429,-0.365119793134207,835,1,-0.3927219619887832,-0.7438659591271591,0.0609996903243885,-0.3848909417452747,143
R158P,1.01,429,-1.1983064831191232,1022,1,-0.1473295309397978,0.0719571501677152,-3.131963582209704,-1.5858899694947068,158
K106Q,1.01,429,1.4009068922756402,46,1,1.3985803377145485,1.7548392746975778,1.4596588626048794,0.990549094085556,106
A117I,1.01,429,0.7259373094316813,350,1,0.905614280744602,0.943109174083828,0.8760511278614684,0.1789746550368268,117
C85N,1.01,429,-0.5755909033268944,901,1,0.0239541739462083,-0.9366791466017044,-0.286137504206313,-1.1035011364457683,85
K109R,1.01,429,1.9445878755136587,1,1,2.260646990782249,2.32145127350318,1.4555535848118666,1.7406996529573393,109
A143L,1.01,429,-0.1126149009662384,765,1,-0.035132370091268,-1.016525202404661,0.4726391949736492,0.1285587736573259,143
N147S,1.01,429,-0.1433218333450256,779,1,-0.0448913055726348,-0.1794540800465127,0.0802998069271872,-0.4292417546881422,147
V72Y,1.01,429,-0.3448671491146642,832,1,-0.3397922278398964,-0.3405480269848386,-0.0961497393347791,-0.6029786022991426,72
R158F,1.01,429,-1.3778450734378846,1033,1,-0.984730203688354,-0.7922865472243069,-3.131963582209704,-0.6023999606291733,158
R158G,1.01,429,-1.1868875244820216,1021,1,-0.2402440984872069,-0.5837429479664022,-3.131963582209704,-0.7915994692647732,158
D131L,1.01,429,0.8162857054275594,298,1,0.4656312377772779,0.7806991420521364,0.8967447487078812,1.122067693172942,131
A143R,1.01,429,0.5165087045084885,470,1,0.7663309659651408,0.2065588768678789,0.5314936221743582,0.5616513530265762,143
K109N,1.01,429,0.0963974631011911,680,1,0.1873543170463028,-0.2066923335025642,0.74622864159402,-0.341300772732994,109
A143Q,1.01,429,0.4952561956414126,480,1,0.6501200882835627,0.074398054967994,0.6621601491522985,0.5943464901617952,143
H141S,1.01,429,0.4707444780714825,490,1,0.6633511896737457,0.1251540940997194,0.2783770943883475,0.8160955341241175,141
K58P,1.01,429,0.7200116744744807,354,1,1.282789074294547,1.3943524053620366,0.5873242092970077,-0.3844189910556687,58
H141Q,1.01,429,0.5162961526557726,471,1,0.5773788442088399,0.3849932776584499,0.4681393183928262,0.6346731703629744,141
H141N,1.01,429,0.9687624818427998,224,1,0.7873079417988865,0.7259516349214236,1.424414785990214,0.9373755646606748,141
G86C,1.01,429,-0.0835417691832572,759,1,0.8521155450035443,-0.5770071654093585,1.301173496183544,-1.9104489525107589,86
S135H,1.01,429,0.6887132073993314,369,1,0.9868687521240948,0.32462412726129,0.5301680928295319,0.913191857382409,135
K58T,1.01,429,1.1881964238898155,128,1,1.60116586323892,1.333031884605129,0.9437383182992328,0.8748496294159804,58
I2M,1.01,429,0.2435338943708493,601,1,1.2573652108110172,-0.2832383861904825,0.3623063105312803,-0.3622975576684173,2
A83Q,1.01,429,1.04025907465969,194,1,0.8762540734569354,0.8552602946111351,1.4111955259506432,1.0183264046200462,83
H141F,1.01,429,0.7020710241218214,363,1,0.8680084811228461,0.5986702901173836,0.4292720164595677,0.9123333087874882,141
V88H,1.01,429,0.369040554857153,535,1,0.6655529695327677,0.0648383457841427,1.057036283090523,-0.3112653789788214,88
V136D,1.01,429,-0.4670830625109337,871,1,-0.9573161366401918,-0.0957133551901519,0.6041643441711986,-1.4194671023845895,136
K106R,1.01,429,1.7108210497095229,10,1,1.5681249336831895,1.9108047956982408,1.426821254421752,1.9375332150349087,106
D132G,1.01,429,0.9306856511317376,240,1,1.404527584598843,0.9521228930197668,1.2619919467022165,0.104100180206124,132
A145E,1.01,429,1.7796969906508648,6,1,1.91177816987589,1.8520216257424027,1.6179423663082564,1.7370458006769094,145
D70S,1.01,429,1.240928705327709,101,1,1.3053397136168223,1.200572885737645,1.1495587680501138,1.3082434539062544,70
V88T,1.01,429,0.8785308238459323,267,1,1.27622340979354,0.5996217065134084,1.120560916575656,0.5177172625011247,88
C85V,1.01,429,0.9717808372813692,219,1,2.073520392694207,0.7102062460025398,1.2826753051945736,-0.1792785947658431,85
E90N,1.01,429,-0.2715990673664023,806,1,-0.873280491857041,-0.328161813142655,0.1072652172116108,0.0077808183224759,90
Y128P,1.01,429,-0.58703093907877,905,1,-0.5363320662388427,-0.7847250579989191,-0.0624545586800075,-0.9646120733973108,128
V88W,1.01,429,-0.1293116636260612,776,1,0.2071493348712428,-0.1080953950765335,0.0925832406724461,-0.7088838349714003,88
V88Y,1.01,429,0.2754883635503811,586,1,0.6269638163394581,0.0534123873032116,0.9089844173648568,-0.4874071668060021,88
K109A,1.01,429,0.1658975638686529,641,1,0.2250213833762119,0.054991247466989,0.2910076014325065,0.0925700231989044,109
K106V,1.01,429,0.8028342481230848,306,1,1.1824315299899877,1.522457930923648,0.9125561713481528,-0.4061086397694489,106
A143T,1.01,429,0.3744200967023687,531,1,0.7807174909240183,0.1905698025882068,0.7321787483372615,-0.2057856550400117,143
F140Y,1.01,429,1.4762161836815508,36,1,1.4822364200505975,1.5866828909607875,1.2125619175765532,1.623383506138265,140
D11E,1.01,429,0.9213322470774956,245,1,0.5723714059630314,0.4133858754205429,1.5735238125919262,1.1260478943344816,11
A145W,1.01,429,-0.1036930681040032,764,1,-0.3834548238494864,0.0475649207515401,-0.4061374040512974,0.3272550347332307,145
K106T,1.01,429,0.622032655807835,402,1,0.726040618808646,0.9997647928330456,1.047157586386554,-0.2848323747969055,106
E157Y,1.01,429,0.2082506719371641,619,1,0.0922295909775014,0.3530296151810065,0.0921606057686565,0.295582875821492,157
A143M,1.01,429,0.0638505602284269,696,1,0.0978365436132642,-0.4332954118812969,0.4907913376573248,0.1000697715244157,143
A84W,1.01,429,-0.5399650660550132,893,1,-0.047698193633611,-0.8890400703467619,0.2194430717994808,-1.4425650720391603,84
A107S,1.01,429,0.6799993821082401,375,1,0.5367668408067264,0.6005205187899888,0.7196881759844973,0.8630219928517479,107
E157N,1.01,429,0.97253750453211,218,1,0.8063812132082987,0.986928344199582,1.064418294812565,1.0324221659079948,157
A145S,1.01,429,1.2622785527652254,92,1,1.3897508309748317,1.2327449390966692,1.0737455224033294,1.352872918586072,145
D69C,1.01,429,0.1441467016952562,650,1,0.2159918737462433,-0.0879780329819554,0.719364807797881,-0.2707918417811439,69
A145R,1.01,429,0.5733831378457404,435,1,0.696402251985911,0.7890300509242444,-0.010119063754536,0.8182193122273418,145
D70T,1.01,429,0.9887619748824488,212,1,0.8938094567468201,0.8947228983586399,1.1114874425594423,1.0550281018648922,70
A145F,1.01,429,0.0497963842085762,699,1,-0.1696524816191109,0.1403566232375423,-0.2914989712569488,0.5199803664728225,145
D144S,1.01,429,0.1040588874703526,674,1,0.1598012968147143,0.1674220258180322,0.1671013306742927,-0.0780891034256288,144
V72I,1.01,429,0.7759584917819522,323,1,1.1818935957545484,0.7151260508772355,0.7407593410626384,0.4660549794333863,72
I91M,1.01,429,0.7292999189006475,347,1,0.6372465206918247,0.4520864253256835,1.4582993072279165,0.3695674223571652,91
D132W,1.01,429,0.0768657611238269,690,1,-0.3223940499562132,0.0023010708746997,0.3324488640089488,0.2951071595678723,132
E139I,1.01,429,-0.1155025541818037,768,1,-0.2096859474262694,-0.3134551254014184,0.443365820028712,-0.3822349639282392,139
F140H,1.01,429,1.5705804800901464,21,1,1.5610448856186003,1.98077867875838,1.1678733975500035,1.572624958433601,140
E139N,1.01,429,0.3106242695036899,573,1,-0.1975515466344122,-0.0595664068919419,0.5399372864205745,0.9596777451205392,139
A143G,1.01,429,0.3573633045472836,541,1,0.2335673055476704,0.6355259515580777,0.2406435855038002,0.319716375579586,143
F137W,1.01,429,0.6694596307905871,378,1,0.5896554893709252,0.7433607135175885,0.6532715606853806,0.6915507595884545,137
D144E,1.01,429,0.1445980475044765,649,1,0.0112327242851033,-0.2175963019814441,1.4765288798114404,-0.6917731120971934,144
L156N,1.01,429,-0.8007570962787014,964,1,-0.5370397799018538,-0.8174663038895791,-2.1051002099121803,0.2565779085888076,156
E118Y,1.01,429,0.7111780321291512,361,1,0.6053657103724054,0.8552851542008376,0.6141704554444182,0.7698908084989438,118
D144I,1.01,429,-1.0995326173535258,1007,1,-0.9601687878700288,-1.3200479025155822,-0.0722057671776214,-2.045708011850871,144
P39I,1.01,429,-0.8859882745796019,976,1,-0.7798953207638889,-0.5525895239681542,0.1095476743690198,-2.3210159279553846,39
E139R,1.01,429,0.392470398147743,526,1,0.1573539437866487,0.238260930527267,0.3837155152278325,0.7905512030492238,139
A117Q,1.01,429,0.3184609819263695,567,1,0.1470091167764478,-0.0264469269475857,0.3198332295934686,0.8334485082831475,117
E139C,1.01,429,0.0252190572187476,713,1,-0.4467796931496846,-0.3469838985411741,0.23885187759505,0.6557879429707993,139
A83H,1.01,429,0.5547383709087743,448,1,0.4204185168953857,0.3816882412437686,0.8746595728515781,0.542187152644365,83
I155L,1.01,429,0.3490574623782559,551,1,0.594800325623979,0.3381211044004067,0.5643888015884744,-0.1010803820998365,155
D87E,1.01,429,1.3737007142453663,55,1,1.107778877943802,1.307409642588577,1.5937128276064922,1.4859015088425935,87
R71H,1.01,429,0.9209962097836032,246,1,0.9592183224076822,0.483397109246939,1.3292695636610965,0.9120998438186944,71
V88L,1.01,429,0.416248583565134,516,1,1.0279673448364164,0.3479085397022743,0.9127423843152158,-0.6236239345933705,88
E139D,1.01,429,0.8561230674653458,284,1,0.5601002943347995,0.8123888579892276,0.6725428066448429,1.3794603108925134,139
D131P,1.0,516,0.0475588000099565,700,1,0.1118000244840263,0.0645631102280282,0.4766649953700446,-0.4627929300422729,131
P89T,1.0,516,0.6530297662788862,384,1,1.1766489509464375,0.6981359024038365,0.911747697826566,-0.1744134860612951,89
A143Y,1.0,516,-0.4223787065318733,854,1,-0.4581229312124473,-0.8639784120780036,0.1914402403599985,-0.5588537231970413,143
A143D,1.0,516,0.198337082831071,627,1,0.1432231910592109,0.0050924651989335,0.447732275166977,0.1973003998991625,143
V136E,1.0,516,-0.0089241104874339,733,1,-0.5450101422187968,0.2725321767461399,1.0119593681278334,-0.7751778446049123,136
I91V,1.0,516,1.3233941915067515,79,1,1.7968292453314036,0.8807594816586591,1.4366875384333124,1.1793005006036312,91
C85H,1.0,516,-0.5382036767726875,892,1,0.2538696363096023,-1.200412508160216,-0.2185944270763652,-0.9876774081637713,85
I91P,1.0,516,-0.7763454941232337,956,1,-0.0721199570420099,-1.0982875949743194,-0.0771630361129028,-1.8578113883637024,91
Q108S,1.0,516,1.250146820601895,95,1,1.5408008377965676,1.3129233154395012,0.7096905290306781,1.4371726001408331,108
K109L,1.0,516,0.173219567987563,638,1,0.5594662646781307,0.152950798289386,0.2214335493464422,-0.2409723403637069,109
A143N,1.0,516,0.1928627930998087,628,1,0.2214100111157538,-0.2731706820328569,0.5556246807420808,0.2675871625742571,143
Q108K,1.0,516,0.9923773346521324,209,1,1.1902882197781672,1.3635304118689715,-0.0398967563900837,1.4555874633514738,108
P89R,1.0,516,0.5283183530195801,464,1,0.7721967891290761,0.5703699490548535,0.7922031157715068,-0.0214964418771159,89
I91L,1.0,516,0.7424136101910905,338,1,1.1462818153041017,0.9019187367794388,1.1899399500981207,-0.2684860614172992,91
D70R,1.0,516,0.578130681749592,430,1,0.4954401917547488,0.6113170079069691,0.4559037538218394,0.7498617735148109,70
V72M,1.0,516,0.1522333736600163,648,1,0.366138552263785,0.0882816140724118,0.5222471052187785,-0.3677337769149099,72
K58R,1.0,516,1.37168942338798,56,1,1.6438453889842448,1.501881977494384,1.1667668959307946,1.1742634311424964,58
V88I,1.0,516,0.6256210304397211,400,1,1.0404450176172453,0.2674189581253877,1.147076226906513,0.0475439191097381,88
G86V,1.0,516,-0.2637417781560717,802,1,1.1184693760132072,-0.6810511161568886,0.7827459027906921,-2.2751312752712973,86
T73Q,1.0,516,1.0750266165612905,176,1,1.074979808423288,0.871169388531838,1.6143842718462258,0.7395729974438103,73
G86R,1.0,516,-0.0089747786030026,734,1,1.055558171521521,-0.3307914052978616,0.8762575227366375,-1.6369234033723077,86
V88S,1.0,516,0.2784738808038767,583,1,1.0900593331496038,0.0870187469155205,0.6959502194967153,-0.7591327763463327,88
E134S,1.0,516,1.1572865525668832,139,1,1.2322407247701417,1.3132473954857535,1.135531840094393,0.9481262499172446,134
G86H,1.0,516,-0.1774691610982206,788,1,0.8804221385120389,-0.6782165091137644,0.7395845678793056,-1.6516668416704627,86
L104S,1.0,516,-0.782135678280767,957,1,-0.9137306002131508,-1.0501132702694846,-0.2801301082754051,-0.8845687343650271,104
G86A,1.0,516,0.6192509053789312,406,1,2.135988323751796,0.0834912632092783,1.3839436487703818,-1.1264196142157308,86
R71D,1.0,516,1.2070170086646534,116,1,1.3632809788976683,0.9024770033679452,1.4371081547733966,1.1252018976196037,71
T73L,1.0,516,1.124345405614997,150,1,0.9791559944942468,1.1691293718111635,1.3844567528531586,0.9646395033014196,73
E139M,1.0,516,0.0065778415222726,721,1,-0.4106986413005333,-0.373130294264807,0.3273147552959978,0.4828255463584334,139
A145M,1.0,516,0.3498087240181341,547,1,0.2872154828696545,0.3044224267068319,-0.0540091542868795,0.8616061407829297,145
D144A,1.0,516,-0.4301579691874398,857,1,-0.1417309690220347,-0.6134868025376624,0.0423299935979705,-1.0077440987880328,144
F137Y,1.0,516,1.3139460071107154,83,1,1.3080823632570209,1.438376974001352,1.0573885697374357,1.451936121447053,137
D144F,1.0,516,-1.28446508207613,1030,1,-1.2818652028455588,-1.6135143154656315,-0.573971855681576,-1.6685089543117533,144
D144L,1.0,516,-1.1452901186223754,1013,1,-0.92919503104426,-1.5650311180314551,-0.1558701651209001,-1.9310641602928853,144
D144N,1.0,516,0.7569733495963737,335,1,0.4060778636060326,0.5898649006813226,1.391843754864682,0.6401068792334579,144
H141E,1.0,516,0.1133254203569327,665,1,0.09626234364923,-0.2397067279714368,0.2539467827718301,0.3427992829781077,141
A107V,1.0,516,0.5273659586813733,465,1,0.8620469302343752,-0.1679678447332656,1.728663449762055,-0.3132787005376716,107
V88G,1.0,516,-0.1173221239273643,770,1,0.3436678598472782,-0.0967712074591255,0.665528409494551,-1.3817135575921609,88
Y128V,1.0,516,0.4358715225978292,509,1,0.1856845159418407,0.0997472251334611,0.5733477285025022,0.8847066208135127,128
V72N,1.0,516,-0.5174818473454245,885,1,-0.4580715983428453,-0.8728979100998847,-0.3606102342599526,-0.3783476466790153,72
D70Y,1.0,516,0.0849988378395455,685,1,-0.1858338848365412,0.0474365102289283,0.3094420023310689,0.168950723634726,70
Y128E,1.0,516,-0.5190602142966936,886,1,-1.1925491442021348,-1.139453847887738,-0.1183038812613673,0.3740660161644658,128
P89H,1.0,516,0.5634810156683129,443,1,0.8872714358038208,0.4815345428520374,0.9325040336705784,-0.047385949653185,89
A145T,1.0,516,1.120790696526026,153,1,1.070675128976844,0.8665637352129394,1.578283264094694,0.9676406578196274,145
V72W,1.0,516,-0.6994677947070426,935,1,-0.7896786568389788,-0.981639770865876,-0.5128782649519588,-0.513674486171357,72
E157T,1.0,516,0.941362641763473,236,1,0.81662365175877,1.146814728895392,0.8220618998222271,0.9799502865775026,157
A83Y,1.0,516,0.0292772538617688,711,1,-0.1568938162303262,-0.1414271329497576,0.4249468921915264,-0.0095169275643669,83
S150Y,1.0,516,-0.0310286192524857,745,1,-0.1933151261611213,-0.011792536417279,0.3206011365715224,-0.239607951003065,150
A83D,1.0,516,1.0665891309817708,179,1,1.075928146419511,0.9157387658212832,1.258941363227014,1.0157482484592744,83
H149D,1.0,516,0.1989001054161966,625,1,-0.281394301348604,0.390895373925764,0.2272504039867525,0.4588489451008741,149
T73S,1.0,516,0.9157174048294512,249,1,0.953317224472386,0.7546093402586412,1.1862333779998528,0.7687096765869241,73
P39W,1.0,516,-1.1486796688350815,1016,1,-1.3216920351663448,-1.045209117729046,-0.5862298404487604,-1.6415876819961748,39
K58M,1.0,516,0.7257533958511786,351,1,1.2584336047917235,0.7815986909091521,0.6123918810834027,0.2505894066204362,58
H141V,1.0,516,0.2446680629981971,599,1,0.6179441079361186,0.4149069140201232,0.3052544486792206,-0.3594332186426737,141
E139S,1.0,516,0.5340784799284906,463,1,0.1584250985064666,0.4302462015921618,0.5662990743530928,0.9813435452622412,139
K106W,0.99,571,0.5716710927477282,436,1,0.4147741435862448,0.7584266683663046,0.8324206980502636,0.2810628609880998,106
D87Y,0.99,571,0.095815406290203,681,1,-0.2769577092062508,0.078438566947654,0.5477966443197972,0.0339841230996117,87
L104V,0.99,571,0.119950451268964,663,1,0.0800510665823698,-0.2175319739567323,0.3720868486841278,0.2451958637660906,104
A84N,0.99,571,0.0397854944597176,702,1,0.3828769858334811,-0.0565855886323447,0.6138587735224788,-0.7810081928847444,84
R71Y,0.99,571,-0.164011878310026,785,1,0.0830463359069432,-0.2147982784332896,-0.495315697955184,-0.0289798727585736,71
D87H,0.99,571,0.7239471852060906,352,1,0.5979719929166155,0.3232624355626181,1.3318077727386923,0.6427465396064368,87
K109T,0.99,571,0.6230125222299389,401,1,0.5748477286683288,0.3768566418762398,0.8178068773373213,0.7225388410378654,109
K109F,0.99,571,-0.3277496608171479,827,1,0.0210096347097713,-0.4926164083185524,0.0016494550931472,-0.841041324752958,109
P89I,0.99,571,-0.0192576515383167,739,1,0.1315508343162869,0.0922618492197558,0.5632596042660981,-0.8641028939554076,89
K109Q,0.99,571,0.6996452650476637,364,1,0.7945801987893787,0.5305306457962258,0.6628786808796552,0.8105915347253951,109
A84T,0.99,571,0.3929435190267481,524,1,0.7786705656234826,0.3311794476116038,1.5829965761894464,-1.12107251331754,84
P89C,0.99,571,0.0194775905116011,717,1,0.2132970186484445,-0.0491941267241824,0.604798600092677,-0.6909911299705345,89
P89A,0.99,571,1.196578466735023,122,1,1.5168900944311732,1.3438989626805244,1.4775708966045822,0.4479539132238124,89
S150T,0.99,571,0.6081820115935769,411,1,0.7840599262058301,0.7182274228014646,0.862597877852224,0.0678428195147891,150
A145P,0.99,571,0.3491423013418364,550,1,1.050573964473393,0.7875142911511195,0.1144715891021357,-0.5559906393593024,145
D70W,0.99,571,-0.1387774743607437,778,1,-0.5148878744911902,-0.1569336242806848,0.0938057675549724,0.0229058337739277,70
T73R,0.99,571,0.6866814761667677,371,1,0.7396020564975508,0.393257955673054,1.1496259149172554,0.4642399775792105,73
P89L,0.99,571,0.3271086670283335,564,1,0.4558539897949893,0.4806950866822286,0.6346756098900413,-0.2627900182539253,89
P39R,0.99,571,-0.960627790541679,989,1,-0.8188670714089794,-0.838412196210837,-0.4246046926017888,-1.7606272019451108,39
K109S,0.99,571,0.2356740712650287,606,1,0.4178538505385051,0.0641347887047081,0.4115194304215697,0.0491882153953317,109
T73M,0.99,571,0.8657312268452486,277,1,0.6425535172147269,0.6166575843555197,1.5273608625779935,0.6763529432327544,73
P39L,0.99,571,-0.9514130484785256,988,1,-0.47401777212118,-1.0252067849458324,-0.130697210009924,-2.1757304268371658,39
K58N,0.99,571,0.7151220343310236,357,1,1.2608135065737998,1.0124347129063536,0.3436230805872231,0.2436168372567178,58
K109G,0.99,571,-0.3585002375352927,833,1,-0.1607962234379557,-0.2476523438940063,-0.332864238656903,-0.6926881441523058,109
R71A,0.99,571,1.2568422173516858,93,1,1.3014250518619992,1.326823002586374,1.0775510300107831,1.321569784947587,71
N147E,0.99,571,-0.4412494303491172,863,1,-1.306853580831525,-0.5372708606483133,0.2996181577814076,-0.2204914376980383,147
H141R,0.99,571,0.789297276879814,315,1,0.9911899598383228,0.4471568607602156,0.929775971280546,0.7890663156401713,141
H141M,0.99,571,0.1323400969124449,654,1,0.3014697093524845,-0.2836907693413665,0.2934411613046077,0.218140286334054,141
H141L,0.99,571,0.0648757464564847,695,1,0.4337571665546427,-0.2649069861255003,0.2387952065287232,-0.1481424011319266,141
H141K,0.99,571,0.4865520241160161,484,1,0.7705003993341709,0.3947947079885945,0.2417910056033613,0.5391219835379379,141
D69Q,0.99,571,0.3455594348746523,557,1,0.5826949909543881,0.3227162611695969,1.2326355258856505,-0.755809038511026,69
H141D,0.99,571,-0.0585489891437616,750,1,0.1305814411634741,-0.6224608075117802,0.2414765143781211,0.0162068953951382,141
G86S,0.99,571,0.343536043079201,559,1,1.423105900091306,-0.1555595334780131,1.3944458939603714,-1.2878480882568604,86
N147T,0.99,571,-0.4267842301199659,855,1,-0.6507258109701618,-0.2117969586849007,0.033357315389784,-0.8779714662145853,147
A143S,0.99,571,0.9956187737849986,206,1,0.7886828380991687,0.711044720065101,1.4975103985242395,0.985237138451485,143
R159C,0.99,571,1.0473350180746397,188,1,1.4459223057617192,0.721872268323784,1.5966004362955142,0.4249450619175406,159
S150G,0.99,571,1.324366118298064,78,1,1.190203209508088,1.4791797589969944,1.2172264314318637,1.4108550732553096,150
E139A,0.99,571,0.6882202602976129,370,1,0.3444026866206074,0.3716900211739044,0.9924720059594836,1.0443163274364555,139
R71G,0.99,571,1.0768565899154297,172,1,1.721874708271668,1.011537251027239,1.383345158690206,0.1906692416726058,71
D132E,0.99,571,1.5802694622343942,20,1,1.6968459740665864,1.6519427781599307,1.50079589096948,1.47149320574158,132
S150F,0.99,571,0.0263395609784545,712,1,-0.30415641449242,0.1516315827291689,0.4232868222437146,-0.1654037465666454,150
P105A,0.99,571,0.5898066159888868,423,1,0.9352979767335424,0.6400330258620076,1.6343029990008189,-0.8504075376408214,105
D144Q,0.99,571,-0.5417215671799431,894,1,-0.1257092305591853,-0.8589787496077448,0.2143641431298323,-1.3965624316826748,144
P105R,0.99,571,-0.0744280582414322,755,1,0.3202761414627503,-0.057087445435822,0.6149253954471385,-1.175826324439796,105
D144T,0.99,571,-0.0696979528962705,753,1,-0.0435266927241542,0.205065091744417,0.1144541930818549,-0.5547844036871998,144
V88P,0.99,571,-0.2790401299358008,809,1,-0.1651301980636227,-0.0167487406418356,0.4992034609785268,-1.4334850420162717,88
V88Q,0.99,571,0.496268840182086,479,1,1.0563955917002776,0.4071232230299869,0.6677044533912219,-0.1461479073931422,88
E90S,0.99,571,-0.4038382733851745,849,1,-0.8308816633567536,-0.8504847495508472,0.1795803117332136,-0.113566992366311,90
P105Q,0.99,571,0.240022653885631,604,1,0.4439269217160047,0.21418493964479,1.3122043596542017,-1.0102256054724723,105
P105E,0.99,571,0.4267519457843634,513,1,0.6230566833251392,0.6004988510488404,1.275604000750126,-0.7921517519866521,105
W133H,0.99,571,-1.3877468531125907,1034,1,-1.8486685233454976,-1.3285190685789758,-0.9680017155077988,-1.4057981050180908,133
D69G,0.99,571,-0.0072560275462256,730,1,0.7378331340089025,0.2838084866352318,0.7372341960728478,-1.7878999269018847,69
E157W,0.99,571,-0.2172291275904009,793,1,-0.3591926528618924,-0.1649082123670558,-0.2405295128699136,-0.1042861322627417,157
Y128F,0.99,571,1.3955074947564363,47,1,1.3402412909168058,1.5311386934436315,1.023700002426808,1.686949992238501,128
A83K,0.99,571,0.9749841178548424,217,1,0.734803397640132,0.8157346518546805,1.390402243890337,0.9589961780342204,83
N147C,0.99,571,-0.5483309490777376,897,1,-1.0582819838884725,-0.4932577243511761,-0.0300844395184932,-0.6116996485528085,147
P105L,0.99,571,0.0319122428334633,707,1,0.4194677979123741,0.1105767989883422,0.852065716964426,-1.254461342531289,105
D69S,0.99,571,0.493173755615275,481,1,1.15857604962935,0.2986601579588819,1.1582921466835838,-0.6428333318107158,69
V10L,0.99,571,1.191185920434803,126,1,1.4297677624863916,1.5159740406528972,0.698788098109287,1.1202137804906358,10
K106G,0.99,571,0.3950031415358753,523,1,0.4140422704420968,0.8912302794596844,0.4190453076445947,-0.1443052914028743,106
S138P,0.99,571,-0.5460495292701468,896,1,-0.7664770195617812,-0.6633803059792626,-0.2071176403900651,-0.5472231511494785,138
K106E,0.99,571,0.7695134630707889,326,1,0.7205907992453091,1.201088706878548,0.9754428530238164,0.1809314931354824,106
I91W,0.99,571,-0.6358953246977089,922,1,-0.7300446907857966,-0.7367029599174487,-0.2539373211243551,-0.8228963269632353,91
D70Q,0.99,571,0.9764338804372964,215,1,0.8553458990996615,0.7625752121431905,1.2471054933941497,1.0407089171121835,70
Q108F,0.99,571,-0.0703761418524312,754,1,0.2373171849332706,0.0682220735420307,-1.1440384314157597,0.5569946055307334,108
S150E,0.99,571,0.6963501983291205,365,1,0.6515149125390942,0.8225299132819015,0.8156672544692971,0.4956887130261891,150
R71S,0.99,571,1.37664985110184,53,1,1.5245350753130409,1.1971587126550842,1.261571890933307,1.523333725505928,71
Q108N,0.99,571,1.351529394465025,65,1,1.552759244483943,1.311247134585666,1.416062049268005,1.1260491495224862,108
V72D,0.99,571,-0.7270903989127495,944,1,-0.7956422391009887,-1.102125179043962,-0.2903948226761557,-0.720199354829892,72
D69R,0.99,571,-0.2655729797607354,804,1,0.2254204488176297,-0.4498192435572379,0.6095772224565125,-1.4474703467598462,69
D131N,0.99,571,1.3189450080770957,82,1,1.1144120901358323,1.1954748283975265,1.5907544151812123,1.3751386985938123,131
D70E,0.99,571,1.5671263626158314,22,1,1.6781110258103138,1.6101213599671556,1.5868638495018923,1.393409215183964,70
A117D,0.99,571,0.2024273102078854,623,1,-0.0184898631639913,0.492971672802909,0.3809640638081974,-0.0457366326155731,117
H149E,0.99,571,0.3084268832736102,575,1,-0.1815934618943194,0.4495698982673464,0.1653354541547035,0.8003956425667104,149
R158L,0.99,571,-0.8920658921047417,977,1,-0.4572630755075447,0.0442167943813742,-3.131963582209704,-0.0232537050830927,158
A83R,0.99,571,0.86299605240667,278,1,0.6412155593626504,0.6583204152459607,1.359800868001716,0.7926473670163531,83
D131Y,0.99,571,0.4419534943444349,506,1,0.0928226556057747,0.3746925685563527,0.8219253587083243,0.4783733945072878,131
D70C,0.99,571,0.1427456187856747,652,1,-0.1556826353760732,-0.1224545396155577,0.5758891622928741,0.273230487841456,70
R71P,0.99,571,-0.3712995728304871,837,1,0.3281978472597985,-0.5837547332533723,0.0716522568302243,-1.301293662158599,71
A84L,0.99,571,0.3053513990698844,576,1,0.7098407463671129,0.3185659987050278,1.2716083543404908,-1.0786095031330938,84
R158D,0.99,571,-1.3709973146476595,1032,1,-0.7111341100939222,-1.1599722780295183,-2.3875958627191523,-1.2252870077480464,158
P105T,0.99,571,0.1866450047933892,630,1,0.5708915051314595,0.2328318416630346,0.9725063122176116,-1.0296496398385486,105
D87W,0.99,571,-0.2704803568402957,805,1,-0.6659220281603834,-0.3878361226622021,0.2344786295308225,-0.2626419060694197,87
V72L,0.99,571,0.4349697223342285,510,1,0.9160103441793702,0.5762304285275545,0.6006974905869815,-0.353059373956992,72
P105S,0.98,655,0.6496358361650342,386,1,0.94714174644181,0.8153602234665676,1.5758731251564353,-0.7398317504046763,105
A84S,0.98,655,0.7307434215559296,346,1,0.9204870333448082,0.777792779798241,0.8478827607508633,0.3768111123298061,84
A84R,0.98,655,0.0320401983267692,706,1,0.5949356259517246,-0.2033313169747749,0.631796827107456,-0.8952403427773287,84
P105W,0.98,655,-0.8295812966939047,967,1,-0.5710510489772979,-0.5967067636335274,-0.5677275115204614,-1.582839862644332,105
P105M,0.98,655,-0.4455957128232095,864,1,-0.1469154441842597,-0.3662500191789735,0.2133028286614719,-1.482520216591077,105
C85G,0.98,655,0.104579386175392,673,1,0.5035170293897575,0.5005395457254052,-0.0863234799707409,-0.4994155504428536,85
A84V,0.98,655,0.2611663913004302,592,1,0.8981231658596172,0.4691074487956762,1.5879918492255538,-1.9105568986791264,84
Q108R,0.98,655,1.1749666983762883,134,1,1.217125666076435,1.3279830553907916,0.7860082803858482,1.3687497916520786,108
A84H,0.98,655,0.1159370448017226,664,1,0.6600932884646552,0.0118234599831456,0.6255248849350528,-0.8336934541759631,84
Q108T,0.98,655,1.2024249034854622,118,1,1.4152138451145453,1.253274510017538,0.8162788251987383,1.324932433611027,108
A83T,0.98,655,0.9702637109147436,222,1,0.8157287262282049,0.820112272147048,1.5328282200123935,0.7123856252713275,83
R158E,0.98,655,-0.9646067804486468,990,1,-0.4849443435237323,-0.7009265115783617,-2.3875958627191523,-0.2849604039733407,158
R71N,0.98,655,1.1909888941820956,127,1,1.4331088234264622,0.997145390040532,1.344874387117693,0.988826976143696,71
A143W,0.98,655,-0.6776857436871679,930,1,-1.071354915422109,-0.9348079867683866,-0.0111965542515043,-0.693383518306672,143
R71K,0.98,655,0.9232050976647296,244,1,1.2013818701473262,1.1044239723894376,0.2365068051484687,1.1505077429736852,71
A83N,0.98,655,0.8926749316121523,259,1,0.6543419214453886,0.6364326206926378,1.3891861299485502,0.8907390543620328,83
A83L,0.98,655,0.713874016548301,358,1,0.6507442323241973,0.5942096203808985,1.1121510806887254,0.4983911327993824,83
R71F,0.98,655,-0.2252120402921265,797,1,-0.0121328092725636,-0.1078105839747558,-0.753795125288976,-0.0271096426322107,71
A83I,0.98,655,0.3715824359713728,532,1,0.4148217030438725,0.2475516650887066,0.8652458772693581,-0.0412895015164459,83
A83G,0.98,655,0.5996868688629308,415,1,0.6060025851575912,0.564302674624849,1.0422125739677768,0.186229641701506,83
A83F,0.98,655,0.0782936217718945,689,1,-0.0875823866386536,-0.0290636289451688,0.3785762893250745,0.051244213346326,83
A83E,0.98,655,1.2176442889609536,111,1,1.2666580877188909,1.1950473662180476,1.2872822353635596,1.121589466543316,83
A145Y,0.98,655,0.103428174203239,675,1,-0.077936725850283,0.2301583002085019,-0.2035283268751258,0.4650194493298632,145
R71C,0.98,655,0.5925840984883927,421,1,0.4102730176601956,0.0939282396919675,1.4957443109134436,0.3703908256879637,71
A143P,0.98,655,0.4339569496883513,511,1,0.8864922322590019,0.8824181994179997,0.6938545711132155,-0.7269372040368118,143
R71T,0.98,655,1.1304601784765085,147,1,1.2308636825678425,1.0019933169410506,0.9685385779013788,1.320445136495762,71
S135V,0.98,655,1.6116111473491452,16,1,1.8176401126767023,1.571518130752073,0.9303703648486747,2.126915981119131,135
Q108H,0.98,655,1.275026708518024,88,1,1.2801948957571154,1.212124523255406,1.4700474444653202,1.1377399705942544,108
A84G,0.98,655,-0.0025887618917389,726,1,0.5765528648222982,-0.0655751845590167,-0.0204762215584826,-0.5008565062717545,84
S135C,0.98,655,1.336428597843189,71,1,1.2785734136149278,1.1713779063543366,0.6333947319915927,2.2623683394118985,135
S135A,0.98,655,1.1511606872793667,140,1,1.347927604523763,0.9616680547400144,0.6603869746850634,1.6346601151686264,135
A83W,0.98,655,-0.250316645343039,800,1,-0.5707352638231529,-0.4657371150614655,0.2865736049275298,-0.2513678074150676,83
A83V,0.98,655,0.7026766990886859,362,1,0.7096302550793613,0.5823712382377164,1.4349667826368042,0.0837385204008615,83
A143K,0.98,655,0.731097927966897,345,1,1.0062848615198234,0.4184163515056924,0.6764981317418144,0.8231923671002574,143
P89F,0.98,655,-0.0036054958549323,727,1,-0.0516592394222043,0.1638814064273546,0.4354743167712674,-0.5621184671961472,89
A84M,0.98,655,-0.0418775016534925,747,1,0.320962757774469,-0.3353102035070587,0.6729244539887081,-0.8260870148700885,84
P89G,0.98,655,0.8433383020287432,290,1,1.391723849239883,0.839413318973837,1.2283094772301095,-0.0860934373288566,89
P89M,0.98,655,0.0942172367017665,682,1,0.3022730603228113,-0.0415889337262809,0.5057764410317989,-0.3895916208212632,89
P89N,0.98,655,0.8840969664967284,264,1,1.239153362338318,0.9326571590839112,1.0476060651504358,0.3169712794142486,89
P89S,0.98,655,1.178235778777994,133,1,1.425683942168906,1.1799271806347582,1.721240019874937,0.3860919724333755,89
P89V,0.98,655,0.4602234209837695,496,1,0.6159222462889182,0.5062308572247222,1.273750917949407,-0.5550103375279691,89
Q108A,0.98,655,0.8757231309122334,270,1,1.189323600654561,0.9588764148889688,0.1104611320408977,1.2442313760645058,108
Q108E,0.98,655,1.2409507049122654,100,1,1.3556027727014226,1.3239419449395278,0.6889744897214324,1.5952836122866791,108
Q108G,0.98,655,0.8238696905973346,296,1,1.06616387029436,1.10683952654639,0.3465960550812732,0.7758793104673152,108
P89K,0.98,655,0.9167068746799456,248,1,1.1254608212301829,0.9307167606896444,1.3061401438920983,0.3045097729078569,89
P105K,0.98,655,0.2225881238268109,610,1,0.3921238825711666,0.1668213444727742,1.282775853027563,-0.95136858476426,105
D87M,0.98,655,0.1543627623531558,646,1,-0.2934414676067745,-0.0637479740250256,0.5292584580413598,0.4453820330030634,87
P105H,0.98,655,0.18577235245014,632,1,0.5609655991841499,0.2432678360384762,0.8068411650305471,-0.8679851904526131,105
G86M,0.98,655,-0.4793408025171549,877,1,0.5591996544359412,-0.9606813566772124,0.4217573272319021,-1.9376388350592508,86
G86T,0.98,655,-0.1593246879024766,782,1,1.129301298670047,-0.6442856858195596,0.883689540439415,-2.006003904899809,86
H141A,0.98,655,0.4456836268207399,503,1,0.6818142533500056,0.0730390640642528,0.3415796265141033,0.6863015633545979,141
H141G,0.98,655,0.1272284086646068,658,1,0.7967168842779416,-0.1309248463351091,0.2378406605343024,-0.3947190638187074,141
H141W,0.98,655,-0.0746410883404207,756,1,0.0424930916420864,-0.6797102942372263,0.1956205026988969,0.1430323465345602,141
V88D,0.98,655,0.3197648553170595,566,1,1.099013953210299,-0.2451295559019666,1.218455189962397,-0.793280166002491,88
H149K,0.98,655,0.112345356109634,667,1,0.2479486827528327,0.0432082930015881,-0.4059096662149049,0.5641341148990203,149
V72C,0.98,655,0.5547450323246488,447,1,0.6530405102335654,0.5578900053522358,0.5154110075369797,0.4926386061758141,72
V72A,0.98,655,0.92373886502123,243,1,0.9855432597927252,0.6697526346605949,1.1476954477774024,0.8919641178541982,72
I2T,0.98,655,-0.2643646889537194,803,1,1.4537470119653395,-0.310729041209144,-2.071950403569874,-0.1285263230011989,2
A117M,0.98,655,0.5386052150107232,460,1,0.4960220687590226,0.4921784984371391,0.5875297626621947,0.5786905301845366,117
I91Q,0.98,655,-0.3204056514694154,822,1,-0.5449978695881598,-0.7593736780921456,-0.0245590019622914,0.0473079437649351,91
A117S,0.98,655,0.6063398018290572,412,1,0.7038464101947337,0.5762137327043471,0.5881952575300422,0.5571038068871058,117
K106I,0.98,655,1.0983382221527762,163,1,1.2056024374680745,1.6456337288746428,1.2472656210533852,0.2948511012150018,106
V10I,0.98,655,1.3225490619009392,80,1,1.2350757627255564,1.2125221232363896,1.568944123569217,1.2736542380725944,10
V10F,0.98,655,0.8291731682412259,294,1,0.9516049634414944,1.113249372260667,0.5350118568323076,0.7168264804304348,10
K58A,0.98,655,0.7991013426551954,311,1,1.345010262787049,0.982058872321321,0.4565526901682402,0.412783545344171,58
K58D,0.98,655,0.6470659841620635,389,1,1.0631043324099352,0.799726365101979,0.4592933083310037,0.2661399308053361,58
K58E,0.98,655,0.7930141491792098,314,1,1.3105222538505432,0.936213430808846,0.5343776379875708,0.3909432740698789,58
G86L,0.98,655,-0.3076453201768581,817,1,0.8040217095510145,-0.7815494142140977,0.3541042989947063,-1.6071578750390556,86
K58H,0.98,655,1.269179823351824,90,1,1.911665956078273,1.4101182343880092,1.1810983847689869,0.573836718172027,58
D144K,0.98,655,-0.8080045942929276,965,1,-0.6127429594861081,-1.084773062668153,0.068887445632789,-1.603389800650238,144
D144W,0.98,655,-1.5289153350937834,1042,1,-1.9021768553674865,-1.853913790930566,-0.6029123966014721,-1.7566582974756095,144
D87Q,0.98,655,0.9042295448456495,254,1,0.5668701329737997,0.6398990909861285,1.3710629964000078,1.039085959022662,87
D87R,0.98,655,0.4845728461914191,485,1,0.116063353121937,0.2437176411578356,0.9704798407015608,0.6080305497843431,87
D87V,0.98,655,0.484087551228998,486,1,-0.0215265797421319,0.4369694622817999,0.8530231326083758,0.6678841897679482,87
Y128T,0.98,655,-0.089092163855785,761,1,-0.6379456865612055,-0.4532208947723929,0.1676965465693446,0.5671013793411134,128
D70V,0.98,655,0.5751729124214489,434,1,0.2814035604243638,0.3854083407339286,1.05404072131906,0.5798390272084429,70
A107G,0.98,655,-0.3773468638644087,842,1,-0.0173645425016834,-0.2108441918914105,-0.8174293377630132,-0.4637493833015279,107
D70F,0.98,655,0.0749835979110767,691,1,-0.2740118920731072,-0.022844434800315,0.3590657337530535,0.2377249847646759,70
D69Y,0.98,655,-0.225578384251899,798,1,-0.1093796395462773,-0.1556195647835171,0.3062206237518098,-0.9435349564296116,69
D69T,0.98,655,0.3088874398459782,574,1,0.721638457543602,0.2769041499218342,1.2513171391568427,-1.014309987238366,69
D69P,0.98,655,-0.2589183592287872,801,1,1.084615016981047,-0.4249907129963567,0.8683209245208073,-2.563618665420646,69
Y128L,0.98,655,0.3695403386776767,534,1,0.4935141060546013,0.1926634097130851,0.6299768153479134,0.1620070235951071,128
E157C,0.98,655,0.4507848584994584,500,1,0.2931373526542515,0.5849530754280129,0.3531138975700106,0.5719351083455584,157
E157H,0.98,655,0.9413895209124744,235,1,0.6876305881556236,1.0687353612672998,1.1575710140180082,0.8516211202089651,157
E157I,0.98,655,0.6463062783333651,390,1,0.4978925599246074,0.9076400639315084,0.3926219227639623,0.7870705667133824,157
E157L,0.98,655,0.7189166200780417,355,1,0.6255961051942447,0.9128360864695664,0.5295058377606997,0.8077284508876561,157
E90A,0.98,655,-0.4401997413213636,862,1,-0.6513815166483298,-0.6475133812884994,0.0048389393430859,-0.4667430066917112,90
E90C,0.98,655,-0.6974653468471258,934,1,-1.5079620687362858,-0.9580576571654909,-0.1430304821676684,-0.180811179319058,90
E90D,0.98,655,0.346470338054595,555,1,0.3223756293070774,0.4410044499081925,0.2894033381100045,0.3330979348931056,90
E90G,0.98,655,-0.7451920253725377,952,1,-0.802212798187495,-1.0443316049033964,-0.3410163333010161,-0.7932073650982427,90
V88M,0.98,655,0.3497576989882915,548,1,0.8131791655748495,-0.0383544862700144,1.1315406482101216,-0.5073345315617902,88
K58L,0.98,655,1.3607806001435956,60,1,1.8602332598380216,1.454733732354523,1.3060638411613246,0.8220915672205135,58
A117R,0.98,655,0.3264149452524647,565,1,0.2782676983507779,0.005692041673538,0.4638544179879132,0.5578456229976297,117
K58S,0.98,655,0.7836798730881562,319,1,1.2560396943683887,0.9347794314640764,0.5075167763197084,0.436383590200452,58
K58Q,0.98,655,1.356913480660087,61,1,1.7535753230997917,1.5392105382008625,1.2483903702521584,0.8864776910875369,58
C85Y,0.98,655,-0.4856879704705793,879,1,0.6701746276406579,-1.1525470561847224,0.0269129880450564,-1.487292441383309,85
D116P,0.98,655,-0.2246244164625371,796,1,0.3341552811508602,-0.6443804591689442,0.5032792588130558,-1.0915517466451206,116
A143E,0.98,655,0.5988228932996797,416,1,0.5684280457826361,0.2156097317341143,0.99973256805775,0.6115212276242183,143
L156V,0.98,655,0.0352136323368833,704,1,0.3339044276161788,0.2420722432280394,-0.0411386178484812,-0.3939835236482035,156
C85K,0.98,655,-0.6812113848627421,932,1,-0.1048845293792535,-1.2286284493811632,-0.3509410219114626,-1.0403915387790894,85
D87L,0.98,655,0.3128507801736363,571,1,-0.097046706650944,0.1975126870110691,0.6845131356277799,0.46642400470664,87
L104R,0.98,655,-0.515815704152858,884,1,-0.534259390114101,-0.6516404414693461,-0.4799452670000979,-0.3974177180278871,104
N147H,0.98,655,0.5637735521541825,442,1,0.2553087167803305,1.043494376353316,0.9151373585030832,0.0411537569799998,147
C85W,0.98,655,-0.703961523301692,937,1,0.3327800714042159,-1.3735987733469086,-0.1035812970223306,-1.671446094241745,85
S150P,0.98,655,1.2242364050655603,107,1,1.2800749964958136,1.5621915416033862,0.9979916217565036,1.056687460406538,150
S150N,0.98,655,1.0338211653259712,195,1,1.4001796435266205,1.1805987271560945,1.2005647037291602,0.3539415868920108,150
T73G,0.98,655,-0.114848857809048,767,1,0.0976183849452713,-0.0653301488007631,-0.0162974360915896,-0.4753862312891107,73
N147M,0.98,655,-1.0982591349150463,1006,1,-1.7429598950816498,-0.7695510099712745,-0.5648763872438288,-1.3156492473634318,147
L104G,0.98,655,-1.3986912891552392,1036,1,-1.3311432627652042,-1.5047159835329085,-1.0831218863383445,-1.6757840239845,104
C85T,0.98,655,1.1402445220944064,142,1,1.2138858965338264,1.068846523531377,1.1264739510184358,1.1517717172939868,85
K58V,0.98,655,0.957078984852162,225,1,1.3616280074517233,1.0327950237812844,1.0802764149767372,0.3536164931989029,58
P105D,0.98,655,0.5944115558506565,418,1,0.8489789173974973,0.8024624545118374,1.3864263027271568,-0.6602214512338653,105
P105C,0.98,655,-0.2486756106504461,799,1,0.0078728324520506,-0.2819584549201658,0.5830842926171192,-1.3037011127507887,105
P105G,0.98,655,0.3543850355076381,543,1,0.7040183596355815,0.5058230371901942,0.9864061784776949,-0.778707433272918,105
D70I,0.97,769,0.2546930972973691,597,1,-0.0197951261493789,0.1143809914115701,0.6187491670842729,0.3054373568430123,70
P105N,0.97,769,0.2682102786537341,588,1,0.4742215728871144,0.2640784430863901,1.3251230118470816,-0.9905819132056496,105
C85P,0.97,769,-0.7118658698636453,939,1,-0.236593340485793,-0.7809532751148595,-0.5197967196493053,-1.3101201442046235,85
C85R,0.97,769,-0.5948174102069186,907,1,0.1321278649575779,-1.0380863849164834,-0.409948386423539,-1.0633627344452297,85
E90M,0.97,769,-0.7128258445379996,940,1,-1.34476163919134,-0.9656530290909172,-0.4615971363360242,-0.0792915735337176,90
E90Q,0.97,769,0.2051310732523675,621,1,-0.1284186126903026,-0.0267801068313033,0.4008833991436394,0.5748396133874369,90
V88R,0.97,769,-0.0288020897525435,743,1,0.2017264958063014,-0.2114565357602327,0.245929227487131,-0.3514075465433739,88
D144R,0.97,769,-1.0281670802083085,999,1,-0.7978677564941218,-1.3523840291666442,-0.3325824336482745,-1.6298341015241922,144
C85S,0.97,769,0.8899795954899677,261,1,0.938951603974732,0.9201174296026016,1.0507499174470876,0.65009943093545,85
D144H,0.97,769,-0.4586328629526006,866,1,-0.3261076901201077,-0.6757659060044164,0.2173546991459374,-1.0500125548318158,144
G86D,0.97,769,0.401766352439449,520,1,1.0432641783088583,0.1922273540951909,1.2375457462475123,-0.8659718688937659,86
D87P,0.97,769,0.4100177382290482,518,1,0.2844482457734787,0.6028570133135167,0.7775331556454423,-0.0247674618162448,87
G86E,0.97,769,0.5049569710916852,476,1,1.1887699097116142,0.3585074411173966,1.429612651089358,-0.9570621175516276,86
D87N,0.97,769,1.1032021718479552,160,1,0.8714693629626279,0.9034647577321278,1.5408779987214098,1.096996567975656,87
G86F,0.97,769,-0.5364004242654389,891,1,0.4125245511013796,-1.2264027488314948,0.6537003430501617,-1.985423842381802,86
D87S,0.97,769,0.9249207342309508,242,1,0.7237500492397563,0.6948138632574327,1.2683593786055043,1.0127596458211092,87
N147D,0.97,769,0.0459100270415937,701,1,-0.5820543906272957,-0.1004131066597025,0.5057432215435136,0.3603643839098595,147
D144Y,0.97,769,-1.087809381281906,1005,1,-1.0159989376520782,-1.3191554125544085,-0.3575353926112698,-1.6585477823098669,144
D87T,0.97,769,0.8126923379467887,301,1,0.5544459389645899,0.637839918996616,1.180755718316178,0.8777277755097714,87
D70L,0.97,769,0.4230031520361243,515,1,0.2536275110505413,0.3904993391782059,0.5495649156446069,0.4983208422711434,70
P105V,0.97,769,0.0714055251614672,692,1,0.3417819615874355,0.018020802241742,0.8550815504497521,-0.9292622136330608,105
N147R,0.97,769,-0.6910197567292702,933,1,-0.9702142133263169,-0.52336238057249,-0.2444740105720449,-1.026028422446229,147
D69W,0.97,769,-0.616393059780747,912,1,-0.5587055058937062,-0.6770789833943366,-0.1230821184142762,-1.106705631420669,69
D87A,0.97,769,0.9102420603149166,251,1,0.6797620959063494,0.6260518698498686,1.2305939446140617,1.1045603308893863,87
D69V,0.97,769,0.2197263089546447,611,1,0.3855717444862455,0.5108131241147899,1.0119553699073611,-1.0294350026898178,69
D87C,0.97,769,0.09643762588291,679,1,-0.3646591815274531,-0.3091541094743566,0.9473764380158132,0.1121873565176366,87
D70K,0.97,769,0.8909012559946283,260,1,0.9259798553378938,0.8807566581003226,0.8076050602911841,0.9492634502491126,70
D87F,0.97,769,0.0039091541174006,724,1,-0.4902639381792632,-0.0033049200574903,0.4156802534362042,0.0935252212701518,87
D69M,0.97,769,-0.1631050509199,784,1,-0.0043164937869426,-0.0315157052153881,0.4676798859790724,-1.084267890656342,69
D87G,0.97,769,0.5472077041315194,451,1,0.7739897264313098,0.0323609184528459,1.3349488044122266,0.0475313672296952,87
D69I,0.97,769,-0.0569535217338185,749,1,0.1757256499039978,0.2960130106366261,0.7851665584986577,-1.4847193059745556,69
D69H,0.97,769,0.4927932528797262,482,1,0.7065801688083158,0.5138451347146635,1.2844939055435596,-0.5337461975476341,69
C85E,0.97,769,-0.3208443246715915,823,1,0.3146568679738328,-0.8727466655837682,0.0933198484762139,-0.8186073495526446,85
D69E,0.97,769,0.8817426320657363,266,1,0.873051688420817,0.9749768969595304,1.5863694093076874,0.0925725335749106,69
C85A,0.97,769,1.5612176027320104,23,1,1.950663336991276,1.716199538714654,1.5412524603233766,1.0367550748987344,85
P130C,0.97,769,0.2436359944528222,600,1,0.772746851327601,0.359555595077301,0.8418758604988302,-0.9996343290924437,130
Y128G,0.97,769,-0.6110472201854529,911,1,-0.9935399994741492,-1.104524958103252,-0.0225514258037227,-0.3235724973606875,128
G86N,0.97,769,0.0387348407878786,703,1,0.8288985488546055,-0.3559926455591726,0.9586112150226036,-1.276577755166522,86
V88K,0.97,769,0.0293554298908828,710,1,0.2713875145367039,-0.2660354273528887,0.3692539810065714,-0.2571843486268551,88
I91K,0.97,769,-0.5344173977588067,890,1,-0.9950010694127376,-1.0186499914346472,-0.4343373131794588,0.3103187829916168,91
A84E,0.97,769,0.6051401611788183,413,1,0.9809079788237146,0.4303088109291904,1.235743462596502,-0.2263996076341339,84
V10Q,0.97,769,1.4669354471056866,37,1,1.526284576182871,2.181183770092134,0.6031676281989317,1.5571058139488096,10
P89Y,0.97,769,0.0211479358036711,715,1,0.0434342625666846,0.2145338332444677,0.3816051156074016,-0.5549814682038695,89
K106L,0.97,769,1.8574958302826152,3,1,1.54783059580349,2.318243342942596,1.4343022781840884,2.129607104200286,106
K106N,0.97,769,0.6933170824886089,367,1,0.6688309192534008,0.8949808242745172,0.9443772894847904,0.2650792969417271,106
K106P,0.97,769,-0.3795828937743248,843,1,-0.1668657505703411,-0.2103560845893983,0.134304455949004,-1.2754141958865637,106
A117V,0.97,769,0.9913777782682184,210,1,1.1860361209589587,1.172173198388859,1.2035028841154458,0.40379890960961,117
G86K,0.97,769,0.0851974614187877,684,1,1.0297515056405124,-0.3691198593196021,1.1960488442268322,-1.5158906448725915,86
P89Q,0.97,769,1.0621581291279656,182,1,1.3439476796196703,0.843255752198015,1.8602225397257248,0.2012065449684522,89
K109E,0.97,769,-0.0165203811195725,737,1,-0.3299745091100142,-0.3503468792834585,0.3766127838148407,0.2376270801003419,109
K109I,0.97,769,0.0975926312702356,678,1,0.2099152217369357,0.136102134641331,0.2391634598333529,-0.1948102911306772,109
K109V,0.97,769,0.2578027797800487,594,1,0.2962181446131497,0.2831408992337372,0.3043223901194489,0.147529685153859,109
L104C,0.97,769,-0.7399846072846287,949,1,-0.8373646503519536,-1.0154775394983793,-0.5151243805984825,-0.5919718586896993,104
P89E,0.97,769,1.642685301504079,14,1,2.0548358550518944,1.819562428776888,1.826023266278963,0.8703196559085712,89
T73P,0.97,769,-0.4611414877873764,867,1,-0.5008181111924315,-0.1085763821010013,0.155155199821389,-1.390326657677462,73
K58F,0.97,769,0.3553463876851936,542,1,1.0969766724132108,0.6032627463701439,0.0667773033051442,-0.3456311713477243,58
K58G,0.97,769,-0.0038248337966618,728,1,0.7068405704014106,0.2378883435902431,-0.6417024376754609,-0.31832581150284,58
A84D,0.97,769,0.0208438719117846,716,1,0.5464278966337258,-0.2375778877490541,0.6151375292179657,-0.840612050455499,84
T73F,0.97,769,0.4562321100499374,497,1,0.3922079705856035,0.4637358132054231,0.6116164062650561,0.3573682501436669,73
P39G,0.97,769,-0.6713235338745784,928,1,-0.3876041303453836,-0.8371835800442026,-0.1686342041101792,-1.2918722209985485,39
D131T,0.97,769,1.1944574146256988,124,1,1.0602279195347286,1.224479432429075,0.8948789609382437,1.5982433456007474,131
V88A,0.97,769,0.7672311828242815,329,1,1.4776836508224918,0.5191258026211159,1.464552409880462,-0.3924371320269439,88
Q108L,0.97,769,0.2747223194362337,587,1,0.4651175594680106,0.3118985953650919,-0.7106381613444644,1.032511284256297,108
I155N,0.97,769,-0.4367634837914724,861,1,-0.764690182407978,-0.3495150344448179,0.3326821527033402,-0.965530871016434,155
Q108Y,0.97,769,0.0686815122569241,694,1,0.4179999165432244,0.2754877057441137,-1.0037167467734904,0.5849551735138488,108
V88C,0.97,769,0.5394266691565488,458,1,0.772732384572429,0.401961512863889,0.96353486385561,0.019477915334267,88
V72E,0.97,769,-0.5432932229660107,895,1,-0.6130126198025131,-0.6376640732300388,-0.3715476496853387,-0.5509485491461521,72
Q108V,0.97,769,0.4988566685783057,478,1,0.6640786384019371,0.739165274119634,-0.4903377229307634,1.0825204847224157,108
T73D,0.97,769,0.6526687629610911,385,1,0.7820715430412234,0.6479313164915877,0.7247917668407796,0.4558804254707737,73
V88E,0.97,769,0.9284668458908092,241,1,1.628963751385237,0.483481202180007,1.4862226222701105,0.1151998077278829,88
D131I,0.97,769,0.5212354932539447,468,1,0.1860887653038619,0.3836346550449265,0.713360616075304,0.8018579365916862,131
P105I,0.97,769,-0.3400339902832276,829,1,-0.037650839276633,-0.4118783536080459,0.2594092909197998,-1.1700160591680313,105
A84K,0.97,769,0.0114701955236199,720,1,0.359550404014115,-0.2271553973482658,0.6061111601807251,-0.6926253847520942,84
Q108M,0.97,769,0.25994739902334,593,1,0.401671169424368,0.4122676235558475,-0.8089587303789725,1.034809533492117,108
D131K,0.97,769,1.168258018850393,136,1,1.217005881343611,1.2072876143705702,0.7618253893133556,1.4869131903740354,131
A83S,0.97,769,1.0826165245858204,168,1,0.9144534802102838,0.91000350502264,1.5206313936023947,0.9853777195079632,83
S150V,0.96,845,-0.0920128545396452,762,1,0.2272186423742427,0.0917377722398035,0.4123386313790084,-1.0993464641516355,150
T73W,0.96,845,-0.0626899883684189,751,1,-0.1507826007317869,-0.099745396494802,-0.0317119792781793,0.0314800230310926,73
T73V,0.96,845,1.365226675365994,58,1,1.111584020334159,1.5364792911719718,1.379054776676525,1.4337886132813211,73
T73N,0.96,845,0.3639057772211179,538,1,0.5629044096010342,0.2768550445594587,0.5051511441113608,0.1107125106126178,73
A117G,0.96,845,0.3799076014673493,530,1,0.3305325163207042,0.4090999593924116,0.2862648000407433,0.493733130115538,117
V72R,0.96,845,-0.8432139028380344,968,1,-0.5213366476104078,-1.4731382892037357,-0.6914940093414212,-0.6868866651965734,72
V72Q,0.96,845,-0.4334100205310723,859,1,-0.4359059736260269,-0.8765017526446207,-0.1101389376314045,-0.3110934182222374,72
S150I,0.96,845,-0.308578485263758,818,1,-0.1097570771887131,-0.2543059977324771,0.3381739459648437,-1.2084248120986854,150
T73K,0.96,845,0.793360821981278,313,1,0.5998262933720369,0.4505345731112126,1.6321220016277571,0.4909604198141056,73
S138W,0.96,845,-0.1225622381712153,771,1,-0.6215804108855401,0.4709390788122813,-0.1977072694249085,-0.1419003511866939,138
V10W,0.96,845,0.4606845308897068,495,1,0.5008630790422072,0.9111722740288792,-0.0941025386734945,0.5248053091612355,10
Y128I,0.96,845,0.5771315603922458,432,1,0.5488004987322551,0.5333719434449735,0.5846026238727029,0.6417511755190515,128
T73E,0.96,845,1.1314966833793814,145,1,1.154183147087616,0.989639082966114,1.544306519721649,0.837857983742146,73
A117E,0.96,845,0.2940857673077425,579,1,0.1305253583759241,0.1997134665893319,0.4451282524777081,0.4009759917880059,117
N147G,0.96,845,-0.673944586679421,929,1,-0.8055937753162113,-0.3616208566678375,-0.2011006378740153,-1.3274630768596198,147
G86Y,0.96,845,-0.5271164514423292,889,1,0.4425215849517149,-1.1629274387372743,0.6081534864827475,-1.996213438466505,86
K58C,0.96,845,0.4678113732746642,492,1,0.8693772411078095,0.7912620737893186,0.3807143694081768,-0.1701081912066477,58
D69F,0.96,845,-0.2225402256278681,794,1,-0.0806778142864855,-0.1164785397778685,0.3174168663540191,-1.0104214148011377,69
D69A,0.96,845,0.443798129387331,504,1,0.9430037119593178,0.4468607554250915,1.2793194808779935,-0.8939914307130792,69
K58W,0.96,845,0.0306403003412788,708,1,0.6576864061841832,0.1543862707950271,-0.2743039780016941,-0.4152074976124006,58
E90I,0.96,845,-0.8661167591568615,972,1,-1.46601797857357,-1.027193833434356,-0.4124253499945568,-0.558829874624963,90
K58Y,0.96,845,0.2775534749896343,584,1,1.1501993824655885,0.5207222793336457,-0.1429145769394997,-0.4177931849011971,58
L104F,0.96,845,0.2399280817123462,605,1,0.4652500026116096,0.6061866637910885,0.3113017241376836,-0.423026063690997,104
E90T,0.96,845,-0.4693863910626428,873,1,-1.0060847738877163,-0.6739664400001671,0.027297361437977,-0.2247917118006644,90
D69L,0.96,845,0.0051790520036114,723,1,0.3571488382661684,0.278976887267703,0.5323470375808852,-1.147756555100311,69
E90V,0.96,845,-0.5656708882536912,899,1,-0.8718211338178127,-0.5539558806762518,-0.4097584374236808,-0.4271481010970193,90
A84I,0.96,845,-0.2895548277528737,812,1,0.4545292328570074,-0.2314742139691886,1.145790750460986,-2.5270650803603,84
D144P,0.96,845,-1.4348510124393792,1040,1,-1.100740318975033,-1.828056871318136,-0.3224450761083845,-2.488161783355963,144
D131R,0.96,845,0.995002357548464,207,1,0.9871124205037076,1.0021268221450086,0.77950004847276,1.21127013907238,131
G86Q,0.96,845,0.1545516462883334,645,1,1.1015219942763108,-0.2747758135655052,1.1455045976685665,-1.3540441932260383,86
A84Q,0.96,845,0.5649388674494537,441,1,0.8369404733871325,0.4408878246725508,1.4812887490967994,-0.4993615773586682,84
K106M,0.96,845,1.337192478907541,70,1,1.1848952304513976,1.79043877493243,1.3987536477227545,0.9746822625235804,106
C85Q,0.96,845,-0.3759065305746174,840,1,0.3707925797363723,-0.8524592761719655,-0.2441444312609944,-0.7778149946018821,85
I155G,0.96,845,-0.7600956864254251,954,1,-0.8723302671548311,-0.3692282594070459,-0.2573176974760945,-1.541506521663729,155
D11F,0.96,845,-0.728454423471129,946,1,-0.9615574034764658,-0.606037519065303,-1.3321821462109935,-0.0140406251317532,11
D69N,0.96,845,0.8490333666624521,286,1,0.8864869940880666,0.388526899534989,1.5863694093076874,0.5347501637190651,69
E139P,0.96,845,-0.9953792480496496,994,1,-1.2246643762334857,-1.3744500148036871,-0.1883496917116266,-1.194052909449799,139
D70G,0.96,845,0.632452975343525,395,1,0.7773241326640012,0.7219697424680994,0.8455159584086707,0.1850020678333285,70
R71V,0.96,845,0.1532206357876864,647,1,0.3337148407896506,0.2690730722570055,-0.1092661258579461,0.1193607559620356,71
D87K,0.96,845,0.787958062714881,316,1,0.4020587096841654,0.5930905091723615,1.176798015201718,0.9798850168012788,87
D11M,0.96,845,-0.6190776427643772,913,1,-0.8487973411841957,-0.7848745838273529,-1.017763639473689,0.1751249934277287,11
K106A,0.96,845,0.8748239029722097,272,1,1.0644642917855025,1.1763607195471304,0.9837476941776728,0.2747229063785331,106
R71E,0.96,845,1.1239682538458764,151,1,1.1672445835787055,0.9574058320492294,1.2218319741056864,1.1493906256498847,71
A83C,0.96,845,0.1707981937460526,639,1,0.0234331778699497,-0.1122166853773011,0.7093814040226247,0.0625948784689371,83
D87I,0.96,845,0.2556048047299321,596,1,-0.3557884565911257,0.2455297517928965,0.6946763961800025,0.4380015275379552,87
D11L,0.96,845,-0.5815376782562299,903,1,-0.919161130769592,-0.581188732542442,-0.832315183339054,0.0065143336261681,11
I91R,0.96,845,-0.4336599565852746,860,1,-0.7136287573557708,-0.8994010562811754,-0.3564857206991365,0.2348757079949844,91
A83M,0.96,845,0.4037868116047218,519,1,0.2929769163393949,0.1564052377690947,0.7570922876802079,0.40867280463019,83
D131V,0.96,845,0.8227972960435372,297,1,0.571110809084237,0.7050565666502239,0.9828243211844576,1.0321974872552302,131
E118D,0.96,845,1.3898166796725684,49,1,1.290883163535098,1.1785967015320462,1.538732301042905,1.5510545525802235,118
Q108I,0.96,845,0.0687778753505042,693,1,0.3240258520695401,0.2542268025232166,-0.8682204246569766,0.5650792714662369,108
Q108D,0.96,845,1.5309638195645856,25,1,1.8302269732921912,1.636192992776572,1.442251496919885,1.215183815269694,108
D70M,0.96,845,0.178354912834223,635,1,-0.0126841614234243,0.0360650587002339,0.2450947816705103,0.4449439723895724,70
Q108C,0.96,845,0.3492095968420238,549,1,0.5411691346836928,0.531363165833599,-0.3262728259022774,0.6505789127530807,108
P89W,0.96,845,-0.340441757646945,830,1,-0.3489027392431983,-0.236949952927678,-0.0382766566436935,-0.7376376817732101,89
S135D,0.96,845,0.3506904817251123,545,1,0.1026888620767415,-0.0570328157201793,0.4330064394043735,0.9240994411395136,135
P89D,0.96,845,1.690457287042172,11,1,2.053262336230916,1.8576704304124136,1.799996593006509,1.05089978851885,89
N147I,0.95,902,-1.1536262732121825,1018,1,-1.6239262761865525,-1.1298778111708974,-0.3704287477858347,-1.490272257705445,147
A117C,0.95,902,0.7822872593445493,321,1,0.8719733244346718,0.9142789861612663,0.4297124005278747,0.9131843262543844,117
A117T,0.95,902,0.8766402923435253,269,1,1.331547343700865,1.2675123029297917,1.082511223106767,-0.1750097003633227,117
V72K,0.95,902,-0.9136386152829136,980,1,-0.796116652225594,-1.4761749648130351,-0.6740530450799189,-0.7082097990131062,72
K58I,0.95,902,0.7655127732576972,331,1,1.2283730980530712,0.9397266125782964,0.6536758556100682,0.2402755267893528,58
I91N,0.95,902,-0.6586120409917248,926,1,-0.6269442738118968,-1.4733661380851584,-0.0498497274544515,-0.4842880246153926,91
A117K,0.95,902,0.4379111687540399,508,1,0.2748141463336165,0.029838130460806,0.5805588043743852,0.866433593847352,117
S150M,0.95,902,-0.0230318045879819,740,1,-0.2950704724616519,-0.2047661756633863,0.4532690808800814,-0.0455596511069709,150
A117H,0.95,902,0.2452053685978422,598,1,0.0517211333755311,0.1848347873163752,0.4092346292797825,0.3350309244196801,117
A107C,0.95,902,0.3321419668890586,563,1,0.3890200523046572,0.0144429855390652,0.3935955614204717,0.5315092682920405,107
H149Q,0.95,902,0.5372829427471988,461,1,0.4822310195542806,0.3542712442686704,0.4384639552121913,0.8741655519536525,149
R71M,0.95,902,0.256506286362934,595,1,0.3358822982720273,0.2644545901621863,0.02350853993342,0.4021797170841022,71
R71I,0.95,902,-0.1127521942331301,766,1,-0.0218209299873635,-0.0697124341025563,-0.0835285139279206,-0.2759468989146802,71
S138G,0.95,902,0.2144047120687051,616,1,0.2542980692640192,0.5840755012206604,-0.157749945763951,0.1769952235540916,138
Y128Q,0.95,902,-0.2978909624842282,814,1,-0.8567298006025885,-0.8598908817138696,-0.1674089592640214,0.6924657916435669,128
Q108W,0.95,902,-0.1746861876665473,787,1,0.0117385423240606,-0.1287175602963316,-1.0028799608224297,0.4211142281285113,108
D69K,0.95,902,-0.1236966578724184,773,1,0.2205657192282902,-0.4083701437565361,1.0615092001937572,-1.3684914071551852,69
Y128A,0.95,902,-0.0128428277328226,735,1,-0.5009222236071521,-0.8548229627899084,0.1365093927690411,1.1678644826967288,128
E90W,0.95,902,-1.224688859703488,1026,1,-1.8065217539428224,-1.3170652428048966,-0.5892780202082015,-1.1858904218580315,90
V88N,0.95,902,0.2183317841501567,613,1,0.612094608094269,-0.265454633679393,1.062552117084594,-0.5358649548988428,88
D11V,0.95,902,-0.8502004241718265,969,1,-0.7104370536072211,-0.7292072718776446,-1.4003769344188444,-0.5607804367835958,11
H141P,0.95,902,-0.7958661393154844,961,1,0.0279924239849022,-1.5528195965159228,-0.1750703413442819,-1.4835670433866357,141
H141C,0.95,902,0.4480012367089392,501,1,0.8584008317336899,0.0942728365724374,0.4665932512736788,0.3727380272559509,141
A84P,0.95,902,-0.9417036696007663,986,1,-0.7549461959069556,-1.032811977943734,-0.4983462690634565,-1.4807102354889194,84
H149G,0.95,902,-0.478058678917851,876,1,-0.2464559302679668,-0.3224724658578326,-0.2457987058202259,-1.0975076137253788,149
A117N,0.94,927,-0.0061498874797513,729,1,-0.0911930476169824,-0.2600234578372594,0.3077026196148867,0.0189143359203498,117
P39D,0.94,927,-0.7271258156867374,945,1,-0.606008516174762,-0.7183883784390801,-0.1163998803684247,-1.4677064877646826,39
F137P,0.94,927,-0.6239013536635377,915,1,-0.8989311096722615,-0.7706551440442869,0.2855327513675517,-1.111551912305154,137
D131M,0.94,927,0.5926108286165557,420,1,0.27178538647082,0.4748084586040628,0.7122240866382576,0.911625382753082,131
L104E,0.94,927,-0.7991614156964424,962,1,-1.3170060602760854,-1.1573574174830243,-0.3044651515533814,-0.4178170334732783,104
S138C,0.94,927,0.7431535282579391,336,1,0.6873923568648297,0.8056741293563023,0.6491454598138412,0.8304021669967834,138
S150L,0.94,927,0.0932561299261203,683,1,0.1047868550230343,0.0561712493248714,0.542606461328963,-0.3305400459723875,150
L156C,0.94,927,-0.0861154690204044,760,1,-0.0868581808747466,-0.0473230896542709,-0.719183937887743,0.5089033323351431,156
D131G,0.94,927,1.3298254449356597,74,1,1.3918184377074487,1.484022637252444,1.046543239126847,1.3969174656558976,131
T73H,0.94,927,0.6921823448749548,368,1,0.8391539351509558,0.5904717201968775,0.906268550439605,0.4328351737123806,73
L104M,0.94,927,0.8032026149529157,305,1,0.7187692298234641,1.1161023324329786,0.6279177151638679,0.7500211823913518,104
E90Y,0.94,927,-1.070531499652139,1004,1,-1.4021442646934072,-1.0517656657134191,-0.6262617502650503,-1.2019543179366772,90
D131Q,0.94,927,1.2111053514561343,115,1,1.226093523218112,1.2661808417198324,0.8860925647675122,1.466054476119081,131
N147K,0.94,927,-0.7892437580494351,959,1,-0.7912460333168239,-0.8496801581883251,-0.1031062055541982,-1.4129426351383931,147
H149I,0.93,941,0.0306158880583405,709,1,0.2932623574745664,0.1079167615084628,0.4597492839183582,-0.7384648506680253,149
K106C,0.93,941,0.628557227273866,396,1,0.646844670245085,0.8967330877491829,1.2111352233312431,-0.2404840722300471,106
D131H,0.93,941,0.8755055227124985,271,1,0.8548979239701333,0.8335206141070771,0.8276070255787136,0.9859965271940702,131
E90F,0.93,941,-1.2135933287650669,1024,1,-1.5888027306397152,-1.2261616415022314,-0.701830305932292,-1.3375786369860287,90
W133C,0.93,941,-1.1813925779536412,1020,1,-1.182297808597231,-1.2003805896746724,-0.9217428592323514,-1.421149054310309,133
E90L,0.93,941,-0.6476245391355405,924,1,-1.1540224873911673,-0.8332409104990758,-0.4739503020961396,-0.1292844565557795,90
I91H,0.93,941,-0.6101753704570168,910,1,-0.7477774364940893,-0.954462162532358,-0.0935123040157044,-0.6449495787859154,91
D131E,0.93,941,1.4764044532409917,35,1,1.5229642328417696,1.4745252880424529,1.2062679215385244,1.7018603705412187,131
R71W,0.93,941,-0.398959987743564,847,1,-0.2874053586788362,-0.4265248872803725,-0.5922172422656092,-0.289692462749438,71
T73I,0.93,941,1.354570662738146,62,1,1.1264872736765192,1.498400154102438,1.1993065498670117,1.5940886733066149,73
S138F,0.93,941,0.1224636075058697,660,1,-0.134813304256436,0.7409835843066948,-0.2617468608375004,0.1454310108107207,138
S138Y,0.93,941,0.2672225597271091,590,1,-0.0436211726910561,0.9225216895262076,-0.0225398738816833,0.2125295959549683,138
N147V,0.93,941,-0.9966651050838884,995,1,-1.4567556867972558,-0.8764037874466812,-0.3135035618213594,-1.3399973842702568,147
C85D,0.93,941,-0.700983379253747,936,1,-0.1086107797314062,-1.0122812714613596,-0.2223313959933388,-1.460710069828883,85
A84Y,0.93,941,-0.2949138579631155,813,1,0.2292930545096051,-0.5268384264116438,0.4342609205154618,-1.3163709804658854,84
I2Q,0.92,956,-0.6334223987881454,920,1,1.2262262918637026,-1.0333823367277255,-2.071950403569874,-0.6545831467186848,2
T73C,0.92,956,0.6199721536682716,405,1,0.4852452644393878,0.7175410525988614,0.6784630644984408,0.5986392331363968,73
L156D,0.92,956,-1.0211200707160069,998,1,-0.9915703266462308,-1.1751401878868666,-2.1051002099121803,0.1873304415812499,156
N147L,0.92,956,-1.240989604602592,1028,1,-1.5854187154924133,-1.2519714199667804,-0.434632499727731,-1.691935783223443,147
L104H,0.92,956,-0.6485803789713912,925,1,-0.9190205139093208,-0.7974369631570585,-0.387281246362379,-0.4905827924568061,104
H149A,0.92,956,0.4129340248958403,517,1,0.4152849406001072,0.8027049736202693,0.1878248229304267,0.245921362432558,149
L104A,0.92,956,-0.4116301105937331,851,1,-0.5646675691464225,-0.7386632459834777,-0.1750056392489297,-0.1681839879961024,104
T73Y,0.92,956,0.2673154360932043,589,1,0.2715416216461729,0.2041514864774213,0.3417478901965985,0.2518207460526245,73
S148D,0.92,956,0.7847940187264204,317,1,1.2551177762837986,1.2688166334270388,0.5139179608541636,0.1013237043406807,148
I2L,0.92,956,0.9193349239592172,247,1,1.6930925804650423,0.8194521119316128,0.9106847944678006,0.2541102089724126,2
D131A,0.91,966,1.4645775368164615,38,1,1.4548640504103114,1.6202732798212551,0.9173761068193984,1.8657967102148811,131
E90K,0.91,966,-0.4614975038401573,868,1,-0.9214903265747908,-0.7002616249717978,0.0606859397071756,-0.2849240035212166,90
Y128C,0.91,966,0.157915604808452,643,1,-0.0381381278133411,-0.306874884079699,0.1878262630114142,0.788849168115434,128
S138H,0.91,966,0.7131632493709044,359,1,0.5387755135954617,1.0925054564330288,0.5930300253856897,0.6283420020694369,138
R71L,0.91,966,0.3498429671636428,546,1,0.4826391387733102,0.5212207601434596,-0.2626520441250815,0.6581640138628831,71
D11W,0.91,966,-1.148362327129793,1015,1,-1.0957107104269246,-0.8195709597209914,-2.555375014173559,-0.1227926241976963,11
V10K,0.9,972,1.8014338816558069,5,1,1.997360148035925,2.660595433153192,0.5999466576361662,1.9478332877979447,10
E90R,0.9,972,-0.4312455806838922,858,1,-1.2113777707259594,-0.6204786695594943,0.0001769533629259,0.1066971641869587,90
V10M,0.9,972,1.1307607583506596,146,1,1.0090731598004037,1.2269051145670176,1.1846796689572312,1.102385090077986,10
V10T,0.9,972,1.5433183343575954,24,1,1.5036777636558256,2.1185647961360385,1.0681065747420508,1.4829242028964666,10
I2V,0.9,972,1.043032577587965,191,1,1.6034266312921552,0.4805232179139143,1.511358905899612,0.5768215552461784,2
N147P,0.89,977,-1.628143005235549,1043,1,-1.7248185358735255,-1.5842762461268396,-0.6424317089299392,-2.561045530011892,147
D131S,0.89,977,1.418102330488465,42,1,1.4051823680213686,1.612816477090282,0.873809652417139,1.7806008244250706,131
N147Y,0.89,977,-0.9847851613952548,993,1,-1.1973905402654574,-0.8256327711794318,-0.5579912695202041,-1.3581260646159257,147
L104W,0.88,980,-0.4190214331237631,853,1,-0.1346012457368741,-0.3881406986723357,-0.185592489489855,-0.9677512985959876,104
Q108P,0.88,980,-0.7411263220935864,950,1,0.042348460257255,-0.4712555756852213,-1.4140549641272375,-1.1215432088191415,108
A84C,0.88,980,0.310916317479641,572,1,0.6091746382303656,0.3657226147746308,0.8623477714367364,-0.5935797545231687,84
N147W,0.88,980,-1.695016625606525,1047,1,-2.279327670270733,-1.481992477093658,-1.8374110104711732,-1.1813353445905368,147
W133V,0.88,980,-0.9355678604477908,984,1,-1.4788395261248355,-1.108872255834353,-0.1689520566872458,-0.9856076031447296,133
L104N,0.88,980,-1.0682146311696243,1003,1,-1.3999037018748952,-1.4547451391455668,-0.621878155617164,-0.7963315280408705,104
S150Q,0.88,980,0.6960993746912038,366,1,0.6640069556300603,0.6028457190801702,0.8674027167269905,0.6501421073275941,150
V10R,0.87,987,1.8262874260532629,4,1,2.073731342095873,2.723607188626588,0.578255933410823,1.9295552400797684,10
P39Y,0.86,988,-0.90797906292495,978,1,-0.8001605925213219,-0.675178114816782,-0.4310378678879423,-1.7255396764737545,39
A117L,0.86,988,0.8769193215585855,268,1,1.0169243763328766,0.8397990415952963,0.8099805079374248,0.8409733603687447,117
H149S,0.85,990,0.2902417898769601,581,1,0.1912305514827005,0.4788886231638409,0.4469918081081057,0.0438561767531932,149
W133I,0.85,990,-0.8738067341326698,974,1,-1.2380440511992843,-1.3387931380219842,0.032774241810152,-0.9511639891195628,133
A107M,0.85,990,-0.3772138905975434,841,1,-0.1759535491680231,-1.182330931626319,0.2747858662190957,-0.4253569478149275,107
I2W,0.84,993,-0.6100854981182191,909,1,1.0532039120629868,-0.8217306135582652,-1.5900853904658905,-1.0817299005117078,2
I2E,0.83,994,-0.9079890992642196,979,1,0.7889732582092451,-1.414036057155864,-2.071950403569874,-0.9349431945403855,2
L104I,0.82,995,0.5898697327915644,422,1,0.5935904226664328,0.3211597439457003,1.0795293964518182,0.3651993681023062,104
D11I,0.82,995,-0.9192059543650126,981,1,-0.9271977990477398,-0.7532772473532305,-1.118034638519329,-0.8783141325397514,11
I2P,0.82,995,-0.7618208336498046,955,1,1.696437378650199,-1.0547667399349965,-2.071950403569874,-1.6170035697445468,2
L104Y,0.82,995,-0.3731382080002062,838,1,-0.3350380421990019,-0.2784034722109934,-0.2326894032759076,-0.6464219143149221,104
I2R,0.82,995,-0.6204538840426052,914,1,1.3032919504500498,-0.9997733990838908,-2.071950403569874,-0.7133836839667054,2
A107L,0.8,1000,-0.6637759432045227,927,0,-0.3547254876436092,-1.4036605851395496,0.2731627988286398,-1.1698804988635716,107
A117W,0.78,1001,-0.2751163972879043,808,0,-0.7826570725487284,-0.1875012213057934,-0.1644759310333338,0.0341686357362385,117
A117F,0.77,1002,0.1116814733725766,668,0,-0.0752113338434421,0.160721230831681,0.3570011672997212,0.0042148292023462,117
K109D,0.76,1003,-0.7458522294908002,953,0,-0.7359392666256362,-0.97703147813375,0.4505928679586026,-1.7210310411624172,109
I91E,0.76,1003,-0.8715488903751731,973,0,-0.9652988921440656,-1.4370836589867917,-0.4554331684282863,-0.6283798419415489,91
A117Y,0.76,1003,-0.048184335674033,748,0,-0.3094838453070024,0.0431951573171527,0.1396785070386527,-0.0661271617449352,117
N147F,0.74,1006,-1.1257089624597847,1009,0,-1.5933684867944946,-1.1258094318980894,-0.3100395078817596,-1.4736184232647949,147
I2A,0.72,1007,-0.7118477091045645,938,0,1.5447868688769055,-1.232222716380236,-2.071950403569874,-1.0880045853450535,2
H149M,0.71,1008,0.3158017341696555,568,0,0.1972200171808386,0.3631226086002554,0.4751180707667967,0.2277462401307312,149
H149L,0.71,1008,0.4423034419047164,505,0,0.9175458455733194,0.51864733224647,0.6796433596701752,-0.3466227698710988,149
I155D,0.71,1008,-0.7327939558225699,947,0,-1.4528185593772136,-0.819912241989501,0.3013521502893664,-0.9597971722129316,155
W133R,0.69,1011,-1.2737476717557443,1029,0,-1.5452736145578445,-0.8673740478862676,-1.1596266673390545,-1.522716357239812,133
S148W,0.68,1012,-0.6305379403102844,918,0,-0.4952043591817379,-0.4532539181285904,-0.730902427099899,-0.8427910568309102,148
S148N,0.67,1013,0.5228514570984204,467,0,1.0268745261507284,0.9678945533075216,0.6572791150385581,-0.5606423661031268,148
S148F,0.64,1014,-0.3752982644503884,839,0,-0.1267243386583418,-0.1542861086682111,-0.2257673531043093,-0.9944152573706913,148
A107R,0.6,1015,-1.4237390709986395,1039,0,-1.010059900651343,-1.6057178570812778,-1.4999812192059936,-1.579197307055943,107
S148Y,0.59,1016,-0.4646441372330456,870,0,-0.1798234061765158,-0.2577452145498494,-0.3331514550452691,-1.0878564731605482,148
A117P,0.59,1016,-0.856475579183633,970,0,-0.5448695976923019,-1.1758507424804396,-0.6665477009886808,-1.0386342755731095,117
S148R,0.58,1018,0.5883721605310102,424,0,1.3223605563309189,1.0131610425975897,0.5666901440101121,-0.5487231008145802,148
S148G,0.58,1018,0.5879581818793793,425,0,1.03557885929132,0.5283071549878643,0.8148316772177792,-0.026884963979446,148
W133T,0.58,1018,-1.4666868398348183,1041,0,-2.1969187156616323,-1.4379292533268977,-0.7773246794867305,-1.4545747108640137,133
S148K,0.56,1021,0.5649768137643559,440,0,1.260523267298163,0.9673625580878864,0.4709519805644756,-0.4389305508931014,148
H149F,0.56,1021,0.8111106862163516,303,0,1.1894827952395992,1.2208719683638638,0.646575537420076,0.1875124438418676,149
S148H,0.56,1021,0.4236148363141021,514,0,0.8188381864736021,0.4467604577224396,0.8293209948106043,-0.4004602937502375,148
H149W,0.55,1024,0.3131195707975095,570,0,0.2665167147934943,0.4848044689326202,0.6820096999871212,-0.1808526005231976,149
S148Q,0.55,1024,0.899949694376182,257,0,1.3113963954761785,1.3190794552299798,0.8790273042634046,0.0902956225351654,148
E157P,0.54,1026,-1.134644167892556,1012,0,-0.6529786223080529,-0.8480665559806669,-1.4075869352129358,-1.629944558068569,157
W133K,0.54,1026,-1.747025640420539,1049,0,-2.387873759671487,-1.4862661167811957,-1.2894916006351849,-1.824471084594289,133
S148L,0.52,1028,0.2350204281283754,607,0,0.7538727630256477,0.4859039379962068,0.3544061660166924,-0.654101154525045,148
S148M,0.52,1028,0.1123806061624747,666,0,0.3638999665684796,0.3398853373071516,0.1633960005590098,-0.4176588797847418,148
W133A,0.51,1030,-1.390177570017995,1035,0,-1.9749821510007328,-1.6940942509092891,-0.6222496054479054,-1.2693842727140527,133
H149Y,0.5,1031,1.0749893097151164,177,0,1.3608278602648856,1.4104510920177862,1.2501283119742423,0.2785499746035516,149
A107E,0.49,1032,-1.2272967311148415,1027,0,-1.1704072449637974,-1.74120740873319,-1.0032724906880792,-0.9942997800742988,107
S148C,0.49,1032,0.1858864913997064,631,0,0.3592920880448906,0.0968969043743768,0.6259867058394648,-0.3386297326599064,148
S148E,0.49,1032,0.859492010835295,282,0,1.394264151169928,1.3906271804996788,0.5524232777251726,0.1006534339464004,148
S148A,0.48,1035,0.9925246335271012,208,0,1.5680999303080003,1.0793339864647584,1.1017541310761685,0.2209104862594773,148
S148P,0.46,1036,0.3925664787607887,525,0,1.5152005823727894,0.7666731773968298,0.7826559108325586,-1.4942637555590228,148
W133N,0.46,1036,-1.7884399368050583,1050,0,-2.546846280017435,-1.6679115172174983,-1.1209448760928309,-1.8180570738924695,133
L156P,0.44,1038,-1.661127641377424,1046,0,-0.8422143406882412,-1.4071269326696347,-2.882022488256562,-1.513146803895259,156
S148I,0.43,1039,0.1097411221330269,669,0,0.5673338165883186,0.4647321610080215,0.5279346238011838,-1.121036112865416,148
I2S,0.43,1039,-0.8241867452202061,966,0,1.3759998245428426,-1.2751746857964392,-2.071950403569874,-1.3256217160573536,2
S148V,0.43,1039,0.1314802223213761,656,0,0.8447477350951416,0.5557239064361507,0.3253438021758819,-1.1998945544216693,148
W133S,0.42,1042,-1.4213439805697432,1038,0,-1.9948232574965248,-1.2631610588912796,-0.7094834724833745,-1.717908133407794,133
I2G,0.42,1042,-1.1501377001653394,1017,0,1.1837256535738931,-1.6974002694312185,-2.071950403569874,-2.0149257812341586,2
I155P,0.41,1044,-1.930214499133791,1052,0,-1.426491572535188,-1.6019804479508806,-2.408857493029233,-2.283528483019863,155
W133E,0.4,1045,-1.746541500226218,1048,0,-2.5991424908460847,-1.5719043956031504,-0.9453683777953198,-1.8697507366603168,133
W133P,0.4,1045,-2.265468052703514,1053,0,-2.281104525363468,-2.574656765089335,-1.1600632558755315,-3.046047664485722,133
W133G,0.38,1047,-1.6514785743414295,1044,0,-1.830158310103006,-1.7232353371573903,-1.3725392774345415,-1.6799813726707795,133
I2D,0.35,1048,-1.064497899119984,1002,0,0.7278091675727857,-1.5561887154285032,-2.071950403569874,-1.3576616450543442,2
W133Q,0.34,1049,-1.6565013160925586,1045,0,-2.3723455786725878,-1.6496043015434867,-0.9474857781390212,-1.6565696060151394,133
K109P,0.34,1049,-1.2214384065555353,1025,0,-0.4688588790043508,-1.147692991113907,-1.5339142895889684,-1.7352874665149145,109
W133D,0.29,1051,-1.8330341522128288,1051,0,-2.6003013261578736,-1.6325033590962277,-1.067998324771241,-2.031333598825972,133
I91D,0.01,1052,-1.1264303652710663,1010,0,-1.1732271048819114,-1.7793843727120022,-0.5187734716438613,-1.0343365118464898,91
A107P,-0.05,1053,-1.3329731479187632,1031,0,-0.7619880577657052,-1.980741647713068,-0.9478739389451192,-1.6412889472511605,107
